DTM,7340101,Quản trị kinh doanh,"B03, C01, C02, C03, C04, D01, D04, X01",17.5,Điểm thi THPT,,2025,https://github.com/kbaoooo/vn_schools_scores_data/blob/main/craw-data/scores/DTM/2025.json
DTM,7340116,Bất động sản,"B03, C01, C02, C03, C04, D01, X01, X02",15,Điểm thi THPT,,2025,https://github.com/kbaoooo/vn_schools_scores_data/blob/main/craw-data/scores/DTM/2025.json
DTM,7440201,Địa chất học,"B03, C01, C02, C03, C04, D01, X01, X04",15,Điểm thi THPT,,2025,https://github.com/kbaoooo/vn_schools_scores_data/blob/main/craw-data/scores/DTM/2025.json
DTM,7440211,Biến đổi khí hậu,"B03, C01, C02, C03, C04, D01, X01, X02",15,Điểm thi THPT,,2025,https://github.com/kbaoooo/vn_schools_scores_data/blob/main/craw-data/scores/DTM/2025.json
DTM,7440222,Khí tượng và khí hậu học,"B03, C01, C02, C03, C04, D01, X01, X02",15,Điểm thi THPT,,2025,https://github.com/kbaoooo/vn_schools_scores_data/blob/main/craw-data/scores/DTM/2025.json
DTM,7440224,Thủy văn học,"B03, C01, C02, C03, C04, D01, X01, X02",15,Điểm thi THPT,,2025,https://github.com/kbaoooo/vn_schools_scores_data/blob/main/craw-data/scores/DTM/2025.json
DTM,7480104,Hệ thống thông tin,"B03, C01, C02, C03, C04, D01, X01, X02",15,Điểm thi THPT,,2025,https://github.com/kbaoooo/vn_schools_scores_data/blob/main/craw-data/scores/DTM/2025.json
DTM,7480201,Công nghệ thông tin,"B03, C01, C02, C03, C04, D01, X01, X02",16,Điểm thi THPT,,2025,https://github.com/kbaoooo/vn_schools_scores_data/blob/main/craw-data/scores/DTM/2025.json
DTM,7510401,Công nghệ kỹ thuật hóa học,"B03, C01, C02, C03, C04, D01, X02, X04",15,Điểm thi THPT,,2025,https://github.com/kbaoooo/vn_schools_scores_data/blob/main/craw-data/scores/DTM/2025.json
DTM,7510402,Công nghệ vật liệu,"B03, C01, C02, C03, C04, D01, X02, X04",15,Điểm thi THPT,,2025,https://github.com/kbaoooo/vn_schools_scores_data/blob/main/craw-data/scores/DTM/2025.json
DTM,7510406,Công nghệ kỹ thuật môi trường,"B03, C01, C02, C03, D01, X01, X02, X04",15,Điểm thi THPT,,2025,https://github.com/kbaoooo/vn_schools_scores_data/blob/main/craw-data/scores/DTM/2025.json
DTM,7510605,Logictics và quản lý chuỗi cung ứng,"B03, C01, C02, C03, C04, D01, D04, X01",20,Điểm thi THPT,,2025,https://github.com/kbaoooo/vn_schools_scores_data/blob/main/craw-data/scores/DTM/2025.json
DTM,7520503,Kỹ thuật trắc địa – Bản đồ,"B03, C01, C02, C03, C04, D01, X02, X04",15,Điểm thi THPT,,2025,https://github.com/kbaoooo/vn_schools_scores_data/blob/main/craw-data/scores/DTM/2025.json
DTM,7580106,Quản lý đô thị và công trình,"B03, C01, C02, C03, C04, D01, X02, X04",15,Điểm thi THPT,,2025,https://github.com/kbaoooo/vn_schools_scores_data/blob/main/craw-data/scores/DTM/2025.json
DTM,7580213,Kỹ thuật cấp thoát nước,"B03, C01, C02, C03, D01, X01, X02, X04",15,Điểm thi THPT,,2025,https://github.com/kbaoooo/vn_schools_scores_data/blob/main/craw-data/scores/DTM/2025.json
DTM,7850101,Quản lý tài nguyên và môi trường,"B03, C02, C03, C04, D01, X01, X02, X04",15.5,Điểm thi THPT,,2025,https://github.com/kbaoooo/vn_schools_scores_data/blob/main/craw-data/scores/DTM/2025.json
DTM,7850102,Kinh tế tài nguyên thiên nhiên,"B03, C01, C02, C03, C04, D01, D04, X01",15,Điểm thi THPT,,2025,https://github.com/kbaoooo/vn_schools_scores_data/blob/main/craw-data/scores/DTM/2025.json
DTM,7850103,Quản lý đất đai,"B03, C01, C02, C03, C04, D01, X01, X02",15,Điểm thi THPT,,2025,https://github.com/kbaoooo/vn_schools_scores_data/blob/main/craw-data/scores/DTM/2025.json
DTM,7850197,Quản lý tài nguyên và môi trường biển đảo,"B03, C01, C02, C03, C04, D01, D04, X02",15,Điểm thi THPT,,2025,https://github.com/kbaoooo/vn_schools_scores_data/blob/main/craw-data/scores/DTM/2025.json
DTM,7850198,Quản lý tài nguyên nước,"B03, C01, C02, C03, C04, D01, X01, X02",15,Điểm thi THPT,,2025,https://github.com/kbaoooo/vn_schools_scores_data/blob/main/craw-data/scores/DTM/2025.json
DTN,7220201,Ngôn ngữ Anh,A00; A07; A09; B00; C00; C02; C04; C20; D01; D14,15,Điểm thi THPT,,2025,https://github.com/kbaoooo/vn_schools_scores_data/blob/main/craw-data/scores/DTN/2025.json
DTN,7310110,Quản lý kinh tế,A00; A07; A09; B00; C00; C02; C04; C20; D01; D14,15,Điểm thi THPT,,2025,https://github.com/kbaoooo/vn_schools_scores_data/blob/main/craw-data/scores/DTN/2025.json
DTN,7320205,Quản lý thông tin,A00; A07; A09; B00; C00; C02; C04; C20; D01; D14,15,Điểm thi THPT,,2025,https://github.com/kbaoooo/vn_schools_scores_data/blob/main/craw-data/scores/DTN/2025.json
DTN,7340120,Kinh doanh quốc tế,A00; A07; A09; B00; C00; C02; C04; C20; D01; D14,15,Điểm thi THPT,,2025,https://github.com/kbaoooo/vn_schools_scores_data/blob/main/craw-data/scores/DTN/2025.json
DTN,7340301,Tài chính - Kế toán,A00; A07; A09; B00; C00; C02; C04; C20; D01; D14,15,Điểm thi THPT,,2025,https://github.com/kbaoooo/vn_schools_scores_data/blob/main/craw-data/scores/DTN/2025.json
DTN,7420201,Công nghệ sinh học,A00; A07; A09; B00; C00; C02; C04; C20; D01; D14,15,Điểm thi THPT,,2025,https://github.com/kbaoooo/vn_schools_scores_data/blob/main/craw-data/scores/DTN/2025.json
DTN,7440301,Khoa học môi trường,A00; A07; A09; B00; C00; C02; C04; C20; D01; D14,15,Điểm thi THPT,,2025,https://github.com/kbaoooo/vn_schools_scores_data/blob/main/craw-data/scores/DTN/2025.json
DTN,7480201,Công nghệ và đổi mới sáng tạo,A00; A07; A09; B00; C00; C02; C04; C20; D01; D14,15,Điểm thi THPT,,2025,https://github.com/kbaoooo/vn_schools_scores_data/blob/main/craw-data/scores/DTN/2025.json
DTN,7540101,Công nghệ thực phẩm,A00; A07; A09; B00; C00; C02; C04; C20; D01; D14,15,Điểm thi THPT,,2025,https://github.com/kbaoooo/vn_schools_scores_data/blob/main/craw-data/scores/DTN/2025.json
DTN,7540106,Đảm bảo chất lượng và An toàn thực phẩm,A00; A07; A09; B00; C00; C02; C04; C20; D01; D14,15,Điểm thi THPT,,2025,https://github.com/kbaoooo/vn_schools_scores_data/blob/main/craw-data/scores/DTN/2025.json
DTN,7549002,Dược liệu và hợp chất thiên nhiên,A00; A07; A09; B00; C00; C02; C04; C20; D01; D14,15,Điểm thi THPT,,2025,https://github.com/kbaoooo/vn_schools_scores_data/blob/main/craw-data/scores/DTN/2025.json
DTN,7580109,Quản lý phát triển đô thị và bất động sản,A00; A07; A09; B00; C00; C02; C04; C20; D01; D14,15,Điểm thi THPT,,2025,https://github.com/kbaoooo/vn_schools_scores_data/blob/main/craw-data/scores/DTN/2025.json
DTN,7620101,Nông nghiệp công nghệ cao,A00; A07; A09; B00; C00; C02; C04; C20; D01; D14,15,Điểm thi THPT,,2025,https://github.com/kbaoooo/vn_schools_scores_data/blob/main/craw-data/scores/DTN/2025.json
DTN,7620105,Chăn nuôi thú y,A00; A07; A09; B00; C00; C02; C04; C20; D01; D14,15,Điểm thi THPT,,2025,https://github.com/kbaoooo/vn_schools_scores_data/blob/main/craw-data/scores/DTN/2025.json
DTN,7620110,Khoa học cây trồng,A00; A07; A09; B00; C00; C02; C04; C20; D01; D14,15,Điểm thi THPT,,2025,https://github.com/kbaoooo/vn_schools_scores_data/blob/main/craw-data/scores/DTN/2025.json
DTN,7620115,Kinh tế nông nghiệp,A00; A07; A09; B00; C00; C02; C04; C20; D01; D14,15,Điểm thi THPT,,2025,https://github.com/kbaoooo/vn_schools_scores_data/blob/main/craw-data/scores/DTN/2025.json
DTN,7620205,Lâm sinh,A00; A07; A09; B00; C00; C02; C04; C20; D01; D14,15,Điểm thi THPT,,2025,https://github.com/kbaoooo/vn_schools_scores_data/blob/main/craw-data/scores/DTN/2025.json
DTN,7620211,Quản lý tài nguyên rừng,A00; A07; A09; B00; C00; C02; C04; C20; D01; D14,15,Điểm thi THPT,,2025,https://github.com/kbaoooo/vn_schools_scores_data/blob/main/craw-data/scores/DTN/2025.json
DTN,7640101,Thú y,A00; A07; A09; B00; C00; C02; C04; C20; D01; D14,15,Điểm thi THPT,,2025,https://github.com/kbaoooo/vn_schools_scores_data/blob/main/craw-data/scores/DTN/2025.json
DTN,7810204-CTTT,Quản lý du lịch quốc tế (CTTT),A00; A07; A09; B00; C00; C02; C04; C20; D01; D14,15,Điểm thi THPT,,2025,https://github.com/kbaoooo/vn_schools_scores_data/blob/main/craw-data/scores/DTN/2025.json
DTN,7850101,Quản lý tài nguyên và môi trường,A00; A07; A09; B00; C00; C02; C04; C20; D01; D14,15,Điểm thi THPT,,2025,https://github.com/kbaoooo/vn_schools_scores_data/blob/main/craw-data/scores/DTN/2025.json
DTN,7850103,Quản lý đất đai,A00; A07; A09; B00; C00; C02; C04; C20; D01; D14,15,Điểm thi THPT,,2025,https://github.com/kbaoooo/vn_schools_scores_data/blob/main/craw-data/scores/DTN/2025.json
DTN,7904492-CTTT,Khoa học và Quản lý môi trường (CTTT),A00; A07; A09; B00; C00; C02; C04; C20; D01; D14,15,Điểm thi THPT,,2025,https://github.com/kbaoooo/vn_schools_scores_data/blob/main/craw-data/scores/DTN/2025.json
DTN,7905419-CTTT,Công nghệ thực phẩm (CTTT),A00; A07; A09; B00; C00; C02; C04; C20; D01; D14,15,Điểm thi THPT,,2025,https://github.com/kbaoooo/vn_schools_scores_data/blob/main/craw-data/scores/DTN/2025.json
DTN,7906425-CTTT,Kinh tế nông nghiệp (CTTT),A00; A07; A09; B00; C00; C02; C04; C20; D01; D14,15,Điểm thi THPT,,2025,https://github.com/kbaoooo/vn_schools_scores_data/blob/main/craw-data/scores/DTN/2025.json
DTP,51140201,Giáo dục Mầm non (cao đẳng),B03; C01; C02; C03; C04; C14; D01,23.76,Điểm thi THPT,,2025,https://github.com/kbaoooo/vn_schools_scores_data/blob/main/craw-data/scores/DTP/2025.json
DTP,7140201,Giáo dục Mầm non,B03; C01; C02; C03; C04; C14; D01,24.33,Điểm thi THPT,,2025,https://github.com/kbaoooo/vn_schools_scores_data/blob/main/craw-data/scores/DTP/2025.json
DTP,7140202,Giáo dục Tiểu học,B03; C02; C02; C03; C04; C14; D01,25.84,Điểm thi THPT,,2025,https://github.com/kbaoooo/vn_schools_scores_data/blob/main/craw-data/scores/DTP/2025.json
DTP,7140202,Giáo dục Tiểu học (Chương trình dạy và học bằng tiếng Anh),A01; B08; D01; D07; D09; D10; D11; D12; D13; D14; D15,25.05,Điểm thi THPT,,2025,https://github.com/kbaoooo/vn_schools_scores_data/blob/main/craw-data/scores/DTP/2025.json
DTP,7220204,Ngôn ngữ Trung Quốc,B03; C01; C02; C03; C04; C14; D01; D04,22.75,Điểm thi THPT,,2025,https://github.com/kbaoooo/vn_schools_scores_data/blob/main/craw-data/scores/DTP/2025.json
DTP,7310101,Kinh tế,C01; C02; C03; C04; C14; D01,15,Điểm thi THPT,,2025,https://github.com/kbaoooo/vn_schools_scores_data/blob/main/craw-data/scores/DTP/2025.json
DTP,7310101-KTS,Kinh tế số,C01; C02; C03; C04; C14; D01,15,Điểm thi THPT,,2025,https://github.com/kbaoooo/vn_schools_scores_data/blob/main/craw-data/scores/DTP/2025.json
DTP,7620105,Chăn nuôi,B03; C01; C02; D01,15,Điểm thi THPT,,2025,https://github.com/kbaoooo/vn_schools_scores_data/blob/main/craw-data/scores/DTP/2025.json
DTP,7620110,Khoa học cây trồng,B03; C01; C02; D01,15,Điểm thi THPT,,2025,https://github.com/kbaoooo/vn_schools_scores_data/blob/main/craw-data/scores/DTP/2025.json
DTP,7810103,Quản trị dịch vụ du lịch và lữ hành,C03; C04; C14; D01,15,Điểm thi THPT,,2025,https://github.com/kbaoooo/vn_schools_scores_data/blob/main/craw-data/scores/DTP/2025.json
DTP,7850101,Quản lý tài nguyên và môi trường,B03; C01; C02; D01,15,Điểm thi THPT,,2025,https://github.com/kbaoooo/vn_schools_scores_data/blob/main/craw-data/scores/DTP/2025.json
DTQ,7220201,Ngôn ngữ Anh,A01; C00; C01; C02; C14; D01; D10; D15,16,Điểm thi THPT,,2025,https://github.com/kbaoooo/vn_schools_scores_data/blob/main/craw-data/scores/DTQ/2025.json
DTQ,7310601,Quốc tế học,A01; C00; C01; C02; C14; D01; D10; D15,16,Điểm thi THPT,,2025,https://github.com/kbaoooo/vn_schools_scores_data/blob/main/craw-data/scores/DTQ/2025.json
DTQ,7340101,Quản trị kinh doanh và tài chính,A00; A01; C01; C14; D01; D04; D07; D10,16,Điểm thi THPT,,2025,https://github.com/kbaoooo/vn_schools_scores_data/blob/main/craw-data/scores/DTQ/2025.json
DTQ,7340120,Kinh doanh quốc tế,A00; A01; C01; C14; D01; D04; D05; D07; D10,17,Điểm thi THPT,,2025,https://github.com/kbaoooo/vn_schools_scores_data/blob/main/craw-data/scores/DTQ/2025.json
DTQ,7340205,Công nghệ tài chính,A00; A01; C01; C14; D01; D04; D07; D10,16,Điểm thi THPT,,2025,https://github.com/kbaoooo/vn_schools_scores_data/blob/main/craw-data/scores/DTQ/2025.json
DTQ,7340301,Kế toán,A00; A01; C01; C14; D01; D04; D07; D10,16,Điểm thi THPT,,2025,https://github.com/kbaoooo/vn_schools_scores_data/blob/main/craw-data/scores/DTQ/2025.json
DTQ,7850101,Quản lý Tài nguyên và môi trường,B00; B02; B08; C02; D01; D04; D07; D10,16,Điểm thi THPT,,2025,https://github.com/kbaoooo/vn_schools_scores_data/blob/main/craw-data/scores/DTQ/2025.json
DTT,7210403,Thiết kế đồ họa,H01; H02; H03; H04; H05,30.28,Điểm thi THPT,"Vẽ HHMT hoặc Vẽ TTM ≥ 6.00, Vẽ HHMT nhân 2",2025,https://github.com/kbaoooo/vn_schools_scores_data/blob/main/craw-data/scores/DTT/2025.json
DTT,7210403,Thiết kế đồ họa,H00,30.78,Điểm thi THPT,"Vẽ HHMT hoặc Vẽ TTM ≥ 6.00,Vẽ HHMT nhân 2",2025,https://github.com/kbaoooo/vn_schools_scores_data/blob/main/craw-data/scores/DTT/2025.json
DTT,7210404,Thiết kế thời trang,H01; H02; H03; H04; H05,28.73,Điểm thi THPT,"Vẽ HHMT hoặc Vẽ TTM ≥ 6.00, Vẽ HHMT nhân 2",2025,https://github.com/kbaoooo/vn_schools_scores_data/blob/main/craw-data/scores/DTT/2025.json
DTT,7210404,Thiết kế thời trang,H00,29.23,Điểm thi THPT,"Vẽ HHMT hoặc Vẽ TTM ≥ 6.00, Vẽ HHMT nhân 2",2025,https://github.com/kbaoooo/vn_schools_scores_data/blob/main/craw-data/scores/DTT/2025.json
DTT,7220201,Ngôn ngữ Anh,D01,30.84,Điểm thi THPT,"Anh ≥ 6.00, Anh nhân 2",2025,https://github.com/kbaoooo/vn_schools_scores_data/blob/main/craw-data/scores/DTT/2025.json
DTT,7220201,Ngôn ngữ Anh,D11,31.34,Điểm thi THPT,"Anh ≥ 6.00, Anh nhân 2",2025,https://github.com/kbaoooo/vn_schools_scores_data/blob/main/craw-data/scores/DTT/2025.json
DTT,7220204,Ngôn ngữ Trung Quốc,D01; D04,29.9,Điểm thi THPT,"Anh ≥ 5.50 hoặc Trung ≥ 5.50, Anh hoặc Trung nhân 2",2025,https://github.com/kbaoooo/vn_schools_scores_data/blob/main/craw-data/scores/DTT/2025.json
DTT,7220204,Ngôn ngữ Trung Quốc,D11; D55,30.4,Điểm thi THPT,"Anh ≥ 5.50 hoặc Trung ≥ 5.50, Anh hoặc Trung nhân 2",2025,https://github.com/kbaoooo/vn_schools_scores_data/blob/main/craw-data/scores/DTT/2025.json
DTT,7310301,Xã hội học,C01; C03; C04; D14,31.51,Điểm thi THPT,Văn nhân 2,2025,https://github.com/kbaoooo/vn_schools_scores_data/blob/main/craw-data/scores/DTT/2025.json
DTT,7310301,Xã hội học,D01; C02,31.26,Điểm thi THPT,Văn nhân 2,2025,https://github.com/kbaoooo/vn_schools_scores_data/blob/main/craw-data/scores/DTT/2025.json
DTT,7310301,Xã hội học,C00,31.76,Điểm thi THPT,Văn nhân 2,2025,https://github.com/kbaoooo/vn_schools_scores_data/blob/main/craw-data/scores/DTT/2025.json
DTT,7340101,Quản trị kinh doanh (Chuyên ngành Quản trị nguồn nhân lực),D01; A01; D07,29,Điểm thi THPT,Toán nhân 2,2025,https://github.com/kbaoooo/vn_schools_scores_data/blob/main/craw-data/scores/DTT/2025.json
DTT,7340101,Quản trị kinh doanh (Chuyên ngành Quản trị nguồn nhân lực),C01,29.5,Điểm thi THPT,Toán nhân 2,2025,https://github.com/kbaoooo/vn_schools_scores_data/blob/main/craw-data/scores/DTT/2025.json
DTT,7340101,Quản trị kinh doanh (Chuyên ngành Quản trị nguồn nhân lực),C02; A00,29.25,Điểm thi THPT,Toán nhân 2,2025,https://github.com/kbaoooo/vn_schools_scores_data/blob/main/craw-data/scores/DTT/2025.json
DTT,7340101C,Quản trị kinh doanh (Chuyên ngành Quản trị chuỗi cung ứng),C01,29.55,Điểm thi THPT,Toán nhân 2,2025,https://github.com/kbaoooo/vn_schools_scores_data/blob/main/craw-data/scores/DTT/2025.json
DTT,7340101C,Quản trị kinh doanh (Chuyên ngành Quản trị chuỗi cung ứng),C02; A00,29.3,Điểm thi THPT,Toán nhân 2,2025,https://github.com/kbaoooo/vn_schools_scores_data/blob/main/craw-data/scores/DTT/2025.json
DTT,7340101C,Quản trị kinh doanh (Chuyên ngành Quản trị chuỗi cung ứng),D01; D07; A01,29.05,Điểm thi THPT,Toán nhân 2,2025,https://github.com/kbaoooo/vn_schools_scores_data/blob/main/craw-data/scores/DTT/2025.json
DTT,7340101N,Quản trị kinh doanh (Chuyên ngành Quản trị nhà hàng - khách sạn),D01; A01; D07,27.45,Điểm thi THPT,Toán nhân 2,2025,https://github.com/kbaoooo/vn_schools_scores_data/blob/main/craw-data/scores/DTT/2025.json
DTT,7340101N,Quản trị kinh doanh (Chuyên ngành Quản trị nhà hàng - khách sạn),C02; A00,27.7,Điểm thi THPT,Toán nhân 2,2025,https://github.com/kbaoooo/vn_schools_scores_data/blob/main/craw-data/scores/DTT/2025.json
DTT,7340101N,Quản trị kinh doanh (Chuyên ngành Quản trị nhà hàng - khách sạn),C01,27.95,Điểm thi THPT,Toán nhân 2,2025,https://github.com/kbaoooo/vn_schools_scores_data/blob/main/craw-data/scores/DTT/2025.json
DTT,7340115,Marketing,C01,31.74,Điểm thi THPT,Toán nhân 2,2025,https://github.com/kbaoooo/vn_schools_scores_data/blob/main/craw-data/scores/DTT/2025.json
DTT,7340115,Marketing,C02; A00,31.49,Điểm thi THPT,Toán nhân 2,2025,https://github.com/kbaoooo/vn_schools_scores_data/blob/main/craw-data/scores/DTT/2025.json
DTT,7340115,Marketing,D01; A01; D07,31.24,Điểm thi THPT,Toán nhân 2,2025,https://github.com/kbaoooo/vn_schools_scores_data/blob/main/craw-data/scores/DTT/2025.json
DTT,7340120,Kinh doanh quốc tế,C01,31.51,Điểm thi THPT,Toán nhân 2,2025,https://github.com/kbaoooo/vn_schools_scores_data/blob/main/craw-data/scores/DTT/2025.json
DTT,7340120,Kinh doanh quốc tế,C02; A00,31.26,Điểm thi THPT,Toán nhân 2,2025,https://github.com/kbaoooo/vn_schools_scores_data/blob/main/craw-data/scores/DTT/2025.json
DTT,7340120,Kinh doanh quốc tế,D01; D07; A01,31.01,Điểm thi THPT,Toán nhân 2,2025,https://github.com/kbaoooo/vn_schools_scores_data/blob/main/craw-data/scores/DTT/2025.json
DTT,7340201,Tài chính - Ngân hàng,C01,28.59,Điểm thi THPT,Toán nhân 2,2025,https://github.com/kbaoooo/vn_schools_scores_data/blob/main/craw-data/scores/DTT/2025.json
DTT,7340201,Tài chính - Ngân hàng,C02; A00,28.34,Điểm thi THPT,Toán nhân 2,2025,https://github.com/kbaoooo/vn_schools_scores_data/blob/main/craw-data/scores/DTT/2025.json
DTT,7340201,Tài chính - Ngân hàng,D01; D07; A01,28.09,Điểm thi THPT,Toán nhân 2,2025,https://github.com/kbaoooo/vn_schools_scores_data/blob/main/craw-data/scores/DTT/2025.json
DTT,7340201Q,Tài chính - Ngân hàng (Chuyên ngành Tài chính quốc tế),C01,28.59,Điểm thi THPT,Toán nhân 2,2025,https://github.com/kbaoooo/vn_schools_scores_data/blob/main/craw-data/scores/DTT/2025.json
DTT,7340201Q,Tài chính - Ngân hàng (Chuyên ngành Tài chính quốc tế),C02; A00,28.34,Điểm thi THPT,Toán nhân 2,2025,https://github.com/kbaoooo/vn_schools_scores_data/blob/main/craw-data/scores/DTT/2025.json
DTT,7340201Q,Tài chính - Ngân hàng (Chuyên ngành Tài chính quốc tế),D01; D07; A01,28.09,Điểm thi THPT,Toán nhân 2,2025,https://github.com/kbaoooo/vn_schools_scores_data/blob/main/craw-data/scores/DTT/2025.json
DTT,7340301,Kế toán,C01,27.12,Điểm thi THPT,Toán nhân 2,2025,https://github.com/kbaoooo/vn_schools_scores_data/blob/main/craw-data/scores/DTT/2025.json
DTT,7340301,Kế toán,C02; A00,26.87,Điểm thi THPT,Toán nhân 2,2025,https://github.com/kbaoooo/vn_schools_scores_data/blob/main/craw-data/scores/DTT/2025.json
DTT,7340301,Kế toán,D01; D07; A01,26.62,Điểm thi THPT,Toán nhân 2,2025,https://github.com/kbaoooo/vn_schools_scores_data/blob/main/craw-data/scores/DTT/2025.json
DTT,7340302,Kiểm toán (Chuyên ngành Kiểm toán và Phân tích dữ liệu),C01,28.23,Điểm thi THPT,Toán nhân 2,2025,https://github.com/kbaoooo/vn_schools_scores_data/blob/main/craw-data/scores/DTT/2025.json
DTT,7340302,Kiểm toán (Chuyên ngành Kiểm toán và Phân tích dữ liệu),C02; A00,27.98,Điểm thi THPT,Toán nhân 2,2025,https://github.com/kbaoooo/vn_schools_scores_data/blob/main/craw-data/scores/DTT/2025.json
DTT,7340302,Kiểm toán (Chuyên ngành Kiểm toán và Phân tích dữ liệu),D01; D07; A01,27.73,Điểm thi THPT,Toán nhân 2,2025,https://github.com/kbaoooo/vn_schools_scores_data/blob/main/craw-data/scores/DTT/2025.json
DTT,7340408,"Quan hệ lao động (Chuyên ngành Quản lý quan hệ lao động, Chuyên ngành Hành vi tổ chức)",C01,23.8,Điểm thi THPT,Toán nhân 2,2025,https://github.com/kbaoooo/vn_schools_scores_data/blob/main/craw-data/scores/DTT/2025.json
DTT,7340408,"Quan hệ lao động (Chuyên ngành Quản lý quan hệ lao động, Chuyên ngành Hành vi tổ chức)",C02; A00,23.55,Điểm thi THPT,Toán nhân 2,2025,https://github.com/kbaoooo/vn_schools_scores_data/blob/main/craw-data/scores/DTT/2025.json
DTT,7340408,"Quan hệ lao động (Chuyên ngành Quản lý quan hệ lao động, Chuyên ngành Hành vi tổ chức)",D01; D07; A01,23.3,Điểm thi THPT,Toán nhân 2,2025,https://github.com/kbaoooo/vn_schools_scores_data/blob/main/craw-data/scores/DTT/2025.json
DTT,7380101,Luật,D01,31.05,Điểm thi THPT,"Văn ≥ 6.00, Văn nhân 2",2025,https://github.com/kbaoooo/vn_schools_scores_data/blob/main/craw-data/scores/DTT/2025.json
DTT,7380101,Luật,C00,31.8,Điểm thi THPT,"Văn ≥ 6.00, Văn nhân 2",2025,https://github.com/kbaoooo/vn_schools_scores_data/blob/main/craw-data/scores/DTT/2025.json
DTT,7380101,Luật,D15; D14; C04; C03; C01,31.55,Điểm thi THPT,"Văn ≥ 6.00, Văn nhân 2",2025,https://github.com/kbaoooo/vn_schools_scores_data/blob/main/craw-data/scores/DTT/2025.json
DTT,7380101,Luật,C02,31.3,Điểm thi THPT,"Văn ≥ 6.00, Văn nhân 2",2025,https://github.com/kbaoooo/vn_schools_scores_data/blob/main/craw-data/scores/DTT/2025.json
DTT,7420201,Công nghệ sinh học,A02; B00; B03; B08; X14; X15,25.27,Điểm thi THPT,"Sinh ≥ 5.00 hoặc ĐTB lớp 12 môn Sinh ≥ 6.00, Sinh nhân 2",2025,https://github.com/kbaoooo/vn_schools_scores_data/blob/main/craw-data/scores/DTT/2025.json
DTT,7420201,Công nghệ sinh học,A01,25.27,Điểm thi THPT,"Sinh ≥ 5.00 hoặc ĐTB lớp 12 môn Sinh ≥ 6.00, Anh nhân 2",2025,https://github.com/kbaoooo/vn_schools_scores_data/blob/main/craw-data/scores/DTT/2025.json
DTT,7440301,Khoa học môi trường,A00; A01; B00; B03; B08; C01; C02; D07,20,Điểm thi THPT,Toán nhân 2,2025,https://github.com/kbaoooo/vn_schools_scores_data/blob/main/craw-data/scores/DTT/2025.json
DTT,7460112,Toán ứng dụng,A00,26.39,Điểm thi THPT,"Toán ≥ 5.00, Toán nhân 2",2025,https://github.com/kbaoooo/vn_schools_scores_data/blob/main/craw-data/scores/DTT/2025.json
DTT,7460112,Toán ứng dụng,C01; X06,26.54,Điểm thi THPT,"Toán ≥ 5.00, Toán nhân 2",2025,https://github.com/kbaoooo/vn_schools_scores_data/blob/main/craw-data/scores/DTT/2025.json
DTT,7460112,Toán ứng dụng,A01; D07; D01; X26,26.14,Điểm thi THPT,"Toán ≥ 5.00, Toán nhân 2",2025,https://github.com/kbaoooo/vn_schools_scores_data/blob/main/craw-data/scores/DTT/2025.json
DTT,7460201,Thống kê,C01; X06,23.9,Điểm thi THPT,"Toán ≥ 5.00, Toán nhân 2",2025,https://github.com/kbaoooo/vn_schools_scores_data/blob/main/craw-data/scores/DTT/2025.json
DTT,7460201,Thống kê,A01; D07; D01; X26,23.5,Điểm thi THPT,"Toán ≥ 5.00, Toán nhân 2",2025,https://github.com/kbaoooo/vn_schools_scores_data/blob/main/craw-data/scores/DTT/2025.json
DTT,7460201,Thống kê,A00,23.75,Điểm thi THPT,"Toán ≥ 5.00, Toán nhân 2",2025,https://github.com/kbaoooo/vn_schools_scores_data/blob/main/craw-data/scores/DTT/2025.json
DTT,7480101,Khoa học máy tính,A00,30.52,Điểm thi THPT,"Toán ≥ 5.00, Toán nhân 2",2025,https://github.com/kbaoooo/vn_schools_scores_data/blob/main/craw-data/scores/DTT/2025.json
DTT,7480101,Khoa học máy tính,C01,30.67,Điểm thi THPT,"Toán ≥ 5.00, Toán nhân 2",2025,https://github.com/kbaoooo/vn_schools_scores_data/blob/main/craw-data/scores/DTT/2025.json
DTT,7480101,Khoa học máy tính,A01; D07; D01; X26,30.27,Điểm thi THPT,"Toán ≥ 5.00, Toán nhân 2",2025,https://github.com/kbaoooo/vn_schools_scores_data/blob/main/craw-data/scores/DTT/2025.json
DTT,7480102,Mạng máy tính và truyền thông dữ liệu,A01; D07; D01; X26,26.78,Điểm thi THPT,"Toán ≥ 5.00, Toán nhân 2",2025,https://github.com/kbaoooo/vn_schools_scores_data/blob/main/craw-data/scores/DTT/2025.json
DTT,7480102,Mạng máy tính và truyền thông dữ liệu,A00,27.03,Điểm thi THPT,"Toán ≥ 5.00, Toán nhân 2",2025,https://github.com/kbaoooo/vn_schools_scores_data/blob/main/craw-data/scores/DTT/2025.json
DTT,7480102,Mạng máy tính và truyền thông dữ liệu,C01,27.18,Điểm thi THPT,"Toán ≥ 5.00, Toán nhân 2",2025,https://github.com/kbaoooo/vn_schools_scores_data/blob/main/craw-data/scores/DTT/2025.json
DTT,7480103,Kỹ thuật phần mềm,A01; D07; D01; X26,29.58,Điểm thi THPT,"Toán ≥ 5.00, Toán nhân 2",2025,https://github.com/kbaoooo/vn_schools_scores_data/blob/main/craw-data/scores/DTT/2025.json
DTT,7480103,Kỹ thuật phần mềm,C01,29.98,Điểm thi THPT,"Toán ≥ 5.00, Toán nhân 2",2025,https://github.com/kbaoooo/vn_schools_scores_data/blob/main/craw-data/scores/DTT/2025.json
DTT,7480103,Kỹ thuật phần mềm,A00,29.83,Điểm thi THPT,"Toán ≥ 5.00, Toán nhân 2",2025,https://github.com/kbaoooo/vn_schools_scores_data/blob/main/craw-data/scores/DTT/2025.json
DTT,7510406,Công nghệ kỹ thuật môi trường (Chuyên ngành cấp thoát nước và môi trường nước),A00; A01; B00; B03; B08; C01; C02; D07,20,Điểm thi THPT,,2025,https://github.com/kbaoooo/vn_schools_scores_data/blob/main/craw-data/scores/DTT/2025.json
DTT,7520114,Kỹ thuật cơ điện tử,A01; D07; X26; D01,28.3,Điểm thi THPT,"Toán ≥ 5.00, Toán nhân 2",2025,https://github.com/kbaoooo/vn_schools_scores_data/blob/main/craw-data/scores/DTT/2025.json
DTT,7520114,Kỹ thuật cơ điện tử,C01; X06,28.7,Điểm thi THPT,"Toán ≥ 5.00, Toán nhân 2",2025,https://github.com/kbaoooo/vn_schools_scores_data/blob/main/craw-data/scores/DTT/2025.json
DTT,7520114,Kỹ thuật cơ điện tử,A00,28.55,Điểm thi THPT,"Toán ≥ 5.00, Toán nhân 2",2025,https://github.com/kbaoooo/vn_schools_scores_data/blob/main/craw-data/scores/DTT/2025.json
DTT,7520201,Kỹ thuật điện,C01; X06,27.76,Điểm thi THPT,"Toán ≥ 5.00, Toán nhân 2",2025,https://github.com/kbaoooo/vn_schools_scores_data/blob/main/craw-data/scores/DTT/2025.json
DTT,7520201,Kỹ thuật điện,A00,27.61,Điểm thi THPT,"Toán ≥ 5.00, Toán nhân 2",2025,https://github.com/kbaoooo/vn_schools_scores_data/blob/main/craw-data/scores/DTT/2025.json
DTT,7520201,Kỹ thuật điện,A01; D07; D01; X26,27.36,Điểm thi THPT,"Toán ≥ 5.00, Toán nhân 2",2025,https://github.com/kbaoooo/vn_schools_scores_data/blob/main/craw-data/scores/DTT/2025.json
DTT,7520207,Kỹ thuật điện tử - viễn thông,A01; D07; D01; X26,27.59,Điểm thi THPT,"Toán ≥ 5.00, Toán nhân 2",2025,https://github.com/kbaoooo/vn_schools_scores_data/blob/main/craw-data/scores/DTT/2025.json
DTT,7520207,Kỹ thuật điện tử - viễn thông,C01; X06,27.99,Điểm thi THPT,"Toán ≥ 5.00, Toán nhân 2",2025,https://github.com/kbaoooo/vn_schools_scores_data/blob/main/craw-data/scores/DTT/2025.json
DTT,7520207,Kỹ thuật điện tử - viễn thông,A00,27.84,Điểm thi THPT,"Toán ≥ 5.00, Toán nhân 2",2025,https://github.com/kbaoooo/vn_schools_scores_data/blob/main/craw-data/scores/DTT/2025.json
DTT,7520207T,Kỹ thuật điện tử - viễn thông (Chuyên ngành Kỹ thuật thiết kế vi mạch bán dẫn),A01; D07,29.15,Điểm thi THPT,"Toán ≥ 5.00, Toán nhân 2",2025,https://github.com/kbaoooo/vn_schools_scores_data/blob/main/craw-data/scores/DTT/2025.json
DTT,7520207T,Kỹ thuật điện tử - viễn thông (Chuyên ngành Kỹ thuật thiết kế vi mạch bán dẫn),C01; X06,29.55,Điểm thi THPT,"Toán ≥ 5.00, Toán nhân 2",2025,https://github.com/kbaoooo/vn_schools_scores_data/blob/main/craw-data/scores/DTT/2025.json
DTT,7520207T,Kỹ thuật điện tử - viễn thông (Chuyên ngành Kỹ thuật thiết kế vi mạch bán dẫn),A00,29.4,Điểm thi THPT,"Toán ≥ 5.00, Toán nhân 2",2025,https://github.com/kbaoooo/vn_schools_scores_data/blob/main/craw-data/scores/DTT/2025.json
DTT,7520216,Kỹ thuật điều khiển và tự động hóa,A00,29.35,Điểm thi THPT,"Toán ≥ 5.00, Toán nhân 2",2025,https://github.com/kbaoooo/vn_schools_scores_data/blob/main/craw-data/scores/DTT/2025.json
DTT,7520216,Kỹ thuật điều khiển và tự động hóa,D01,36.19,Điểm thi THPT,"Toán ≥ 6.50, Toán nhân 2",2025,https://github.com/kbaoooo/vn_schools_scores_data/blob/main/craw-data/scores/DTT/2025.json
DTT,7520216,Kỹ thuật điều khiển và tự động hóa,A01; D07; D01; X26,29.1,Điểm thi THPT,"Toán ≥ 5.00, Toán nhân 2",2025,https://github.com/kbaoooo/vn_schools_scores_data/blob/main/craw-data/scores/DTT/2025.json
DTT,7520216,Kỹ thuật điều khiển và tự động hóa,C01; X06,29.5,Điểm thi THPT,"Toán ≥ 5.00, Toán nhân 2",2025,https://github.com/kbaoooo/vn_schools_scores_data/blob/main/craw-data/scores/DTT/2025.json
DTT,7520301,Kỹ thuật hóa học,A00; B00; D07; X10; X11,27.85,Điểm thi THPT,"Hóa ≥ 5.00 hoặc ĐTB lớp 12 môn Hóa ≥ 6.0, Hóa nhân 2",2025,https://github.com/kbaoooo/vn_schools_scores_data/blob/main/craw-data/scores/DTT/2025.json
DTT,7520301,Kỹ thuật hóa học,C02,27.95,Điểm thi THPT,"Hóa ≥ 5.00 hoặc ĐTB lớp 12 môn Hóa ≥ 6.0, Hóa nhân 2",2025,https://github.com/kbaoooo/vn_schools_scores_data/blob/main/craw-data/scores/DTT/2025.json
DTT,7520301,Kỹ thuật hóa học,A01,27.85,Điểm thi THPT,"Hóa ≥ 5.00 hoặc ĐTB lớp 12 môn Hóa ≥ 6.0, Anh nhân 2",2025,https://github.com/kbaoooo/vn_schools_scores_data/blob/main/craw-data/scores/DTT/2025.json
DTT,7580101,Kiến trúc,H01; H06; V02,28.54,Điểm thi THPT,"Vẽ HHMT ≥ 6.00, Vẽ HHMT nhân 2",2025,https://github.com/kbaoooo/vn_schools_scores_data/blob/main/craw-data/scores/DTT/2025.json
DTT,7580105,Quy hoạch vùng và đô thị,A01; D01; V02,24.33,Điểm thi THPT,Toán nhân 2,2025,https://github.com/kbaoooo/vn_schools_scores_data/blob/main/craw-data/scores/DTT/2025.json
DTT,7580105,Quy hoạch vùng và đô thị,C01; X06,24.73,Điểm thi THPT,Toán nhân 2,2025,https://github.com/kbaoooo/vn_schools_scores_data/blob/main/craw-data/scores/DTT/2025.json
DTT,7580105,Quy hoạch vùng và đô thị,C02; V01; A00,24.58,Điểm thi THPT,Toán nhân 2,2025,https://github.com/kbaoooo/vn_schools_scores_data/blob/main/craw-data/scores/DTT/2025.json
DTT,7580108,Thiết kế nội thất,H01; H02; H03; H04; H05,28.43,Điểm thi THPT,"Vẽ HHMT hoặc Vẽ TTM ≥ 6.00, vẽ nhân 2",2025,https://github.com/kbaoooo/vn_schools_scores_data/blob/main/craw-data/scores/DTT/2025.json
DTT,7580108,Thiết kế nội thất,H00,28.93,Điểm thi THPT,"Vẽ HHMT hoặc Vẽ TTM ≥ 6.00, vẽ nhân 2",2025,https://github.com/kbaoooo/vn_schools_scores_data/blob/main/craw-data/scores/DTT/2025.json
DTT,7580201,Kỹ thuật xây dựng,A01; D01,25.3,Điểm thi THPT,Toán nhân 2,2025,https://github.com/kbaoooo/vn_schools_scores_data/blob/main/craw-data/scores/DTT/2025.json
DTT,7580201,Kỹ thuật xây dựng,C02; A00,25.55,Điểm thi THPT,Toán nhân 2,2025,https://github.com/kbaoooo/vn_schools_scores_data/blob/main/craw-data/scores/DTT/2025.json
DTT,7580201,Kỹ thuật xây dựng,X06; C01,25.7,Điểm thi THPT,Toán nhân 2,2025,https://github.com/kbaoooo/vn_schools_scores_data/blob/main/craw-data/scores/DTT/2025.json
DTT,7580205,Kỹ thuật xây dựng công trình giao thông,A01; D01,22.5,Điểm thi THPT,Toán nhân 2,2025,https://github.com/kbaoooo/vn_schools_scores_data/blob/main/craw-data/scores/DTT/2025.json
DTT,7580205,Kỹ thuật xây dựng công trình giao thông,C02; A00,22.75,Điểm thi THPT,Toán nhân 2,2025,https://github.com/kbaoooo/vn_schools_scores_data/blob/main/craw-data/scores/DTT/2025.json
DTT,7580205,Kỹ thuật xây dựng công trình giao thông,C01; X06,22.75,Điểm thi THPT,Toán nhân 2,2025,https://github.com/kbaoooo/vn_schools_scores_data/blob/main/craw-data/scores/DTT/2025.json
DTT,7580302,Quản lý xây dựng,A01; D01,24.2,Điểm thi THPT,Toán nhân 2,2025,https://github.com/kbaoooo/vn_schools_scores_data/blob/main/craw-data/scores/DTT/2025.json
DTT,7580302,Quản lý xây dựng,C02; A00,24.45,Điểm thi THPT,Toán nhân 2,2025,https://github.com/kbaoooo/vn_schools_scores_data/blob/main/craw-data/scores/DTT/2025.json
DTT,7580302,Quản lý xây dựng,C01; X06,24.6,Điểm thi THPT,Toán nhân 2,2025,https://github.com/kbaoooo/vn_schools_scores_data/blob/main/craw-data/scores/DTT/2025.json
DTT,7720201,Dược học,D07,27.67,Điểm thi THPT,"Hóa ≥ 6.50 hoặc ĐTB lớp 12 môn hóa ≥ 7.5, Hóa nhân 2",2025,https://github.com/kbaoooo/vn_schools_scores_data/blob/main/craw-data/scores/DTT/2025.json
DTT,7720201,Dược học,X11; B00,27.77,Điểm thi THPT,"Hóa ≥ 6.50 hoặc ĐTB lớp 12 môn hóa ≥ 7.5, Hóa nhân 2",2025,https://github.com/kbaoooo/vn_schools_scores_data/blob/main/craw-data/scores/DTT/2025.json
DTT,7720201,Dược học,X10; C02; A00,27.92,Điểm thi THPT,"Hóa ≥ 6.50 hoặc ĐTB lớp 12 môn hóa ≥ 7.5, Hóa nhân 2",2025,https://github.com/kbaoooo/vn_schools_scores_data/blob/main/craw-data/scores/DTT/2025.json
DTT,7760101,Công tác xã hội,D01; C02,29.86,Điểm thi THPT,Văn nhân 2,2025,https://github.com/kbaoooo/vn_schools_scores_data/blob/main/craw-data/scores/DTT/2025.json
DTT,7760101,Công tác xã hội,C00,30.36,Điểm thi THPT,Văn nhân 2,2025,https://github.com/kbaoooo/vn_schools_scores_data/blob/main/craw-data/scores/DTT/2025.json
DTT,7760101,Công tác xã hội,D14; C04; C03; C01,30.11,Điểm thi THPT,Văn nhân 2,2025,https://github.com/kbaoooo/vn_schools_scores_data/blob/main/craw-data/scores/DTT/2025.json
DTT,7810101,Du lịch (Chuyên ngành Quản lý du lịch),C02,32.3,Điểm thi THPT,Văn nhân 2,2025,https://github.com/kbaoooo/vn_schools_scores_data/blob/main/craw-data/scores/DTT/2025.json
DTT,7810101,Du lịch (Chuyên ngành Quản lý du lịch),D01,32.05,Điểm thi THPT,Văn nhân 2,2025,https://github.com/kbaoooo/vn_schools_scores_data/blob/main/craw-data/scores/DTT/2025.json
DTT,7810101,Du lịch (Chuyên ngành Quản lý du lịch),C00,32.8,Điểm thi THPT,Văn nhân 2,2025,https://github.com/kbaoooo/vn_schools_scores_data/blob/main/craw-data/scores/DTT/2025.json
DTT,7810101,Du lịch (Chuyên ngành Quản lý du lịch),D14; C04; C03; C01,32.55,Điểm thi THPT,Văn nhân 2,2025,https://github.com/kbaoooo/vn_schools_scores_data/blob/main/craw-data/scores/DTT/2025.json
DTT,7810101H,Du lịch (Chuyên ngành Hướng dẫn du lịch),D01,31.09,Điểm thi THPT,Văn nhân 2,2025,https://github.com/kbaoooo/vn_schools_scores_data/blob/main/craw-data/scores/DTT/2025.json
DTT,7810101H,Du lịch (Chuyên ngành Hướng dẫn du lịch),C00,31.84,Điểm thi THPT,Văn nhân 2,2025,https://github.com/kbaoooo/vn_schools_scores_data/blob/main/craw-data/scores/DTT/2025.json
DTT,7810101H,Du lịch (Chuyên ngành Hướng dẫn du lịch),D14; C04; C03; C01,31.59,Điểm thi THPT,Văn nhân 2,2025,https://github.com/kbaoooo/vn_schools_scores_data/blob/main/craw-data/scores/DTT/2025.json
DTT,7810101H,Du lịch (Chuyên ngành Hướng dẫn du lịch),C02,31.34,Điểm thi THPT,Văn nhân 2,2025,https://github.com/kbaoooo/vn_schools_scores_data/blob/main/craw-data/scores/DTT/2025.json
DTT,7810301,Quản lý thể dục thể thao (Chuyên ngành Kinh doanh thể thao và tổ chức sự kiện),D01; B08; A01,27.48,Điểm thi THPT,Toán nhân 2,2025,https://github.com/kbaoooo/vn_schools_scores_data/blob/main/craw-data/scores/DTT/2025.json
DTT,7810301,Quản lý thể dục thể thao (Chuyên ngành Kinh doanh thể thao và tổ chức sự kiện),"(Văn, Anh, NK TDTT); T00",27.98,Điểm thi THPT,NK TDTT nhân 2,2025,https://github.com/kbaoooo/vn_schools_scores_data/blob/main/craw-data/scores/DTT/2025.json
DTT,7810301,Quản lý thể dục thể thao (Chuyên ngành Kinh doanh thể thao và tổ chức sự kiện),B03,27.63,Điểm thi THPT,Toán nhân 2,2025,https://github.com/kbaoooo/vn_schools_scores_data/blob/main/craw-data/scores/DTT/2025.json
DTT,7810301,Quản lý thể dục thể thao (Chuyên ngành Kinh doanh thể thao và tổ chức sự kiện),C01,27.98,Điểm thi THPT,Toán nhân 2,2025,https://github.com/kbaoooo/vn_schools_scores_data/blob/main/craw-data/scores/DTT/2025.json
DTT,7810301G,Quản lý thể dục thể thao (Chuyên ngành Golf),"(Văn, Anh, NK TDTT); T00",21,Điểm thi THPT,NK TDTT nhân 2,2025,https://github.com/kbaoooo/vn_schools_scores_data/blob/main/craw-data/scores/DTT/2025.json
DTT,7810301G,Quản lý thể dục thể thao (Chuyên ngành Golf),A01; B03; B08; C01; D01,21,Điểm thi THPT,Toán nhân 2,2025,https://github.com/kbaoooo/vn_schools_scores_data/blob/main/craw-data/scores/DTT/2025.json
DTT,7850201,Bảo hộ lao động,A00; A01; B00; B03; B08; C01; C02; D07,20,Điểm thi THPT,Toán nhân 2,2025,https://github.com/kbaoooo/vn_schools_scores_data/blob/main/craw-data/scores/DTT/2025.json
DTT,D7340101N,Quản trị kinh doanh (Chuyên ngành: Quản trị nhà hàng - khách sạn) - Chương trình dự bị đại học bằng tiếng Anh,A00; A01; C01; C02; D01; D07,23,Điểm thi THPT,Toán nhân 2,2025,https://github.com/kbaoooo/vn_schools_scores_data/blob/main/craw-data/scores/DTT/2025.json
DTT,D7340115,Marketing - Chương trình dự bị đại học bằng tiếng Anh,A00; A01; C01; C02; D01; D07,24,Điểm thi THPT,Toán nhân 2,2025,https://github.com/kbaoooo/vn_schools_scores_data/blob/main/craw-data/scores/DTT/2025.json
DTT,D7340120,Kinh doanh quốc tế - Chương trình dự bị đại học bằng tiếng Anh,A00; A01; C01; C02; D01; D07,24,Điểm thi THPT,Toán nhân 2,2025,https://github.com/kbaoooo/vn_schools_scores_data/blob/main/craw-data/scores/DTT/2025.json
DTT,D7340201,Tài chính ngân hàng - Chương trình dự bị đại học bằng tiếng Anh,A00; A01; C01; C02; D01; D07,21,Điểm thi THPT,Toán nhân 2,2025,https://github.com/kbaoooo/vn_schools_scores_data/blob/main/craw-data/scores/DTT/2025.json
DTT,D7340301,Kế toán (Chuyên ngành: Kế toán quốc tế) - Chương trình dự bị đại học bằng tiếng Anh,A00; A01; C01; C02; D01; D07,21,Điểm thi THPT,Toán nhân 2,2025,https://github.com/kbaoooo/vn_schools_scores_data/blob/main/craw-data/scores/DTT/2025.json
DTT,D7420201,Công nghệ sinh học - Chương trình dự bị đại học bằng tiếng Anh,A02; B00; B03; B08; X14; X15,22,Điểm thi THPT,"Sinh ≥ 5.00 hoặc ĐTB lớp 12 môn Sinh ≥ 6.0, Sinh nhân 2",2025,https://github.com/kbaoooo/vn_schools_scores_data/blob/main/craw-data/scores/DTT/2025.json
DTT,D7420201,Công nghệ sinh học - Chương trình dự bị đại học bằng tiếng Anh,A01,22,Điểm thi THPT,"Sinh ≥ 5.00 hoặc ĐTB lớp 12 môn Sinh ≥ 6.0, Anh nhân 2",2025,https://github.com/kbaoooo/vn_schools_scores_data/blob/main/craw-data/scores/DTT/2025.json
DTT,D7480101,Khoa học máy tính - Chương trình dự bị đại học bằng tiếng Anh,A00; A01; C01; D01; D07; X26,24,Điểm thi THPT,Toán nhân 2,2025,https://github.com/kbaoooo/vn_schools_scores_data/blob/main/craw-data/scores/DTT/2025.json
DTT,D7480103,Kỹ thuật phần mềm - Chương trình dự bị đại học bằng tiếng Anh,A00; A01; C01; D01; D07; X26,24,Điểm thi THPT,Toán nhân 2,2025,https://github.com/kbaoooo/vn_schools_scores_data/blob/main/craw-data/scores/DTT/2025.json
DTT,D7520216,Kỹ thuật điều khiển và tự động hóa - Chương trình dự bị đại học bằng tiếng Anh,A00; A01; C01; D01; D07; X06; X26,24,Điểm thi THPT,Toán nhân 2,2025,https://github.com/kbaoooo/vn_schools_scores_data/blob/main/craw-data/scores/DTT/2025.json
DTT,D7580201,Kỹ thuật xây dựng - Chương trình dự bị đại học bằng tiếng Anh,A00; A01; C01; C02; D01; X06,20,Điểm thi THPT,Toán nhân 2,2025,https://github.com/kbaoooo/vn_schools_scores_data/blob/main/craw-data/scores/DTT/2025.json
DTT,DK7340101,Quản trị kinh doanh (song bằng 2+2) - Chương trình dự bị Trường Đại học Kinh tế và Kinh doanh Praha (Cộng Hòa Séc),A00; A01; C01; C02; D01; D07,21,Điểm thi THPT,Toán nhân 2,2025,https://github.com/kbaoooo/vn_schools_scores_data/blob/main/craw-data/scores/DTT/2025.json
DTT,DK7340101E,Quản trị kinh doanh toàn cầu (đơn bằng 2+2) - Chương trình dự bị liên kết Trường Kinh doanh Emlyon (Pháp),A00; A01; C01; C02; D01; D07,21,Điểm thi THPT,Toán nhân 2,2025,https://github.com/kbaoooo/vn_schools_scores_data/blob/main/craw-data/scores/DTT/2025.json
DTT,DK7340101L,Quản trị kinh doanh (đơn bằng 3+1) – Chương trình dự bị liên kết Đại học Lunghwa (Đài Loan),A00; A01; C01; C02; D01; D07,21,Điểm thi THPT,Toán nhân 2,2025,https://github.com/kbaoooo/vn_schools_scores_data/blob/main/craw-data/scores/DTT/2025.json
DTT,DK7340101M,"Kinh doanh (Tài chính, Kinh doanh quốc tế, Marketing, Kế toán, Quản trị nguồn nhân lực & Quan hệ lao động) (đơn bằng 2+1,5) - Chương trình dự bị liên kết Đại học Massey (New Zealand)",A00; A01; C01; C02; D01; D07,21,Điểm thi THPT,Toán nhân 2,2025,https://github.com/kbaoooo/vn_schools_scores_data/blob/main/craw-data/scores/DTT/2025.json
DTT,DK7340101N,"Quản trị nhà hàng - khách sạn (song bằng 2,5+1,5) - Chương trình dự bị liên kết Đại học Taylor’s (Malaysia)",A00; A01; C01; C02; D01; D07,21,Điểm thi THPT,Toán nhân 2,2025,https://github.com/kbaoooo/vn_schools_scores_data/blob/main/craw-data/scores/DTT/2025.json
DTT,DK7340120L,Kinh doanh quốc tế (song bằng 3 +1) - Chương trình dự bị liên kết Đại học La Trobe (Úc),A00; A01; C01; C02; D01; D07,21,Điểm thi THPT,Toán nhân 2,2025,https://github.com/kbaoooo/vn_schools_scores_data/blob/main/craw-data/scores/DTT/2025.json
DTT,DK7340201X,Tài chính và kiểm soát (song bằng 3+1) - Chương trình dự bị liên kết Đại học khoa học ứng dụng Saxion (Hà Lan),A00; A01; C01; C02; D01; D07,21,Điểm thi THPT,Toán nhân 2,2025,https://github.com/kbaoooo/vn_schools_scores_data/blob/main/craw-data/scores/DTT/2025.json
DTT,DK7340301,"Kế toán (song bằng 3+1) - Chương trình dự bị liên kết Đại học West of England, Bristol (Vương Quốc Anh)",A00; A01; C01; C02; D01; D07,21,Điểm thi THPT,Toán nhân 2,2025,https://github.com/kbaoooo/vn_schools_scores_data/blob/main/craw-data/scores/DTT/2025.json
DTT,DK7480101L,Công nghệ thông tin (song bằng 2+2) - Chương trình dự bị liên kết Đại học La Trobe (Úc),A00; A01; C01; D01; D07; X26,26,Điểm thi THPT,Toán nhân 2,2025,https://github.com/kbaoooo/vn_schools_scores_data/blob/main/craw-data/scores/DTT/2025.json
DTT,DK7480101T,Khoa học máy tính (đơn bằng 2+2) - Chương trình dự bị liên kết Đại học Kỹ thuật Ostrava (CH Séc),A00; A01; C01; D01; D07; X26,22,Điểm thi THPT,Toán nhân 2,2025,https://github.com/kbaoooo/vn_schools_scores_data/blob/main/craw-data/scores/DTT/2025.json
DTT,DK7520201,"Kỹ thuật điện – điện tử (song bằng 2,5+1,5) - Chương trình dự bị liên kết Đại học khoa học ứng dụng Saxion (Hà Lan)",A00; A01; C01; D01; D07; X06; X26,21,Điểm thi THPT,Toán nhân 2,2025,https://github.com/kbaoooo/vn_schools_scores_data/blob/main/craw-data/scores/DTT/2025.json
DTT,DK7580201,Kỹ thuật xây dựng (song bằng 2+2) - Chương trình dự bị liên kết Đại học La Trobe (Úc),A00; A01; C01; C02; D01; X06,20,Điểm thi THPT,Toán nhân 2,2025,https://github.com/kbaoooo/vn_schools_scores_data/blob/main/craw-data/scores/DTT/2025.json
DTT,F7210403,Thiết kế đồ họa - Chương trình tiên tiến,H00; H01; H02; H03; H04; H05; H06,28.8,Điểm thi THPT,"Vẽ HHMT hoặc Vẽ TTM ≥ 6.00, Vẽ TTTM nhân 2",2025,https://github.com/kbaoooo/vn_schools_scores_data/blob/main/craw-data/scores/DTT/2025.json
DTT,F7220201,Ngôn ngữ Anh - Chương trình tiên tiến,D01,25.64,Điểm thi THPT,"Anh ≥ 5.5, Anh nhân 2",2025,https://github.com/kbaoooo/vn_schools_scores_data/blob/main/craw-data/scores/DTT/2025.json
DTT,F7220201,Ngôn ngữ Anh - Chương trình tiên tiến,D11,26.14,Điểm thi THPT,"Anh ≥ 5.5, Anh nhân 2",2025,https://github.com/kbaoooo/vn_schools_scores_data/blob/main/craw-data/scores/DTT/2025.json
DTT,F7220204,Ngôn ngữ Trung Quốc - Chương trình tiên tiến,"D01; D01; (Toán, Lí, CCTA); (Toán, Văn, CCTA)",25.48,Điểm thi THPT,"Anh ≥ 5.50 hoặc Trung ≥ 5.50, Anh hoặc Trung nhân 2",2025,https://github.com/kbaoooo/vn_schools_scores_data/blob/main/craw-data/scores/DTT/2025.json
DTT,F7220204,Ngôn ngữ Trung Quốc - Chương trình tiên tiến,D55; D11,25.98,Điểm thi THPT,"Anh ≥ 5.50 hoặc Trung ≥ 5.50, Anh hoặc Trung nhân 2",2025,https://github.com/kbaoooo/vn_schools_scores_data/blob/main/craw-data/scores/DTT/2025.json
DTT,F7310301,Xã hội học - Chương trình tiên tiến,D14; C04; C03; C01,27.86,Điểm thi THPT,Văn nhân 2,2025,https://github.com/kbaoooo/vn_schools_scores_data/blob/main/craw-data/scores/DTT/2025.json
DTT,F7310301,Xã hội học - Chương trình tiên tiến,C00,28.11,Điểm thi THPT,Văn nhân 2,2025,https://github.com/kbaoooo/vn_schools_scores_data/blob/main/craw-data/scores/DTT/2025.json
DTT,F7310301,Xã hội học - Chương trình tiên tiến,D01; C02,27.61,Điểm thi THPT,Văn nhân 2,2025,https://github.com/kbaoooo/vn_schools_scores_data/blob/main/craw-data/scores/DTT/2025.json
DTT,F7340101,Quản trị kinh doanh (Chuyên ngành Quản trị nguồn nhân lực) - Chương trình tiên tiến,D01; D07; A01,25.51,Điểm thi THPT,Toán nhân 2,2025,https://github.com/kbaoooo/vn_schools_scores_data/blob/main/craw-data/scores/DTT/2025.json
DTT,F7340101,Quản trị kinh doanh (Chuyên ngành Quản trị nguồn nhân lực) - Chương trình tiên tiến,C02; A00,25.76,Điểm thi THPT,Toán nhân 2,2025,https://github.com/kbaoooo/vn_schools_scores_data/blob/main/craw-data/scores/DTT/2025.json
DTT,F7340101,Quản trị kinh doanh (Chuyên ngành Quản trị nguồn nhân lực) - Chương trình tiên tiến,C01,26.01,Điểm thi THPT,Toán nhân 2,2025,https://github.com/kbaoooo/vn_schools_scores_data/blob/main/craw-data/scores/DTT/2025.json
DTT,F7340101N,Quản trị kinh doanh (Chuyên ngành Quản trị nhà hàng - khách sạn) - Chương trình tiên tiến,D01; D07; A01,25.34,Điểm thi THPT,Toán nhân 2,2025,https://github.com/kbaoooo/vn_schools_scores_data/blob/main/craw-data/scores/DTT/2025.json
DTT,F7340101N,Quản trị kinh doanh (Chuyên ngành Quản trị nhà hàng - khách sạn) - Chương trình tiên tiến,C02; A00,25.59,Điểm thi THPT,Toán nhân 2,2025,https://github.com/kbaoooo/vn_schools_scores_data/blob/main/craw-data/scores/DTT/2025.json
DTT,F7340101N,Quản trị kinh doanh (Chuyên ngành Quản trị nhà hàng - khách sạn) - Chương trình tiên tiến,C01,25.84,Điểm thi THPT,Toán nhân 2,2025,https://github.com/kbaoooo/vn_schools_scores_data/blob/main/craw-data/scores/DTT/2025.json
DTT,F7340115,Marketing - Chương trình tiên tiến,D01; D07; A01,26.75,Điểm thi THPT,Toán nhân 2,2025,https://github.com/kbaoooo/vn_schools_scores_data/blob/main/craw-data/scores/DTT/2025.json
DTT,F7340115,Marketing - Chương trình tiên tiến,C02; A00,27,Điểm thi THPT,Toán nhân 2,2025,https://github.com/kbaoooo/vn_schools_scores_data/blob/main/craw-data/scores/DTT/2025.json
DTT,F7340115,Marketing - Chương trình tiên tiến,C01,27.25,Điểm thi THPT,Toán nhân 2,2025,https://github.com/kbaoooo/vn_schools_scores_data/blob/main/craw-data/scores/DTT/2025.json
DTT,F7340120,Kinh doanh quốc tế - Chương trình tiên tiến,D01; D07; A01,26.75,Điểm thi THPT,Toán nhân 2,2025,https://github.com/kbaoooo/vn_schools_scores_data/blob/main/craw-data/scores/DTT/2025.json
DTT,F7340120,Kinh doanh quốc tế - Chương trình tiên tiến,C02; A00,27,Điểm thi THPT,Toán nhân 2,2025,https://github.com/kbaoooo/vn_schools_scores_data/blob/main/craw-data/scores/DTT/2025.json
DTT,F7340120,Kinh doanh quốc tế - Chương trình tiên tiến,C01,27.25,Điểm thi THPT,Toán nhân 2,2025,https://github.com/kbaoooo/vn_schools_scores_data/blob/main/craw-data/scores/DTT/2025.json
DTT,F7340201,Tài chính - Ngân hàng - Chương trình tiên tiến,D01; D07; A01,23,Điểm thi THPT,Toán nhân 2,2025,https://github.com/kbaoooo/vn_schools_scores_data/blob/main/craw-data/scores/DTT/2025.json
DTT,F7340201,Tài chính - Ngân hàng - Chương trình tiên tiến,C02; A00,23.25,Điểm thi THPT,Toán nhân 2,2025,https://github.com/kbaoooo/vn_schools_scores_data/blob/main/craw-data/scores/DTT/2025.json
DTT,F7340201,Tài chính - Ngân hàng - Chương trình tiên tiến,C01,23.5,Điểm thi THPT,Toán nhân 2,2025,https://github.com/kbaoooo/vn_schools_scores_data/blob/main/craw-data/scores/DTT/2025.json
DTT,F7340301,Kế toán - Chương trình tiên tiến,D01; D07; A01,23,Điểm thi THPT,Toán nhân 2,2025,https://github.com/kbaoooo/vn_schools_scores_data/blob/main/craw-data/scores/DTT/2025.json
DTT,F7340301,Kế toán - Chương trình tiên tiến,C02; A00,23.25,Điểm thi THPT,Toán nhân 2,2025,https://github.com/kbaoooo/vn_schools_scores_data/blob/main/craw-data/scores/DTT/2025.json
DTT,F7340301,Kế toán - Chương trình tiên tiến,C01,23.5,Điểm thi THPT,Toán nhân 2,2025,https://github.com/kbaoooo/vn_schools_scores_data/blob/main/craw-data/scores/DTT/2025.json
DTT,F7380101,Luật (Chuyên ngành Luật kinh tế) - Chương trình tiên tiến,C02,27.74,Điểm thi THPT,"Văn ≥ 6, Văn nhân 2",2025,https://github.com/kbaoooo/vn_schools_scores_data/blob/main/craw-data/scores/DTT/2025.json
DTT,F7380101,Luật (Chuyên ngành Luật kinh tế) - Chương trình tiên tiến,D01,27.74,Điểm thi THPT,"Văn ≥ 6, Văn nhân 2",2025,https://github.com/kbaoooo/vn_schools_scores_data/blob/main/craw-data/scores/DTT/2025.json
DTT,F7380101,Luật (Chuyên ngành Luật kinh tế) - Chương trình tiên tiến,C00,28.24,Điểm thi THPT,"Văn ≥ 6, Văn nhân 2",2025,https://github.com/kbaoooo/vn_schools_scores_data/blob/main/craw-data/scores/DTT/2025.json
DTT,F7380101,Luật (Chuyên ngành Luật kinh tế) - Chương trình tiên tiến,D15; D14; C04; C03; C01,27.99,Điểm thi THPT,"Văn ≥ 6, Văn nhân 2",2025,https://github.com/kbaoooo/vn_schools_scores_data/blob/main/craw-data/scores/DTT/2025.json
DTT,F7380101T,Luật (Chuyên ngành Luật thương mại quốc tế) - Chương trình tiên tiến,D01,28.71,Điểm thi THPT,"Văn ≥ 6, Văn nhân 2",2025,https://github.com/kbaoooo/vn_schools_scores_data/blob/main/craw-data/scores/DTT/2025.json
DTT,F7380101T,Luật (Chuyên ngành Luật thương mại quốc tế) - Chương trình tiên tiến,C00,29.21,Điểm thi THPT,"Văn ≥ 6, Văn nhân 2",2025,https://github.com/kbaoooo/vn_schools_scores_data/blob/main/craw-data/scores/DTT/2025.json
DTT,F7380101T,Luật (Chuyên ngành Luật thương mại quốc tế) - Chương trình tiên tiến,D15; D14; C04; C03; C01,28.96,Điểm thi THPT,"Văn ≥ 6, Văn nhân 2",2025,https://github.com/kbaoooo/vn_schools_scores_data/blob/main/craw-data/scores/DTT/2025.json
DTT,F7380101T,Luật (Chuyên ngành Luật thương mại quốc tế) - Chương trình tiên tiến,C02,28.71,Điểm thi THPT,"Văn ≥ 6, Văn nhân 2",2025,https://github.com/kbaoooo/vn_schools_scores_data/blob/main/craw-data/scores/DTT/2025.json
DTT,F7420201,Công nghệ sinh học - Chương trình tiên tiến,A02; B00; B03; B08; X14; X15,22,Điểm thi THPT,"Sinh ≥ 5.00 hoặc ĐTB lớp 12 môn Sinh ≥ 6.0, Sinh nhân 2",2025,https://github.com/kbaoooo/vn_schools_scores_data/blob/main/craw-data/scores/DTT/2025.json
DTT,F7420201,Công nghệ sinh học - Chương trình tiên tiến,A01,22,Điểm thi THPT,"Sinh ≥ 5.00 hoặc ĐTB lớp 12 môn Sinh ≥ 6.0, Anh nhân 2",2025,https://github.com/kbaoooo/vn_schools_scores_data/blob/main/craw-data/scores/DTT/2025.json
DTT,F7480101,Khoa học máy tính - Chương trình tiên tiến,A01; D07; D01; X26,25.2,Điểm thi THPT,"Toán ≥ 5.00, Toán nhân 2",2025,https://github.com/kbaoooo/vn_schools_scores_data/blob/main/craw-data/scores/DTT/2025.json
DTT,F7480101,Khoa học máy tính - Chương trình tiên tiến,C01,25.6,Điểm thi THPT,"Toán ≥ 5.00, Toán nhân 2",2025,https://github.com/kbaoooo/vn_schools_scores_data/blob/main/craw-data/scores/DTT/2025.json
DTT,F7480101,Khoa học máy tính - Chương trình tiên tiến,A00,25.45,Điểm thi THPT,"Toán ≥ 5.00, Toán nhân 2",2025,https://github.com/kbaoooo/vn_schools_scores_data/blob/main/craw-data/scores/DTT/2025.json
DTT,F7480103,Kỹ thuật phần mềm - Chương trình tiên tiến,A01; D07; D01; X26,24.5,Điểm thi THPT,"Toán ≥ 5.00, Toán nhân 2",2025,https://github.com/kbaoooo/vn_schools_scores_data/blob/main/craw-data/scores/DTT/2025.json
DTT,F7480103,Kỹ thuật phần mềm - Chương trình tiên tiến,C01,24.9,Điểm thi THPT,"Toán ≥ 5.00, Toán nhân 2",2025,https://github.com/kbaoooo/vn_schools_scores_data/blob/main/craw-data/scores/DTT/2025.json
DTT,F7480103,Kỹ thuật phần mềm - Chương trình tiên tiến,A00,24.75,Điểm thi THPT,"Toán ≥ 5.00, Toán nhân 2",2025,https://github.com/kbaoooo/vn_schools_scores_data/blob/main/craw-data/scores/DTT/2025.json
DTT,F7520201,Kỹ thuật điện - Chương trình tiên tiến,A01; D07; D01; X26,25.1,Điểm thi THPT,"Toán ≥ 5.00, Toán nhân 2",2025,https://github.com/kbaoooo/vn_schools_scores_data/blob/main/craw-data/scores/DTT/2025.json
DTT,F7520201,Kỹ thuật điện - Chương trình tiên tiến,C01; X06,25.5,Điểm thi THPT,"Toán ≥ 5.00, Toán nhân 2",2025,https://github.com/kbaoooo/vn_schools_scores_data/blob/main/craw-data/scores/DTT/2025.json
DTT,F7520201,Kỹ thuật điện - Chương trình tiên tiến,A00,25.35,Điểm thi THPT,"Toán ≥ 5.00, Toán nhân 2",2025,https://github.com/kbaoooo/vn_schools_scores_data/blob/main/craw-data/scores/DTT/2025.json
DTT,F7520207,Kỹ thuật điện tử - viễn thông - Chương trình tiên tiến,A01; D07; D01; X26,24.7,Điểm thi THPT,"Toán ≥ 5.00, Toán nhân 2",2025,https://github.com/kbaoooo/vn_schools_scores_data/blob/main/craw-data/scores/DTT/2025.json
DTT,F7520207,Kỹ thuật điện tử - viễn thông - Chương trình tiên tiến,C01; X06,25.1,Điểm thi THPT,"Toán ≥ 5.00, Toán nhân 2",2025,https://github.com/kbaoooo/vn_schools_scores_data/blob/main/craw-data/scores/DTT/2025.json
DTT,F7520207,Kỹ thuật điện tử - viễn thông - Chương trình tiên tiến,A00,24.95,Điểm thi THPT,"Toán ≥ 5.00, Toán nhân 2",2025,https://github.com/kbaoooo/vn_schools_scores_data/blob/main/craw-data/scores/DTT/2025.json
DTT,F7520216,Kỹ thuật điều khiển và tự động hóa - Chương trình tiên tiến,A01; D07; D01; X26,25.5,Điểm thi THPT,"Toán ≥ 5.00, Toán nhân 2",2025,https://github.com/kbaoooo/vn_schools_scores_data/blob/main/craw-data/scores/DTT/2025.json
DTT,F7520216,Kỹ thuật điều khiển và tự động hóa - Chương trình tiên tiến,C01; X06,25.9,Điểm thi THPT,"Toán ≥ 5.00, Toán nhân 2",2025,https://github.com/kbaoooo/vn_schools_scores_data/blob/main/craw-data/scores/DTT/2025.json
DTT,F7520216,Kỹ thuật điều khiển và tự động hóa - Chương trình tiên tiến,A00,25.75,Điểm thi THPT,"Toán ≥ 5.00, Toán nhân 2",2025,https://github.com/kbaoooo/vn_schools_scores_data/blob/main/craw-data/scores/DTT/2025.json
DTT,F7520301,Kỹ thuật hóa học - Chương trình tiên tiến,A00; B00; D07; X10; X11,25.55,Điểm thi THPT,"Hóa ≥ 5.00 hoặc ĐTB lớp 12 môn Hóa ≥ 6.00, Hóa nhân 2",2025,https://github.com/kbaoooo/vn_schools_scores_data/blob/main/craw-data/scores/DTT/2025.json
DTT,F7520301,Kỹ thuật hóa học - Chương trình tiên tiến,A01,25.55,Điểm thi THPT,"Hóa ≥ 5.00 hoặc ĐTB lớp 12 môn Hóa ≥ 6.00, Anh nhân 2",2025,https://github.com/kbaoooo/vn_schools_scores_data/blob/main/craw-data/scores/DTT/2025.json
DTT,F7520301,Kỹ thuật hóa học - Chương trình tiên tiến,C02,25.65,Điểm thi THPT,"Hóa ≥ 5.00 hoặc ĐTB lớp 12 môn Hóa ≥ 6.00, Hóa nhân 2",2025,https://github.com/kbaoooo/vn_schools_scores_data/blob/main/craw-data/scores/DTT/2025.json
DTT,F7580101,Kiến trúc - Chương trình tiên tiến,H01; V02; V00,25.6,Điểm thi THPT,"Vẽ HHMT ≥ 6.00, Vẽ HHMT nhân 2",2025,https://github.com/kbaoooo/vn_schools_scores_data/blob/main/craw-data/scores/DTT/2025.json
DTT,F7580201,Kỹ thuật xây dựng - Chương trình tiên tiến,C01; X06,20.4,Điểm thi THPT,Toán nhân 2,2025,https://github.com/kbaoooo/vn_schools_scores_data/blob/main/craw-data/scores/DTT/2025.json
DTT,F7580201,Kỹ thuật xây dựng - Chương trình tiên tiến,A01; D01,20,Điểm thi THPT,Toán nhân 2,2025,https://github.com/kbaoooo/vn_schools_scores_data/blob/main/craw-data/scores/DTT/2025.json
DTT,F7580201,Kỹ thuật xây dựng - Chương trình tiên tiến,C02; A00,20.25,Điểm thi THPT,Toán nhân 2,2025,https://github.com/kbaoooo/vn_schools_scores_data/blob/main/craw-data/scores/DTT/2025.json
DTT,FA7220201,Ngôn ngữ Anh - Chương trình đại học bằng tiếng Anh,D01; D11,24,Điểm thi THPT,"IELTS ≥ 5.0 (tương đương); Anh ≥ 5.50, Anh nhân 2",2025,https://github.com/kbaoooo/vn_schools_scores_data/blob/main/craw-data/scores/DTT/2025.json
DTT,FA7340101N,Quản trị kinh doanh (Chuyên ngành: Quản trị nhà hàng - khách sạn) - Chương trình đại học bằng tiếng Anh,A00; A01; C01; C02; D01; D07,23,Điểm thi THPT,"IELTS ≥ 5.0 (tương đương), Toán nhân 2",2025,https://github.com/kbaoooo/vn_schools_scores_data/blob/main/craw-data/scores/DTT/2025.json
DTT,FA7340115,Marketing - Chương trình đại học bằng tiếng Anh,A00; A01; C01; C02; D01; D07,23.5,Điểm thi THPT,"IELTS ≥ 5.0 (tương đương), Toán nhân 2",2025,https://github.com/kbaoooo/vn_schools_scores_data/blob/main/craw-data/scores/DTT/2025.json
DTT,FA7340120,Kinh doanh quốc tế - Chương trình đại học bằng tiếng Anh,A00; A01; C01; C02; D01; D07,23.5,Điểm thi THPT,"IELTS ≥ 5.0 (tương đương), Toán nhân 2",2025,https://github.com/kbaoooo/vn_schools_scores_data/blob/main/craw-data/scores/DTT/2025.json
DTT,FA7340201,Tài chính ngân hàng - Chương trình đại học bằng tiếng Anh,A00; A01; C01; C02; D01; D07,21,Điểm thi THPT,"IELTS ≥ 5.0 (tương đương), Toán nhân 2",2025,https://github.com/kbaoooo/vn_schools_scores_data/blob/main/craw-data/scores/DTT/2025.json
DTT,FA7340301,Kế toán (Chuyên ngành: Kế toán quốc tế) - Chương trình đại học bằng tiếng Anh,A00; A01; C01; C02; D01; D07,21,Điểm thi THPT,"IELTS ≥ 5.0 (tương đương), Toán nhân 2",2025,https://github.com/kbaoooo/vn_schools_scores_data/blob/main/craw-data/scores/DTT/2025.json
DTT,FA7420201,Công nghệ sinh học - Chương trình đại học bằng tiếng Anh,A02; B00; B03; B08; X14; X15,22,Điểm thi THPT,"IELTS ≥ 5.0 (tương đương); Sinh ≥ 5.00 hoặc ĐTB lớp 12 môn Sinh 12 ≥ 6.00, Sinh nhân 2",2025,https://github.com/kbaoooo/vn_schools_scores_data/blob/main/craw-data/scores/DTT/2025.json
DTT,FA7420201,Công nghệ sinh học - Chương trình đại học bằng tiếng Anh,A01,22,Điểm thi THPT,"IELTS ≥ 5.0 (tương đương); Sinh ≥ 5.00 hoặc ĐTB lớp 12 môn Sinh 12 ≥ 6.00, Anh nhân 2",2025,https://github.com/kbaoooo/vn_schools_scores_data/blob/main/craw-data/scores/DTT/2025.json
DTT,FA7480101,Khoa học máy tính - Chương trình đại học bằng tiếng Anh,A00; A01; C01; D01; D07; X26,24,Điểm thi THPT,"IELTS ≥ 5.0 (tương đương), Toán nhân 2",2025,https://github.com/kbaoooo/vn_schools_scores_data/blob/main/craw-data/scores/DTT/2025.json
DTT,FA7480103,Kỹ thuật phần mềm - Chương trình đại học bằng tiếng Anh,A00; A01; C01; D01; D07; X26,24,Điểm thi THPT,"IELTS ≥ 5.0 (tương đương), Toán nhân 2",2025,https://github.com/kbaoooo/vn_schools_scores_data/blob/main/craw-data/scores/DTT/2025.json
DTT,FA7520216,Kỹ thuật điều khiển và tự động hóa - Chương trình đại học bằng tiếng Anh,A00; A01; C01; D01; D07; X06; X26,24,Điểm thi THPT,"IELTS ≥ 5.0 (tương đương), Toán nhân 2",2025,https://github.com/kbaoooo/vn_schools_scores_data/blob/main/craw-data/scores/DTT/2025.json
DTT,FA7580201,Kỹ thuật xây dựng - Chương trình đại học bằng tiếng Anh,A00; A01; C01; C02; D01; X06,20,Điểm thi THPT,"IELTS ≥ 5.0 (tương đương), Toán nhân 2",2025,https://github.com/kbaoooo/vn_schools_scores_data/blob/main/craw-data/scores/DTT/2025.json
DTT,K7220201,"Ngôn ngữ Anh (đơn bằng 3+1) - Chương trình liên kết Đại học West of England, Bristol (Vương Quốc Anh)",D01; D11,23,Điểm thi THPT,"IELTS ≥ 5.5 (tương đương); Anh ≥ 5.50, Anh nhân 2",2025,https://github.com/kbaoooo/vn_schools_scores_data/blob/main/craw-data/scores/DTT/2025.json
DTT,K7340101,Quản trị kinh doanh (song bằng 2+2) - Chương trình liên kết Trường Đại học Kinh tế và Kinh doanh Praha (Cộng Hòa Séc),A00; A01; C01; C02; D01; D07,21,Điểm thi THPT,"IELTS ≥ 5.5 (tương đương), Toán nhân 2",2025,https://github.com/kbaoooo/vn_schools_scores_data/blob/main/craw-data/scores/DTT/2025.json
DTT,K7340101E,Quản trị kinh doanh toàn cầu (đơn bằng 2+2) - Chương trình liên kết Trường Kinh doanh Emlyon (Pháp),A00; A01; C01; C02; D01; D07,21,Điểm thi THPT,"IELTS ≥ 5.5 (tương đương), Toán nhân 2",2025,https://github.com/kbaoooo/vn_schools_scores_data/blob/main/craw-data/scores/DTT/2025.json
DTT,K7340101L,Quản trị kinh doanh (đơn bằng 3+1) – Chương trình liên kết Đại học Lunghwa (Đài Loan),A00; A01; C01; C02; D01; D07,21,Điểm thi THPT,"IELTS ≥ 5.5 (tương đương), Toán nhân 2",2025,https://github.com/kbaoooo/vn_schools_scores_data/blob/main/craw-data/scores/DTT/2025.json
DTT,K7340101M,"Kinh doanh (Tài chính, Kinh doanh quốc tế, Marketing, Kế toán, Quản trị nguồn nhân lực & Quan hệ lao động) (đơn bằng 2+1,5) - Chương trình liên kết Đại học Massey (New Zealand)",A00; A01; C01; C02; D01; D07,21,Điểm thi THPT,"IELTS ≥ 5.5 (tương đương), Toán nhân 2",2025,https://github.com/kbaoooo/vn_schools_scores_data/blob/main/craw-data/scores/DTT/2025.json
DTT,K7340101N,"Quản trị nhà hàng - khách sạn (song bằng 2,5+1,5) - Chương trình liên kết Đại học Taylor’s (Malaysia)",A00; A01; C01; C02; D01; D07,21,Điểm thi THPT,"IELTS ≥ 5.5 (tương đương), Toán nhân 2",2025,https://github.com/kbaoooo/vn_schools_scores_data/blob/main/craw-data/scores/DTT/2025.json
DTT,K7340120L,Kinh doanh quốc tế (song bằng 3 +1) - Chương trình liên kết Đại học La Trobe (Úc),A00; A01; C01; C02; D01; D07,21,Điểm thi THPT,"IELTS ≥ 5.5 (tương đương), Toán nhân 2",2025,https://github.com/kbaoooo/vn_schools_scores_data/blob/main/craw-data/scores/DTT/2025.json
DTT,K7340201X,Tài chính và kiểm soát (song bằng 3+1) - Chương trình liên kết Đại học khoa học ứng dụng Saxion (Hà Lan),A00; A01; C01; C02; D01; D07,21,Điểm thi THPT,"IELTS ≥ 5.5 (tương đương), Toán nhân 2",2025,https://github.com/kbaoooo/vn_schools_scores_data/blob/main/craw-data/scores/DTT/2025.json
DTT,K7340301,"Kế toán (song bằng 3+1) - Chương trình liên kết Đại học West of England, Bristol (Vương Quốc Anh)",A00; A01; C01; C02; D01; D07,21,Điểm thi THPT,"IELTS ≥ 5.5 (tương đương), Toán nhân 2",2025,https://github.com/kbaoooo/vn_schools_scores_data/blob/main/craw-data/scores/DTT/2025.json
DTT,K7480101L,Công nghệ thông tin (song bằng 2+2) - Chương trình liên kết Đại học La Trobe (Úc),A00; A01; C01; D01; D07; X26,24,Điểm thi THPT,"IELTS ≥ 5.5 (tương đương), Toán nhân 2",2025,https://github.com/kbaoooo/vn_schools_scores_data/blob/main/craw-data/scores/DTT/2025.json
DTT,K7480101T,Khoa học máy tính (đơn bằng 2+2) - Chương trình liên kết Đại học Kỹ thuật Ostrava (CH Séc),A00; A01; C01; D01; D07; X26,22,Điểm thi THPT,"IELTS ≥ 5.5 (tương đương), Toán nhân 2",2025,https://github.com/kbaoooo/vn_schools_scores_data/blob/main/craw-data/scores/DTT/2025.json
DTT,K7520201,"Kỹ thuật điện – điện tử (song bằng 2,5+1,5) - Chương trình liên kết Đại học khoa học ứng dụng Saxion (Hà Lan)",A00; A01; C01; D01; D07; X06; X26,21,Điểm thi THPT,"IELTS ≥ 5.5 (tương đương), Toán nhân 2",2025,https://github.com/kbaoooo/vn_schools_scores_data/blob/main/craw-data/scores/DTT/2025.json
DTT,K7580201,Kỹ thuật xây dựng (song bằng 2+2) - Chương trình liên kết Đại học La Trobe (Úc),A00; A01; C01; C02; D01; X06,20,Điểm thi THPT,"IELTS ≥ 5.5 (tương đương), điểm quy đổi",2025,https://github.com/kbaoooo/vn_schools_scores_data/blob/main/craw-data/scores/DTT/2025.json
DTT,N7210403,Thiết kế đồ họa - Chương trình học tại Phân hiệu Khánh Hòa,H00; H01; H02; H03; H04; H05,26.1,Điểm thi THPT,"Vẽ HHMT hoặc Vẽ TTM ≥ 5.00, Vẽ TTM nhân 2",2025,https://github.com/kbaoooo/vn_schools_scores_data/blob/main/craw-data/scores/DTT/2025.json
DTT,N7220201,Ngôn ngữ Anh - Chương trình học tại Phân hiệu Khánh Hòa,D01; D11,22,Điểm thi THPT,"Anh ≥ 5.00, Anh hệ số 2",2025,https://github.com/kbaoooo/vn_schools_scores_data/blob/main/craw-data/scores/DTT/2025.json
DTT,N7340101N,Quản trị kinh doanh (Chuyên ngành Quản trị nhà hàng - khách sạn) - Chương trình học tại Phân hiệu Khánh Hòa,A00; A01; C01; C02; D01; D07,20,Điểm thi THPT,Toán hệ số 2,2025,https://github.com/kbaoooo/vn_schools_scores_data/blob/main/craw-data/scores/DTT/2025.json
DTT,N7340115,Marketing - Chương trình học tại Phân hiệu Khánh Hòa,A00; A01; C01; C02; D01; D07,21,Điểm thi THPT,Toán hệ số 2,2025,https://github.com/kbaoooo/vn_schools_scores_data/blob/main/craw-data/scores/DTT/2025.json
DTT,N7340301,Kế toán - Chương trình học tại Phân hiệu Khánh Hòa,A00; A01; C01; C02; D01; D07,20,Điểm thi THPT,Toán hệ số 2,2025,https://github.com/kbaoooo/vn_schools_scores_data/blob/main/craw-data/scores/DTT/2025.json
DTT,N7340408,Quan hệ lao động (Chuyên ngành Hành vi tổ chức) - Chương trình học tại Phân hiệu Khánh Hòa,A00; A01; C01; C02; D01; D07,20,Điểm thi THPT,Toán hệ số 2,2025,https://github.com/kbaoooo/vn_schools_scores_data/blob/main/craw-data/scores/DTT/2025.json
DTT,N7380101,Luật (Chuyên ngành Luật kinh tế) - Chương trình học tại Phân hiệu Khánh Hòa,C00; C01; C02; C03; C04; D01; D14; D15,26.8,Điểm thi THPT,Văn hệ số 2,2025,https://github.com/kbaoooo/vn_schools_scores_data/blob/main/craw-data/scores/DTT/2025.json
DTT,N7480101,Khoa học máy tính - Chương trình học tại Phân hiệu Khánh Hòa,A00; A01; C01; D01; D07; X26,20,Điểm thi THPT,Toán hệ số 2,2025,https://github.com/kbaoooo/vn_schools_scores_data/blob/main/craw-data/scores/DTT/2025.json
DTT,N7480103,Kỹ thuật phần mềm - Chương trình học tại Phân hiệu Khánh Hòa,A00; A01; C01; D01; D07; X26,20,Điểm thi THPT,Toán hệ số 2,2025,https://github.com/kbaoooo/vn_schools_scores_data/blob/main/craw-data/scores/DTT/2025.json
DTT,N7580302,Quản lý xây dựng - Chương trình học tại Phân hiệu Khánh Hòa,A00; A01; C01; C02; D01; X06,20,Điểm thi THPT,Toán hệ số 2,2025,https://github.com/kbaoooo/vn_schools_scores_data/blob/main/craw-data/scores/DTT/2025.json
DTT,N7810101H,Du lịch (Chuyên ngành Hướng dẫn du lịch) - Chương trình học tại Phân hiệu Khánh Hòa,C00; C01; C02; C03; C04; D01; D14,22.5,Điểm thi THPT,Văn hệ số 2,2025,https://github.com/kbaoooo/vn_schools_scores_data/blob/main/craw-data/scores/DTT/2025.json
DTT,N7810301,Quản lý thể dục thể thao (Chuyên ngành Kinh doanh thể thao và tổ chức sự kiện) - Chương trình học tại Phân hiệu Khánh Hòa,"A01; B03; B08; C01; D01; T00; T01; (Toán, Anh, NK TDTT)",20,Điểm thi THPT,Toán hệ số 2,2025,https://github.com/kbaoooo/vn_schools_scores_data/blob/main/craw-data/scores/DTT/2025.json
DTT,N7850201,Bảo hộ lao động - Chương trình học tại Phân hiệu Khánh Hòa,A00; A01; B00; B03; B08; C01; C02; D07,20,Điểm thi THPT,Toán hệ số 2,2025,https://github.com/kbaoooo/vn_schools_scores_data/blob/main/craw-data/scores/DTT/2025.json
DTV,7220201,Ngôn ngữ Anh,A01; B08; C00; D01,15,Điểm thi THPT,,2025,https://github.com/kbaoooo/vn_schools_scores_data/blob/main/craw-data/scores/DTV/2025.json
DTV,7340101,Quản trị kinh doanh,A00; B00; C01; C02; C03; C04; C14; C15; D01; D07; D08; D09; D10,15,Điểm thi THPT,,2025,https://github.com/kbaoooo/vn_schools_scores_data/blob/main/craw-data/scores/DTV/2025.json
DTV,7340201,Tài chính - Ngân hàng,A00; B00; C01; C02; C03; C04; C14; C15; D01; D07; D08; D09; D10,15,Điểm thi THPT,,2025,https://github.com/kbaoooo/vn_schools_scores_data/blob/main/craw-data/scores/DTV/2025.json
DTV,7340301,Kế toán,A00; B00; C01; C02; C03; C04; C14; C15; D01; D07; D08; D09; D10,15,Điểm thi THPT,,2025,https://github.com/kbaoooo/vn_schools_scores_data/blob/main/craw-data/scores/DTV/2025.json
DTV,7480201,Công nghệ thông tin,A00; B00; C01; C02; C03; C04; C05; C06; C07; C09; C14; C15; C16; D01; D07; D08; D09; D10; D11,15,Điểm thi THPT,,2025,https://github.com/kbaoooo/vn_schools_scores_data/blob/main/craw-data/scores/DTV/2025.json
DTV,7510301,Công nghệ kỹ thuật điện; điện tử,A00; B00; C01; C02; C03; C04; C05; C06; C07; C09; C14; C15; C16; D01; D07; D08; D09; D10; D11,15,Điểm thi THPT,,2025,https://github.com/kbaoooo/vn_schools_scores_data/blob/main/craw-data/scores/DTV/2025.json
DTV,7580201,Kỹ thuật xây dựng,A00; B00; C01; C02; C03; C04; C05; C06; C07; C09; C14; C15; C16; D01; D07; D08; D09; D10; D11,15,Điểm thi THPT,,2025,https://github.com/kbaoooo/vn_schools_scores_data/blob/main/craw-data/scores/DTV/2025.json
DTV,7580205,Kỹ thuật xây dựng công trình giao thông,A00; B00; C01; C02; C03; C04; C05; C06; C07; C09; C14; C15; C16; D01; D07; D08; D09; D10; D11,15,Điểm thi THPT,,2025,https://github.com/kbaoooo/vn_schools_scores_data/blob/main/craw-data/scores/DTV/2025.json
DTV,7640101,Thú y,A02; B00; C12; C13; C18; D01; D07; D08,15,Điểm thi THPT,,2025,https://github.com/kbaoooo/vn_schools_scores_data/blob/main/craw-data/scores/DTV/2025.json
DTV,7720115,Y học cổ truyền,A00; B00; D01; D07; D08; D09; D10,19,Điểm thi THPT,"Học lực lớp 12 loại Giỏi (tốt) hoặc điểm xét tốt nghiệp THPT từ 8,0 trở lên",2025,https://github.com/kbaoooo/vn_schools_scores_data/blob/main/craw-data/scores/DTV/2025.json
DTV,7720603,Kỹ thuật phục hồi chức năng,A00; B00; D01; D07; D08; D09; D10,17,Điểm thi THPT,"Học lực lớp 12 xếp loại từ khá trở lên hoặc điểm xét tốt nghiệp THPT từ 6,5 trở lên",2025,https://github.com/kbaoooo/vn_schools_scores_data/blob/main/craw-data/scores/DTV/2025.json
DTY,7720101,Y khoa,A00; A02; B00; D07; D08,25.85,Điểm thi THPT,,2025,https://github.com/kbaoooo/vn_schools_scores_data/blob/main/craw-data/scores/DTY/2025.json
DTY,7720110,Y học dự phòng,A00; A02; B00; D07; D08,18.3,Điểm thi THPT,,2025,https://github.com/kbaoooo/vn_schools_scores_data/blob/main/craw-data/scores/DTY/2025.json
DTY,7720201,Dược học,A00; A01; A02; B00; D07; D08,22.8,Điểm thi THPT,,2025,https://github.com/kbaoooo/vn_schools_scores_data/blob/main/craw-data/scores/DTY/2025.json
DTY,7720301,Điều dưỡng,A00; A02; B00; D01; D07; D08,20,Điểm thi THPT,,2025,https://github.com/kbaoooo/vn_schools_scores_data/blob/main/craw-data/scores/DTY/2025.json
DTY,7720302,Hộ sinh,A00; A02; B00; D01; D07; D08,18.75,Điểm thi THPT,,2025,https://github.com/kbaoooo/vn_schools_scores_data/blob/main/craw-data/scores/DTY/2025.json
DTY,7720501,Răng - Hàm - Mặt,A00; A02; B00; D07; D08,26.15,Điểm thi THPT,,2025,https://github.com/kbaoooo/vn_schools_scores_data/blob/main/craw-data/scores/DTY/2025.json
DTY,7720601,Kỹ thuật xét nghiệm y học,A00; A01; A02; B00; D07; D08,22.5,Điểm thi THPT,,2025,https://github.com/kbaoooo/vn_schools_scores_data/blob/main/craw-data/scores/DTY/2025.json
DTY,7720602,Kỹ thuật hình ảnh y học,A00; A01; A02; B00; D07; D08,21.25,Điểm thi THPT,,2025,https://github.com/kbaoooo/vn_schools_scores_data/blob/main/craw-data/scores/DTY/2025.json
DTY,7720603,Kỹ thuật phục hồi chức năng,A00; A01; A02; B00; D07; D08,20.5,Điểm thi THPT,,2025,https://github.com/kbaoooo/vn_schools_scores_data/blob/main/craw-data/scores/DTY/2025.json
DTZ,7220112,Ngôn ngữ và văn hóa các dân tộc thiểu số Việt Nam,C00; C03; C04; C14; C19; C20; D01; D10; D66; D84,16,Điểm thi THPT,,2025,https://github.com/kbaoooo/vn_schools_scores_data/blob/main/craw-data/scores/DTZ/2025.json
DTZ,7220201,Ngôn ngữ Anh (Tiếng Anh ứng dụng),D01; D09; D10; D11; D12; D13; D14; D15; D66; D84,16.35,Điểm thi THPT,,2025,https://github.com/kbaoooo/vn_schools_scores_data/blob/main/craw-data/scores/DTZ/2025.json
DTZ,7220201_AH,Song ngữ Anh - Hàn,D01; D09; D10; D11; D12; D13; D14; D15; D66; D84,16.35,Điểm thi THPT,,2025,https://github.com/kbaoooo/vn_schools_scores_data/blob/main/craw-data/scores/DTZ/2025.json
DTZ,7220201_AT,Song ngữ Anh - Trung,D01; D09; D10; D11; D12; D13; D14; D15; D66; D84,16.35,Điểm thi THPT,,2025,https://github.com/kbaoooo/vn_schools_scores_data/blob/main/craw-data/scores/DTZ/2025.json
DTZ,7220201_GV,CTĐT định hướng giáo viên Tiếng Anh,D01; D09; D10; D11; D12; D13; D14; D15; D66; D84,19.5,Điểm thi THPT,,2025,https://github.com/kbaoooo/vn_schools_scores_data/blob/main/craw-data/scores/DTZ/2025.json
DTZ,7229010,Lịch sử- Địa lý và Kinh tế Pháp luật,C00; C03; C04; C14; C19; D01; D10; D66; D84,19.05,Điểm thi THPT,,2025,https://github.com/kbaoooo/vn_schools_scores_data/blob/main/craw-data/scores/DTZ/2025.json
DTZ,7229030,Văn học (CTĐT Giáo viên),C00; C03; C04; C14; C19; C20; D01; D10; D66; D84,19.15,Điểm thi THPT,,2025,https://github.com/kbaoooo/vn_schools_scores_data/blob/main/craw-data/scores/DTZ/2025.json
DTZ,7310612,Trung Quốc học,C00; C03; C04; C14; C19; C20; D01; D04; D10; D66,19.45,Điểm thi THPT,,2025,https://github.com/kbaoooo/vn_schools_scores_data/blob/main/craw-data/scores/DTZ/2025.json
DTZ,7310614,Hàn Quốc học,C00; C03; C04; C14; C19; C20; D01; D10; D66; DD2,17.25,Điểm thi THPT,,2025,https://github.com/kbaoooo/vn_schools_scores_data/blob/main/craw-data/scores/DTZ/2025.json
DTZ,7310630,Việt Nam học,C00; C03; C04; C14; C19; C20; D01; D10; D66; D84,16,Điểm thi THPT,,2025,https://github.com/kbaoooo/vn_schools_scores_data/blob/main/craw-data/scores/DTZ/2025.json
DTZ,7320101,Quản trị truyền thông,C00; C03; C04; C14; C19; C20; D01; D10; D66; D84,17,Điểm thi THPT,,2025,https://github.com/kbaoooo/vn_schools_scores_data/blob/main/craw-data/scores/DTZ/2025.json
DTZ,7320201,Thư viện - Thiết bị trường học và Văn thư,C00; C03; C04; C14; C19; C20; D01; D10; D66; D84,16,Điểm thi THPT,,2025,https://github.com/kbaoooo/vn_schools_scores_data/blob/main/craw-data/scores/DTZ/2025.json
DTZ,7340401,Khoa học quản lý (Quản lý nhân lực),C00; C03; C04; C14; C19; C20; D01; D10; D66; D84,16.25,Điểm thi THPT,,2025,https://github.com/kbaoooo/vn_schools_scores_data/blob/main/craw-data/scores/DTZ/2025.json
DTZ,7340401_QLKT,Quản lý kinh tế,C03; C04; C14; D01; D10; D84,16.25,Điểm thi THPT,,2025,https://github.com/kbaoooo/vn_schools_scores_data/blob/main/craw-data/scores/DTZ/2025.json
DTZ,7380101,Luật,C00; C03; C04; C14; C19; C20; D01; D10; D66; D84,18,Điểm thi THPT,,2025,https://github.com/kbaoooo/vn_schools_scores_data/blob/main/craw-data/scores/DTZ/2025.json
DTZ,7380101_LKT,Luật kinh tế,C00; C03; C04; C14; C19; C20; D01; D10; D66; D84,18,Điểm thi THPT,,2025,https://github.com/kbaoooo/vn_schools_scores_data/blob/main/craw-data/scores/DTZ/2025.json
DTZ,7420201,Công nghệ sinh học,A00; A05; A06; B00; B01; B02; B03; B04; B08; D07,16,Điểm thi THPT,,2025,https://github.com/kbaoooo/vn_schools_scores_data/blob/main/craw-data/scores/DTZ/2025.json
DTZ,7440102,Vật lý (CTĐT Giáo viên),A00; A01; A02; A03; A04; A10; C01,19.5,Điểm thi THPT,,2025,https://github.com/kbaoooo/vn_schools_scores_data/blob/main/craw-data/scores/DTZ/2025.json
DTZ,7440102_TD,Công nghệ bán dẫn,A00; A01; A02; A03; A04; A10; C01,20.25,Điểm thi THPT,,2025,https://github.com/kbaoooo/vn_schools_scores_data/blob/main/craw-data/scores/DTZ/2025.json
DTZ,7440112_KHTN,Khoa học Tự nhiên tích hợp STEM,A00; A05; A06; A11; B00; C02; C08; C10; C17; D07,19.5,Điểm thi THPT,,2025,https://github.com/kbaoooo/vn_schools_scores_data/blob/main/craw-data/scores/DTZ/2025.json
DTZ,7460101_TA,CTĐT Toán học định hướng giảng dạy bằng tiếng Anh,A00; A05; A06; A08; A11; B00; D01; D07; D08; D84,19.5,Điểm thi THPT,,2025,https://github.com/kbaoooo/vn_schools_scores_data/blob/main/craw-data/scores/DTZ/2025.json
DTZ,7460101_TV,CTĐT Toán học định hướng giảng dạy bằng tiếng Việt,A00; A05; A06; A08; A11; B00; D01; D07; D08; D84,19.5,Điểm thi THPT,,2025,https://github.com/kbaoooo/vn_schools_scores_data/blob/main/craw-data/scores/DTZ/2025.json
DTZ,7460117,Toán tin (CTĐT Giáo viên),A00; A05; A06; A08; A11; B00; D01; D07; D08; D84,19,Điểm thi THPT,,2025,https://github.com/kbaoooo/vn_schools_scores_data/blob/main/craw-data/scores/DTZ/2025.json
DTZ,7510401,Công nghệ kỹ thuật hóa học,A00; A05; A06; A11; B00; C02; C08; C10; C17; D07,16,Điểm thi THPT,,2025,https://github.com/kbaoooo/vn_schools_scores_data/blob/main/craw-data/scores/DTZ/2025.json
DTZ,7720203,Hóa dược,A00; A05; A06; A11; B00; C02; C08; C10; C17; D07,16,Điểm thi THPT,,2025,https://github.com/kbaoooo/vn_schools_scores_data/blob/main/craw-data/scores/DTZ/2025.json
DTZ,7720203_TD,Chăm sóc sắc đẹp từ Dược liệu,A00; A05; A06; A11; B00; C02; C08; C10; C17; D07,16,Điểm thi THPT,,2025,https://github.com/kbaoooo/vn_schools_scores_data/blob/main/craw-data/scores/DTZ/2025.json
DTZ,7760101,Công tác xã hội,C00; C03; C04; C14; C19; C20; D01; D10; D66; D84,16,Điểm thi THPT,,2025,https://github.com/kbaoooo/vn_schools_scores_data/blob/main/craw-data/scores/DTZ/2025.json
DTZ,7810101,Du lịch,C00; C03; C04; C14; C19; C20; D01; D10; D66; D84,16,Điểm thi THPT,,2025,https://github.com/kbaoooo/vn_schools_scores_data/blob/main/craw-data/scores/DTZ/2025.json
DTZ,7810103,Quản trị dịch vụ du lịch và lữ hành,C00; C03; C04; C14; C19; C20; D01; D10; D66; D84,16,Điểm thi THPT,,2025,https://github.com/kbaoooo/vn_schools_scores_data/blob/main/craw-data/scores/DTZ/2025.json
DTZ,7810301,Quản lý thể dục thể thao,C00; C03; C04; C14; C19; C20; D01; D10; D66; D84,15.65,Điểm thi THPT,,2025,https://github.com/kbaoooo/vn_schools_scores_data/blob/main/craw-data/scores/DTZ/2025.json
DTZ,7850101,Quản lý tài nguyên và môi trường,A00; B00; C02; C04; C08; C10; C14; C17; C20; D01,16,Điểm thi THPT,,2025,https://github.com/kbaoooo/vn_schools_scores_data/blob/main/craw-data/scores/DTZ/2025.json
DVB,7220201,Ngôn ngữ Anh,A01; D01; D10; D14,15,Điểm thi THPT,,2025,https://github.com/kbaoooo/vn_schools_scores_data/blob/main/craw-data/scores/DVB/2025.json
DVB,7220210,Ngôn ngữ Hàn Quốc,C00; D01; D15; DH5,15,Điểm thi THPT,,2025,https://github.com/kbaoooo/vn_schools_scores_data/blob/main/craw-data/scores/DVB/2025.json
DVB,7340101,Quản trị kinh doanh,A01; C00; D01; X78,15,Điểm thi THPT,,2025,https://github.com/kbaoooo/vn_schools_scores_data/blob/main/craw-data/scores/DVB/2025.json
DVB,7340115,Marketing,A01; D01; D10; X01,15,Điểm thi THPT,,2025,https://github.com/kbaoooo/vn_schools_scores_data/blob/main/craw-data/scores/DVB/2025.json
DVB,7340301,Kế toán,A01; C00; D01; X78,15,Điểm thi THPT,,2025,https://github.com/kbaoooo/vn_schools_scores_data/blob/main/craw-data/scores/DVB/2025.json
DVB,7380101,Luật,C00; D01; D15; X01,15,Điểm thi THPT,,2025,https://github.com/kbaoooo/vn_schools_scores_data/blob/main/craw-data/scores/DVB/2025.json
DVB,7480102,Mạng máy tính và truyền thông dữ liệu,A00; A01; D01; X06,15,Điểm thi THPT,,2025,https://github.com/kbaoooo/vn_schools_scores_data/blob/main/craw-data/scores/DVB/2025.json
DVB,7480201,Công nghệ thông tin,A00; A01; D01; X06,15,Điểm thi THPT,,2025,https://github.com/kbaoooo/vn_schools_scores_data/blob/main/craw-data/scores/DVB/2025.json
DVB,7510303,Công nghệ kỹ thuật điều khiển và tự động hóa,A00; A01; D01; X26,15,Điểm thi THPT,,2025,https://github.com/kbaoooo/vn_schools_scores_data/blob/main/craw-data/scores/DVB/2025.json
DVB,7520103,Kỹ thuật cơ khí,A00; A01; D01; X07,15,Điểm thi THPT,,2025,https://github.com/kbaoooo/vn_schools_scores_data/blob/main/craw-data/scores/DVB/2025.json
DVB,7520114,Kỹ thuật Cơ điện tử,A00; A01; D01; X26,15,Điểm thi THPT,,2025,https://github.com/kbaoooo/vn_schools_scores_data/blob/main/craw-data/scores/DVB/2025.json
DVB,7520201,Kỹ thuật điện,A00; A01; D01; X07,15,Điểm thi THPT,,2025,https://github.com/kbaoooo/vn_schools_scores_data/blob/main/craw-data/scores/DVB/2025.json
DVD,7140201,Giáo dục Mầm non,M01; M07; M10; M11,26.89,Điểm thi THPT,,2025,https://github.com/kbaoooo/vn_schools_scores_data/blob/main/craw-data/scores/DVD/2025.json
DVD,7140202,Giáo dục Tiểu học,M00; A01; D01; C04,27.32,Điểm thi THPT,,2025,https://github.com/kbaoooo/vn_schools_scores_data/blob/main/craw-data/scores/DVD/2025.json
DVD,7140206,Giáo dục Thể chất,T00; T03; T05; T06; T08; T09,26.76,Điểm thi THPT,,2025,https://github.com/kbaoooo/vn_schools_scores_data/blob/main/craw-data/scores/DVD/2025.json
DVD,7140210,Sư phạm Tin học,A00; C01; C04; D01,26,Điểm thi THPT,,2025,https://github.com/kbaoooo/vn_schools_scores_data/blob/main/craw-data/scores/DVD/2025.json
DVD,7140221,Sư phạm Âm nhạc,N00,25.27,Điểm thi THPT,,2025,https://github.com/kbaoooo/vn_schools_scores_data/blob/main/craw-data/scores/DVD/2025.json
DVD,7140222,Sư phạm Mỹ thuật,H00,26.46,Điểm thi THPT,,2025,https://github.com/kbaoooo/vn_schools_scores_data/blob/main/craw-data/scores/DVD/2025.json
DVD,7210104,Đồ họa,H00,15,Điểm thi THPT,,2025,https://github.com/kbaoooo/vn_schools_scores_data/blob/main/craw-data/scores/DVD/2025.json
DVD,7210205,Thanh nhạc,N00,15,Điểm thi THPT,,2025,https://github.com/kbaoooo/vn_schools_scores_data/blob/main/craw-data/scores/DVD/2025.json
DVD,7210404,Thiết kế thời trang,H00,15,Điểm thi THPT,,2025,https://github.com/kbaoooo/vn_schools_scores_data/blob/main/craw-data/scores/DVD/2025.json
DVD,7220201,Ngôn ngữ Anh,D01; D14; D15; D66; X78,15,Điểm thi THPT,,2025,https://github.com/kbaoooo/vn_schools_scores_data/blob/main/craw-data/scores/DVD/2025.json
DVD,7229042,Quản lý văn hóa,C00; C04; C20; X74; D66; X78,15,Điểm thi THPT,,2025,https://github.com/kbaoooo/vn_schools_scores_data/blob/main/craw-data/scores/DVD/2025.json
DVD,7310205,Quản lý nhà nước,C00; C04; C20; X74; D66; X78,15,Điểm thi THPT,,2025,https://github.com/kbaoooo/vn_schools_scores_data/blob/main/craw-data/scores/DVD/2025.json
DVD,7320106,Công nghệ truyền thông,C00; C01; C04; D66; X78,15,Điểm thi THPT,,2025,https://github.com/kbaoooo/vn_schools_scores_data/blob/main/craw-data/scores/DVD/2025.json
DVD,7320201,Thông tin - Thư viện,C00; C20; X74; D15; D66; X78,15,Điểm thi THPT,,2025,https://github.com/kbaoooo/vn_schools_scores_data/blob/main/craw-data/scores/DVD/2025.json
DVD,7320201A,Chuyên ngành: Thư viên - Thiết bị trường học,C00; C20; X74; D15; D66; X78,15,Điểm thi THPT,,2025,https://github.com/kbaoooo/vn_schools_scores_data/blob/main/craw-data/scores/DVD/2025.json
DVD,7320201B,Chuyên ngành: Văn thư - Lưu trữ,C00; C20; X74; D15; D66; X78,15,Điểm thi THPT,,2025,https://github.com/kbaoooo/vn_schools_scores_data/blob/main/craw-data/scores/DVD/2025.json
DVD,7340404,Quản trị nhân lực,A00; C00; C20; X74; D01,15,Điểm thi THPT,,2025,https://github.com/kbaoooo/vn_schools_scores_data/blob/main/craw-data/scores/DVD/2025.json
DVD,7380101,Luật,C00; C20; X74; D15; D66; X78,18,Điểm thi THPT,,2025,https://github.com/kbaoooo/vn_schools_scores_data/blob/main/craw-data/scores/DVD/2025.json
DVD,7760101,Công tác xã hội,C00; C04; C20; X74; D66; X78,15,Điểm thi THPT,,2025,https://github.com/kbaoooo/vn_schools_scores_data/blob/main/craw-data/scores/DVD/2025.json
DVD,7810101,Du lịch,C00; C04; D01; D66; X78,15,Điểm thi THPT,,2025,https://github.com/kbaoooo/vn_schools_scores_data/blob/main/craw-data/scores/DVD/2025.json
DVD,7810103,Quản trị dịch vụ du lịch và lữ hành,C00; C04; D01; D84; X25,15,Điểm thi THPT,,2025,https://github.com/kbaoooo/vn_schools_scores_data/blob/main/craw-data/scores/DVD/2025.json
DVD,7810201,Quản trị khách sạn,C00; C04; D01; D84; X25,15,Điểm thi THPT,,2025,https://github.com/kbaoooo/vn_schools_scores_data/blob/main/craw-data/scores/DVD/2025.json
DVD,7810301,Quản lý thể dục thể thao,T00; T03; T05; T06; T08; T09,15,Điểm thi THPT,,2025,https://github.com/kbaoooo/vn_schools_scores_data/blob/main/craw-data/scores/DVD/2025.json
DVD,7810302,Huấn luyện thể thao,T00; T03; T05; T06; T08; T09,15,Điểm thi THPT,,2025,https://github.com/kbaoooo/vn_schools_scores_data/blob/main/craw-data/scores/DVD/2025.json
DVH,7210205,Thanh nhạc,N00,18,Điểm thi THPT,,2025,https://github.com/kbaoooo/vn_schools_scores_data/blob/main/craw-data/scores/DVH/2025.json
DVH,7210208,Piano,N00,18,Điểm thi THPT,,2025,https://github.com/kbaoooo/vn_schools_scores_data/blob/main/craw-data/scores/DVH/2025.json
DVH,7210235,"Đạo diễn điện ảnh, truyền hình",A00; D01; C16; X01; X70; X74,15,Điểm thi THPT,,2025,https://github.com/kbaoooo/vn_schools_scores_data/blob/main/craw-data/scores/DVH/2025.json
DVH,7210235,"Đạo diễn điện ảnh, truyền hình",M20; M21,17,Điểm thi THPT,,2025,https://github.com/kbaoooo/vn_schools_scores_data/blob/main/craw-data/scores/DVH/2025.json
DVH,7210302,"Công nghệ điện ảnh, truyền hình",A00; D01; C16; X01; X70; X74,15,Điểm thi THPT,,2025,https://github.com/kbaoooo/vn_schools_scores_data/blob/main/craw-data/scores/DVH/2025.json
DVH,7210302,"Công nghệ điện ảnh, truyền hình",V00; H01,17,Điểm thi THPT,,2025,https://github.com/kbaoooo/vn_schools_scores_data/blob/main/craw-data/scores/DVH/2025.json
DVH,7220201,Ngôn ngữ Anh,A01; D01; D10; D15; D09; D12; D14; D66,15,Điểm thi THPT,,2025,https://github.com/kbaoooo/vn_schools_scores_data/blob/main/craw-data/scores/DVH/2025.json
DVH,7220203,Ngôn ngữ Pháp,A01; D01; D10; D15; D84; D14; D03; D66,15,Điểm thi THPT,,2025,https://github.com/kbaoooo/vn_schools_scores_data/blob/main/craw-data/scores/DVH/2025.json
DVH,7220204,Ngôn ngữ Trung Quốc Liên kết quốc tế,A01; D01; D10; D15; D84; D66; D04; D14,15,Điểm thi THPT,,2025,https://github.com/kbaoooo/vn_schools_scores_data/blob/main/craw-data/scores/DVH/2025.json
DVH,7220209,Ngôn ngữ Nhật,A01; D01; D10; D15; D06; D14; D84; D66,15,Điểm thi THPT,,2025,https://github.com/kbaoooo/vn_schools_scores_data/blob/main/craw-data/scores/DVH/2025.json
DVH,7229030,Văn học,C00; D01; D14; D15; C14; C16; X01; X70,16.85,Điểm thi THPT,,2025,https://github.com/kbaoooo/vn_schools_scores_data/blob/main/craw-data/scores/DVH/2025.json
DVH,7310101,Kinh tế,A00; A01; C04; D01; A12; A15; X54; X05,15,Điểm thi THPT,,2025,https://github.com/kbaoooo/vn_schools_scores_data/blob/main/craw-data/scores/DVH/2025.json
DVH,7310206,Quan hệ quốc tế,A01; D01; D14; D15; D66; D84; D78; D90,15,Điểm thi THPT,,2025,https://github.com/kbaoooo/vn_schools_scores_data/blob/main/craw-data/scores/DVH/2025.json
DVH,7310301,Xã hội học,A00; C00; C04; D01; C16; X01; X70; X74,15,Điểm thi THPT,,2025,https://github.com/kbaoooo/vn_schools_scores_data/blob/main/craw-data/scores/DVH/2025.json
DVH,7310401,Tâm lý học,A00; D08; D13; B03; C16; X01; X70; X74,15,Điểm thi THPT,,2025,https://github.com/kbaoooo/vn_schools_scores_data/blob/main/craw-data/scores/DVH/2025.json
DVH,7310608,Đông phương học,A01; D01; C00; D15; D66; D84; D78; D90,15,Điểm thi THPT,,2025,https://github.com/kbaoooo/vn_schools_scores_data/blob/main/craw-data/scores/DVH/2025.json
DVH,7310630,Việt Nam học,C00; D01; D14; D15; C16; X01; X70; X74,15,Điểm thi THPT,,2025,https://github.com/kbaoooo/vn_schools_scores_data/blob/main/craw-data/scores/DVH/2025.json
DVH,7320104,Truyền thông đa phương tiện,A00; A01; C01; D01; C16; X01; X70; X74,15,Điểm thi THPT,,2025,https://github.com/kbaoooo/vn_schools_scores_data/blob/main/craw-data/scores/DVH/2025.json
DVH,7320108,Quan hệ công chúng,C00; D01; D14; D15; C16; X01; X70; X74,15,Điểm thi THPT,,2025,https://github.com/kbaoooo/vn_schools_scores_data/blob/main/craw-data/scores/DVH/2025.json
DVH,7340101,Quản trị kinh doanh,A00; A01; C04; D01; A12; A15; X54; X05,15,Điểm thi THPT,,2025,https://github.com/kbaoooo/vn_schools_scores_data/blob/main/craw-data/scores/DVH/2025.json
DVH,7340115,Marketing,A00; A01; C04; D01; A12; A15; X54; X05,15,Điểm thi THPT,,2025,https://github.com/kbaoooo/vn_schools_scores_data/blob/main/craw-data/scores/DVH/2025.json
DVH,7340121,Kinh doanh thương mại,A00; A01; C04; D01; A12; A15; X54; X05,15,Điểm thi THPT,,2025,https://github.com/kbaoooo/vn_schools_scores_data/blob/main/craw-data/scores/DVH/2025.json
DVH,7340122,Thương mại điện tử,A00; A01; C04; D01; A12; A15; X54; X05,15,Điểm thi THPT,,2025,https://github.com/kbaoooo/vn_schools_scores_data/blob/main/craw-data/scores/DVH/2025.json
DVH,7340201,Tài chính - Ngân hàng,A00; A01; C04; D01; A12; A15; X54; X05,15,Điểm thi THPT,,2025,https://github.com/kbaoooo/vn_schools_scores_data/blob/main/craw-data/scores/DVH/2025.json
DVH,7340205,Công nghệ tài chính,A00; A01; C04; D01; A12; A15; X54; X05,15,Điểm thi THPT,,2025,https://github.com/kbaoooo/vn_schools_scores_data/blob/main/craw-data/scores/DVH/2025.json
DVH,7340301,Kế toán,A00; A01; C04; D01; A12; A15; X54; X05,15,Điểm thi THPT,,2025,https://github.com/kbaoooo/vn_schools_scores_data/blob/main/craw-data/scores/DVH/2025.json
DVH,7340302,Kiểm toán,A00; A01; C02; D01; A12; A15; X54; X05,15,Điểm thi THPT,,2025,https://github.com/kbaoooo/vn_schools_scores_data/blob/main/craw-data/scores/DVH/2025.json
DVH,7340404,Quản trị nhân lực,A00; A01; C04; D01; A12; A15; X54; X05,16,Điểm thi THPT,,2025,https://github.com/kbaoooo/vn_schools_scores_data/blob/main/craw-data/scores/DVH/2025.json
DVH,7380101,Luật,A00; A01; C04; D01; A12; Y08; X54; X74,15,Điểm thi THPT,,2025,https://github.com/kbaoooo/vn_schools_scores_data/blob/main/craw-data/scores/DVH/2025.json
DVH,7380107,Luật Kinh tế,A00; A01; C04; D01; A12; Y08; X54; X74,15,Điểm thi THPT,,2025,https://github.com/kbaoooo/vn_schools_scores_data/blob/main/craw-data/scores/DVH/2025.json
DVH,7420201,Công nghệ sinh học,A00; A01; D01; X01; X06; X25; X26; X54,15,Điểm thi THPT,,2025,https://github.com/kbaoooo/vn_schools_scores_data/blob/main/craw-data/scores/DVH/2025.json
DVH,7480101,Khoa học máy tính,A00; A01; D01; X01; X06; X25; X26; X54,15,Điểm thi THPT,,2025,https://github.com/kbaoooo/vn_schools_scores_data/blob/main/craw-data/scores/DVH/2025.json
DVH,7480102,Mạng máy tính và Truyền thông,A00; A01; D01; X01; X06; X25; X26; X54,15,Điểm thi THPT,,2025,https://github.com/kbaoooo/vn_schools_scores_data/blob/main/craw-data/scores/DVH/2025.json
DVH,7480201,Công nghệ thông tin,A00; A01; D01; X01; X06; X25; X26; X54,15,Điểm thi THPT,,2025,https://github.com/kbaoooo/vn_schools_scores_data/blob/main/craw-data/scores/DVH/2025.json
DVH,7510605,Logistics và Quản lý chuỗi cung ứng,A00; A01; C04; D01; A12; A15; X54; X05,15,Điểm thi THPT,,2025,https://github.com/kbaoooo/vn_schools_scores_data/blob/main/craw-data/scores/DVH/2025.json
DVH,7520207,Kỹ thuật Điện tử - Viễn thông,A00; A01; D01; X01; X06; X25; X26; X54,15,Điểm thi THPT,,2025,https://github.com/kbaoooo/vn_schools_scores_data/blob/main/craw-data/scores/DVH/2025.json
DVH,7520320,Kỹ thuật môi trường,A00; A01; D01; X01; X06; X25; X26; X54,15,Điểm thi THPT,,2025,https://github.com/kbaoooo/vn_schools_scores_data/blob/main/craw-data/scores/DVH/2025.json
DVH,7540101,Công nghệ thực phẩm,A00; A01; D01; X01; X06; X25; X26; X54,15,Điểm thi THPT,,2025,https://github.com/kbaoooo/vn_schools_scores_data/blob/main/craw-data/scores/DVH/2025.json
DVH,7580201,Kỹ thuật xây dựng,A00; A01; D01; X01; X06; X25; X26; X54,15,Điểm thi THPT,,2025,https://github.com/kbaoooo/vn_schools_scores_data/blob/main/craw-data/scores/DVH/2025.json
DVH,7720301,Điều dưỡng,B03; D07; C02; D01; B04; X13; X66; B00,17,Điểm thi THPT,,2025,https://github.com/kbaoooo/vn_schools_scores_data/blob/main/craw-data/scores/DVH/2025.json
DVH,7810101,Du lịch,A00; C00; C04; D01; C16; X01; X70; X74,15,Điểm thi THPT,,2025,https://github.com/kbaoooo/vn_schools_scores_data/blob/main/craw-data/scores/DVH/2025.json
DVH,7810103,Quản trị dịch vụ du lịch và lữ hành,A00; C00; C04; D01; C16; X01; X70; X74,15,Điểm thi THPT,,2025,https://github.com/kbaoooo/vn_schools_scores_data/blob/main/craw-data/scores/DVH/2025.json
DVH,7810201,Quản trị khách sạn,A00; C00; C04; D01; C16; X01; X70; X74,15,Điểm thi THPT,,2025,https://github.com/kbaoooo/vn_schools_scores_data/blob/main/craw-data/scores/DVH/2025.json
DVH,7810202,Quản trị nhà hàng và dịch vụ ăn uống,A00; C00; C04; D01; C16; X01; X70; X74,15,Điểm thi THPT,,2025,https://github.com/kbaoooo/vn_schools_scores_data/blob/main/craw-data/scores/DVH/2025.json
DVL,7210205,Thanh nhạc,N00,18,Điểm thi THPT,"NK Âm nhạc 2 nhân 2; môn Năng khiếu Âm nhạc 1 và Văn đạt từ 5, môn NK Âm nhạc 2 đạt từ 7",2025,https://github.com/kbaoooo/vn_schools_scores_data/blob/main/craw-data/scores/DVL/2025.json
DVL,7210208,Piano,N00,18,Điểm thi THPT,"NK Âm nhạc 2 nhân 2; môn Năng khiếu Âm nhạc 1 và Văn đạt từ 5, môn NK Âm nhạc 2 đạt từ 10",2025,https://github.com/kbaoooo/vn_schools_scores_data/blob/main/craw-data/scores/DVL/2025.json
DVL,7210234,"Diễn viên kịch, điện ảnh - truyền hình",S00,18,Điểm thi THPT,"Năng khiếu SKĐA 2 nhân 2; môn Năng khiếu SKĐA 1 và Ngữ văn đạt từ 5, môn Năng khiếu SKĐA 2 đạt từ 7.",2025,https://github.com/kbaoooo/vn_schools_scores_data/blob/main/craw-data/scores/DVL/2025.json
DVL,7210235,"Đạo diễn điện ảnh, truyền hình",S00,18,Điểm thi THPT,"Năng khiếu SKĐA 2 nhân 2; môn Năng khiếu SKĐA 1 và Ngữ văn đạt từ 5, môn Năng khiếu SKĐA 2 đạt từ 7.",2025,https://github.com/kbaoooo/vn_schools_scores_data/blob/main/craw-data/scores/DVL/2025.json
DVL,7210302,"Công nghệ điện ảnh, truyền hình",A00; A01; C00; C01; D01; X78,15,Điểm thi THPT,,2025,https://github.com/kbaoooo/vn_schools_scores_data/blob/main/craw-data/scores/DVL/2025.json
DVL,7210402,Thiết kế công nghiệp,H01; H04; H06; H07; H08,15,Điểm thi THPT,,2025,https://github.com/kbaoooo/vn_schools_scores_data/blob/main/craw-data/scores/DVL/2025.json
DVL,7210403,Thiết kế đồ họa,H01; H04; H06; H07; H08,15,Điểm thi THPT,,2025,https://github.com/kbaoooo/vn_schools_scores_data/blob/main/craw-data/scores/DVL/2025.json
DVL,7210404,Thiết kế thời trang,H01; H04; H06; H07; H08,15,Điểm thi THPT,,2025,https://github.com/kbaoooo/vn_schools_scores_data/blob/main/craw-data/scores/DVL/2025.json
DVL,7210409,Thiết kế Mỹ thuật số,H01; H04; H06; H07; H08,15,Điểm thi THPT,,2025,https://github.com/kbaoooo/vn_schools_scores_data/blob/main/craw-data/scores/DVL/2025.json
DVL,7220201,Ngôn ngữ Anh,D01; D14; D15; X78,15,Điểm thi THPT,,2025,https://github.com/kbaoooo/vn_schools_scores_data/blob/main/craw-data/scores/DVL/2025.json
DVL,7220204,Ngôn ngữ Trung Quốc,D01; D04; D14; D15; X78,15,Điểm thi THPT,,2025,https://github.com/kbaoooo/vn_schools_scores_data/blob/main/craw-data/scores/DVL/2025.json
DVL,7220210,Ngôn ngữ Hàn Quốc,D01; D14; D15; DD2; X78,15,Điểm thi THPT,,2025,https://github.com/kbaoooo/vn_schools_scores_data/blob/main/craw-data/scores/DVL/2025.json
DVL,7229030,Văn học,C00; C03; C04; D01; D14; D15; X78,15,Điểm thi THPT,,2025,https://github.com/kbaoooo/vn_schools_scores_data/blob/main/craw-data/scores/DVL/2025.json
DVL,7310106,Kinh tế quốc tế,A00; A01; C01; D01; D07; D10; X25,15,Điểm thi THPT,,2025,https://github.com/kbaoooo/vn_schools_scores_data/blob/main/craw-data/scores/DVL/2025.json
DVL,7310401,Tâm lý học,B03; B08; C02; D01,15,Điểm thi THPT,,2025,https://github.com/kbaoooo/vn_schools_scores_data/blob/main/craw-data/scores/DVL/2025.json
DVL,7310608,Đông phương học,C00; C03; C04; D01; D14; D15; X78,15,Điểm thi THPT,,2025,https://github.com/kbaoooo/vn_schools_scores_data/blob/main/craw-data/scores/DVL/2025.json
DVL,7320104,Truyền thông đa phương tiện,A00; A01; C00; C01; D01; X78,15,Điểm thi THPT,,2025,https://github.com/kbaoooo/vn_schools_scores_data/blob/main/craw-data/scores/DVL/2025.json
DVL,7320106,Công nghệ truyền thông,A00; A01; C00; C01; D01; X78,15,Điểm thi THPT,,2025,https://github.com/kbaoooo/vn_schools_scores_data/blob/main/craw-data/scores/DVL/2025.json
DVL,7320108,Quan hệ công chúng,A00; A01; C00; C01; D01; X78,15,Điểm thi THPT,,2025,https://github.com/kbaoooo/vn_schools_scores_data/blob/main/craw-data/scores/DVL/2025.json
DVL,7340101,Quản trị kinh doanh,A00; A01; C01; D01; D07; D10; X25,15,Điểm thi THPT,,2025,https://github.com/kbaoooo/vn_schools_scores_data/blob/main/craw-data/scores/DVL/2025.json
DVL,7340115,Marketing,A00; A01; C01; D01; D07; D10; X25,15,Điểm thi THPT,,2025,https://github.com/kbaoooo/vn_schools_scores_data/blob/main/craw-data/scores/DVL/2025.json
DVL,7340116,Bất động sản,A00; A01; C01; D01; D07; D10; X25,15,Điểm thi THPT,,2025,https://github.com/kbaoooo/vn_schools_scores_data/blob/main/craw-data/scores/DVL/2025.json
DVL,7340120,Kinh doanh quốc tế,A00; A01; C01; D01; D07; D10; X25,15,Điểm thi THPT,,2025,https://github.com/kbaoooo/vn_schools_scores_data/blob/main/craw-data/scores/DVL/2025.json
DVL,7340121,Kinh doanh thương mại,A00; A01; C01; D01; D07; D10; X25,15,Điểm thi THPT,,2025,https://github.com/kbaoooo/vn_schools_scores_data/blob/main/craw-data/scores/DVL/2025.json
DVL,7340122,Thương mại điện tử,A00; A01; C01; D01; D07; D10; X25,15,Điểm thi THPT,,2025,https://github.com/kbaoooo/vn_schools_scores_data/blob/main/craw-data/scores/DVL/2025.json
DVL,7340201,Tài chính - Ngân hàng,A00; A01; C01; D01; D07; D10; X25,15,Điểm thi THPT,,2025,https://github.com/kbaoooo/vn_schools_scores_data/blob/main/craw-data/scores/DVL/2025.json
DVL,7340205,Công nghệ tài chính,A00; A01; C01; D01; D07; D10; X25,15,Điểm thi THPT,,2025,https://github.com/kbaoooo/vn_schools_scores_data/blob/main/craw-data/scores/DVL/2025.json
DVL,7340301,Kế toán,A00; A01; C01; D01; D07; D10; X25,15,Điểm thi THPT,,2025,https://github.com/kbaoooo/vn_schools_scores_data/blob/main/craw-data/scores/DVL/2025.json
DVL,7380101,Luật,C00; D01; D09; D10; D14; D15; X25,15,Điểm thi THPT,,2025,https://github.com/kbaoooo/vn_schools_scores_data/blob/main/craw-data/scores/DVL/2025.json
DVL,7380107,Luật kinh tế,C00; D01; D09; D10; D14; D15; X25,15,Điểm thi THPT,,2025,https://github.com/kbaoooo/vn_schools_scores_data/blob/main/craw-data/scores/DVL/2025.json
DVL,7420201,Công nghệ sinh học,A02; B00; B08; X14; X66,15,Điểm thi THPT,,2025,https://github.com/kbaoooo/vn_schools_scores_data/blob/main/craw-data/scores/DVL/2025.json
DVL,7420205,Công nghệ sinh học y dược,A02; B00; B08; X14; X66,15,Điểm thi THPT,,2025,https://github.com/kbaoooo/vn_schools_scores_data/blob/main/craw-data/scores/DVL/2025.json
DVL,7420207,Công nghệ thẩm mỹ,A02; B00; B08; X14; X66,15,Điểm thi THPT,,2025,https://github.com/kbaoooo/vn_schools_scores_data/blob/main/craw-data/scores/DVL/2025.json
DVL,7460108,Khoa học dữ liệu,A00; A01; C01; D01; X02; X06; X26,15,Điểm thi THPT,,2025,https://github.com/kbaoooo/vn_schools_scores_data/blob/main/craw-data/scores/DVL/2025.json
DVL,7480102,Mạng máy tính và truyền thông dữ liệu,A00; A01; C01; D01; X02; X06; X26,15,Điểm thi THPT,,2025,https://github.com/kbaoooo/vn_schools_scores_data/blob/main/craw-data/scores/DVL/2025.json
DVL,7480103,Kỹ thuật phần mềm,A00; A01; C01; D01; X02; X06; X26,15,Điểm thi THPT,,2025,https://github.com/kbaoooo/vn_schools_scores_data/blob/main/craw-data/scores/DVL/2025.json
DVL,7480104,Hệ thống thông tin,A00; A01; C01; D01; X02; X06; X26,15,Điểm thi THPT,,2025,https://github.com/kbaoooo/vn_schools_scores_data/blob/main/craw-data/scores/DVL/2025.json
DVL,7480201,Công nghệ thông tin,A00; A01; C01; D01; X02; X06; X26,15,Điểm thi THPT,,2025,https://github.com/kbaoooo/vn_schools_scores_data/blob/main/craw-data/scores/DVL/2025.json
DVL,7510205,Công nghệ kỹ thuật ô tô,A00; A01; C01; D01; X26,15,Điểm thi THPT,,2025,https://github.com/kbaoooo/vn_schools_scores_data/blob/main/craw-data/scores/DVL/2025.json
DVL,7510301,"Công nghệ kỹ thuật điện, điện tử",A00; A01; C01; D01; X26,15,Điểm thi THPT,,2025,https://github.com/kbaoooo/vn_schools_scores_data/blob/main/craw-data/scores/DVL/2025.json
DVL,7510406,Công nghệ kỹ thuật môi trường,A00; A01; B00; D01; D07,15,Điểm thi THPT,,2025,https://github.com/kbaoooo/vn_schools_scores_data/blob/main/craw-data/scores/DVL/2025.json
DVL,7510605,Logistics và quản lý chuỗi cung ứng,A00; A01; C01; D01; X02; X06; X26,15,Điểm thi THPT,,2025,https://github.com/kbaoooo/vn_schools_scores_data/blob/main/craw-data/scores/DVL/2025.json
DVL,7520114,Kỹ thuật cơ điện tử,A00; A01; C01; D01; X26,15,Điểm thi THPT,,2025,https://github.com/kbaoooo/vn_schools_scores_data/blob/main/craw-data/scores/DVL/2025.json
DVL,7520115,Kỹ thuật nhiệt,A00; A01; C01; D01; X26,15,Điểm thi THPT,,2025,https://github.com/kbaoooo/vn_schools_scores_data/blob/main/craw-data/scores/DVL/2025.json
DVL,7520120,Kỹ thuật hàng không,A00; A01; C01; D01; X26,15,Điểm thi THPT,,2025,https://github.com/kbaoooo/vn_schools_scores_data/blob/main/craw-data/scores/DVL/2025.json
DVL,7540101,Công nghệ thực phẩm,A02; B00; B08; X14; X66,15,Điểm thi THPT,,2025,https://github.com/kbaoooo/vn_schools_scores_data/blob/main/craw-data/scores/DVL/2025.json
DVL,7580101,Kiến trúc,H02; V00; V01,15,Điểm thi THPT,,2025,https://github.com/kbaoooo/vn_schools_scores_data/blob/main/craw-data/scores/DVL/2025.json
DVL,7580108,Thiết kế nội thất,H01; H04; H06; H07; H08,15,Điểm thi THPT,,2025,https://github.com/kbaoooo/vn_schools_scores_data/blob/main/craw-data/scores/DVL/2025.json
DVL,7580201,Kỹ thuật xây dựng,A00; A01; D01; X06; X26,15,Điểm thi THPT,,2025,https://github.com/kbaoooo/vn_schools_scores_data/blob/main/craw-data/scores/DVL/2025.json
DVL,7580302,Quản lý xây dựng,A00; A01; D01; X06; X26,15,Điểm thi THPT,,2025,https://github.com/kbaoooo/vn_schools_scores_data/blob/main/craw-data/scores/DVL/2025.json
DVL,7720101,Y khoa,A00; B00; D07; X09; X10,20.5,Điểm thi THPT,,2025,https://github.com/kbaoooo/vn_schools_scores_data/blob/main/craw-data/scores/DVL/2025.json
DVL,7720201,Dược học,A00; B00; D07; X09; X10,19,Điểm thi THPT,,2025,https://github.com/kbaoooo/vn_schools_scores_data/blob/main/craw-data/scores/DVL/2025.json
DVL,7720301,Điều dưỡng,A00; B00; D07; X09; X10,17,Điểm thi THPT,,2025,https://github.com/kbaoooo/vn_schools_scores_data/blob/main/craw-data/scores/DVL/2025.json
DVL,7720501,Răng - Hàm - Mặt,A00; B00; D07; X09; X10,20.5,Điểm thi THPT,,2025,https://github.com/kbaoooo/vn_schools_scores_data/blob/main/craw-data/scores/DVL/2025.json
DVL,7720601,Kỹ thuật xét nghiệm y học,A00; B00; D07; X09; X10,15,Điểm thi THPT,,2025,https://github.com/kbaoooo/vn_schools_scores_data/blob/main/craw-data/scores/DVL/2025.json
DVL,7810101,Du lịch,D01; D09; D10; D14; D15; X26,15,Điểm thi THPT,,2025,https://github.com/kbaoooo/vn_schools_scores_data/blob/main/craw-data/scores/DVL/2025.json
DVL,7810103,Quản trị dịch vụ du lịch và lữ hành,D01; D09; D10; D14; D15; X26,15,Điểm thi THPT,,2025,https://github.com/kbaoooo/vn_schools_scores_data/blob/main/craw-data/scores/DVL/2025.json
DVL,7810201,Quản trị khách sạn,D01; D09; D10; D14; D15; X26,15,Điểm thi THPT,,2025,https://github.com/kbaoooo/vn_schools_scores_data/blob/main/craw-data/scores/DVL/2025.json
DVL,7810202,Quản trị nhà hàng và Dịch vụ ăn uống,D01; D09; D10; D14; D15; X26,15,Điểm thi THPT,,2025,https://github.com/kbaoooo/vn_schools_scores_data/blob/main/craw-data/scores/DVL/2025.json
DVP,7220201,Ngôn ngữ Anh,C00; C19; C20; D01; D09; D10,15,Điểm thi THPT,,2025,https://github.com/kbaoooo/vn_schools_scores_data/blob/main/craw-data/scores/DVP/2025.json
DVP,7220204,Ngôn ngữ Trung Quốc,C00; C19; C20; D01; D04; D09; D10,16.5,Điểm thi THPT,,2025,https://github.com/kbaoooo/vn_schools_scores_data/blob/main/craw-data/scores/DVP/2025.json
DVP,7220210,Ngôn ngữ Hàn Quốc,A00; A01; C00; D01; D09; D15; D66; DD2,15,Điểm thi THPT,,2025,https://github.com/kbaoooo/vn_schools_scores_data/blob/main/craw-data/scores/DVP/2025.json
DVP,7310106,Kinh tế quốc tế,A01; C04; C14; D01,15,Điểm thi THPT,,2025,https://github.com/kbaoooo/vn_schools_scores_data/blob/main/craw-data/scores/DVP/2025.json
DVP,7320104,Truyền thông đa phương tiện,A00; C00; D01; D14,15,Điểm thi THPT,,2025,https://github.com/kbaoooo/vn_schools_scores_data/blob/main/craw-data/scores/DVP/2025.json
DVP,7340101,Quản trị kinh doanh,A00; A01; A07; C01; C03; C14; C20; D01,16,Điểm thi THPT,,2025,https://github.com/kbaoooo/vn_schools_scores_data/blob/main/craw-data/scores/DVP/2025.json
DVP,7340122,Thương mại điện tử,A00; A01; A07; C00; D01,15.5,Điểm thi THPT,,2025,https://github.com/kbaoooo/vn_schools_scores_data/blob/main/craw-data/scores/DVP/2025.json
DVP,7340201,Tài chính - Ngân hàng,A00; A01; A07; D01,15.5,Điểm thi THPT,,2025,https://github.com/kbaoooo/vn_schools_scores_data/blob/main/craw-data/scores/DVP/2025.json
DVP,7340301,Kế toán,A00; A01; A07; C01; C03; C14; C20; D01,15,Điểm thi THPT,,2025,https://github.com/kbaoooo/vn_schools_scores_data/blob/main/craw-data/scores/DVP/2025.json
DVP,7380107,Luật kinh tế,A00; A01; C00; D01,15,Điểm thi THPT,,2025,https://github.com/kbaoooo/vn_schools_scores_data/blob/main/craw-data/scores/DVP/2025.json
DVP,7480201,Công nghệ thông tin,A00; A01; D01; D10,16,Điểm thi THPT,,2025,https://github.com/kbaoooo/vn_schools_scores_data/blob/main/craw-data/scores/DVP/2025.json
DVP,7510205,Công nghệ kỹ thuật ô tô,A00; A01; A05; A06; A10; C01; C02; C14; D01; D10,15.5,Điểm thi THPT,,2025,https://github.com/kbaoooo/vn_schools_scores_data/blob/main/craw-data/scores/DVP/2025.json
DVP,7510605,Logistics và quản lý chuỗi cung ứng,A00; A01; A07; D01,15,Điểm thi THPT,,2025,https://github.com/kbaoooo/vn_schools_scores_data/blob/main/craw-data/scores/DVP/2025.json
DVP,7720201,Dược học,A00; A02; B00; B03; B08; C02; D07,19,Điểm thi THPT,,2025,https://github.com/kbaoooo/vn_schools_scores_data/blob/main/craw-data/scores/DVP/2025.json
DVP,7720301,Điều dưỡng,A00; A01; A02; B00; B03; B04; B08; C02; C08; D07,17.5,Điểm thi THPT,,2025,https://github.com/kbaoooo/vn_schools_scores_data/blob/main/craw-data/scores/DVP/2025.json
DVP,7810103,Quản trị dịch vụ du lịch và lữ hành,A07; C00; D01; D14,15.5,Điểm thi THPT,,2025,https://github.com/kbaoooo/vn_schools_scores_data/blob/main/craw-data/scores/DVP/2025.json
DVT,7210201,Âm nhạc học,N00,17.62,Điểm thi THPT,,2025,https://github.com/kbaoooo/vn_schools_scores_data/blob/main/craw-data/scores/DVT/2025.json
DVT,7210210,Biểu diễn nhạc cụ truyền thống,N00,17.62,Điểm thi THPT,,2025,https://github.com/kbaoooo/vn_schools_scores_data/blob/main/craw-data/scores/DVT/2025.json
DVT,7220106,Ngôn ngữ Khmer,C00; D01; D14; X01; X70; X75; X79,15,Điểm thi THPT,,2025,https://github.com/kbaoooo/vn_schools_scores_data/blob/main/craw-data/scores/DVT/2025.json
DVT,7220201,Ngôn ngữ Anh,D01; D09; D10; D14; D15; X26; X78,15,Điểm thi THPT,,2025,https://github.com/kbaoooo/vn_schools_scores_data/blob/main/craw-data/scores/DVT/2025.json
DVT,7220204,Ngôn ngữ Trung Quốc,D01; D04; D14; D15; X78; X79; X91,22.5,Điểm thi THPT,,2025,https://github.com/kbaoooo/vn_schools_scores_data/blob/main/craw-data/scores/DVT/2025.json
DVT,7229040,Văn hóa học,C00; C04; D01; D14; D15; X70; X74,15,Điểm thi THPT,,2025,https://github.com/kbaoooo/vn_schools_scores_data/blob/main/craw-data/scores/DVT/2025.json
DVT,7310101,Kinh tế,A00; A01; C01; D01; X25; X26; X53,15,Điểm thi THPT,,2025,https://github.com/kbaoooo/vn_schools_scores_data/blob/main/craw-data/scores/DVT/2025.json
DVT,7310201,Chính trị học,C00; C20; D01; X74; Y07; Y08; Y09,16.52,Điểm thi THPT,,2025,https://github.com/kbaoooo/vn_schools_scores_data/blob/main/craw-data/scores/DVT/2025.json
DVT,7310205,Quản lý nhà nước,C00; C04; D01; X70; X71; X78; X79,16,Điểm thi THPT,,2025,https://github.com/kbaoooo/vn_schools_scores_data/blob/main/craw-data/scores/DVT/2025.json
DVT,7340101,Quản trị kinh doanh,A00; A01; A08; D01; X02; X25; X27,15,Điểm thi THPT,,2025,https://github.com/kbaoooo/vn_schools_scores_data/blob/main/craw-data/scores/DVT/2025.json
DVT,7340122,Thương mại điện tử,A00; A01; C14; X06; X07; X26; X56,15,Điểm thi THPT,,2025,https://github.com/kbaoooo/vn_schools_scores_data/blob/main/craw-data/scores/DVT/2025.json
DVT,7340201,Tài chính - Ngân hàng,A00; A01; C01; D01; X25; X53; X55,15,Điểm thi THPT,,2025,https://github.com/kbaoooo/vn_schools_scores_data/blob/main/craw-data/scores/DVT/2025.json
DVT,7340301,Kế toán,A00; A01; C01; D01; X25; X26; X53,15,Điểm thi THPT,,2025,https://github.com/kbaoooo/vn_schools_scores_data/blob/main/craw-data/scores/DVT/2025.json
DVT,7340406,Quản trị văn phòng,C00; C04; D01; X70; X71; X78; X79,15,Điểm thi THPT,,2025,https://github.com/kbaoooo/vn_schools_scores_data/blob/main/craw-data/scores/DVT/2025.json
DVT,7380101,Luật,A00; A01; C00; D01; X25; X70; X78,16.77,Điểm thi THPT,,2025,https://github.com/kbaoooo/vn_schools_scores_data/blob/main/craw-data/scores/DVT/2025.json
DVT,7420201,Công nghệ sinh học,A02; B00; B08; X12; X14; X16; X28,14,Điểm thi THPT,,2025,https://github.com/kbaoooo/vn_schools_scores_data/blob/main/craw-data/scores/DVT/2025.json
DVT,7480107,Trí tuệ nhân tạo,A00; A01; D01; D07; X06; X26; X27,15,Điểm thi THPT,,2025,https://github.com/kbaoooo/vn_schools_scores_data/blob/main/craw-data/scores/DVT/2025.json
DVT,7480201,Công nghệ thông tin,A00; A01; D01; D07; X06; X26; X27,15,Điểm thi THPT,,2025,https://github.com/kbaoooo/vn_schools_scores_data/blob/main/craw-data/scores/DVT/2025.json
DVT,7510102,Công nghệ kỹ thuật công trình xây dựng,A00; A01; A03; A04; X05; X06; X07,15,Điểm thi THPT,,2025,https://github.com/kbaoooo/vn_schools_scores_data/blob/main/craw-data/scores/DVT/2025.json
DVT,7510201,Công nghệ kỹ thuật cơ khí,A00; A01; A02; A03; X05; X06; X07,15,Điểm thi THPT,,2025,https://github.com/kbaoooo/vn_schools_scores_data/blob/main/craw-data/scores/DVT/2025.json
DVT,7510203,Công nghệ kỹ thuật cơ điện tử,A00; A01; A02; A03; X05; X06; X07,15,Điểm thi THPT,,2025,https://github.com/kbaoooo/vn_schools_scores_data/blob/main/craw-data/scores/DVT/2025.json
DVT,7510205,Công nghệ kỹ thuật ô tô,A00; A01; A02; A03; X05; X06; X07,15,Điểm thi THPT,,2025,https://github.com/kbaoooo/vn_schools_scores_data/blob/main/craw-data/scores/DVT/2025.json
DVT,7510301,"Công nghệ kỹ thuật điện, điện tử",A00; A01; A03; C01; X05; X06; X07,15,Điểm thi THPT,,2025,https://github.com/kbaoooo/vn_schools_scores_data/blob/main/craw-data/scores/DVT/2025.json
DVT,7510303,Công nghệ kỹ thuật điều khiển và tự động hóa,A00; A01; A03; C01; X05; X06; X07,15,Điểm thi THPT,,2025,https://github.com/kbaoooo/vn_schools_scores_data/blob/main/craw-data/scores/DVT/2025.json
DVT,7510401,Công nghệ kỹ thuật hóa học,A00; B00; C02; D07; X09; X10; X11,15,Điểm thi THPT,,2025,https://github.com/kbaoooo/vn_schools_scores_data/blob/main/craw-data/scores/DVT/2025.json
DVT,7510605,Logistics và Quản lý chuỗi cung ứng,A00; C14; D01; D84; X03; X23; X26,19.25,Điểm thi THPT,,2025,https://github.com/kbaoooo/vn_schools_scores_data/blob/main/craw-data/scores/DVT/2025.json
DVT,7520320,Kỹ thuật môi trường,A01; A02; B00; B08; X06; X10; X14,14,Điểm thi THPT,,2025,https://github.com/kbaoooo/vn_schools_scores_data/blob/main/craw-data/scores/DVT/2025.json
DVT,7540101,Công nghệ thực phẩm,A02; B00; B08; X12; X14; X16; X28,14,Điểm thi THPT,,2025,https://github.com/kbaoooo/vn_schools_scores_data/blob/main/craw-data/scores/DVT/2025.json
DVT,7580205,Kỹ thuật xây dựng công trình giao thông,A00; A01; A03; A04; X05; X06; X07,15,Điểm thi THPT,,2025,https://github.com/kbaoooo/vn_schools_scores_data/blob/main/craw-data/scores/DVT/2025.json
DVT,7620101,Nông nghiệp,A02; B00; B08; X12; X14; X16; X28,14,Điểm thi THPT,,2025,https://github.com/kbaoooo/vn_schools_scores_data/blob/main/craw-data/scores/DVT/2025.json
DVT,7620112,Bảo vệ thực vật,A02; B00; B08; X12; X14; X16; X28,14,Điểm thi THPT,,2025,https://github.com/kbaoooo/vn_schools_scores_data/blob/main/craw-data/scores/DVT/2025.json
DVT,7620301,Nuôi trồng thủy sản,A02; B00; B08; X12; X14; X16; X28,14,Điểm thi THPT,,2025,https://github.com/kbaoooo/vn_schools_scores_data/blob/main/craw-data/scores/DVT/2025.json
DVT,7640101,Thú y,A02; B00; B08; X12; X14; X16; X28,14,Điểm thi THPT,,2025,https://github.com/kbaoooo/vn_schools_scores_data/blob/main/craw-data/scores/DVT/2025.json
DVT,7720101,Y khoa,B00; B08,21.25,Điểm thi THPT,,2025,https://github.com/kbaoooo/vn_schools_scores_data/blob/main/craw-data/scores/DVT/2025.json
DVT,7720110,Y học dự phòng,B00; B08,17,Điểm thi THPT,,2025,https://github.com/kbaoooo/vn_schools_scores_data/blob/main/craw-data/scores/DVT/2025.json
DVT,7720201,Dược học,A00; B00,19,Điểm thi THPT,,2025,https://github.com/kbaoooo/vn_schools_scores_data/blob/main/craw-data/scores/DVT/2025.json
DVT,7720203,Hóa dược,A00; A11; B00; D07; X09; X10; X11,14,Điểm thi THPT,,2025,https://github.com/kbaoooo/vn_schools_scores_data/blob/main/craw-data/scores/DVT/2025.json
DVT,7720301,Điều dưỡng,B00; B08,17.25,Điểm thi THPT,,2025,https://github.com/kbaoooo/vn_schools_scores_data/blob/main/craw-data/scores/DVT/2025.json
DVT,7720501,Răng - Hàm - Mặt,B00; B08,20.75,Điểm thi THPT,,2025,https://github.com/kbaoooo/vn_schools_scores_data/blob/main/craw-data/scores/DVT/2025.json
DVT,7720601,Kỹ thuật xét nghiệm y học,A00; B00,21.5,Điểm thi THPT,,2025,https://github.com/kbaoooo/vn_schools_scores_data/blob/main/craw-data/scores/DVT/2025.json
DVT,7720602,Kỹ thuật hình ảnh y học,A00; B00,17.25,Điểm thi THPT,,2025,https://github.com/kbaoooo/vn_schools_scores_data/blob/main/craw-data/scores/DVT/2025.json
DVT,7720603,Kỹ thuật phục hồi chức năng,A00; B00,17.25,Điểm thi THPT,,2025,https://github.com/kbaoooo/vn_schools_scores_data/blob/main/craw-data/scores/DVT/2025.json
DVT,7720701,Y tế công cộng,A00; B00,15,Điểm thi THPT,,2025,https://github.com/kbaoooo/vn_schools_scores_data/blob/main/craw-data/scores/DVT/2025.json
DVT,7760101,Công tác xã hội,C00; C08; C20; D66; X66; X74; X78,16.52,Điểm thi THPT,,2025,https://github.com/kbaoooo/vn_schools_scores_data/blob/main/craw-data/scores/DVT/2025.json
DVT,7810103,Quản trị dịch vụ du lịch và lữ hành,C00; C04; D01; D14; D15; X70; X74,15,Điểm thi THPT,,2025,https://github.com/kbaoooo/vn_schools_scores_data/blob/main/craw-data/scores/DVT/2025.json
DVT,7810301,Quản lý thể dục thể thao,B03; B08; C00; C14; D14; X01; X58,22,Điểm thi THPT,,2025,https://github.com/kbaoooo/vn_schools_scores_data/blob/main/craw-data/scores/DVT/2025.json
DVT,7850101,Quản lý tài nguyên và môi trường,A00; B00; B02; B08; X06; X10; X14,14,Điểm thi THPT,,2025,https://github.com/kbaoooo/vn_schools_scores_data/blob/main/craw-data/scores/DVT/2025.json