ma_tuyen_sinh,ma_nganh_tuyen_sinh,ten_nganh,to_hop_xet_tuyen,diem_chuan,phuong_thuc,ghi_chu,nam,source_url
KHA,7220201,Ngôn ngữ Anh,A01; D01; D09; D10,35.6,Điểm thi THPT,Môn Tiếng Anh hệ số 2,2024,https://github.com/HTNam1710/ADS_Final/blob/main/Data/diem_chuan_2024_final.csv
KHA,7310101_1,Kinh tế học (ngành Kinh tế),A00; A01; D01; D07,27.2,Điểm thi THPT,,2024,https://github.com/HTNam1710/ADS_Final/blob/main/Data/diem_chuan_2024_final.csv
KHA,7310101_2,Kinh tế và quản lý đô thị (ngành Kinh tế),A00; A01; D01; D07,27.01,Điểm thi THPT,,2024,https://github.com/HTNam1710/ADS_Final/blob/main/Data/diem_chuan_2024_final.csv
KHA,7310101_3,Kinh tế và quản lý nguồn nhân lực (ngành Kinh tế),A00; A01; D01; D07,27.34,Điểm thi THPT,,2024,https://github.com/HTNam1710/ADS_Final/blob/main/Data/diem_chuan_2024_final.csv
KHA,7310104,Kinh tế đầu tư,A00; A01; D01; D07,27.4,Điểm thi THPT,,2024,https://github.com/HTNam1710/ADS_Final/blob/main/Data/diem_chuan_2024_final.csv
KHA,7310105,Kinh tế phát triển,A00; A01; D01; D07,27.2,Điểm thi THPT,,2024,https://github.com/HTNam1710/ADS_Final/blob/main/Data/diem_chuan_2024_final.csv
KHA,7310106,Kinh tế quốc tế,A00; A01; D01; D07,27.54,Điểm thi THPT,,2024,https://github.com/HTNam1710/ADS_Final/blob/main/Data/diem_chuan_2024_final.csv
KHA,7310107,Thống kê kinh tế,A00; A01; D01; D07,36.23,Điểm thi THPT,Môn Toán hệ số 2,2024,https://github.com/HTNam1710/ADS_Final/blob/main/Data/diem_chuan_2024_final.csv
KHA,7310108,Toán kinh tế,A00; A01; D01; D07,36.2,Điểm thi THPT,Môn Toán hệ số 2,2024,https://github.com/HTNam1710/ADS_Final/blob/main/Data/diem_chuan_2024_final.csv
KHA,7320108,Quan hệ công chúng,A01; D01; C03; C04,28.18,Điểm thi THPT,,2024,https://github.com/HTNam1710/ADS_Final/blob/main/Data/diem_chuan_2024_final.csv
KHA,7340101,Quản trị kinh doanh,A00; A01; D01; D07,27.15,Điểm thi THPT,,2024,https://github.com/HTNam1710/ADS_Final/blob/main/Data/diem_chuan_2024_final.csv
KHA,7340115,Marketing,A00; A01; D01; D07,27.78,Điểm thi THPT,,2024,https://github.com/HTNam1710/ADS_Final/blob/main/Data/diem_chuan_2024_final.csv
KHA,7340116,Bất động sản,A00; A01; D01; D07,26.83,Điểm thi THPT,,2024,https://github.com/HTNam1710/ADS_Final/blob/main/Data/diem_chuan_2024_final.csv
KHA,7340120,Kinh doanh quốc tế,A00; A01; D01; D07,27.71,Điểm thi THPT,,2024,https://github.com/HTNam1710/ADS_Final/blob/main/Data/diem_chuan_2024_final.csv
KHA,7340121,Kinh doanh thương mại,A00; A01; D01; D07,27.57,Điểm thi THPT,,2024,https://github.com/HTNam1710/ADS_Final/blob/main/Data/diem_chuan_2024_final.csv
KHA,7340122,Thương mại điện tử,A00; A01; D01; D07,28.02,Điểm thi THPT,,2024,https://github.com/HTNam1710/ADS_Final/blob/main/Data/diem_chuan_2024_final.csv
KHA,7340201,Tài chính - Ngân hàng,A00; A01; D01; D07,27.3,Điểm thi THPT,,2024,https://github.com/HTNam1710/ADS_Final/blob/main/Data/diem_chuan_2024_final.csv
KHA,7340204,Bảo hiểm,A00; A01; D01; D07,26.71,Điểm thi THPT,,2024,https://github.com/HTNam1710/ADS_Final/blob/main/Data/diem_chuan_2024_final.csv
KHA,7340301,Kế toán,A00; A01; D01; D07,27.29,Điểm thi THPT,,2024,https://github.com/HTNam1710/ADS_Final/blob/main/Data/diem_chuan_2024_final.csv
KHA,7340302,Kiểm toán,A00; A01; D01; D07,27.79,Điểm thi THPT,,2024,https://github.com/HTNam1710/ADS_Final/blob/main/Data/diem_chuan_2024_final.csv
KHA,7340401,Khoa học quản lý,A00; A01; D01; D07,27.1,Điểm thi THPT,,2024,https://github.com/HTNam1710/ADS_Final/blob/main/Data/diem_chuan_2024_final.csv
KHA,7340403,Quản lý công,A00; A01; D01; D07,26.96,Điểm thi THPT,,2024,https://github.com/HTNam1710/ADS_Final/blob/main/Data/diem_chuan_2024_final.csv
KHA,7340404,Quản trị nhân lực,A00; A01; D01; D07,27.25,Điểm thi THPT,,2024,https://github.com/HTNam1710/ADS_Final/blob/main/Data/diem_chuan_2024_final.csv
KHA,7340405,Hệ thống thông tin quản lý,A00; A01; D01; D07,36.36,Điểm thi THPT,Môn Toán hệ số 2,2024,https://github.com/HTNam1710/ADS_Final/blob/main/Data/diem_chuan_2024_final.csv
KHA,7340409,Quản lý dự án,A00; A01; D01; D07,27.15,Điểm thi THPT,,2024,https://github.com/HTNam1710/ADS_Final/blob/main/Data/diem_chuan_2024_final.csv
KHA,7380101,Luật,A00; A01; D01; D07,26.91,Điểm thi THPT,,2024,https://github.com/HTNam1710/ADS_Final/blob/main/Data/diem_chuan_2024_final.csv
KHA,7380107,Luật kinh tế,A00; A01; D01; D07,27.05,Điểm thi THPT,,2024,https://github.com/HTNam1710/ADS_Final/blob/main/Data/diem_chuan_2024_final.csv
KHA,7480101,Khoa học máy tính,A00; A01; D01; D07,35.55,Điểm thi THPT,Môn Toán hệ số 2,2024,https://github.com/HTNam1710/ADS_Final/blob/main/Data/diem_chuan_2024_final.csv
KHA,7480104,Hệ thống thông tin,A00; A01; D01; D07,35.94,Điểm thi THPT,Môn Toán hệ số 2,2024,https://github.com/HTNam1710/ADS_Final/blob/main/Data/diem_chuan_2024_final.csv
KHA,7480201,Công nghệ thông tin,A00; A01; D01; D07,35.17,Điểm thi THPT,Môn Toán hệ số 2,2024,https://github.com/HTNam1710/ADS_Final/blob/main/Data/diem_chuan_2024_final.csv
KHA,7480202,An toàn thông tin,A00; A01; D01; D07,35,Điểm thi THPT,Môn Toán hệ số 2,2024,https://github.com/HTNam1710/ADS_Final/blob/main/Data/diem_chuan_2024_final.csv
KHA,7510605,Logistics và Quản lý chuỗi cung ứng,A00; A01; D01; D07,27.89,Điểm thi THPT,,2024,https://github.com/HTNam1710/ADS_Final/blob/main/Data/diem_chuan_2024_final.csv
KHA,7620114,Kinh doanh nông nghiệp,A00; A01; D01; D07,26.81,Điểm thi THPT,,2024,https://github.com/HTNam1710/ADS_Final/blob/main/Data/diem_chuan_2024_final.csv
KHA,7620115,Kinh tế nông nghiệp,A00; A01; D01; D07,26.85,Điểm thi THPT,,2024,https://github.com/HTNam1710/ADS_Final/blob/main/Data/diem_chuan_2024_final.csv
KHA,7810103,Quản trị dịch vụ du lịch và lữ hành,A00; A01; D01; D07,26.71,Điểm thi THPT,,2024,https://github.com/HTNam1710/ADS_Final/blob/main/Data/diem_chuan_2024_final.csv
KHA,7810201,Quản trị khách sạn,A00; A01; D01; D07,26.94,Điểm thi THPT,,2024,https://github.com/HTNam1710/ADS_Final/blob/main/Data/diem_chuan_2024_final.csv
KHA,7850101,Quản lý tài nguyên và môi trường,A00; A01; D01; D07,26.76,Điểm thi THPT,,2024,https://github.com/HTNam1710/ADS_Final/blob/main/Data/diem_chuan_2024_final.csv
KHA,7850102,Kinh tế tài nguyên thiên nhiên,A00; A01; D01; D07,26.87,Điểm thi THPT,,2024,https://github.com/HTNam1710/ADS_Final/blob/main/Data/diem_chuan_2024_final.csv
KHA,7850103,Quản lý đất đai,A00; A01; D01; D07,26.85,Điểm thi THPT,,2024,https://github.com/HTNam1710/ADS_Final/blob/main/Data/diem_chuan_2024_final.csv
KHA,EBBA,Quản trị kinh doanh (E-BBA),A00; A01; D01; D07,27.01,Điểm thi THPT,,2024,https://github.com/HTNam1710/ADS_Final/blob/main/Data/diem_chuan_2024_final.csv
KHA,EP01,Khởi nghiệp và phát triển kinh doanh (BBAE)/ngành QTKD,A01; D01; D07; D09,36.25,Điểm thi THPT,Môn Tiếng Anh hệ số 2,2024,https://github.com/HTNam1710/ADS_Final/blob/main/Data/diem_chuan_2024_final.csv
KHA,EP02,Định phí Bảo hiểm & Quản trị rủi ro (Actuary),A00; A01; D01; D07,26.57,Điểm thi THPT,,2024,https://github.com/HTNam1710/ADS_Final/blob/main/Data/diem_chuan_2024_final.csv
KHA,EP03,Khoa học dữ liệu trong Kinh tế & Kinh doanh (DSEB),A00; A01; D01; D07,26.97,Điểm thi THPT,,2024,https://github.com/HTNam1710/ADS_Final/blob/main/Data/diem_chuan_2024_final.csv
KHA,EP04,Kế toán tích hợp chứng chỉ quốc tế (ICAEW CFAB),A00; A01; D01; D07,27.2,Điểm thi THPT,,2024,https://github.com/HTNam1710/ADS_Final/blob/main/Data/diem_chuan_2024_final.csv
KHA,EP05,Kinh doanh số (E-BDB)/ngành QTKD,A00; A01; D01; D07,27,Điểm thi THPT,,2024,https://github.com/HTNam1710/ADS_Final/blob/main/Data/diem_chuan_2024_final.csv
KHA,EP06,Phân tích kinh doanh (BA)/ngành QTKD,A00; A01; D01; D07,27.48,Điểm thi THPT,,2024,https://github.com/HTNam1710/ADS_Final/blob/main/Data/diem_chuan_2024_final.csv
KHA,EP07,Quản trị điều hành thông minh (E-SOM)/ngành QTKD,A01; D01; D07; D10,26.96,Điểm thi THPT,,2024,https://github.com/HTNam1710/ADS_Final/blob/main/Data/diem_chuan_2024_final.csv
KHA,EP08,Quản trị chất lượng và Đổi mới (E-MQI)/ngành QTKD,A01; D01; D07; D10,26.86,Điểm thi THPT,,2024,https://github.com/HTNam1710/ADS_Final/blob/main/Data/diem_chuan_2024_final.csv
KHA,EP09,Công nghệ tài chính (BFT)/ngành TC-NH,A00; A01; D01; D07,26.96,Điểm thi THPT,,2024,https://github.com/HTNam1710/ADS_Final/blob/main/Data/diem_chuan_2024_final.csv
KHA,EP10,Tài chính và Đầu tư (BFI)/ngành TC-NH,A01; D01; D07; D10,36.36,Điểm thi THPT,Môn Tiếng Anh hệ số 2,2024,https://github.com/HTNam1710/ADS_Final/blob/main/Data/diem_chuan_2024_final.csv
KHA,EP11,Quản trị khách sạn quốc tế (IHME),A01; D01; D09; D10,35.65,Điểm thi THPT,Môn Tiếng Anh hệ số 2,2024,https://github.com/HTNam1710/ADS_Final/blob/main/Data/diem_chuan_2024_final.csv
KHA,EP12,Kiểm toán tích hợp chứng chỉ quốc tế (ICAEW CFAB),A00; A01; D01; D07,27.45,Điểm thi THPT,,2024,https://github.com/HTNam1710/ADS_Final/blob/main/Data/diem_chuan_2024_final.csv
KHA,EP13,Kinh tế tài chính (FE)/ngành Kinh tế,A00; A01; D01; D07,26.96,Điểm thi THPT,,2024,https://github.com/HTNam1710/ADS_Final/blob/main/Data/diem_chuan_2024_final.csv
KHA,EP14,Logistics và Quản lý CCU tích hợp chứng chỉ Logistic quốc tế (LSIC),A01; D01; D07; D10,36.42,Điểm thi THPT,Môn Tiếng Anh hệ số 2,2024,https://github.com/HTNam1710/ADS_Final/blob/main/Data/diem_chuan_2024_final.csv
KHA,EP15,Khoa học dữ liệu,A00; A01; D01; D07,35.46,Điểm thi THPT,Môn Toán hệ số 2,2024,https://github.com/HTNam1710/ADS_Final/blob/main/Data/diem_chuan_2024_final.csv
KHA,EP16,Trí tuệ nhân tạo,A00; A01; D01; D07,34.5,Điểm thi THPT,Môn Toán hệ số 2,2024,https://github.com/HTNam1710/ADS_Final/blob/main/Data/diem_chuan_2024_final.csv
KHA,EP17,Kỹ thuật phần mềm,A00; A01; D01; D07,34.06,Điểm thi THPT,Môn Toán hệ số 2,2024,https://github.com/HTNam1710/ADS_Final/blob/main/Data/diem_chuan_2024_final.csv
KHA,EP18,Quản trị giải trí và sự kiện,A01; D01; D09; D10,36.55,Điểm thi THPT,Môn Tiếng Anh hệ số 2,2024,https://github.com/HTNam1710/ADS_Final/blob/main/Data/diem_chuan_2024_final.csv
KHA,EPMP,Quản lý công và Chính sách (E-PMP)/ngành Kinh tế,A00; A01; D01; D07,26.7,Điểm thi THPT,,2024,https://github.com/HTNam1710/ADS_Final/blob/main/Data/diem_chuan_2024_final.csv
KHA,POHE1,Quản trị khách sạn,A01; D01; D07; D09,35.8,Điểm thi THPT,Môn Tiếng Anh hệ số 2,2024,https://github.com/HTNam1710/ADS_Final/blob/main/Data/diem_chuan_2024_final.csv
KHA,POHE2,Quản trị lữ hành,A01; D01; D07; D09,35.75,Điểm thi THPT,Môn Tiếng Anh hệ số 2,2024,https://github.com/HTNam1710/ADS_Final/blob/main/Data/diem_chuan_2024_final.csv
KHA,POHE3,Truyền thông Marketing,A01; D01; D07; D09,37.49,Điểm thi THPT,Môn Tiếng Anh hệ số 2,2024,https://github.com/HTNam1710/ADS_Final/blob/main/Data/diem_chuan_2024_final.csv
KHA,POHE4,Luật kinh doanh,A01; D01; D07; D09,35.26,Điểm thi THPT,Môn Tiếng Anh hệ số 2,2024,https://github.com/HTNam1710/ADS_Final/blob/main/Data/diem_chuan_2024_final.csv
KHA,POHE5,Quản trị kinh doanh thương mại,A01; D01; D07; D09,36.59,Điểm thi THPT,Môn Tiếng Anh hệ số 2,2024,https://github.com/HTNam1710/ADS_Final/blob/main/Data/diem_chuan_2024_final.csv
KHA,POHE6,Quản lý thị trường,A01; D01; D07; D09,35.88,Điểm thi THPT,Môn Tiếng Anh hệ số 2,2024,https://github.com/HTNam1710/ADS_Final/blob/main/Data/diem_chuan_2024_final.csv
KHA,POHE7,Thẩm định giá,A01; D01; D07; D09,36.05,Điểm thi THPT,Môn Tiếng Anh hệ số 2,2024,https://github.com/HTNam1710/ADS_Final/blob/main/Data/diem_chuan_2024_final.csv
BKA,BF-E12,Kỹ thuật Thực phẩm (CT tiên tiến),A00; B00; D07,22,Điểm thi THPT,,2024,https://github.com/HTNam1710/ADS_Final/blob/main/Data/diem_chuan_2024_final.csv
BKA,BF-E19,Kỹ thuật sinh học (CT tiên tiến),A00; B00; D07,22,Điểm thi THPT,,2024,https://github.com/HTNam1710/ADS_Final/blob/main/Data/diem_chuan_2024_final.csv
BKA,BF1,Kỹ thuật Sinh học,A00; B00; D07,24,Điểm thi THPT,,2024,https://github.com/HTNam1710/ADS_Final/blob/main/Data/diem_chuan_2024_final.csv
BKA,BF2,Kỹ thuật Thực phẩm,A00; B00; D07,24.54,Điểm thi THPT,,2024,https://github.com/HTNam1710/ADS_Final/blob/main/Data/diem_chuan_2024_final.csv
BKA,CH-E11,Kỹ thuật Hóa dược (CT tiên tiến),A00; A01; D07,24.34,Điểm thi THPT,,2024,https://github.com/HTNam1710/ADS_Final/blob/main/Data/diem_chuan_2024_final.csv
BKA,CH1,Kỹ thuật Hóa học,A00; B00; D07,24.38,Điểm thi THPT,,2024,https://github.com/HTNam1710/ADS_Final/blob/main/Data/diem_chuan_2024_final.csv
BKA,CH2,Hóa học,A00; B00; D07,23.81,Điểm thi THPT,,2024,https://github.com/HTNam1710/ADS_Final/blob/main/Data/diem_chuan_2024_final.csv
BKA,ED2,Công nghệ Giáo dục,A00; A01; D01,25.3,Điểm thi THPT,,2024,https://github.com/HTNam1710/ADS_Final/blob/main/Data/diem_chuan_2024_final.csv
BKA,ED3,Quản lý giáo dục,A00; A01; D01,24.78,Điểm thi THPT,,2024,https://github.com/HTNam1710/ADS_Final/blob/main/Data/diem_chuan_2024_final.csv
BKA,EE-E18,Hệ thống điện và năng lượng tái tạo (CT tiên tiến),A00; A01,25.8,Điểm thi THPT,,2024,https://github.com/HTNam1710/ADS_Final/blob/main/Data/diem_chuan_2024_final.csv
BKA,EE-E8,Kỹ thuật Điều khiển - Tự động hoá (CT tiên tiến),A00; A01,27.54,Điểm thi THPT,,2024,https://github.com/HTNam1710/ADS_Final/blob/main/Data/diem_chuan_2024_final.csv
BKA,EE-EP,Tin học công nghiệp và Tự động hóa (Chương trình Việt - Pháp PFIEV),A00; A01; D29,26.22,Điểm thi THPT,,2024,https://github.com/HTNam1710/ADS_Final/blob/main/Data/diem_chuan_2024_final.csv
BKA,EE1,Kỹ thuật điện,A00; A01,26.81,Điểm thi THPT,,2024,https://github.com/HTNam1710/ADS_Final/blob/main/Data/diem_chuan_2024_final.csv
BKA,EE2,Kỹ thuật điều khiển - Tự động hóa,A00; A01,28.16,Điểm thi THPT,,2024,https://github.com/HTNam1710/ADS_Final/blob/main/Data/diem_chuan_2024_final.csv
BKA,EM-E13,Phân tích kinh doanh (CT tiên tiến),A01; D01; D07,25.5,Điểm thi THPT,,2024,https://github.com/HTNam1710/ADS_Final/blob/main/Data/diem_chuan_2024_final.csv
BKA,EM-E14,Logistics và Quản lý chuỗi cung ứng (CT tiên tiến),A01; D01; D07,26.06,Điểm thi THPT,,2024,https://github.com/HTNam1710/ADS_Final/blob/main/Data/diem_chuan_2024_final.csv
BKA,EM1,Quản lý năng lượng,A00; A01; D01,25.4,Điểm thi THPT,,2024,https://github.com/HTNam1710/ADS_Final/blob/main/Data/diem_chuan_2024_final.csv
BKA,EM2,Quản lý Công nghiệp,A00; A01; D01,25.6,Điểm thi THPT,,2024,https://github.com/HTNam1710/ADS_Final/blob/main/Data/diem_chuan_2024_final.csv
BKA,EM3,Quản trị Kinh doanh,A00; A01; D01,25.77,Điểm thi THPT,,2024,https://github.com/HTNam1710/ADS_Final/blob/main/Data/diem_chuan_2024_final.csv
BKA,EM4,Kế toán,A00; A01; D01,25.8,Điểm thi THPT,,2024,https://github.com/HTNam1710/ADS_Final/blob/main/Data/diem_chuan_2024_final.csv
BKA,EM5,Tài chính - Ngân hàng,A00; A01; D01,25.91,Điểm thi THPT,,2024,https://github.com/HTNam1710/ADS_Final/blob/main/Data/diem_chuan_2024_final.csv
BKA,ET-E16,Truyền thông số và Kỹ thuật đa phương tiện (CT tiên tiến),A00; A01,26.61,Điểm thi THPT,,2024,https://github.com/HTNam1710/ADS_Final/blob/main/Data/diem_chuan_2024_final.csv
BKA,ET-E4,Kỹ thuật Điện tử - Viễn thông (CT tiên tiến),A00; A01,27.03,Điểm thi THPT,,2024,https://github.com/HTNam1710/ADS_Final/blob/main/Data/diem_chuan_2024_final.csv
BKA,ET-E5,Kỹ thuật Y sinh (CT tiên tiến),A00; A01,25.08,Điểm thi THPT,,2024,https://github.com/HTNam1710/ADS_Final/blob/main/Data/diem_chuan_2024_final.csv
BKA,ET-E9,Hệ thống nhúng thông minh và IoT (CT tiên tiến),A00; A01; D28,27.21,Điểm thi THPT,,2024,https://github.com/HTNam1710/ADS_Final/blob/main/Data/diem_chuan_2024_final.csv
BKA,ET-LUH,Điện tử - Viễn thông - ĐH Leibniz Hannover (CHLB Đức),A00; A01; D26,25.65,Điểm thi THPT,,2024,https://github.com/HTNam1710/ADS_Final/blob/main/Data/diem_chuan_2024_final.csv
BKA,ET1,Kỹ thuật Điện tử - Viễn thông,A00; A01,27.41,Điểm thi THPT,,2024,https://github.com/HTNam1710/ADS_Final/blob/main/Data/diem_chuan_2024_final.csv
BKA,ET2,Kỹ thuật Y sinh,A00; A01; B00,25.8,Điểm thi THPT,,2024,https://github.com/HTNam1710/ADS_Final/blob/main/Data/diem_chuan_2024_final.csv
BKA,EV1,Kỹ thuật Môi trường,A00; B00; D07,22.1,Điểm thi THPT,,2024,https://github.com/HTNam1710/ADS_Final/blob/main/Data/diem_chuan_2024_final.csv
BKA,EV2,Quản lý Tài nguyên và Môi trường,A00; B00; D07,21.78,Điểm thi THPT,,2024,https://github.com/HTNam1710/ADS_Final/blob/main/Data/diem_chuan_2024_final.csv
BKA,FL1,Tiếng Anh KHKT và Công nghệ,D01,25,Điểm thi THPT,,2024,https://github.com/HTNam1710/ADS_Final/blob/main/Data/diem_chuan_2024_final.csv
BKA,FL2,Tiếng Anh chuyên nghiệp quốc tế,D01,23.81,Điểm thi THPT,,2024,https://github.com/HTNam1710/ADS_Final/blob/main/Data/diem_chuan_2024_final.csv
BKA,HE1,Kỹ thuật Nhiệt,A00; A01,25.2,Điểm thi THPT,,2024,https://github.com/HTNam1710/ADS_Final/blob/main/Data/diem_chuan_2024_final.csv
BKA,IT-E10,Khoa học dữ liệu và Trí tuệ nhân tạo (CT tiên tiến),A00; A01,28.22,Điểm thi THPT,,2024,https://github.com/HTNam1710/ADS_Final/blob/main/Data/diem_chuan_2024_final.csv
BKA,IT-E15,An toàn không gian số - Cyber security (CT tiên tiến),A00; A01,27.9,Điểm thi THPT,,2024,https://github.com/HTNam1710/ADS_Final/blob/main/Data/diem_chuan_2024_final.csv
BKA,IT-E6,Công nghệ Thông tin (Việt – Nhật),A00; A01; D28,27.35,Điểm thi THPT,,2024,https://github.com/HTNam1710/ADS_Final/blob/main/Data/diem_chuan_2024_final.csv
BKA,IT-E7,Công nghệ Thông tin (Global ICT),A00; A01,28.01,Điểm thi THPT,,2024,https://github.com/HTNam1710/ADS_Final/blob/main/Data/diem_chuan_2024_final.csv
BKA,IT-EP,Công nghệ Thông tin (Việt-Pháp),A00; A01; D29,27.35,Điểm thi THPT,,2024,https://github.com/HTNam1710/ADS_Final/blob/main/Data/diem_chuan_2024_final.csv
BKA,IT1,CNTT: Khoa học Máy tính,A00; A01,28.53,Điểm thi THPT,,2024,https://github.com/HTNam1710/ADS_Final/blob/main/Data/diem_chuan_2024_final.csv
BKA,IT2,CNTT: Kỹ thuật Máy tính,A00; A01,28.48,Điểm thi THPT,,2024,https://github.com/HTNam1710/ADS_Final/blob/main/Data/diem_chuan_2024_final.csv
BKA,ME-E1,Kỹ thuật Cơ điện tử (CT tiên tiến),A00; A01,26.38,Điểm thi THPT,,2024,https://github.com/HTNam1710/ADS_Final/blob/main/Data/diem_chuan_2024_final.csv
BKA,ME-GU,Cơ khí Chế tạo máy – hợp tác với trường ĐH Griffith (Úc),A00; A01,24.89,Điểm thi THPT,,2024,https://github.com/HTNam1710/ADS_Final/blob/main/Data/diem_chuan_2024_final.csv
BKA,ME-LUH,Cơ điện tử - hợp tác với ĐH Leibniz Hannover (CHLB Đức),A00; A01; D26,25.24,Điểm thi THPT,,2024,https://github.com/HTNam1710/ADS_Final/blob/main/Data/diem_chuan_2024_final.csv
BKA,ME-NUT,Cơ điện tử - hợp tác với ĐHCN Nagaoka (Nhật Bản),A00; A01; D28,25.11,Điểm thi THPT,,2024,https://github.com/HTNam1710/ADS_Final/blob/main/Data/diem_chuan_2024_final.csv
BKA,ME1,Kỹ thuật Cơ điện tử,A00; A01,27.49,Điểm thi THPT,,2024,https://github.com/HTNam1710/ADS_Final/blob/main/Data/diem_chuan_2024_final.csv
BKA,ME2,Kỹ thuật Cơ khí,A00; A01,25.8,Điểm thi THPT,,2024,https://github.com/HTNam1710/ADS_Final/blob/main/Data/diem_chuan_2024_final.csv
BKA,MI1,Toán - Tin,A00; A01,27.35,Điểm thi THPT,,2024,https://github.com/HTNam1710/ADS_Final/blob/main/Data/diem_chuan_2024_final.csv
BKA,MI2,Hệ thống Thông tin quản lý,A00; A01,27.34,Điểm thi THPT,,2024,https://github.com/HTNam1710/ADS_Final/blob/main/Data/diem_chuan_2024_final.csv
BKA,MS-E3,Khoa học và Kỹ thuật Vật liệu (CT tiên tiến),A00; A01; D07,24,Điểm thi THPT,,2024,https://github.com/HTNam1710/ADS_Final/blob/main/Data/diem_chuan_2024_final.csv
BKA,MS1,Kỹ thuật Vật liệu,A00; A01; D07,24.9,Điểm thi THPT,,2024,https://github.com/HTNam1710/ADS_Final/blob/main/Data/diem_chuan_2024_final.csv
BKA,MS2,Kỹ thuật Vi điện tử và Công nghệ nano,A00; A01; D07,27.64,Điểm thi THPT,,2024,https://github.com/HTNam1710/ADS_Final/blob/main/Data/diem_chuan_2024_final.csv
BKA,MS3,Công nghệ vật liệu Polyme và Compozit,A00; A01; D07,25,Điểm thi THPT,,2024,https://github.com/HTNam1710/ADS_Final/blob/main/Data/diem_chuan_2024_final.csv
BKA,MS5,Kỹ thuật in,A00; A01; D07,24,Điểm thi THPT,,2024,https://github.com/HTNam1710/ADS_Final/blob/main/Data/diem_chuan_2024_final.csv
BKA,PH1,Vật lý Kỹ thuật,A00; A01,25.87,Điểm thi THPT,,2024,https://github.com/HTNam1710/ADS_Final/blob/main/Data/diem_chuan_2024_final.csv
BKA,PH2,Kỹ thuật Hạt nhân,A00; A01; A02,24.64,Điểm thi THPT,,2024,https://github.com/HTNam1710/ADS_Final/blob/main/Data/diem_chuan_2024_final.csv
BKA,PH3,Vật lý Y khoa,A00; A01; A02,25.31,Điểm thi THPT,,2024,https://github.com/HTNam1710/ADS_Final/blob/main/Data/diem_chuan_2024_final.csv
BKA,TE-E2,Kỹ thuật Ô tô (CT tiên tiến),A00; A01,25.9,Điểm thi THPT,,2024,https://github.com/HTNam1710/ADS_Final/blob/main/Data/diem_chuan_2024_final.csv
BKA,TE-EP,Cơ khí hàng không (Chương trình Việt - Pháp PFIEV),A00; A01; D29,24.86,Điểm thi THPT,,2024,https://github.com/HTNam1710/ADS_Final/blob/main/Data/diem_chuan_2024_final.csv
BKA,TE1,Kỹ thuật Ô tô,A00; A01,26.99,Điểm thi THPT,,2024,https://github.com/HTNam1710/ADS_Final/blob/main/Data/diem_chuan_2024_final.csv
BKA,TE2,Kỹ thuật Cơ khí động lực,A00; A01,26.12,Điểm thi THPT,,2024,https://github.com/HTNam1710/ADS_Final/blob/main/Data/diem_chuan_2024_final.csv
BKA,TE3,Kỹ thuật Hàng không,A00; A01,26.22,Điểm thi THPT,,2024,https://github.com/HTNam1710/ADS_Final/blob/main/Data/diem_chuan_2024_final.csv
BKA,TROY-BA,Quản trị Kinh doanh - Hợp tác với ĐH Troy (Hoa Kỳ),A00; A01; D01,21,Điểm thi THPT,,2024,https://github.com/HTNam1710/ADS_Final/blob/main/Data/diem_chuan_2024_final.csv
BKA,TROY-IT,Khoa học Máy tính - hợp tác với ĐH Troy (Hoa Kỳ),A00; A01; D01,21,Điểm thi THPT,,2024,https://github.com/HTNam1710/ADS_Final/blob/main/Data/diem_chuan_2024_final.csv
BKA,TX1,Công nghệ Dệt May,A00; A01; D07,22.5,Điểm thi THPT,,2024,https://github.com/HTNam1710/ADS_Final/blob/main/Data/diem_chuan_2024_final.csv
HTC,7220201,Ngôn ngữ Anh,A01; D01; D07,34.73,Điểm thi THPT,Tiếng Anh hệ số 2,2024,https://github.com/HTNam1710/ADS_Final/blob/main/Data/diem_chuan_2024_final.csv
HTC,7310101,Kinh tế,A01; D01; D07,26.13,Điểm thi THPT,,2024,https://github.com/HTNam1710/ADS_Final/blob/main/Data/diem_chuan_2024_final.csv
HTC,7340101,Quản trị kinh doanh,A00; A01; D01; D07,26.22,Điểm thi THPT,,2024,https://github.com/HTNam1710/ADS_Final/blob/main/Data/diem_chuan_2024_final.csv
HTC,73402011,Tài chính - Ngân hàng 1,A00; A01; D01; D07,26.38,Điểm thi THPT,,2024,https://github.com/HTNam1710/ADS_Final/blob/main/Data/diem_chuan_2024_final.csv
HTC,73402012,Tài chính - Ngân hàng 2,A00; A01; D01; D07,26.85,Điểm thi THPT,,2024,https://github.com/HTNam1710/ADS_Final/blob/main/Data/diem_chuan_2024_final.csv
HTC,73402013,Tài chính - Ngân hàng 3,A00; A01; D01; D07,26.22,Điểm thi THPT,,2024,https://github.com/HTNam1710/ADS_Final/blob/main/Data/diem_chuan_2024_final.csv
HTC,7340201C06,Hải quan và Logistics (theo định hướng FIATA),A01; D01; D07,36.15,Điểm thi THPT,"CT định hướng CCQT, Tiếng Anh hệ số 2",2024,https://github.com/HTNam1710/ADS_Final/blob/main/Data/diem_chuan_2024_final.csv
HTC,7340201C09,Phân tích tài chính (theo định hướng ICAEW),A01; D01; D07,35.36,Điểm thi THPT,"CT định hướng CCQT, Tiếng Anh hệ số 2",2024,https://github.com/HTNam1710/ADS_Final/blob/main/Data/diem_chuan_2024_final.csv
HTC,7340201C11,Tài chính doanh nghiệp (theo định hướng ACCA),A01; D01; D07,35.4,Điểm thi THPT,"CT định hướng CCQT, Tiếng Anh hệ số 2",2024,https://github.com/HTNam1710/ADS_Final/blob/main/Data/diem_chuan_2024_final.csv
HTC,7340301,Kế toán,A00; A01; D01; D07,26.45,Điểm thi THPT,,2024,https://github.com/HTNam1710/ADS_Final/blob/main/Data/diem_chuan_2024_final.csv
HTC,7340301C21,Kế toán doanh nghiệp (theo định hướng ACCA),A01; D01; D07,34.35,Điểm thi THPT,"CT định hướng CCQT, Tiếng Anh hệ số 2",2024,https://github.com/HTNam1710/ADS_Final/blob/main/Data/diem_chuan_2024_final.csv
HTC,7340301C22,Kiểm toán (theo định hướng ICAEW),A01; D01; D07,35.7,Điểm thi THPT,"CT định hướng CCQT, Tiếng Anh hệ số 2",2024,https://github.com/HTNam1710/ADS_Final/blob/main/Data/diem_chuan_2024_final.csv
HTC,7340401C35,Digital Marketing (theo định hướng ICDL),A01; D01; D07,35.31,Điểm thi THPT,"CT định hướng CCQT, Tiếng Anh hệ số 2",2024,https://github.com/HTNam1710/ADS_Final/blob/main/Data/diem_chuan_2024_final.csv
HTC,7340405,Hệ thống thông tin quản lý,A00; A01; D01; D07,26.03,Điểm thi THPT,,2024,https://github.com/HTNam1710/ADS_Final/blob/main/Data/diem_chuan_2024_final.csv
NHH,ACT01,Kế toán (Chương trình Chất lượng cao),A00; A01; D01; D07,34,Điểm thi THPT,"Thang điểm 40, Toán x2",2024,https://github.com/HTNam1710/ADS_Final/blob/main/Data/diem_chuan_2024_final.csv
NHH,ACT02,Kế toán,A00; A01; D01; D07,26.25,Điểm thi THPT,,2024,https://github.com/HTNam1710/ADS_Final/blob/main/Data/diem_chuan_2024_final.csv
NHH,ACT03,"Kế toán (Liên kết với ĐH Sunderland, Anh quốc. Cấp song bằng)",A00; A01; D01; D07,24,Điểm thi THPT,,2024,https://github.com/HTNam1710/ADS_Final/blob/main/Data/diem_chuan_2024_final.csv
NHH,ACT04,Kiểm toán,A00; A01; D01; D07,26.5,Điểm thi THPT,,2024,https://github.com/HTNam1710/ADS_Final/blob/main/Data/diem_chuan_2024_final.csv
NHH,BANK01,Ngân hàng (Chương trình Chất lượng cao),A00; A01; D01; D07,34,Điểm thi THPT,"Thang điểm 40, Toán x2",2024,https://github.com/HTNam1710/ADS_Final/blob/main/Data/diem_chuan_2024_final.csv
NHH,BANK02,Ngân hàng,A00; A01; D01; D07,26.2,Điểm thi THPT,,2024,https://github.com/HTNam1710/ADS_Final/blob/main/Data/diem_chuan_2024_final.csv
NHH,BANK03,Ngân hàng số,A00; A01; D01; D07,26.13,Điểm thi THPT,,2024,https://github.com/HTNam1710/ADS_Final/blob/main/Data/diem_chuan_2024_final.csv
NHH,BANK04,"Tài chính-Ngân hàng (Liên kết với ĐH Sunderland, Anh quốc. Cấp song bằng)",A00; A01; D01; D07,24.5,Điểm thi THPT,,2024,https://github.com/HTNam1710/ADS_Final/blob/main/Data/diem_chuan_2024_final.csv
NHH,BANK05,"Ngân hàng và Tài chính quốc té (Liên kết với ĐH Coventry, Anh quốc. Cấp song bằng)",A00; A01; D01; D07,24,Điểm thi THPT,,2024,https://github.com/HTNam1710/ADS_Final/blob/main/Data/diem_chuan_2024_final.csv
NHH,BANK06,Ngân hàng và Tài chính quốc tế (Chương trình Chất lượng cao),A00; A01; D01; D07,33.8,Điểm thi THPT,"Thang điểm 40, Toán x2",2024,https://github.com/HTNam1710/ADS_Final/blob/main/Data/diem_chuan_2024_final.csv
NHH,BUS01,Quản trị kinh doanh (Chương trình Chất lượng cao),A00; A01; D01; D07,33.9,Điểm thi THPT,"Thang điểm 40, Toán x2",2024,https://github.com/HTNam1710/ADS_Final/blob/main/Data/diem_chuan_2024_final.csv
NHH,BUS02,Quản trị kinh doanh,A00; A01; D01; D07,26.33,Điểm thi THPT,,2024,https://github.com/HTNam1710/ADS_Final/blob/main/Data/diem_chuan_2024_final.csv
NHH,BUS03,Quản trị du lịch,A01; D01; D07; D09,25.6,Điểm thi THPT,,2024,https://github.com/HTNam1710/ADS_Final/blob/main/Data/diem_chuan_2024_final.csv
NHH,BUS04,"Quản trị kinh doanh (Liên kết với ĐH CityU, Hoa kỳ. Cấp song bằng)",A00; A01; D01; D07,23,Điểm thi THPT,,2024,https://github.com/HTNam1710/ADS_Final/blob/main/Data/diem_chuan_2024_final.csv
NHH,BUS05,"Marketing số (Liên kết với ĐH Coventry, Anh quốc. Cấp một bằng của đối tác)",A00; A01; D01; D07,24.8,Điểm thi THPT,,2024,https://github.com/HTNam1710/ADS_Final/blob/main/Data/diem_chuan_2024_final.csv
NHH,BUS06,Marketing số (Chương trình Chất lượng cao),A00; A01; D01; D07,34,Điểm thi THPT,"Thang điểm 40, Toán x2",2024,https://github.com/HTNam1710/ADS_Final/blob/main/Data/diem_chuan_2024_final.csv
NHH,ECON01,Kinh tế đầu tư,A01; D01; D07; D09,26.05,Điểm thi THPT,,2024,https://github.com/HTNam1710/ADS_Final/blob/main/Data/diem_chuan_2024_final.csv
NHH,ECON02,Kinh tế đầu tư (Chương trình Chất lượng cao),A01; D01; D07; D09,34,Điểm thi THPT,"Thang điểm 40, Toán x2",2024,https://github.com/HTNam1710/ADS_Final/blob/main/Data/diem_chuan_2024_final.csv
NHH,FIN01,Tài chính (Chương trình Chất lượng cao),A00; A01; D01; D07,34.2,Điểm thi THPT,"Thang điểm 40, Toán x2",2024,https://github.com/HTNam1710/ADS_Final/blob/main/Data/diem_chuan_2024_final.csv
NHH,FIN02,Tài chính,A00; A01; D01; D07,26.45,Điểm thi THPT,,2024,https://github.com/HTNam1710/ADS_Final/blob/main/Data/diem_chuan_2024_final.csv
NHH,FIN03,Công nghệ tài chính,A00; A01; D01; D07,26,Điểm thi THPT,,2024,https://github.com/HTNam1710/ADS_Final/blob/main/Data/diem_chuan_2024_final.csv
NHH,FL01,Ngôn ngữ Anh,A01; D01; D07; D09,25.8,Điểm thi THPT,,2024,https://github.com/HTNam1710/ADS_Final/blob/main/Data/diem_chuan_2024_final.csv
NHH,IB01,Kinh doanh quốc tế,A01; D01; D07; D09,27,Điểm thi THPT,,2024,https://github.com/HTNam1710/ADS_Final/blob/main/Data/diem_chuan_2024_final.csv
NHH,IB02,Logistics và quản lý chuỗi cung ứng,A01; D01; D07; D09,26.5,Điểm thi THPT,,2024,https://github.com/HTNam1710/ADS_Final/blob/main/Data/diem_chuan_2024_final.csv
NHH,IB03,"Kinh doanh quốc tế (Liên kết với ĐH Coventry, Anh quốc. Cấp song bằng)",A00; A01; D01; D07,24.2,Điểm thi THPT,,2024,https://github.com/HTNam1710/ADS_Final/blob/main/Data/diem_chuan_2024_final.csv
NHH,IB04,Kinh doanh quốc tế (Chương trình Chất lượng cao),A01; D01; D07; D09,33.9,Điểm thi THPT,"Thang điểm 40, Toán x2",2024,https://github.com/HTNam1710/ADS_Final/blob/main/Data/diem_chuan_2024_final.csv
NHH,IT01,Công nghệ thông tin,A00; A01; D01; D07,25.8,Điểm thi THPT,,2024,https://github.com/HTNam1710/ADS_Final/blob/main/Data/diem_chuan_2024_final.csv
NHH,LAW01,Luật kinh tế,A00; A01; D01; D07,25.9,Điểm thi THPT,,2024,https://github.com/HTNam1710/ADS_Final/blob/main/Data/diem_chuan_2024_final.csv
NHH,LAW02,Luật kinh tế,C00; C03; D14; D15,28.13,Điểm thi THPT,,2024,https://github.com/HTNam1710/ADS_Final/blob/main/Data/diem_chuan_2024_final.csv
NHH,MIS01,Hệ thống thông tin quản lý,A00; A01; D01; D07,26,Điểm thi THPT,,2024,https://github.com/HTNam1710/ADS_Final/blob/main/Data/diem_chuan_2024_final.csv
NTH,KDQH1.1,Chương trình tiêu chuẩn Kinh doanh quốc tế,A01; D01; D02; D03; D04; D06; D07,27.6,Điểm thi THPT,,2024,https://github.com/HTNam1710/ADS_Final/blob/main/Data/diem_chuan_2024_final.csv
NTH,KDQH1.1,Chương trình tiêu chuẩn Kinh doanh quốc tế,A00,28.1,Điểm thi THPT,,2024,https://github.com/HTNam1710/ADS_Final/blob/main/Data/diem_chuan_2024_final.csv
NTH,KDQH2.1,Chương trình CLC Kinh doanh quốc tế,A01; D01; D02; D03; D04; D06; D07,27.6,Điểm thi THPT,,2024,https://github.com/HTNam1710/ADS_Final/blob/main/Data/diem_chuan_2024_final.csv
NTH,KDQH2.1,Chương trình CLC Kinh doanh quốc tế,A00,28.1,Điểm thi THPT,,2024,https://github.com/HTNam1710/ADS_Final/blob/main/Data/diem_chuan_2024_final.csv
NTH,KDQH2.2,Chương trình ĐHNNQT Logistics và Quản lý chuỗi cung ứng,A01; D01; D02; D03; D04; D06; D07,27.6,Điểm thi THPT,,2024,https://github.com/HTNam1710/ADS_Final/blob/main/Data/diem_chuan_2024_final.csv
NTH,KDQH2.2,Chương trình ĐHNNQT Logistics và Quản lý chuỗi cung ứng,A00,28.1,Điểm thi THPT,,2024,https://github.com/HTNam1710/ADS_Final/blob/main/Data/diem_chuan_2024_final.csv
NTH,KDQH2.3,Chương trình ĐHNNQT Kinh doanh quốc tế theo mô hình tiên tiến Nhật Bản,A01; D01; D02; D03; D04; D06; D07,27.6,Điểm thi THPT,,2024,https://github.com/HTNam1710/ADS_Final/blob/main/Data/diem_chuan_2024_final.csv
NTH,KDQH2.3,Chương trình ĐHNNQT Kinh doanh quốc tế theo mô hình tiên tiến Nhật Bản,A00,28.1,Điểm thi THPT,,2024,https://github.com/HTNam1710/ADS_Final/blob/main/Data/diem_chuan_2024_final.csv
NTH,KDQH2.4,Chương trình ĐHNNQT Kinh doanh số,A01; D01; D02; D03; D04; D06; D07,27.6,Điểm thi THPT,,2024,https://github.com/HTNam1710/ADS_Final/blob/main/Data/diem_chuan_2024_final.csv
NTH,KDQH2.4,Chương trình ĐHNNQT Kinh doanh số,A00,28.1,Điểm thi THPT,,2024,https://github.com/HTNam1710/ADS_Final/blob/main/Data/diem_chuan_2024_final.csv
NTH,KDQH4.1,Chương trình tiên tiến i-Hons hợp tác với Đại học Queensland về Kinh doanh quốc tế và Phân tích dữ liệu kinh doanh,A00,28.1,Điểm thi THPT,,2024,https://github.com/HTNam1710/ADS_Final/blob/main/Data/diem_chuan_2024_final.csv
NTH,KDQH4.1,Chương trình tiên tiến i-Hons hợp tác với Đại học Queensland về Kinh doanh quốc tế và Phân tích dữ liệu kinh doanh,A01; D01; D02; D03; D04; D06; D07,27.6,Điểm thi THPT,,2024,https://github.com/HTNam1710/ADS_Final/blob/main/Data/diem_chuan_2024_final.csv
NTH,KHMH2.1,Chương trình ĐHNNQT Khoa học máy tính và dữ liệu trong kinh tế và kinh doanh,A00; A01; D07,27.2,Điểm thi THPT,,2024,https://github.com/HTNam1710/ADS_Final/blob/main/Data/diem_chuan_2024_final.csv
NTH,KTCH2.1,Chương trình ĐHPTQT Kinh tế chính trị quốc tế,A00,27.2,Điểm thi THPT,,2024,https://github.com/HTNam1710/ADS_Final/blob/main/Data/diem_chuan_2024_final.csv
NTH,KTCH2.1,Chương trình ĐHPTQT Kinh tế chính trị quốc tế,A01; D01; D07,26.7,Điểm thi THPT,,2024,https://github.com/HTNam1710/ADS_Final/blob/main/Data/diem_chuan_2024_final.csv
NTH,KTEH1.1,Chương trình tiêu chuẩn Kinh tế đối ngoại,A00,28,Điểm thi THPT,,2024,https://github.com/HTNam1710/ADS_Final/blob/main/Data/diem_chuan_2024_final.csv
NTH,KTEH1.1,Chương trình tiêu chuẩn Kinh tế đối ngoại,A01; D01; D02; D03; D04; D06; D07,27.5,Điểm thi THPT,,2024,https://github.com/HTNam1710/ADS_Final/blob/main/Data/diem_chuan_2024_final.csv
NTH,KTEH1.2,Chương trình tiêu chuẩn Thương mại quốc tế,A00,28,Điểm thi THPT,,2024,https://github.com/HTNam1710/ADS_Final/blob/main/Data/diem_chuan_2024_final.csv
NTH,KTEH1.2,Chương trình tiêu chuẩn Thương mại quốc tế,A01; D01; D02; D03; D04; D06; D07,27.5,Điểm thi THPT,,2024,https://github.com/HTNam1710/ADS_Final/blob/main/Data/diem_chuan_2024_final.csv
NTH,KTEH2.1,Chương trình CLC Kinh tế đối ngoại,A01; D01; D02; D03; D04; D06; D07,27.5,Điểm thi THPT,,2024,https://github.com/HTNam1710/ADS_Final/blob/main/Data/diem_chuan_2024_final.csv
NTH,KTEH2.1,Chương trình CLC Kinh tế đối ngoại,A00,28,Điểm thi THPT,,2024,https://github.com/HTNam1710/ADS_Final/blob/main/Data/diem_chuan_2024_final.csv
NTH,KTEH4.1,Chương trình tiên tiến Kinh tế đối ngoại,A01; D01; D02; D03; D04; D06; D07,27.5,Điểm thi THPT,,2024,https://github.com/HTNam1710/ADS_Final/blob/main/Data/diem_chuan_2024_final.csv
NTH,KTEH4.1,Chương trình tiên tiến Kinh tế đối ngoại,A00,28,Điểm thi THPT,,2024,https://github.com/HTNam1710/ADS_Final/blob/main/Data/diem_chuan_2024_final.csv
NTH,KTKH1.1,Chương trình tiêu chuẩn Kế toán - Kiểm toán,A00,27.8,Điểm thi THPT,,2024,https://github.com/HTNam1710/ADS_Final/blob/main/Data/diem_chuan_2024_final.csv
NTH,KTKH1.1,Chương trình tiêu chuẩn Kế toán - Kiểm toán,A01; D01; D02; D03; D04; D06; D07,27.3,Điểm thi THPT,,2024,https://github.com/HTNam1710/ADS_Final/blob/main/Data/diem_chuan_2024_final.csv
NTH,KTKH2.1,Chương trình ĐHNNQT Kế toán - Kiểm toán theo định hướng ACCA,A00,27.8,Điểm thi THPT,,2024,https://github.com/HTNam1710/ADS_Final/blob/main/Data/diem_chuan_2024_final.csv
NTH,KTKH2.1,Chương trình ĐHNNQT Kế toán - Kiểm toán theo định hướng ACCA,A01; D01; D02; D03; D04; D06; D07,27.3,Điểm thi THPT,,2024,https://github.com/HTNam1710/ADS_Final/blob/main/Data/diem_chuan_2024_final.csv
NTH,KTKQ1.1,Chương trình tiêu chuẩn Kế toán - Kiểm toán,A00,27.8,Điểm thi THPT,,2024,https://github.com/HTNam1710/ADS_Final/blob/main/Data/diem_chuan_2024_final.csv
NTH,KTKQ1.1,Chương trình tiêu chuẩn Kế toán - Kiểm toán,A01; D01; D02; D03; D04; D06; D07,27.3,Điểm thi THPT,,2024,https://github.com/HTNam1710/ADS_Final/blob/main/Data/diem_chuan_2024_final.csv
NTH,KTQH1.1,Chương trình tiêu chuẩn Kinh tế quốc tế,A00,28,Điểm thi THPT,,2024,https://github.com/HTNam1710/ADS_Final/blob/main/Data/diem_chuan_2024_final.csv
NTH,KTQH1.1,Chương trình tiêu chuẩn Kinh tế quốc tế,A01; D01; D02; D03; D04; D06; D07,27.5,Điểm thi THPT,,2024,https://github.com/HTNam1710/ADS_Final/blob/main/Data/diem_chuan_2024_final.csv
NTH,KTQH1.2,Chương trình tiêu chuẩn Kinh tế và Phát triển quốc tế,A00,28,Điểm thi THPT,,2024,https://github.com/HTNam1710/ADS_Final/blob/main/Data/diem_chuan_2024_final.csv
NTH,KTQH1.2,Chương trình tiêu chuẩn Kinh tế và Phát triển quốc tế,A01; D01; D02; D03; D04; D06; D07,27.5,Điểm thi THPT,,2024,https://github.com/HTNam1710/ADS_Final/blob/main/Data/diem_chuan_2024_final.csv
NTH,KTQH2.1,Chương trình CLC Kinh tế quốc tế,A00,28,Điểm thi THPT,,2024,https://github.com/HTNam1710/ADS_Final/blob/main/Data/diem_chuan_2024_final.csv
NTH,KTQH2.1,Chương trình CLC Kinh tế quốc tế,A01; D01; D02; D03; D04; D06; D07,27.5,Điểm thi THPT,,2024,https://github.com/HTNam1710/ADS_Final/blob/main/Data/diem_chuan_2024_final.csv
NTH,LAWH1.1,Chương trình tiêu chuẩn Luật thương mại quốc tế,A01; D01; D02; D03; D04; D06; D07,27,Điểm thi THPT,,2024,https://github.com/HTNam1710/ADS_Final/blob/main/Data/diem_chuan_2024_final.csv
NTH,LAWH1.1,Chương trình tiêu chuẩn Luật thương mại quốc tế,A00,27.5,Điểm thi THPT,,2024,https://github.com/HTNam1710/ADS_Final/blob/main/Data/diem_chuan_2024_final.csv
NTH,LAWH2.1,Chương trình ĐHNNQT Luật Kinh doanh quốc tế theo mô hình thực hành nghề nghiệp,A00,27.5,Điểm thi THPT,,2024,https://github.com/HTNam1710/ADS_Final/blob/main/Data/diem_chuan_2024_final.csv
NTH,LAWH2.1,Chương trình ĐHNNQT Luật Kinh doanh quốc tế theo mô hình thực hành nghề nghiệp,A01; D01; D02; D03; D04; D06; D07,27,Điểm thi THPT,,2024,https://github.com/HTNam1710/ADS_Final/blob/main/Data/diem_chuan_2024_final.csv
NTH,MKTH2.1,Chương trình ĐHNNQT Marketing số,A00,28.1,Điểm thi THPT,,2024,https://github.com/HTNam1710/ADS_Final/blob/main/Data/diem_chuan_2024_final.csv
NTH,MKTH2.1,Chương trình ĐHNNQT Marketing số,A01; D01; D02; D03; D04; D06; D07,27.6,Điểm thi THPT,,2024,https://github.com/HTNam1710/ADS_Final/blob/main/Data/diem_chuan_2024_final.csv
NTH,NNAH1.1,Chương trình tiêu chuẩn Tiếng Anh Thương mại,D01,27,Điểm thi THPT,,2024,https://github.com/HTNam1710/ADS_Final/blob/main/Data/diem_chuan_2024_final.csv
NTH,NNAH2.1,Chương trình CLC Tiếng Anh Thương mại,D01,27,Điểm thi THPT,,2024,https://github.com/HTNam1710/ADS_Final/blob/main/Data/diem_chuan_2024_final.csv
NTH,NNNH1.1,Chương trình tiêu chuẩn Tiếng Nhật thương mại,D06,25.25,Điểm thi THPT,,2024,https://github.com/HTNam1710/ADS_Final/blob/main/Data/diem_chuan_2024_final.csv
NTH,NNNH1.1,Chương trình tiêu chuẩn Tiếng Nhật thương mại,D01,26,Điểm thi THPT,,2024,https://github.com/HTNam1710/ADS_Final/blob/main/Data/diem_chuan_2024_final.csv
NTH,NNNH2.1,Chương trình CLC ngành Tiếng Nhật thương mại,D01,26,Điểm thi THPT,,2024,https://github.com/HTNam1710/ADS_Final/blob/main/Data/diem_chuan_2024_final.csv
NTH,NNNH2.1,Chương trình CLC ngành Tiếng Nhật thương mại,D06,25.25,Điểm thi THPT,,2024,https://github.com/HTNam1710/ADS_Final/blob/main/Data/diem_chuan_2024_final.csv
NTH,NNPH1.1,Chương trình tiêu chuẩn Tiếng Pháp thương mại,D01,26,Điểm thi THPT,,2024,https://github.com/HTNam1710/ADS_Final/blob/main/Data/diem_chuan_2024_final.csv
NTH,NNPH1.1,Chương trình tiêu chuẩn Tiếng Pháp thương mại,D03,25.25,Điểm thi THPT,,2024,https://github.com/HTNam1710/ADS_Final/blob/main/Data/diem_chuan_2024_final.csv
NTH,NNPH2.1,Chương trình CLC Tiếng Pháp thương mại,D01,26,Điểm thi THPT,,2024,https://github.com/HTNam1710/ADS_Final/blob/main/Data/diem_chuan_2024_final.csv
NTH,NNPH2.1,Chương trình CLC Tiếng Pháp thương mại,D03,25.25,Điểm thi THPT,,2024,https://github.com/HTNam1710/ADS_Final/blob/main/Data/diem_chuan_2024_final.csv
NTH,NNTH1.1,Chương trình tiêu chuẩn Tiếng Trung Thương mại,D01,28.5,Điểm thi THPT,,2024,https://github.com/HTNam1710/ADS_Final/blob/main/Data/diem_chuan_2024_final.csv
NTH,NNTH1.1,Chương trình tiêu chuẩn Tiếng Trung Thương mại,D04,27.75,Điểm thi THPT,,2024,https://github.com/HTNam1710/ADS_Final/blob/main/Data/diem_chuan_2024_final.csv
NTH,NNTH2.1,Chương trình CLC Tiếng Trung Thương mại,D01,28.5,Điểm thi THPT,,2024,https://github.com/HTNam1710/ADS_Final/blob/main/Data/diem_chuan_2024_final.csv
NTH,NNTH2.1,Chương trình CLC Tiếng Trung Thương mại,D04,27.75,Điểm thi THPT,,2024,https://github.com/HTNam1710/ADS_Final/blob/main/Data/diem_chuan_2024_final.csv
NTH,NTH01-01,Ngành Luật,A00,27.5,Điểm thi THPT,,2024,https://github.com/HTNam1710/ADS_Final/blob/main/Data/diem_chuan_2024_final.csv
NTH,NTH01-01,Ngành Luật,A01; D01; D02; D03; D04; D06; D07,27,Điểm thi THPT,,2024,https://github.com/HTNam1710/ADS_Final/blob/main/Data/diem_chuan_2024_final.csv
NTH,NTH01-02,Ngành Kinh tế,A00,28,Điểm thi THPT,,2024,https://github.com/HTNam1710/ADS_Final/blob/main/Data/diem_chuan_2024_final.csv
NTH,NTH01-02,Ngành Kinh tế,A01; D01; D02; D03; D04; D06; D07,27.5,Điểm thi THPT,,2024,https://github.com/HTNam1710/ADS_Final/blob/main/Data/diem_chuan_2024_final.csv
NTH,NTH02,Ngành Quản trị kinh doanh Ngành Kinh doanh quốc tế Ngành quản trị khách sạn Ngành Marketing,A01; D01; D02; D03; D04; D06; D07,27.6,Điểm thi THPT,,2024,https://github.com/HTNam1710/ADS_Final/blob/main/Data/diem_chuan_2024_final.csv
NTH,NTH02,Ngành Quản trị kinh doanh Ngành Kinh doanh quốc tế Ngành quản trị khách sạn Ngành Marketing,A00,28.1,Điểm thi THPT,,2024,https://github.com/HTNam1710/ADS_Final/blob/main/Data/diem_chuan_2024_final.csv
NTH,NTH03,Ngành Kế toán Ngành Tài chính - Ngân hàng,A00,27.8,Điểm thi THPT,,2024,https://github.com/HTNam1710/ADS_Final/blob/main/Data/diem_chuan_2024_final.csv
NTH,NTH03,Ngành Kế toán Ngành Tài chính - Ngân hàng,A01; D01; D02; D03; D04; D06; D07,27.3,Điểm thi THPT,,2024,https://github.com/HTNam1710/ADS_Final/blob/main/Data/diem_chuan_2024_final.csv
NTH,NTH04,Ngành Ngôn ngữ Anh,D01,27,Điểm thi THPT,,2024,https://github.com/HTNam1710/ADS_Final/blob/main/Data/diem_chuan_2024_final.csv
NTH,NTH05,Ngành Ngôn ngữ Pháp,D01,26,Điểm thi THPT,,2024,https://github.com/HTNam1710/ADS_Final/blob/main/Data/diem_chuan_2024_final.csv
NTH,NTH05,Ngành Ngôn ngữ Pháp,D03,25.25,Điểm thi THPT,,2024,https://github.com/HTNam1710/ADS_Final/blob/main/Data/diem_chuan_2024_final.csv
NTH,NTH06,Ngành Ngôn ngữ Trung,D01,28.5,Điểm thi THPT,,2024,https://github.com/HTNam1710/ADS_Final/blob/main/Data/diem_chuan_2024_final.csv
NTH,NTH06,Ngành Ngôn ngữ Trung,D04,27.75,Điểm thi THPT,,2024,https://github.com/HTNam1710/ADS_Final/blob/main/Data/diem_chuan_2024_final.csv
NTH,NTH07,Ngành Ngôn ngữ Nhật,D06,25.25,Điểm thi THPT,,2024,https://github.com/HTNam1710/ADS_Final/blob/main/Data/diem_chuan_2024_final.csv
NTH,NTH07,Ngành Ngôn ngữ Nhật,D01,26,Điểm thi THPT,,2024,https://github.com/HTNam1710/ADS_Final/blob/main/Data/diem_chuan_2024_final.csv
NTH,NTH09,Ngành Kinh tế chính trị,A00,27.2,Điểm thi THPT,,2024,https://github.com/HTNam1710/ADS_Final/blob/main/Data/diem_chuan_2024_final.csv
NTH,NTH09,Ngành Kinh tế chính trị,A01; D01; D07,26.7,Điểm thi THPT,,2024,https://github.com/HTNam1710/ADS_Final/blob/main/Data/diem_chuan_2024_final.csv
NTH,NTH10,Ngành Khoa học máy tính,A00; A01; D07,27.2,Điểm thi THPT,,2024,https://github.com/HTNam1710/ADS_Final/blob/main/Data/diem_chuan_2024_final.csv
NTH,QKSH2.1,Chương trình ĐHNNQT Quản trị khách sạn,A00,28.1,Điểm thi THPT,,2024,https://github.com/HTNam1710/ADS_Final/blob/main/Data/diem_chuan_2024_final.csv
NTH,QKSH2.1,Chương trình ĐHNNQT Quản trị khách sạn,A01; D01; D02; D03; D04; D06; D07,27.6,Điểm thi THPT,,2024,https://github.com/HTNam1710/ADS_Final/blob/main/Data/diem_chuan_2024_final.csv
NTH,QTKH1.1,Chương trình tiêu chuẩn Quản trị kinh doanh quốc tế,A01; D01; D02; D03; D04; D06; D07,27.6,Điểm thi THPT,,2024,https://github.com/HTNam1710/ADS_Final/blob/main/Data/diem_chuan_2024_final.csv
NTH,QTKH1.1,Chương trình tiêu chuẩn Quản trị kinh doanh quốc tế,A00,28.1,Điểm thi THPT,,2024,https://github.com/HTNam1710/ADS_Final/blob/main/Data/diem_chuan_2024_final.csv
NTH,QTKH2.1,Chương trình CLC Quản trị kinh doanh quốc tế,A00,28.1,Điểm thi THPT,,2024,https://github.com/HTNam1710/ADS_Final/blob/main/Data/diem_chuan_2024_final.csv
NTH,QTKH2.1,Chương trình CLC Quản trị kinh doanh quốc tế,A01; D01; D02; D03; D04; D06; D07,27.6,Điểm thi THPT,,2024,https://github.com/HTNam1710/ADS_Final/blob/main/Data/diem_chuan_2024_final.csv
NTH,QTKH4.1,Chương trình tiên tiến Quản trị kinh doanh quốc tế,A00,28.1,Điểm thi THPT,,2024,https://github.com/HTNam1710/ADS_Final/blob/main/Data/diem_chuan_2024_final.csv
NTH,QTKH4.1,Chương trình tiên tiến Quản trị kinh doanh quốc tế,A01; D01; D02; D03; D04; D06; D07,27.6,Điểm thi THPT,,2024,https://github.com/HTNam1710/ADS_Final/blob/main/Data/diem_chuan_2024_final.csv
NTH,TCHH1.1,Chương trình tiêu chuẩn Tài chính quốc tế,A01; D01; D02; D03; D04; D06; D07,27.3,Điểm thi THPT,,2024,https://github.com/HTNam1710/ADS_Final/blob/main/Data/diem_chuan_2024_final.csv
NTH,TCHH1.1,Chương trình tiêu chuẩn Tài chính quốc tế,A00,27.8,Điểm thi THPT,,2024,https://github.com/HTNam1710/ADS_Final/blob/main/Data/diem_chuan_2024_final.csv
NTH,TCHH1.2,Chương trình tiêu chuẩn Ngân hàng,A00,27.8,Điểm thi THPT,,2024,https://github.com/HTNam1710/ADS_Final/blob/main/Data/diem_chuan_2024_final.csv
NTH,TCHH1.2,Chương trình tiêu chuẩn Ngân hàng,A01; D01; D02; D03; D04; D06; D07,27.3,Điểm thi THPT,,2024,https://github.com/HTNam1710/ADS_Final/blob/main/Data/diem_chuan_2024_final.csv
NTH,TCHH1.3,Chương trình tiêu chuẩn Phân tích và đầu tư tài chính,A00,27.8,Điểm thi THPT,,2024,https://github.com/HTNam1710/ADS_Final/blob/main/Data/diem_chuan_2024_final.csv
NTH,TCHH1.3,Chương trình tiêu chuẩn Phân tích và đầu tư tài chính,A01; D01; D02; D03; D04; D06; D07,27.3,Điểm thi THPT,,2024,https://github.com/HTNam1710/ADS_Final/blob/main/Data/diem_chuan_2024_final.csv
NTH,TCHH2.1,Chương trình CLC Ngân hàng và Tài chính quốc tế,A00,27.8,Điểm thi THPT,,2024,https://github.com/HTNam1710/ADS_Final/blob/main/Data/diem_chuan_2024_final.csv
NTH,TCHH2.1,Chương trình CLC Ngân hàng và Tài chính quốc tế,A01; D01; D02; D03; D04; D06; D07,27.3,Điểm thi THPT,,2024,https://github.com/HTNam1710/ADS_Final/blob/main/Data/diem_chuan_2024_final.csv
NTH,TCHH4.1,Chương trình tiên tiến Tài chính - Ngân hàng,A00,27.8,Điểm thi THPT,,2024,https://github.com/HTNam1710/ADS_Final/blob/main/Data/diem_chuan_2024_final.csv
NTH,TCHH4.1,Chương trình tiên tiến Tài chính - Ngân hàng,A01; D01; D02; D03; D04; D06; D07,27.3,Điểm thi THPT,,2024,https://github.com/HTNam1710/ADS_Final/blob/main/Data/diem_chuan_2024_final.csv
QSB,106,Khoa học Máy tính,A00; A01,84.16,Điểm thi THPT,Xét tuyển kết hợp,2024,https://github.com/HTNam1710/ADS_Final/blob/main/Data/diem_chuan_2024_final.csv
QSB,107,Kỹ thuật Máy tính,A00; A01,82.87,Điểm thi THPT,Xét tuyển kết hợp,2024,https://github.com/HTNam1710/ADS_Final/blob/main/Data/diem_chuan_2024_final.csv
QSB,108,Điện - Điện tử - Viễn thông - Tự động hóa -Thiết kế Vi mạch (Nhóm ngành),A00; A01,80.03,Điểm thi THPT,Xét tuyển kết hợp,2024,https://github.com/HTNam1710/ADS_Final/blob/main/Data/diem_chuan_2024_final.csv
QSB,109,Kỹ thuật Cơ khí,A00; A01,73.89,Điểm thi THPT,Xét tuyển kết hợp,2024,https://github.com/HTNam1710/ADS_Final/blob/main/Data/diem_chuan_2024_final.csv
QSB,110,Kỹ thuật Cơ Điện tử,A00; A01,81.33,Điểm thi THPT,Xét tuyển kết hợp,2024,https://github.com/HTNam1710/ADS_Final/blob/main/Data/diem_chuan_2024_final.csv
QSB,112,Dệt - May (Nhóm ngành),A00; A01,55.51,Điểm thi THPT,Xét tuyển kết hợp,2024,https://github.com/HTNam1710/ADS_Final/blob/main/Data/diem_chuan_2024_final.csv
QSB,114,Hóa - Thực phẩm - Sinh học (Nhóm ngành),A00; B00; D07,77.36,Điểm thi THPT,Xét tuyển kết hợp,2024,https://github.com/HTNam1710/ADS_Final/blob/main/Data/diem_chuan_2024_final.csv
QSB,115,Xây dựng và Quản lý Dự án Xây dựng (Nhóm ngành),A00; A01,62.01,Điểm thi THPT,Xét tuyển kết hợp,2024,https://github.com/HTNam1710/ADS_Final/blob/main/Data/diem_chuan_2024_final.csv
QSB,117,Kiến trúc,A01; C01,70.85,Điểm thi THPT,Xét tuyển kết hợp,2024,https://github.com/HTNam1710/ADS_Final/blob/main/Data/diem_chuan_2024_final.csv
QSB,120,Dầu khí - Địa chất (Nhóm ngành),A00; A01; D07; D10,66.11,Điểm thi THPT,Xét tuyển kết hợp,2024,https://github.com/HTNam1710/ADS_Final/blob/main/Data/diem_chuan_2024_final.csv
QSB,123,Quản lý Công nghiệp,A00; A01; D01; D07,77.28,Điểm thi THPT,Xét tuyển kết hợp,2024,https://github.com/HTNam1710/ADS_Final/blob/main/Data/diem_chuan_2024_final.csv
QSB,125,Tài nguyên và Môi trường,A00; A01; B00; D07,61.98,Điểm thi THPT,Xét tuyển kết hợp,2024,https://github.com/HTNam1710/ADS_Final/blob/main/Data/diem_chuan_2024_final.csv
QSB,128,Logistics và Hệ thống Công nghiệp,A00; A01,80.1,Điểm thi THPT,Xét tuyển kết hợp,2024,https://github.com/HTNam1710/ADS_Final/blob/main/Data/diem_chuan_2024_final.csv
QSB,129,Kỹ thuật Vật liệu,A00; A01; D07,68.5,Điểm thi THPT,Xét tuyển kết hợp,2024,https://github.com/HTNam1710/ADS_Final/blob/main/Data/diem_chuan_2024_final.csv
QSB,137,Vật lý Kỹ thuật,A00; A01,73.86,Điểm thi THPT,Xét tuyển kết hợp,2024,https://github.com/HTNam1710/ADS_Final/blob/main/Data/diem_chuan_2024_final.csv
QSB,138,Cơ Kỹ thuật,A00; A01,74.7,Điểm thi THPT,Xét tuyển kết hợp,2024,https://github.com/HTNam1710/ADS_Final/blob/main/Data/diem_chuan_2024_final.csv
QSB,140,Kỹ thuật Nhiệt,A00; A01,72.01,Điểm thi THPT,Xét tuyển kết hợp,2024,https://github.com/HTNam1710/ADS_Final/blob/main/Data/diem_chuan_2024_final.csv
QSB,141,Bảo dưỡng Công nghiệp,A00; A01,65.44,Điểm thi THPT,Xét tuyển kết hợp,2024,https://github.com/HTNam1710/ADS_Final/blob/main/Data/diem_chuan_2024_final.csv
QSB,142,Kỹ thuật Ô tô,A00; A01,78.22,Điểm thi THPT,Xét tuyển kết hợp,2024,https://github.com/HTNam1710/ADS_Final/blob/main/Data/diem_chuan_2024_final.csv
QSB,145,(Song ngành) Tàu thủy - Hàng không,A00; A01,75.38,Điểm thi THPT,Xét tuyển kết hợp,2024,https://github.com/HTNam1710/ADS_Final/blob/main/Data/diem_chuan_2024_final.csv
QSB,146,Khoa học Dữ liệu,A00; A01,82.14,Điểm thi THPT,Xét tuyển kết hợp,2024,https://github.com/HTNam1710/ADS_Final/blob/main/Data/diem_chuan_2024_final.csv
QSB,147,Địa Kỹ thuật Xây dựng,A00; A01; D07; D10,55.38,Điểm thi THPT,Xét tuyển kết hợp,2024,https://github.com/HTNam1710/ADS_Final/blob/main/Data/diem_chuan_2024_final.csv
QSB,148,Kinh tế Xây dựng,A00; A01,58.59,Điểm thi THPT,Xét tuyển kết hợp,2024,https://github.com/HTNam1710/ADS_Final/blob/main/Data/diem_chuan_2024_final.csv
QSB,206,Khoa học Máy tính,A00; A01,83.63,Điểm thi THPT,Xét tuyển kết hợp - CT dạy và học bằng TA,2024,https://github.com/HTNam1710/ADS_Final/blob/main/Data/diem_chuan_2024_final.csv
QSB,207,Kỹ thuật Máy tính,A00; A01,80.41,Điểm thi THPT,Xét tuyển kết hợp - CT dạy và học bằng TA,2024,https://github.com/HTNam1710/ADS_Final/blob/main/Data/diem_chuan_2024_final.csv
QSB,208,Kỹ thuật Điện - Điện tử,A00; A01,76.71,Điểm thi THPT,Xét tuyển kết hợp - CT tiên tiến,2024,https://github.com/HTNam1710/ADS_Final/blob/main/Data/diem_chuan_2024_final.csv
QSB,209,Kỹ thuật Cơ khí,A00; A01,65.77,Điểm thi THPT,Xét tuyển kết hợp - CT dạy và học bằng TA,2024,https://github.com/HTNam1710/ADS_Final/blob/main/Data/diem_chuan_2024_final.csv
QSB,210,Kỹ thuật Cơ Điện tử,A00; A01,78,Điểm thi THPT,Xét tuyển kết hợp - CT dạy và học bằng TA,2024,https://github.com/HTNam1710/ADS_Final/blob/main/Data/diem_chuan_2024_final.csv
QSB,211,Kỹ thuật Robot,A00; A01,73.1,Điểm thi THPT,Xét tuyển kết hợp - CT dạy và học bằng TA,2024,https://github.com/HTNam1710/ADS_Final/blob/main/Data/diem_chuan_2024_final.csv
QSB,214,Kỹ thuật Hóa học,A00; B00; D07,64.68,Điểm thi THPT,Xét tuyển kết hợp - CT dạy và học bằng TA,2024,https://github.com/HTNam1710/ADS_Final/blob/main/Data/diem_chuan_2024_final.csv
QSB,215,Quàn lý Dự án Xây dựng và Kỹ thuật Xây dựng (Nhóm ngành),A00; A01,58.59,Điểm thi THPT,Xét tuyển kết hợp - CT dạy và học bằng TA,2024,https://github.com/HTNam1710/ADS_Final/blob/main/Data/diem_chuan_2024_final.csv
QSB,217,Kiến trúc cảnh quan,A01; C01,61.08,Điểm thi THPT,Xét tuyển kết hợp - CT dạy và học bằng TA,2024,https://github.com/HTNam1710/ADS_Final/blob/main/Data/diem_chuan_2024_final.csv
QSB,218,Công nghệ Sinh học,A00; B00; B08; D07,70.91,Điểm thi THPT,Xét tuyển kết hợp - CT dạy và học bằng TA,2024,https://github.com/HTNam1710/ADS_Final/blob/main/Data/diem_chuan_2024_final.csv
QSB,219,Công nghệ Thực phẩm,A00; B00; D07,60.11,Điểm thi THPT,Xét tuyển kết hợp - CT dạy và học bằng TA,2024,https://github.com/HTNam1710/ADS_Final/blob/main/Data/diem_chuan_2024_final.csv
QSB,220,Kỹ thuật Dầu khí,A00; A01; D07; D10,57.88,Điểm thi THPT,Xét tuyển kết hợp - CT dạy và học bằng TA,2024,https://github.com/HTNam1710/ADS_Final/blob/main/Data/diem_chuan_2024_final.csv
QSB,223,Quản lý Công nghiệp,A00; A01; D01; D07,65.03,Điểm thi THPT,Xét tuyển kết hợp - CT dạy và học bằng TA,2024,https://github.com/HTNam1710/ADS_Final/blob/main/Data/diem_chuan_2024_final.csv
QSB,225,Tài nguyên và Môi trường,A00; A01; B00; D07,61.59,Điểm thi THPT,Xét tuyển kết hợp - CT dạy và học bằng TA,2024,https://github.com/HTNam1710/ADS_Final/blob/main/Data/diem_chuan_2024_final.csv
QSB,228,Logistics và Hệ thống Công nghiệp,A00; A01,74.47,Điểm thi THPT,Xét tuyển kết hợp - CT dạy và học bằng TA,2024,https://github.com/HTNam1710/ADS_Final/blob/main/Data/diem_chuan_2024_final.csv
QSB,229,Kỹ thuật Vật liệu Công nghệ cao,A00; A01; D07,57.96,Điểm thi THPT,Xét tuyển kết hợp - CT dạy và học bằng TA,2024,https://github.com/HTNam1710/ADS_Final/blob/main/Data/diem_chuan_2024_final.csv
QSB,237,Kỹ thuật Y Sinh,A00; A01,57.23,Điểm thi THPT,Xét tuyển kết hợp - CT dạy và học bằng TA,2024,https://github.com/HTNam1710/ADS_Final/blob/main/Data/diem_chuan_2024_final.csv
QSB,242,Kỹ thuật Ô tô,A00; A01,65.87,Điểm thi THPT,Xét tuyển kết hợp - CT dạy và học bằng TA,2024,https://github.com/HTNam1710/ADS_Final/blob/main/Data/diem_chuan_2024_final.csv
QSB,245,Kỹ thuật Hàng không,A00; A01,73.5,Điểm thi THPT,Xét tuyển kết hợp - CT dạy và học bằng TA,2024,https://github.com/HTNam1710/ADS_Final/blob/main/Data/diem_chuan_2024_final.csv
QSB,266,Khoa học Máy tính,A00; A01,79.63,Điểm thi THPT,Xét tuyển kết hợp - CT định hướng Nhật Bản,2024,https://github.com/HTNam1710/ADS_Final/blob/main/Data/diem_chuan_2024_final.csv
QSB,268,Cơ Kỹ thuật,A00; A01,68.75,Điểm thi THPT,Xét tuyển kết hợp - CT định hướng Nhật Bản,2024,https://github.com/HTNam1710/ADS_Final/blob/main/Data/diem_chuan_2024_final.csv
YHB,7310401,Tâm lý học,B00,25.46,Điểm thi THPT,,2024,https://github.com/HTNam1710/ADS_Final/blob/main/Data/diem_chuan_2024_final.csv
YHB,7310401,Tâm lý học,C00,28.83,Điểm thi THPT,,2024,https://github.com/HTNam1710/ADS_Final/blob/main/Data/diem_chuan_2024_final.csv
YHB,7310401,Tâm lý học,D01,26.86,Điểm thi THPT,,2024,https://github.com/HTNam1710/ADS_Final/blob/main/Data/diem_chuan_2024_final.csv
YHB,7720101,Y khoa,B00,28.27,Điểm thi THPT,,2024,https://github.com/HTNam1710/ADS_Final/blob/main/Data/diem_chuan_2024_final.csv
YHB,7720101YHT,Y khoa Phân hiệu Thanh Hóa,B00,26.67,Điểm thi THPT,,2024,https://github.com/HTNam1710/ADS_Final/blob/main/Data/diem_chuan_2024_final.csv
YHB,7720110,Y học dự phòng,B00,22.94,Điểm thi THPT,,2024,https://github.com/HTNam1710/ADS_Final/blob/main/Data/diem_chuan_2024_final.csv
YHB,7720115,Y học cổ truyền,B00,25.29,Điểm thi THPT,,2024,https://github.com/HTNam1710/ADS_Final/blob/main/Data/diem_chuan_2024_final.csv
YHB,7720301,Điều dưỡng chương trình tiên tiến,B00,24.59,Điểm thi THPT,,2024,https://github.com/HTNam1710/ADS_Final/blob/main/Data/diem_chuan_2024_final.csv
YHB,7720301YHT,Điều dưỡng Phân hiệu Thanh Hóa,B00,20.25,Điểm thi THPT,,2024,https://github.com/HTNam1710/ADS_Final/blob/main/Data/diem_chuan_2024_final.csv
YHB,7720302,Hộ sinh,B00,22.95,Điểm thi THPT,,2024,https://github.com/HTNam1710/ADS_Final/blob/main/Data/diem_chuan_2024_final.csv
YHB,7720401,Dinh dưỡng,B00,23.33,Điểm thi THPT,,2024,https://github.com/HTNam1710/ADS_Final/blob/main/Data/diem_chuan_2024_final.csv
YHB,7720501,Răng hàm mặt,B00,27.67,Điểm thi THPT,,2024,https://github.com/HTNam1710/ADS_Final/blob/main/Data/diem_chuan_2024_final.csv
YHB,7720502,Kỹ thuật phục hồi hình răng,B00,24.15,Điểm thi THPT,,2024,https://github.com/HTNam1710/ADS_Final/blob/main/Data/diem_chuan_2024_final.csv
YHB,7720601,Kỹ thuật xét nghiệm Y học,B00,25.35,Điểm thi THPT,,2024,https://github.com/HTNam1710/ADS_Final/blob/main/Data/diem_chuan_2024_final.csv
YHB,7720601YHT,Kỹ thuật Xét nghiệm y học Phân hiệu Thanh Hóa,B00,19,Điểm thi THPT,,2024,https://github.com/HTNam1710/ADS_Final/blob/main/Data/diem_chuan_2024_final.csv
YHB,7720603,Kỹ thuật phục hồi chức năng,B00,24.07,Điểm thi THPT,,2024,https://github.com/HTNam1710/ADS_Final/blob/main/Data/diem_chuan_2024_final.csv
YHB,7720603YHT,Kỹ thuật Phục hồi chức năng Phân hiệu Thanh Hóa,B00,19,Điểm thi THPT,,2024,https://github.com/HTNam1710/ADS_Final/blob/main/Data/diem_chuan_2024_final.csv
YHB,7720699,Khúc xạ nhãn khoa,B00,25.38,Điểm thi THPT,,2024,https://github.com/HTNam1710/ADS_Final/blob/main/Data/diem_chuan_2024_final.csv
YHB,7720701,Y tế công cộng,D01,24.3,Điểm thi THPT,,2024,https://github.com/HTNam1710/ADS_Final/blob/main/Data/diem_chuan_2024_final.csv
YHB,7720701,Y tế công cộng,B00,22.85,Điểm thi THPT,,2024,https://github.com/HTNam1710/ADS_Final/blob/main/Data/diem_chuan_2024_final.csv
YHB,7720701,Y tế công cộng,B08,22.35,Điểm thi THPT,,2024,https://github.com/HTNam1710/ADS_Final/blob/main/Data/diem_chuan_2024_final.csv
BVH,7320101,Báo chí,A00; A01; D01,25.29,Điểm thi THPT,TTNV=1,2024,https://github.com/HTNam1710/ADS_Final/blob/main/Data/diem_chuan_2024_final.csv
BVH,7320104,Truyền thông đa phương tiện,A00; A01; D01,25.94,Điểm thi THPT,TTNV<=6,2024,https://github.com/HTNam1710/ADS_Final/blob/main/Data/diem_chuan_2024_final.csv
BVH,7329001,Công nghệ đa phương tiện,A00; A01; D01,25.75,Điểm thi THPT,TTNV<=2,2024,https://github.com/HTNam1710/ADS_Final/blob/main/Data/diem_chuan_2024_final.csv
BVH,7329001_GAM,Thiết kế và phát triển Game (ngành Công nghệ đa phương tiện),A00; A01; D01,24.97,Điểm thi THPT,TTNV<=2,2024,https://github.com/HTNam1710/ADS_Final/blob/main/Data/diem_chuan_2024_final.csv
BVH,7340101,Quản trị kinh doanh,A00; A01; D01,25.17,Điểm thi THPT,TTNV<=13,2024,https://github.com/HTNam1710/ADS_Final/blob/main/Data/diem_chuan_2024_final.csv
BVH,7340115,Marketing,A00; A01; D01,25.85,Điểm thi THPT,TTNV<=3,2024,https://github.com/HTNam1710/ADS_Final/blob/main/Data/diem_chuan_2024_final.csv
BVH,7340115_CLC,Marketing chất lượng cao,A00; A01; D01,24.25,Điểm thi THPT,TTNV=1,2024,https://github.com/HTNam1710/ADS_Final/blob/main/Data/diem_chuan_2024_final.csv
BVH,7340115_QHC,Quan hệ công chúng (ngành Marketing),A00; A01; D01,25.15,Điểm thi THPT,TTNV<=4,2024,https://github.com/HTNam1710/ADS_Final/blob/main/Data/diem_chuan_2024_final.csv
BVH,7340122,Thương mại điện tử,A00; A01; D01,26.09,Điểm thi THPT,TTNV<=2,2024,https://github.com/HTNam1710/ADS_Final/blob/main/Data/diem_chuan_2024_final.csv
BVH,7340205,Công nghệ tài chính (Fintech),A00; A01; D01,25.61,Điểm thi THPT,TTNV<=10,2024,https://github.com/HTNam1710/ADS_Final/blob/main/Data/diem_chuan_2024_final.csv
BVH,7340301,Kế toán,A00; A01; D01,25.29,Điểm thi THPT,TTNV<=16,2024,https://github.com/HTNam1710/ADS_Final/blob/main/Data/diem_chuan_2024_final.csv
BVH,7340301_CLC,Kế toán chất lượng cao (chuẩn quốc tế ACCA),A00; A01; D01,22.5,Điểm thi THPT,TTNV=1,2024,https://github.com/HTNam1710/ADS_Final/blob/main/Data/diem_chuan_2024_final.csv
BVH,7480101,Khoa học máy tính (định hướng Khoa học dữ liệu),A00; A01,26.31,Điểm thi THPT,TTNV=1,2024,https://github.com/HTNam1710/ADS_Final/blob/main/Data/diem_chuan_2024_final.csv
BVH,7480102,Kỹ thuật dữ liệu (ngành Mạng máy tính và truyền thông dữ liệu),A00; A01,25.59,Điểm thi THPT,TTNV<=11,2024,https://github.com/HTNam1710/ADS_Final/blob/main/Data/diem_chuan_2024_final.csv
BVH,7480201,Công nghệ thông tin,A00; A01,26.4,Điểm thi THPT,TTNV<=5,2024,https://github.com/HTNam1710/ADS_Final/blob/main/Data/diem_chuan_2024_final.csv
BVH,7480201_CLC,Công nghệ thông tin chất lượng cao,A00; A01; D01,25.43,Điểm thi THPT,TTNV=1,2024,https://github.com/HTNam1710/ADS_Final/blob/main/Data/diem_chuan_2024_final.csv
BVH,7480201_UDU,Công nghệ thông tin (Cử nhân định hướng ứng dụng),A00; A01,24.87,Điểm thi THPT,TTNV<=4,2024,https://github.com/HTNam1710/ADS_Final/blob/main/Data/diem_chuan_2024_final.csv
BVH,7480201_VNH,Công nghệ thông tin Việt - Nhật,A00; A01,24.25,Điểm thi THPT,TTNV=1,2024,https://github.com/HTNam1710/ADS_Final/blob/main/Data/diem_chuan_2024_final.csv
BVH,7480202,An toàn thông tin,A00; A01,25.85,Điểm thi THPT,TTNV<=2,2024,https://github.com/HTNam1710/ADS_Final/blob/main/Data/diem_chuan_2024_final.csv
BVH,7510301,"Công nghệ Kỹ thuật Điện, điện tử",A00; A01,25.46,Điểm thi THPT,TTNV<=2,2024,https://github.com/HTNam1710/ADS_Final/blob/main/Data/diem_chuan_2024_final.csv
BVH,7520207,Kỹ thuật Điện tử viễn thông,A00; A01,25.75,Điểm thi THPT,TTNV= 1,2024,https://github.com/HTNam1710/ADS_Final/blob/main/Data/diem_chuan_2024_final.csv
BVH,7520216,Kỹ thuật Điều khiển và tự động hóa,A00; A01,26.08,Điểm thi THPT,TTNV<=3,2024,https://github.com/HTNam1710/ADS_Final/blob/main/Data/diem_chuan_2024_final.csv
SPH,7140114C,Quản lí giáo dục,C20,27.9,Điểm thi THPT,,2024,https://github.com/HTNam1710/ADS_Final/blob/main/Data/diem_chuan_2024_final.csv
SPH,7140114D,Quản lí giáo dục,D01; D02; D03,27.9,Điểm thi THPT,,2024,https://github.com/HTNam1710/ADS_Final/blob/main/Data/diem_chuan_2024_final.csv
SPH,7140201A,Giáo dục Mầm non,M00,23.43,Điểm thi THPT,,2024,https://github.com/HTNam1710/ADS_Final/blob/main/Data/diem_chuan_2024_final.csv
SPH,7140201B,Giáo dục Mầm non - SP Tiếng Anh,M01,23.15,Điểm thi THPT,,2024,https://github.com/HTNam1710/ADS_Final/blob/main/Data/diem_chuan_2024_final.csv
SPH,7140201C,Giáo dục Mầm non - SP Tiếng Anh,M02,23.15,Điểm thi THPT,,2024,https://github.com/HTNam1710/ADS_Final/blob/main/Data/diem_chuan_2024_final.csv
SPH,7140202A,Giáo dục Tiểu học,D01; D02; D03,27.2,Điểm thi THPT,,2024,https://github.com/HTNam1710/ADS_Final/blob/main/Data/diem_chuan_2024_final.csv
SPH,7140202B,Giáo dục Tiểu học - SP Tiếng Anh,D01,27.26,Điểm thi THPT,,2024,https://github.com/HTNam1710/ADS_Final/blob/main/Data/diem_chuan_2024_final.csv
SPH,7140203C,Giáo dục đặc biệt,C00,28.37,Điểm thi THPT,,2024,https://github.com/HTNam1710/ADS_Final/blob/main/Data/diem_chuan_2024_final.csv
SPH,7140203D,Giáo dục đặc biệt,D01; D02; D03,28.37,Điểm thi THPT,,2024,https://github.com/HTNam1710/ADS_Final/blob/main/Data/diem_chuan_2024_final.csv
SPH,7140204B,Giáo dục công dân,C19,28.6,Điểm thi THPT,,2024,https://github.com/HTNam1710/ADS_Final/blob/main/Data/diem_chuan_2024_final.csv
SPH,7140204C,Giáo dục công dân,C20,28.6,Điểm thi THPT,,2024,https://github.com/HTNam1710/ADS_Final/blob/main/Data/diem_chuan_2024_final.csv
SPH,7140205B,Giáo dục chính trị,C19,28.83,Điểm thi THPT,,2024,https://github.com/HTNam1710/ADS_Final/blob/main/Data/diem_chuan_2024_final.csv
SPH,7140205C,Giáo dục chính trị,C20,28.83,Điểm thi THPT,,2024,https://github.com/HTNam1710/ADS_Final/blob/main/Data/diem_chuan_2024_final.csv
SPH,7140206,Giáo dục thể chất,T01,25.66,Điểm thi THPT,,2024,https://github.com/HTNam1710/ADS_Final/blob/main/Data/diem_chuan_2024_final.csv
SPH,7140208C,Giáo dục Quốc phòng và An ninh,C00,28.26,Điểm thi THPT,,2024,https://github.com/HTNam1710/ADS_Final/blob/main/Data/diem_chuan_2024_final.csv
SPH,7140208D,Giáo dục Quốc phòng và An ninh,D01; D02; D03,28.26,Điểm thi THPT,,2024,https://github.com/HTNam1710/ADS_Final/blob/main/Data/diem_chuan_2024_final.csv
SPH,7140209A,Sư phạm Toán học,A00,27.48,Điểm thi THPT,,2024,https://github.com/HTNam1710/ADS_Final/blob/main/Data/diem_chuan_2024_final.csv
SPH,7140209B,Sư phạm Toán học (dạy Toán bằng tiếng Anh),A01,27.68,Điểm thi THPT,,2024,https://github.com/HTNam1710/ADS_Final/blob/main/Data/diem_chuan_2024_final.csv
SPH,7140209D,Sư phạm Toán học (dạy Toán bằng tiếng Anh),D01,27.68,Điểm thi THPT,,2024,https://github.com/HTNam1710/ADS_Final/blob/main/Data/diem_chuan_2024_final.csv
SPH,7140210A,Sư phạm Tin học,A00,25.1,Điểm thi THPT,,2024,https://github.com/HTNam1710/ADS_Final/blob/main/Data/diem_chuan_2024_final.csv
SPH,7140210B,Sư phạm Tin học,A01,25.1,Điểm thi THPT,,2024,https://github.com/HTNam1710/ADS_Final/blob/main/Data/diem_chuan_2024_final.csv
SPH,7140211A,Sư phạm Vật lí,A00,27.71,Điểm thi THPT,,2024,https://github.com/HTNam1710/ADS_Final/blob/main/Data/diem_chuan_2024_final.csv
SPH,7140211B,Sư phạm Vật lí,A01,27.71,Điểm thi THPT,,2024,https://github.com/HTNam1710/ADS_Final/blob/main/Data/diem_chuan_2024_final.csv
SPH,7140211C,Sư phạm Vật lí (dạy Vật lí bằng tiếng Anh),A00,26.81,Điểm thi THPT,,2024,https://github.com/HTNam1710/ADS_Final/blob/main/Data/diem_chuan_2024_final.csv
SPH,7140211D,Sư phạm Vật lí (dạy Vật lí bằng tiếng Anh),A01,26.81,Điểm thi THPT,,2024,https://github.com/HTNam1710/ADS_Final/blob/main/Data/diem_chuan_2024_final.csv
SPH,7140212A,Sư phạm Hoá học,A00,27.62,Điểm thi THPT,,2024,https://github.com/HTNam1710/ADS_Final/blob/main/Data/diem_chuan_2024_final.csv
SPH,7140212B,Sư phạm Hoá học (dạy Hoá học bằng tiếng Anh),D07,27.2,Điểm thi THPT,,2024,https://github.com/HTNam1710/ADS_Final/blob/main/Data/diem_chuan_2024_final.csv
SPH,7140212C,Sư phạm Hoá học,B00,27.62,Điểm thi THPT,,2024,https://github.com/HTNam1710/ADS_Final/blob/main/Data/diem_chuan_2024_final.csv
SPH,7140213B,Sư phạm Sinh học,B00,26.74,Điểm thi THPT,,2024,https://github.com/HTNam1710/ADS_Final/blob/main/Data/diem_chuan_2024_final.csv
SPH,7140213D,Sư phạm Sinh học,D08,26.74,Điểm thi THPT,,2024,https://github.com/HTNam1710/ADS_Final/blob/main/Data/diem_chuan_2024_final.csv
SPH,7140217C,Sư phạm Ngữ văn,C00,29.3,Điểm thi THPT,,2024,https://github.com/HTNam1710/ADS_Final/blob/main/Data/diem_chuan_2024_final.csv
SPH,7140217D,Sư phạm Ngữ văn,D01; D02; D03,29.3,Điểm thi THPT,,2024,https://github.com/HTNam1710/ADS_Final/blob/main/Data/diem_chuan_2024_final.csv
SPH,7140218C,Sư phạm Lịch sử,C00,29.3,Điểm thi THPT,,2024,https://github.com/HTNam1710/ADS_Final/blob/main/Data/diem_chuan_2024_final.csv
SPH,7140218D,Sư phạm Lịch sử,D14,29.3,Điểm thi THPT,,2024,https://github.com/HTNam1710/ADS_Final/blob/main/Data/diem_chuan_2024_final.csv
SPH,7140219B,Sư phạm Địa lí,C04,29.05,Điểm thi THPT,,2024,https://github.com/HTNam1710/ADS_Final/blob/main/Data/diem_chuan_2024_final.csv
SPH,7140219C,Sư phạm Địa lí,C00,29.05,Điểm thi THPT,,2024,https://github.com/HTNam1710/ADS_Final/blob/main/Data/diem_chuan_2024_final.csv
SPH,7140221A,Sư phạm Âm nhạc,N01,24.05,Điểm thi THPT,,2024,https://github.com/HTNam1710/ADS_Final/blob/main/Data/diem_chuan_2024_final.csv
SPH,7140221B,Sư phạm Âm nhạc,N02,24.05,Điểm thi THPT,,2024,https://github.com/HTNam1710/ADS_Final/blob/main/Data/diem_chuan_2024_final.csv
SPH,7140222A,Sư phạm Mỹ thuật,H01,22.69,Điểm thi THPT,,2024,https://github.com/HTNam1710/ADS_Final/blob/main/Data/diem_chuan_2024_final.csv
SPH,7140222B,Sư phạm Mỹ thuật,H02,22.69,Điểm thi THPT,,2024,https://github.com/HTNam1710/ADS_Final/blob/main/Data/diem_chuan_2024_final.csv
SPH,7140231A,Sư phạm Tiếng Anh,D01,27.75,Điểm thi THPT,,2024,https://github.com/HTNam1710/ADS_Final/blob/main/Data/diem_chuan_2024_final.csv
SPH,7140233C,Sư phạm Tiếng Pháp,D15; D42; D44,26.59,Điểm thi THPT,,2024,https://github.com/HTNam1710/ADS_Final/blob/main/Data/diem_chuan_2024_final.csv
SPH,7140233D,Sư phạm Tiếng Pháp,D01; D02; D03,26.59,Điểm thi THPT,,2024,https://github.com/HTNam1710/ADS_Final/blob/main/Data/diem_chuan_2024_final.csv
SPH,7140246A,Sư phạm Công nghệ,A00,24.55,Điểm thi THPT,,2024,https://github.com/HTNam1710/ADS_Final/blob/main/Data/diem_chuan_2024_final.csv
SPH,7140246B,Sư phạm Công nghệ,A01,24.55,Điểm thi THPT,,2024,https://github.com/HTNam1710/ADS_Final/blob/main/Data/diem_chuan_2024_final.csv
SPH,7140247A,Sư phạm Khoa học tự nhiên,A00,26.45,Điểm thi THPT,,2024,https://github.com/HTNam1710/ADS_Final/blob/main/Data/diem_chuan_2024_final.csv
SPH,7140247B,Sư phạm Khoa học tự nhiên,B00,26.45,Điểm thi THPT,,2024,https://github.com/HTNam1710/ADS_Final/blob/main/Data/diem_chuan_2024_final.csv
SPH,7140249A,Sư phạm Lịch sử - Địa lí,C00,28.83,Điểm thi THPT,,2024,https://github.com/HTNam1710/ADS_Final/blob/main/Data/diem_chuan_2024_final.csv
SPH,7220201,Ngôn ngữ Anh,D01,26.99,Điểm thi THPT,,2024,https://github.com/HTNam1710/ADS_Final/blob/main/Data/diem_chuan_2024_final.csv
SPH,7220204A,Ngôn ngữ Trung Quốc,D01,26.74,Điểm thi THPT,,2024,https://github.com/HTNam1710/ADS_Final/blob/main/Data/diem_chuan_2024_final.csv
SPH,7220204B,Ngôn ngữ Trung Quốc,D04,26.74,Điểm thi THPT,,2024,https://github.com/HTNam1710/ADS_Final/blob/main/Data/diem_chuan_2024_final.csv
SPH,7229001B,Triết học (Triết học Mác Lê-nin),C19,27.1,Điểm thi THPT,,2024,https://github.com/HTNam1710/ADS_Final/blob/main/Data/diem_chuan_2024_final.csv
SPH,7229001C,Triết học (Triết học Mác Lê-nin),C00,27.1,Điểm thi THPT,,2024,https://github.com/HTNam1710/ADS_Final/blob/main/Data/diem_chuan_2024_final.csv
SPH,7229030C,Văn học,C00,28.31,Điểm thi THPT,,2024,https://github.com/HTNam1710/ADS_Final/blob/main/Data/diem_chuan_2024_final.csv
SPH,7229030D,Văn học,D01; D02; D03,28.31,Điểm thi THPT,,2024,https://github.com/HTNam1710/ADS_Final/blob/main/Data/diem_chuan_2024_final.csv
SPH,7310201B,Chính trị học,C19,26.86,Điểm thi THPT,,2024,https://github.com/HTNam1710/ADS_Final/blob/main/Data/diem_chuan_2024_final.csv
SPH,7310201C,Chính trị học,D66; D68; D70,26.86,Điểm thi THPT,,2024,https://github.com/HTNam1710/ADS_Final/blob/main/Data/diem_chuan_2024_final.csv
SPH,7310401C,Tâm lý học (Tâm lý học trường học),C00,27.5,Điểm thi THPT,,2024,https://github.com/HTNam1710/ADS_Final/blob/main/Data/diem_chuan_2024_final.csv
SPH,7310401D,Tâm lý học (Tâm lý học trường học),D01; D02; D03,27.5,Điểm thi THPT,,2024,https://github.com/HTNam1710/ADS_Final/blob/main/Data/diem_chuan_2024_final.csv
SPH,7310403C,Tâm lý học giáo dục,C00,28,Điểm thi THPT,,2024,https://github.com/HTNam1710/ADS_Final/blob/main/Data/diem_chuan_2024_final.csv
SPH,7310403D,Tâm lý học giáo dục,D01; D02; D03,28,Điểm thi THPT,,2024,https://github.com/HTNam1710/ADS_Final/blob/main/Data/diem_chuan_2024_final.csv
SPH,7310630C,Việt Nam học,C00,26.97,Điểm thi THPT,,2024,https://github.com/HTNam1710/ADS_Final/blob/main/Data/diem_chuan_2024_final.csv
SPH,7310630D,Việt Nam học,D15,26.97,Điểm thi THPT,,2024,https://github.com/HTNam1710/ADS_Final/blob/main/Data/diem_chuan_2024_final.csv
SPH,7420101B,Sinh học,B00,22,Điểm thi THPT,,2024,https://github.com/HTNam1710/ADS_Final/blob/main/Data/diem_chuan_2024_final.csv
SPH,7420101D,Sinh học,D08; D32; D34,22,Điểm thi THPT,,2024,https://github.com/HTNam1710/ADS_Final/blob/main/Data/diem_chuan_2024_final.csv
SPH,7440112A,Hóa học,A00,24.44,Điểm thi THPT,,2024,https://github.com/HTNam1710/ADS_Final/blob/main/Data/diem_chuan_2024_final.csv
SPH,7440112B,Hóa học,B00,24.44,Điểm thi THPT,,2024,https://github.com/HTNam1710/ADS_Final/blob/main/Data/diem_chuan_2024_final.csv
SPH,7460101A,Toán học,A00,26.04,Điểm thi THPT,,2024,https://github.com/HTNam1710/ADS_Final/blob/main/Data/diem_chuan_2024_final.csv
SPH,7460101D,Toán học,D01,26.04,Điểm thi THPT,,2024,https://github.com/HTNam1710/ADS_Final/blob/main/Data/diem_chuan_2024_final.csv
SPH,7480201A,Công nghệ thông tin,A00,24.1,Điểm thi THPT,,2024,https://github.com/HTNam1710/ADS_Final/blob/main/Data/diem_chuan_2024_final.csv
SPH,7480201B,Công nghệ thông tin,A01,24.1,Điểm thi THPT,,2024,https://github.com/HTNam1710/ADS_Final/blob/main/Data/diem_chuan_2024_final.csv
SPH,7760101C,Công tác xã hội,C00,26.5,Điểm thi THPT,,2024,https://github.com/HTNam1710/ADS_Final/blob/main/Data/diem_chuan_2024_final.csv
SPH,7760101D,Công tác xã hội,D01; D02; D03,26.5,Điểm thi THPT,,2024,https://github.com/HTNam1710/ADS_Final/blob/main/Data/diem_chuan_2024_final.csv
SPH,7760103C,Hỗ trợ giáo dục người khuyết tật,C00,25.17,Điểm thi THPT,,2024,https://github.com/HTNam1710/ADS_Final/blob/main/Data/diem_chuan_2024_final.csv
SPH,7760103D,Hỗ trợ giáo dục người khuyết tật,D01; D02; D03,25.17,Điểm thi THPT,,2024,https://github.com/HTNam1710/ADS_Final/blob/main/Data/diem_chuan_2024_final.csv
SPH,7810103C,Quản trị dịch vụ du lịch và lữ hành,C00,27.47,Điểm thi THPT,,2024,https://github.com/HTNam1710/ADS_Final/blob/main/Data/diem_chuan_2024_final.csv
SPH,7810103D,Quản trị dịch vụ du lịch và lữ hành,D15,27.47,Điểm thi THPT,,2024,https://github.com/HTNam1710/ADS_Final/blob/main/Data/diem_chuan_2024_final.csv
TMU,TM01,Quản trị kinh doanh (Quản trị kinh doanh),A00; A01; D01; D07,26.1,Điểm thi THPT,,2024,https://github.com/HTNam1710/ADS_Final/blob/main/Data/diem_chuan_2024_final.csv
TMU,TM02,Quản trị kinh doanh (Quản trị kinh doanh - Chương trình định hướng chuyên sâu nghề nghiệp quốc tế - IPOP),A00; A01; D01; D07,25.15,Điểm thi THPT,,2024,https://github.com/HTNam1710/ADS_Final/blob/main/Data/diem_chuan_2024_final.csv
TMU,TM03,Quản trị kinh doanh (Khởi nghiệp và phát triển kinh doanh),A00; A01; D01; D07,25.55,Điểm thi THPT,,2024,https://github.com/HTNam1710/ADS_Final/blob/main/Data/diem_chuan_2024_final.csv
TMU,TM04,Marketing (Marketing thương mại),A00; A01; D01; D07,27,Điểm thi THPT,,2024,https://github.com/HTNam1710/ADS_Final/blob/main/Data/diem_chuan_2024_final.csv
TMU,TM05,Marketing (Quản trị thương hiệu),A00; A01; D01; D07,26.75,Điểm thi THPT,,2024,https://github.com/HTNam1710/ADS_Final/blob/main/Data/diem_chuan_2024_final.csv
TMU,TM06,Logistics và Quản lý chuỗi cung ứng (Logistics và Quản lý chuỗi cung ứng),A00; A01; D01; D07,26.9,Điểm thi THPT,,2024,https://github.com/HTNam1710/ADS_Final/blob/main/Data/diem_chuan_2024_final.csv
TMU,TM07,Kế toán (Kế toán doanh nghiệp),A00; A01; D01; D07,26.15,Điểm thi THPT,,2024,https://github.com/HTNam1710/ADS_Final/blob/main/Data/diem_chuan_2024_final.csv
TMU,TM08,Kế toán (Kế toán tích hợp chứng chỉ quốc tế ICAEW CFAB - Chương trình định hướng chuyên sâu nghề nghiệp quốc tế -IPOP),A00; A01; D01; D07,25,Điểm thi THPT,,2024,https://github.com/HTNam1710/ADS_Final/blob/main/Data/diem_chuan_2024_final.csv
TMU,TM09,Kế toán (Kế toán công),A00; A01; D01; D07,25.9,Điểm thi THPT,,2024,https://github.com/HTNam1710/ADS_Final/blob/main/Data/diem_chuan_2024_final.csv
TMU,TM10,Kiểm toán (Kiểm toán),A00; A01; D01; D07,26,Điểm thi THPT,,2024,https://github.com/HTNam1710/ADS_Final/blob/main/Data/diem_chuan_2024_final.csv
TMU,TM11,Kinh doanh quốc tế (Thương mại quốc tế),A00; A01; D01; D07,26.6,Điểm thi THPT,,2024,https://github.com/HTNam1710/ADS_Final/blob/main/Data/diem_chuan_2024_final.csv
TMU,TM12,Kinh tế quốc tế (Kinh tế quốc tế),A00; A01; D01; D07,26.5,Điểm thi THPT,,2024,https://github.com/HTNam1710/ADS_Final/blob/main/Data/diem_chuan_2024_final.csv
TMU,TM13,Kinh tế (Quản lý kinh tế),A00; A01; D01; D07,25.9,Điểm thi THPT,,2024,https://github.com/HTNam1710/ADS_Final/blob/main/Data/diem_chuan_2024_final.csv
TMU,TM14,Tài chính - Ngân hàng (Tài chính - Ngân hàng thương mại),A00; A01; D01; D07,26.15,Điểm thi THPT,,2024,https://github.com/HTNam1710/ADS_Final/blob/main/Data/diem_chuan_2024_final.csv
TMU,TM15,Tài chính - Ngân hàng (Tài chính - Ngân hàng thương mại - Chương trình định hướng chuyên sâu nghề nghiệp quốc tế -IPOP),A00; A01; D01; D07,25.1,Điểm thi THPT,,2024,https://github.com/HTNam1710/ADS_Final/blob/main/Data/diem_chuan_2024_final.csv
TMU,TM16,Tài chính - Ngân hàng (Tài chính công),A00; A01; D01; D07,25.95,Điểm thi THPT,,2024,https://github.com/HTNam1710/ADS_Final/blob/main/Data/diem_chuan_2024_final.csv
TMU,TM17,Thương mại điện từ (Quản trị Thương mại điện tử),A00; A01; D01; D07,27,Điểm thi THPT,,2024,https://github.com/HTNam1710/ADS_Final/blob/main/Data/diem_chuan_2024_final.csv
TMU,TM18,Ngôn ngữ Anh (Tiếng Anh thương mại),A01; D01; D07,26.05,Điểm thi THPT,,2024,https://github.com/HTNam1710/ADS_Final/blob/main/Data/diem_chuan_2024_final.csv
TMU,TM19,Luật kinh tế (Luật kinh tế),A00; A01; D01; D07,25.8,Điểm thi THPT,,2024,https://github.com/HTNam1710/ADS_Final/blob/main/Data/diem_chuan_2024_final.csv
TMU,TM20,Quản trị kinh doanh (Tiếng Pháp thương mại),A00; A01; D01; D03,25.5,Điểm thi THPT,,2024,https://github.com/HTNam1710/ADS_Final/blob/main/Data/diem_chuan_2024_final.csv
TMU,TM21,Ngôn ngữ Trung Quốc (Tiếng Trung thương mại),A00; A01; D01; D04,26.5,Điểm thi THPT,,2024,https://github.com/HTNam1710/ADS_Final/blob/main/Data/diem_chuan_2024_final.csv
TMU,TM22,Hệ thống thông tin quản lý (Quản trị Hệ thống thông tin),A00; A01; D01; D07,26,Điểm thi THPT,,2024,https://github.com/HTNam1710/ADS_Final/blob/main/Data/diem_chuan_2024_final.csv
TMU,TM23,Quản trị nhân lực (Quản trị nhân lực doanh nghiệp),A00; A01; D01; D07,26.15,Điểm thi THPT,,2024,https://github.com/HTNam1710/ADS_Final/blob/main/Data/diem_chuan_2024_final.csv
TMU,TM24,Quản trị khách sạn (Quản trị khách sạn - Chương trình định hướng nghề nghiệp),A00; A01; D01; D07,25.5,Điểm thi THPT,,2024,https://github.com/HTNam1710/ADS_Final/blob/main/Data/diem_chuan_2024_final.csv
TMU,TM25,Quản trị dịch vụ du lịch và lữ hành (Quản trị dịch vụ du lịch và lữ hành - Chương trình định hướng nghề nghiệp),A00; A01; D01; D07,25.5,Điểm thi THPT,,2024,https://github.com/HTNam1710/ADS_Final/blob/main/Data/diem_chuan_2024_final.csv
TMU,TM26,Hệ thống thông tin quản lý (Quản trị Hệ thống thông tin - Chương trình định hướng nghề nghiệp),A00; A01; D01; D07,25.5,Điểm thi THPT,,2024,https://github.com/HTNam1710/ADS_Final/blob/main/Data/diem_chuan_2024_final.csv
TMU,TM27,Quản trị nhân lực (Quản trị nhân lực doanh nghiệp - Chương trình định hướng chuyên sâu nghề nghiệp quốc tế - IPOP),A00; A01; D01; D07,25,Điểm thi THPT,,2024,https://github.com/HTNam1710/ADS_Final/blob/main/Data/diem_chuan_2024_final.csv
TMU,TM28,Marketing (Marketing số),A00; A01; D01; D07,26.75,Điểm thi THPT,,2024,https://github.com/HTNam1710/ADS_Final/blob/main/Data/diem_chuan_2024_final.csv
TMU,TM29,Luật kinh tế (Luật Thương mại quốc tế),A00; A01; D01; D07,25.6,Điểm thi THPT,,2024,https://github.com/HTNam1710/ADS_Final/blob/main/Data/diem_chuan_2024_final.csv
TMU,TM30,Thương mại điện tử (Kinh doanh số),A00; A01; D01; D07,26.2,Điểm thi THPT,,2024,https://github.com/HTNam1710/ADS_Final/blob/main/Data/diem_chuan_2024_final.csv
TMU,TM31,Quàn trị khách sạn (Quản trị khách sạn),A00; A01; D01; D07,25.55,Điểm thi THPT,,2024,https://github.com/HTNam1710/ADS_Final/blob/main/Data/diem_chuan_2024_final.csv
TMU,TM32,Quản trị dịch vụ du lịch và lữ hành (Quản trị dịch vụ du lịch và lữ hành),A00; A01; D01; D07,25.55,Điểm thi THPT,,2024,https://github.com/HTNam1710/ADS_Final/blob/main/Data/diem_chuan_2024_final.csv
TMU,TM33,Kinh tế số (Phân tích kinh doanh trong môi trường số),A00; A01; D01; D07,26.1,Điểm thi THPT,,2024,https://github.com/HTNam1710/ADS_Final/blob/main/Data/diem_chuan_2024_final.csv
TMU,TM34,Quản trị khách sạn (Quản trị khách sạn - Chương trình định hướng chuyên sâu nghề nghiệp quốc tế - IPOP),A00; A01; D01; D07,25,Điểm thi THPT,,2024,https://github.com/HTNam1710/ADS_Final/blob/main/Data/diem_chuan_2024_final.csv
TMU,TM35,Marketing (Marketing thương mại - Chương trình định hướng chuyên sâu nghề nghiệp quốc tế - IPOP),A00; A01; D01; D07,26,Điểm thi THPT,,2024,https://github.com/HTNam1710/ADS_Final/blob/main/Data/diem_chuan_2024_final.csv
TMU,TM36,Kinh doanh quốc tế (Thương mại quốc tế - Chương trình định hướng chuyên sâu nghề nghiệp quốc tế - 1P0P),A00; A01; D01; D07,25.5,Điểm thi THPT,,2024,https://github.com/HTNam1710/ADS_Final/blob/main/Data/diem_chuan_2024_final.csv
TMU,TM37,Logistics và Quản lý chuỗi cung ứng (Logistics và xuất nhập khẩu - Chương trình định hướng chuyên sâu nghề nghiệp quốc tế - IPOP),A00; A01; D01; D07,25.35,Điểm thi THPT,,2024,https://github.com/HTNam1710/ADS_Final/blob/main/Data/diem_chuan_2024_final.csv
TMU,TM38,Tài chính - Ngân hàng (Công nghệ Tài chính ngân hàng),A00; A01; D01; D07,25.5,Điểm thi THPT,,2024,https://github.com/HTNam1710/ADS_Final/blob/main/Data/diem_chuan_2024_final.csv
SPS,51140201,Giáo dục Mầm non (trình độ CĐ),M02; M03,18.7,Điểm thi THPT,Phân hiệu Long An,2024,https://github.com/HTNam1710/ADS_Final/blob/main/Data/diem_chuan_2024_final.csv
SPS,7140101,Giáo dục học,D01; A00; A01; C14,24.82,Điểm thi THPT,,2024,https://github.com/HTNam1710/ADS_Final/blob/main/Data/diem_chuan_2024_final.csv
SPS,7140114,Quản lý giáo dục,D01; A00; A01; C14,25.22,Điểm thi THPT,,2024,https://github.com/HTNam1710/ADS_Final/blob/main/Data/diem_chuan_2024_final.csv
SPS,7140201,Giáo dục Mầm non,M02; M03,24.24,Điểm thi THPT,,2024,https://github.com/HTNam1710/ADS_Final/blob/main/Data/diem_chuan_2024_final.csv
SPS,7140201_LA,Giáo dục Mầm non,M02; M03,22,Điểm thi THPT,Phân hiệu Long An,2024,https://github.com/HTNam1710/ADS_Final/blob/main/Data/diem_chuan_2024_final.csv
SPS,7140202,Giáo dục Tiểu học,A00; A01; D01,26.13,Điểm thi THPT,,2024,https://github.com/HTNam1710/ADS_Final/blob/main/Data/diem_chuan_2024_final.csv
SPS,7140202_LA,Giáo dục Tiểu học,A00; A01; D01,24.73,Điểm thi THPT,Phân hiệu Long An,2024,https://github.com/HTNam1710/ADS_Final/blob/main/Data/diem_chuan_2024_final.csv
SPS,7140203,Giáo dục Đặc biệt,C00; C15; D01,26.5,Điểm thi THPT,,2024,https://github.com/HTNam1710/ADS_Final/blob/main/Data/diem_chuan_2024_final.csv
SPS,7140204,Giáo dục công dân,C00; C19; D01,27.34,Điểm thi THPT,,2024,https://github.com/HTNam1710/ADS_Final/blob/main/Data/diem_chuan_2024_final.csv
SPS,7140205,Giáo dục Chính trị,C00; C19; D01,27.58,Điểm thi THPT,,2024,https://github.com/HTNam1710/ADS_Final/blob/main/Data/diem_chuan_2024_final.csv
SPS,7140206,Giáo dục Thể chất,M08; T01,26.71,Điểm thi THPT,,2024,https://github.com/HTNam1710/ADS_Final/blob/main/Data/diem_chuan_2024_final.csv
SPS,7140206_LA,Giáo dục Thể chất,M08; T01,24.77,Điểm thi THPT,Phân hiệu Long An,2024,https://github.com/HTNam1710/ADS_Final/blob/main/Data/diem_chuan_2024_final.csv
SPS,7140208,Giáo dục Quốc phòng - An ninh,A08; C00; C19,27.28,Điểm thi THPT,,2024,https://github.com/HTNam1710/ADS_Final/blob/main/Data/diem_chuan_2024_final.csv
SPS,7140209,Sư phạm Toán học,A00; A01,27.6,Điểm thi THPT,,2024,https://github.com/HTNam1710/ADS_Final/blob/main/Data/diem_chuan_2024_final.csv
SPS,7140209_LA,Sư phạm Toán học,A00; A01,26.18,Điểm thi THPT,Phân hiệu Long An,2024,https://github.com/HTNam1710/ADS_Final/blob/main/Data/diem_chuan_2024_final.csv
SPS,7140210,Sư phạm Tin học,A00; A01; B08,24.73,Điểm thi THPT,,2024,https://github.com/HTNam1710/ADS_Final/blob/main/Data/diem_chuan_2024_final.csv
SPS,7140211,Sư phạm Vật lý,A00; A01; C01,27.25,Điểm thi THPT,,2024,https://github.com/HTNam1710/ADS_Final/blob/main/Data/diem_chuan_2024_final.csv
SPS,7140212,Sư phạm Hoá học,A00; B00; D07,27.67,Điểm thi THPT,,2024,https://github.com/HTNam1710/ADS_Final/blob/main/Data/diem_chuan_2024_final.csv
SPS,7140213,Sư phạm Sinh học,B00; D08,26.22,Điểm thi THPT,,2024,https://github.com/HTNam1710/ADS_Final/blob/main/Data/diem_chuan_2024_final.csv
SPS,7140217,Sư phạm Ngữ văn,C00; D01; D78,28.6,Điểm thi THPT,,2024,https://github.com/HTNam1710/ADS_Final/blob/main/Data/diem_chuan_2024_final.csv
SPS,7140217_LA,Sư phạm Ngữ văn,C00; D01; D78,27.2,Điểm thi THPT,Phân hiệu Long An,2024,https://github.com/HTNam1710/ADS_Final/blob/main/Data/diem_chuan_2024_final.csv
SPS,7140218,Sư phạm Lịch sử,C00; D14,28.6,Điểm thi THPT,,2024,https://github.com/HTNam1710/ADS_Final/blob/main/Data/diem_chuan_2024_final.csv
SPS,7140219,Sư phạm Địa lý,C00; C04; D15; D78,28.37,Điểm thi THPT,,2024,https://github.com/HTNam1710/ADS_Final/blob/main/Data/diem_chuan_2024_final.csv
SPS,7140231,Sư phạm Tiếng Anh,D01,27.01,Điểm thi THPT,,2024,https://github.com/HTNam1710/ADS_Final/blob/main/Data/diem_chuan_2024_final.csv
SPS,7140231_LA,Sư phạm Tiếng Anh,D01,25.47,Điểm thi THPT,Phân hiệu Long An,2024,https://github.com/HTNam1710/ADS_Final/blob/main/Data/diem_chuan_2024_final.csv
SPS,7140232,Sư phạm Tiếng Nga,D01; D02; D78; D80,23.69,Điểm thi THPT,,2024,https://github.com/HTNam1710/ADS_Final/blob/main/Data/diem_chuan_2024_final.csv
SPS,7140233,Sư phạm Tiếng Pháp,D01; D03,24.93,Điểm thi THPT,,2024,https://github.com/HTNam1710/ADS_Final/blob/main/Data/diem_chuan_2024_final.csv
SPS,7140234,Sư phạm Tiếng Trung Quốc,D01; D04,26.44,Điểm thi THPT,,2024,https://github.com/HTNam1710/ADS_Final/blob/main/Data/diem_chuan_2024_final.csv
SPS,7140246,Sư phạm công nghệ,A00; A01; A02; D90,24.31,Điểm thi THPT,,2024,https://github.com/HTNam1710/ADS_Final/blob/main/Data/diem_chuan_2024_final.csv
SPS,7140247,Sư phạm khoa học tự nhiên,A00; A02; B00; D90,25.6,Điểm thi THPT,,2024,https://github.com/HTNam1710/ADS_Final/blob/main/Data/diem_chuan_2024_final.csv
SPS,7140249,Sư phạm Lịch sử - Địa lý,C00; C19; C20; D78,27.75,Điểm thi THPT,,2024,https://github.com/HTNam1710/ADS_Final/blob/main/Data/diem_chuan_2024_final.csv
SPS,7220201,Ngôn ngữ Anh,D01,25.86,Điểm thi THPT,,2024,https://github.com/HTNam1710/ADS_Final/blob/main/Data/diem_chuan_2024_final.csv
SPS,7220202,Ngôn ngữ Nga,D01; D02; D78; D80,22,Điểm thi THPT,,2024,https://github.com/HTNam1710/ADS_Final/blob/main/Data/diem_chuan_2024_final.csv
SPS,7220203,Ngôn ngữ Pháp,D01; D03,22.7,Điểm thi THPT,,2024,https://github.com/HTNam1710/ADS_Final/blob/main/Data/diem_chuan_2024_final.csv
SPS,7220204,Ngôn ngữ Trung Quốc,D01; D04,25.05,Điểm thi THPT,,2024,https://github.com/HTNam1710/ADS_Final/blob/main/Data/diem_chuan_2024_final.csv
SPS,7220209,Ngôn ngữ Nhật,D01; D06,23.77,Điểm thi THPT,,2024,https://github.com/HTNam1710/ADS_Final/blob/main/Data/diem_chuan_2024_final.csv
SPS,7220210,Ngôn ngữ Hàn quốc,D01; D78; D96; DD2,25.02,Điểm thi THPT,,2024,https://github.com/HTNam1710/ADS_Final/blob/main/Data/diem_chuan_2024_final.csv
SPS,7229030,Văn học,C00; D01; D78,26.62,Điểm thi THPT,,2024,https://github.com/HTNam1710/ADS_Final/blob/main/Data/diem_chuan_2024_final.csv
SPS,7310401,Tâm lý học,B00; C00; D01,27.1,Điểm thi THPT,,2024,https://github.com/HTNam1710/ADS_Final/blob/main/Data/diem_chuan_2024_final.csv
SPS,7310403,Tâm lý học giáo dục,A00; C00; D01,26.03,Điểm thi THPT,,2024,https://github.com/HTNam1710/ADS_Final/blob/main/Data/diem_chuan_2024_final.csv
SPS,7310501,Địa lý học,C00; D10; D15; D78,25.17,Điểm thi THPT,,2024,https://github.com/HTNam1710/ADS_Final/blob/main/Data/diem_chuan_2024_final.csv
SPS,7310601,Quốc tế học,D01; D14; D78,24.42,Điểm thi THPT,,2024,https://github.com/HTNam1710/ADS_Final/blob/main/Data/diem_chuan_2024_final.csv
SPS,7310630,Việt Nam học,C00; D01; D78,25.28,Điểm thi THPT,,2024,https://github.com/HTNam1710/ADS_Final/blob/main/Data/diem_chuan_2024_final.csv
SPS,7420203,Sinh học ứng dụng,B00; D08,21.9,Điểm thi THPT,,2024,https://github.com/HTNam1710/ADS_Final/blob/main/Data/diem_chuan_2024_final.csv
SPS,7440102,Vật lý học,A00; A01; D90,24.44,Điểm thi THPT,,2024,https://github.com/HTNam1710/ADS_Final/blob/main/Data/diem_chuan_2024_final.csv
SPS,7440112,Hoá học,A00; B00; D07,24.65,Điểm thi THPT,,2024,https://github.com/HTNam1710/ADS_Final/blob/main/Data/diem_chuan_2024_final.csv
SPS,7480201,Công nghệ thông tin,A00; A01; B08,23.05,Điểm thi THPT,,2024,https://github.com/HTNam1710/ADS_Final/blob/main/Data/diem_chuan_2024_final.csv
SPS,7760101,Công tác xã hội,A00; C00; D01,24.44,Điểm thi THPT,,2024,https://github.com/HTNam1710/ADS_Final/blob/main/Data/diem_chuan_2024_final.csv
SPS,7810101,Du lịch,C00; C04; D01; D78,25.25,Điểm thi THPT,,2024,https://github.com/HTNam1710/ADS_Final/blob/main/Data/diem_chuan_2024_final.csv
YDS,7720101,Y khoa,B00,27.8,Điểm thi THPT,,2024,https://github.com/HTNam1710/ADS_Final/blob/main/Data/diem_chuan_2024_final.csv
YDS,7720110,Y học dự phòng,B00; A00,23.25,Điểm thi THPT,,2024,https://github.com/HTNam1710/ADS_Final/blob/main/Data/diem_chuan_2024_final.csv
YDS,7720115,Y học cố truyền,B00,24.8,Điểm thi THPT,,2024,https://github.com/HTNam1710/ADS_Final/blob/main/Data/diem_chuan_2024_final.csv
YDS,7720201,Dược học,B00; A00,25.72,Điểm thi THPT,,2024,https://github.com/HTNam1710/ADS_Final/blob/main/Data/diem_chuan_2024_final.csv
YDS,7720203,Hóa dược,B00; A00,25.23,Điểm thi THPT,,2024,https://github.com/HTNam1710/ADS_Final/blob/main/Data/diem_chuan_2024_final.csv
YDS,7720301,Điều dưỡng,B00; A00,24.03,Điểm thi THPT,,2024,https://github.com/HTNam1710/ADS_Final/blob/main/Data/diem_chuan_2024_final.csv
YDS,7720301_03,Điều dưỡng chuyên ngành Gây mê hồi sức,B00; A00,24.5,Điểm thi THPT,,2024,https://github.com/HTNam1710/ADS_Final/blob/main/Data/diem_chuan_2024_final.csv
YDS,7720302,Hộ sinh,B00; A00,22.8,Điểm thi THPT,,2024,https://github.com/HTNam1710/ADS_Final/blob/main/Data/diem_chuan_2024_final.csv
YDS,7720401,Dinh dưỡng,B00; A00,24.1,Điểm thi THPT,,2024,https://github.com/HTNam1710/ADS_Final/blob/main/Data/diem_chuan_2024_final.csv
YDS,7720501,Răng - Hàm - Mặt,B00,27.35,Điểm thi THPT,,2024,https://github.com/HTNam1710/ADS_Final/blob/main/Data/diem_chuan_2024_final.csv
YDS,7720502,Kỹ thuật phục hình răng,B00; A00,24.8,Điểm thi THPT,,2024,https://github.com/HTNam1710/ADS_Final/blob/main/Data/diem_chuan_2024_final.csv
YDS,7720601,Kỹ thuật xét nghiệm y học,B00; A00,25.02,Điểm thi THPT,,2024,https://github.com/HTNam1710/ADS_Final/blob/main/Data/diem_chuan_2024_final.csv
YDS,7720602,Kỹ thuật hình ảnh y học,B00; A00,24.35,Điểm thi THPT,,2024,https://github.com/HTNam1710/ADS_Final/blob/main/Data/diem_chuan_2024_final.csv
YDS,7720603,Kỹ thuật phục hồi chức năng,B00; A00,24.04,Điểm thi THPT,,2024,https://github.com/HTNam1710/ADS_Final/blob/main/Data/diem_chuan_2024_final.csv
YDS,7720701,Y tế công cộng,B00; A00,21.45,Điểm thi THPT,,2024,https://github.com/HTNam1710/ADS_Final/blob/main/Data/diem_chuan_2024_final.csv
QHI,CN1,Công nghệ thông tin,A00; A01; D01,27.8,Điểm thi THPT,,2024,https://github.com/HTNam1710/ADS_Final/blob/main/Data/diem_chuan_2024_final.csv
QHI,CN10,Công nghệ nông nghiệp,A00; A01; B00,22.5,Điểm thi THPT,,2024,https://github.com/HTNam1710/ADS_Final/blob/main/Data/diem_chuan_2024_final.csv
QHI,CN11,Kỹ thuật điều khiển và tự động hoá,A00; A01; D01,27.05,Điểm thi THPT,,2024,https://github.com/HTNam1710/ADS_Final/blob/main/Data/diem_chuan_2024_final.csv
QHI,CN12,Trí tuệ nhân tạo,A00; A01; D01,27.12,Điểm thi THPT,,2024,https://github.com/HTNam1710/ADS_Final/blob/main/Data/diem_chuan_2024_final.csv
QHI,CN13,Kỹ thuật năng lượng,A00; A01; D01,24.59,Điểm thi THPT,,2024,https://github.com/HTNam1710/ADS_Final/blob/main/Data/diem_chuan_2024_final.csv
QHI,CN14,Hệ thống thông tin,A00; A01; D01,26.87,Điểm thi THPT,,2024,https://github.com/HTNam1710/ADS_Final/blob/main/Data/diem_chuan_2024_final.csv
QHI,CN15,Mạng máy tính và truyền thông dữ liệu,A00; A01; D01,26.92,Điểm thi THPT,,2024,https://github.com/HTNam1710/ADS_Final/blob/main/Data/diem_chuan_2024_final.csv
QHI,CN17,Kỹ thuật Robot,A00; A01; D01,25.99,Điểm thi THPT,,2024,https://github.com/HTNam1710/ADS_Final/blob/main/Data/diem_chuan_2024_final.csv
QHI,CN18,Thiết kế công nghiệp và đồ họa,A00; A01; D01,24.64,Điểm thi THPT,,2024,https://github.com/HTNam1710/ADS_Final/blob/main/Data/diem_chuan_2024_final.csv
QHI,CN2,Kỹ thuật máy tính,A00; A01; D01,26.97,Điểm thi THPT,,2024,https://github.com/HTNam1710/ADS_Final/blob/main/Data/diem_chuan_2024_final.csv
QHI,CN3,Vật lý kỹ thuật,A00; A01; D01,25.24,Điểm thi THPT,,2024,https://github.com/HTNam1710/ADS_Final/blob/main/Data/diem_chuan_2024_final.csv
QHI,CN4,Cơ kỹ thuật,A00; A01; D01,26.03,Điểm thi THPT,,2024,https://github.com/HTNam1710/ADS_Final/blob/main/Data/diem_chuan_2024_final.csv
QHI,CN5,Công nghệ kỹ thuật xây dựng,A00; A01; D01,23.91,Điểm thi THPT,,2024,https://github.com/HTNam1710/ADS_Final/blob/main/Data/diem_chuan_2024_final.csv
QHI,CN6,Công nghệ kỹ thuật cơ – điện tử,A00; A01; D01,26.27,Điểm thi THPT,,2024,https://github.com/HTNam1710/ADS_Final/blob/main/Data/diem_chuan_2024_final.csv
QHI,CN7,Công nghệ hàng không vũ trụ,A00; A01; D01,24.61,Điểm thi THPT,,2024,https://github.com/HTNam1710/ADS_Final/blob/main/Data/diem_chuan_2024_final.csv
QHI,CN8,Khoa học máy tính,A00; A01; D01,27.58,Điểm thi THPT,,2024,https://github.com/HTNam1710/ADS_Final/blob/main/Data/diem_chuan_2024_final.csv
QHI,CN9,Công nghệ kỹ thuật điện tử – viễn thông,A00; A01; D01,26.3,Điểm thi THPT,,2024,https://github.com/HTNam1710/ADS_Final/blob/main/Data/diem_chuan_2024_final.csv
HNM,7140114,Quản lý giáo dục,D78; D14; D01; C00,26.03,Điểm thi THPT,,2024,https://github.com/HTNam1710/ADS_Final/blob/main/Data/diem_chuan_2024_final.csv
HNM,7140201,Giáo dục Mầm non,D96; D90; D72; D01,24.45,Điểm thi THPT,,2024,https://github.com/HTNam1710/ADS_Final/blob/main/Data/diem_chuan_2024_final.csv
HNM,7140202,Giáo dục Tiểu học,D96; D78; D72; D01,26.26,Điểm thi THPT,,2024,https://github.com/HTNam1710/ADS_Final/blob/main/Data/diem_chuan_2024_final.csv
HNM,7140204,Giáo dục Công dân,D84; D66; D78; D96,25.99,Điểm thi THPT,,2024,https://github.com/HTNam1710/ADS_Final/blob/main/Data/diem_chuan_2024_final.csv
HNM,7140206,Giáo dục Thể chất,T09; T10; T05; T08,24,Điểm thi THPT,,2024,https://github.com/HTNam1710/ADS_Final/blob/main/Data/diem_chuan_2024_final.csv
HNM,7140209,Sư phạm Toán học,A01; D07; D90; D01,26.5,Điểm thi THPT,,2024,https://github.com/HTNam1710/ADS_Final/blob/main/Data/diem_chuan_2024_final.csv
HNM,7140211,Sư phạm Vật lý,A01; D07; D90; D11,25.65,Điểm thi THPT,,2024,https://github.com/HTNam1710/ADS_Final/blob/main/Data/diem_chuan_2024_final.csv
HNM,7140217,Sư phạm Ngữ văn,D14; D15; D78; D01,26.58,Điểm thi THPT,,2024,https://github.com/HTNam1710/ADS_Final/blob/main/Data/diem_chuan_2024_final.csv
HNM,7140218,Sư phạm Lịch sử,D14; D09; D78; D96,26.18,Điểm thi THPT,,2024,https://github.com/HTNam1710/ADS_Final/blob/main/Data/diem_chuan_2024_final.csv
HNM,7220201,Ngôn ngữ Anh,D14; D15; D78; D01,26.1,Điểm thi THPT,,2024,https://github.com/HTNam1710/ADS_Final/blob/main/Data/diem_chuan_2024_final.csv
HNM,7220204,Ngôn ngữ Trung Quốc,D14; D15; D78; D01,26.25,Điểm thi THPT,,2024,https://github.com/HTNam1710/ADS_Final/blob/main/Data/diem_chuan_2024_final.csv
HNM,7229030,Văn học,D78; D14; D01; C00,27.08,Điểm thi THPT,,2024,https://github.com/HTNam1710/ADS_Final/blob/main/Data/diem_chuan_2024_final.csv
HNM,7229040,Văn hóa học,C00; C20; D01; D14,25.75,Điểm thi THPT,,2024,https://github.com/HTNam1710/ADS_Final/blob/main/Data/diem_chuan_2024_final.csv
HNM,7310201,Chính trị học,C00; D78; D66; D01,24.65,Điểm thi THPT,,2024,https://github.com/HTNam1710/ADS_Final/blob/main/Data/diem_chuan_2024_final.csv
HNM,7310401,Tâm lý học,D96; D14; D01; C00,26.63,Điểm thi THPT,,2024,https://github.com/HTNam1710/ADS_Final/blob/main/Data/diem_chuan_2024_final.csv
HNM,7310630,Việt Nam học,C00; D96; A00; D01,26.36,Điểm thi THPT,,2024,https://github.com/HTNam1710/ADS_Final/blob/main/Data/diem_chuan_2024_final.csv
HNM,7340101,Quản trị kinh doanh,C00; D96; A00; D01,26.62,Điểm thi THPT,,2024,https://github.com/HTNam1710/ADS_Final/blob/main/Data/diem_chuan_2024_final.csv
HNM,7340201,Tài chính - Ngân hàng,A00; A01; D01; D96,24.49,Điểm thi THPT,,2024,https://github.com/HTNam1710/ADS_Final/blob/main/Data/diem_chuan_2024_final.csv
HNM,7340403,Quản lý công,C00; D96; A00; D01,23.47,Điểm thi THPT,,2024,https://github.com/HTNam1710/ADS_Final/blob/main/Data/diem_chuan_2024_final.csv
HNM,7380101,Luật,C00; D78; D66; D01,26.5,Điểm thi THPT,,2024,https://github.com/HTNam1710/ADS_Final/blob/main/Data/diem_chuan_2024_final.csv
HNM,7460112,Toán ứng dụng,A01; A00; D07; D01,24.68,Điểm thi THPT,,2024,https://github.com/HTNam1710/ADS_Final/blob/main/Data/diem_chuan_2024_final.csv
HNM,7480201,Công nghệ thông tin,A01; A00; D07; D01,23.65,Điểm thi THPT,,2024,https://github.com/HTNam1710/ADS_Final/blob/main/Data/diem_chuan_2024_final.csv
HNM,7510406,Công nghệ kỹ thuật môi trường,A01; A00; D07; D01,18.9,Điểm thi THPT,,2024,https://github.com/HTNam1710/ADS_Final/blob/main/Data/diem_chuan_2024_final.csv
HNM,7510605,Logistics và quản lý chuỗi cung ứng,C00; D96; A00; D01,26.86,Điểm thi THPT,,2024,https://github.com/HTNam1710/ADS_Final/blob/main/Data/diem_chuan_2024_final.csv
HNM,7760101,Công tác xã hội,D78; D14; D01; C00,24.87,Điểm thi THPT,,2024,https://github.com/HTNam1710/ADS_Final/blob/main/Data/diem_chuan_2024_final.csv
HNM,7810103,Quản trị dịch vụ du lịch và lữ hành,D15; D78; D14; D01,24.88,Điểm thi THPT,,2024,https://github.com/HTNam1710/ADS_Final/blob/main/Data/diem_chuan_2024_final.csv
HNM,7810201,Quản trị khách sạn,D15; D78; D14; D01,24.8,Điểm thi THPT,,2024,https://github.com/HTNam1710/ADS_Final/blob/main/Data/diem_chuan_2024_final.csv
HNM,7850201,Bảo hộ lao động,A00; A01; D01; D07,26.5,Điểm thi THPT,,2024,https://github.com/HTNam1710/ADS_Final/blob/main/Data/diem_chuan_2024_final.csv
GHA,7220201,Ngôn ngữ Anh,A00; A01; D01; D07,24.1,Điểm thi THPT,,2024,https://github.com/HTNam1710/ADS_Final/blob/main/Data/diem_chuan_2024_final.csv
GHA,7310101,Kinh tế,A00; A01; D01; D07,25.19,Điểm thi THPT,,2024,https://github.com/HTNam1710/ADS_Final/blob/main/Data/diem_chuan_2024_final.csv
GHA,7340101,Quản trị kinh doanh,A00; A01; D01; D07,25.1,Điểm thi THPT,,2024,https://github.com/HTNam1710/ADS_Final/blob/main/Data/diem_chuan_2024_final.csv
GHA,7340101 QT,Quản trị kinh doanh (Chương trình CLC Quản trị kinh doanh Việt - Anh),A00; A01; D01; D07,23.96,Điểm thi THPT,,2024,https://github.com/HTNam1710/ADS_Final/blob/main/Data/diem_chuan_2024_final.csv
GHA,7340201,Tài chính - Ngân hàng,A00; A01; D01; D07,25.46,Điểm thi THPT,,2024,https://github.com/HTNam1710/ADS_Final/blob/main/Data/diem_chuan_2024_final.csv
GHA,7340301,Kế toán,A00; A01; D01; D07,25.2,Điểm thi THPT,,2024,https://github.com/HTNam1710/ADS_Final/blob/main/Data/diem_chuan_2024_final.csv
GHA,7340301 QT,Kế toán (Chương trình chất lượng cao Kế toán tổng hợp Việt - Anh),A00; A01; D01; D07,23.51,Điểm thi THPT,,2024,https://github.com/HTNam1710/ADS_Final/blob/main/Data/diem_chuan_2024_final.csv
GHA,7460112,Toán ứng dụng,A00; A01; D01; D07,23.91,Điểm thi THPT,,2024,https://github.com/HTNam1710/ADS_Final/blob/main/Data/diem_chuan_2024_final.csv
GHA,7480101,Khoa học máy tính,A00; A01; D07,25.41,Điểm thi THPT,,2024,https://github.com/HTNam1710/ADS_Final/blob/main/Data/diem_chuan_2024_final.csv
GHA,7480106,Kỹ thuật máy tính,A00; A01; D07,24.55,Điểm thi THPT,,2024,https://github.com/HTNam1710/ADS_Final/blob/main/Data/diem_chuan_2024_final.csv
GHA,7480201,Công nghệ thông tin,A00; A01; D07,25.41,Điểm thi THPT,,2024,https://github.com/HTNam1710/ADS_Final/blob/main/Data/diem_chuan_2024_final.csv
GHA,7480201 QT,Công nghệ thông tin (Chương trình chất lượng cao Công nghệ thông tin Việt - Anh),A00; A01; D01; D07,24.4,Điểm thi THPT,,2024,https://github.com/HTNam1710/ADS_Final/blob/main/Data/diem_chuan_2024_final.csv
GHA,7510104,Công nghệ kỹ thuật giao thông,A00; A01; D01; D07,23.37,Điểm thi THPT,,2024,https://github.com/HTNam1710/ADS_Final/blob/main/Data/diem_chuan_2024_final.csv
GHA,7510605,Logistics và quản lý chuỗi cung ứng,A00; A01; D01; D07,26.45,Điểm thi THPT,,2024,https://github.com/HTNam1710/ADS_Final/blob/main/Data/diem_chuan_2024_final.csv
GHA,7520103,Kỹ thuật cơ khí,A00; A01; D01; D07,24.93,Điểm thi THPT,,2024,https://github.com/HTNam1710/ADS_Final/blob/main/Data/diem_chuan_2024_final.csv
GHA,7520103 QT,Kỹ thuật cơ khí (Chương trình chất lượng cao Cơ khí ô tô Việt - Anh),A00; A01; D01; D07,23.84,Điểm thi THPT,,2024,https://github.com/HTNam1710/ADS_Final/blob/main/Data/diem_chuan_2024_final.csv
GHA,7520114,Kỹ thuật cơ điện tử,A00; A01; D01; D07,25.66,Điểm thi THPT,,2024,https://github.com/HTNam1710/ADS_Final/blob/main/Data/diem_chuan_2024_final.csv
GHA,7520115,Kỹ thuật nhiệt,A00; A01; D01; D07,24.25,Điểm thi THPT,,2024,https://github.com/HTNam1710/ADS_Final/blob/main/Data/diem_chuan_2024_final.csv
GHA,7520116,Kỹ thuật cơ khí động lực,A00; A01; D01; D07,23.86,Điểm thi THPT,,2024,https://github.com/HTNam1710/ADS_Final/blob/main/Data/diem_chuan_2024_final.csv
GHA,7520130,Kỹ thuật ô tô,A00; A01; D01; D07,25.35,Điểm thi THPT,,2024,https://github.com/HTNam1710/ADS_Final/blob/main/Data/diem_chuan_2024_final.csv
GHA,7520201,Kỹ thuật điện,A00; A01; D07,24.63,Điểm thi THPT,,2024,https://github.com/HTNam1710/ADS_Final/blob/main/Data/diem_chuan_2024_final.csv
GHA,7520207,Kỹ thuật điện tử - viễn thông,A00; A01; D07,25.15,Điểm thi THPT,,2024,https://github.com/HTNam1710/ADS_Final/blob/main/Data/diem_chuan_2024_final.csv
GHA,7520216,Kỹ thuật điều khiển và tự động hoá,A00; A01; D01; D07,25.89,Điểm thi THPT,,2024,https://github.com/HTNam1710/ADS_Final/blob/main/Data/diem_chuan_2024_final.csv
GHA,7520218,Kỹ thuật robot và trí tuệ nhân tạo,A00; A01; D01; D07,25.15,Điểm thi THPT,,2024,https://github.com/HTNam1710/ADS_Final/blob/main/Data/diem_chuan_2024_final.csv
GHA,7520219,Hệ thống giao thông thông minh,A00; A01; D01; D07,22.8,Điểm thi THPT,,2024,https://github.com/HTNam1710/ADS_Final/blob/main/Data/diem_chuan_2024_final.csv
GHA,7520320,Kỹ thuật môi trường,A00; A01; D01; D07,22.25,Điểm thi THPT,,2024,https://github.com/HTNam1710/ADS_Final/blob/main/Data/diem_chuan_2024_final.csv
GHA,7580101,Kiến trúc,A00; A01; V00; V01,21.6,Điểm thi THPT,,2024,https://github.com/HTNam1710/ADS_Final/blob/main/Data/diem_chuan_2024_final.csv
GHA,7580106,Quản lý đô thị và công trình,A00; A01; D01; D07,23.28,Điểm thi THPT,,2024,https://github.com/HTNam1710/ADS_Final/blob/main/Data/diem_chuan_2024_final.csv
GHA,7580201,Kỹ thuật xây dựng,A00; A01; D01; D07,23.19,Điểm thi THPT,,2024,https://github.com/HTNam1710/ADS_Final/blob/main/Data/diem_chuan_2024_final.csv
GHA,7580201 QT,Kỹ thuật xây dựng (Chương trình tiên tiến Kỹ thuật xây dựng công trình giao thông),A00; A01; D01; D07,21.4,Điểm thi THPT,,2024,https://github.com/HTNam1710/ADS_Final/blob/main/Data/diem_chuan_2024_final.csv
GHA,7580202,Kỹ thuật xây dựng công trình thuỷ,A00; A01; D01; D07,21.15,Điểm thi THPT,,2024,https://github.com/HTNam1710/ADS_Final/blob/main/Data/diem_chuan_2024_final.csv
GHA,7580205,Kỹ thuật xây dựng công trình giao thông,A00; A01; D01; D07,21.15,Điểm thi THPT,,2024,https://github.com/HTNam1710/ADS_Final/blob/main/Data/diem_chuan_2024_final.csv
GHA,7580205 QT,"Kỹ thuật xây dựng công trình giao thông (gồm các Chương trình chất lượng cao: Cầu • Đường bộ Việt • Pháp, Cầu - Đường bộ Việt - Anh, Công trình giao thông đô thị Việt -Nhật)",A00; A01; D01; D03; D07,20.5,Điểm thi THPT,,2024,https://github.com/HTNam1710/ADS_Final/blob/main/Data/diem_chuan_2024_final.csv
GHA,7580210,Kỹ thuật cơ sở hạ tầng,A00; A01; D01; D07,22.65,Điểm thi THPT,,2024,https://github.com/HTNam1710/ADS_Final/blob/main/Data/diem_chuan_2024_final.csv
GHA,7580301,Kinh tế xây dựng,A00; A01; D01; D07,24.45,Điểm thi THPT,,2024,https://github.com/HTNam1710/ADS_Final/blob/main/Data/diem_chuan_2024_final.csv
GHA,7580301 QT,Kinh tế xây dựng (Chương trình chất lượng cao Kinh tế xây dựng công trình Giao thông Việt - Anh),A00; A01; D01; D07,22.85,Điểm thi THPT,,2024,https://github.com/HTNam1710/ADS_Final/blob/main/Data/diem_chuan_2024_final.csv
GHA,7580302,Quản lý xây dựng,A00; A01; D01; D07,23.93,Điểm thi THPT,,2024,https://github.com/HTNam1710/ADS_Final/blob/main/Data/diem_chuan_2024_final.csv
GHA,7580302 QT,Quản lý xây dựng (Chương trình chất lượng cao Quản lý xây dựng Việt - Anh),A00; A01; D01; D07,21.35,Điểm thi THPT,,2024,https://github.com/HTNam1710/ADS_Final/blob/main/Data/diem_chuan_2024_final.csv
GHA,7810103,Quản trị dịch vụ du lịch và lữ hành,A00; A01; D01; D07,24.3,Điểm thi THPT,,2024,https://github.com/HTNam1710/ADS_Final/blob/main/Data/diem_chuan_2024_final.csv
GHA,7840101,Khai thác vận tải,A00; A01; D01; D07,25.07,Điểm thi THPT,,2024,https://github.com/HTNam1710/ADS_Final/blob/main/Data/diem_chuan_2024_final.csv
GHA,7840104,Kinh tế vận tải,A00; A01; D01; D07,25.01,Điểm thi THPT,,2024,https://github.com/HTNam1710/ADS_Final/blob/main/Data/diem_chuan_2024_final.csv
YTB,7720101,Y khoa,B00; D07; D08,26.17,Điểm thi THPT,,2024,https://github.com/HTNam1710/ADS_Final/blob/main/Data/diem_chuan_2024_final.csv
YTB,7720110,Y học dự phòng,B00; D08,19.15,Điểm thi THPT,,2024,https://github.com/HTNam1710/ADS_Final/blob/main/Data/diem_chuan_2024_final.csv
YTB,7720115,Y học cổ truyền,B00; D08,23,Điểm thi THPT,,2024,https://github.com/HTNam1710/ADS_Final/blob/main/Data/diem_chuan_2024_final.csv
YTB,7720201,Dược học,A00; A01; D07,24,Điểm thi THPT,,2024,https://github.com/HTNam1710/ADS_Final/blob/main/Data/diem_chuan_2024_final.csv
YTB,7720301,Điều dưỡng,B00; D08,20,Điểm thi THPT,,2024,https://github.com/HTNam1710/ADS_Final/blob/main/Data/diem_chuan_2024_final.csv
YTB,7720601,Kỹ thuật xét nghiệm,B00; A00,23.05,Điểm thi THPT,,2024,https://github.com/HTNam1710/ADS_Final/blob/main/Data/diem_chuan_2024_final.csv
KMA,7480201KMA,Công nghệ thông tin,A00; A01; D90,26.1,Điểm thi THPT,,2024,https://github.com/HTNam1710/ADS_Final/blob/main/Data/diem_chuan_2024_final.csv
KMA,7480202KMA,An toàn thông tin,A00; A01; D90,25.95,Điểm thi THPT,,2024,https://github.com/HTNam1710/ADS_Final/blob/main/Data/diem_chuan_2024_final.csv
KMA,7480202KMP,An toàn thông tin,A00; A01; D90,24.85,Điểm thi THPT,Phân hiệu TPHCM,2024,https://github.com/HTNam1710/ADS_Final/blob/main/Data/diem_chuan_2024_final.csv
KMA,7520207,Kỹ thuật điện tử - viễn thông,A00; A01; D90,25.35,Điểm thi THPT,,2024,https://github.com/HTNam1710/ADS_Final/blob/main/Data/diem_chuan_2024_final.csv
DCN,7210404,Thiết kế thời trang,A00; A01; D01; D14,23.56,Điểm thi THPT,,2024,https://github.com/HTNam1710/ADS_Final/blob/main/Data/diem_chuan_2024_final.csv
DCN,7220201,Ngôn ngữ Anh,D01,24.68,Điểm thi THPT,,2024,https://github.com/HTNam1710/ADS_Final/blob/main/Data/diem_chuan_2024_final.csv
DCN,7220204,Ngôn ngữ Trung Quốc,D01; D04,25.58,Điểm thi THPT,,2024,https://github.com/HTNam1710/ADS_Final/blob/main/Data/diem_chuan_2024_final.csv
DCN,7220204LK,Ngôn ngữ Trung Quốc (LK2+2 với ĐHKHKT Quảng Tây),D01; D04,24.91,Điểm thi THPT,,2024,https://github.com/HTNam1710/ADS_Final/blob/main/Data/diem_chuan_2024_final.csv
DCN,7220209,Ngôn ngữ Nhật,D01; D06,24,Điểm thi THPT,,2024,https://github.com/HTNam1710/ADS_Final/blob/main/Data/diem_chuan_2024_final.csv
DCN,7220210,Ngôn ngữ Hàn Quốc,DD2; D01,24.86,Điểm thi THPT,,2024,https://github.com/HTNam1710/ADS_Final/blob/main/Data/diem_chuan_2024_final.csv
DCN,7229020,Ngôn ngữ học,C00; D01; D14,25.25,Điểm thi THPT,,2024,https://github.com/HTNam1710/ADS_Final/blob/main/Data/diem_chuan_2024_final.csv
DCN,7310104,Kinh tế đầu tư,A00; A01; D01,24.64,Điểm thi THPT,,2024,https://github.com/HTNam1710/ADS_Final/blob/main/Data/diem_chuan_2024_final.csv
DCN,7310612,Trung Quốc học,D04; D01,24.51,Điểm thi THPT,,2024,https://github.com/HTNam1710/ADS_Final/blob/main/Data/diem_chuan_2024_final.csv
DCN,7320113,Công nghệ đa phương tiện,A00; A01,24.91,Điểm thi THPT,,2024,https://github.com/HTNam1710/ADS_Final/blob/main/Data/diem_chuan_2024_final.csv
DCN,7340101,Quản trị kinh doanh,A00; A01; D01,24.31,Điểm thi THPT,,2024,https://github.com/HTNam1710/ADS_Final/blob/main/Data/diem_chuan_2024_final.csv
DCN,7340115,Marketing,A00; A01; D01,25.33,Điểm thi THPT,,2024,https://github.com/HTNam1710/ADS_Final/blob/main/Data/diem_chuan_2024_final.csv
DCN,7340125,Phân tích dữ liệu kinh doanh,A00; A01; D01,24.25,Điểm thi THPT,,2024,https://github.com/HTNam1710/ADS_Final/blob/main/Data/diem_chuan_2024_final.csv
DCN,7340201,Tài chính – Ngân hàng,A00; A01; D01,24.74,Điểm thi THPT,,2024,https://github.com/HTNam1710/ADS_Final/blob/main/Data/diem_chuan_2024_final.csv
DCN,7340301,Kế toán,A00; A01; D01,24.01,Điểm thi THPT,,2024,https://github.com/HTNam1710/ADS_Final/blob/main/Data/diem_chuan_2024_final.csv
DCN,7340302,Kiểm toán,A00; A01; D01,24.45,Điểm thi THPT,,2024,https://github.com/HTNam1710/ADS_Final/blob/main/Data/diem_chuan_2024_final.csv
DCN,7340404,Quản trị nhân lực,A00; A01; D01,24.8,Điểm thi THPT,,2024,https://github.com/HTNam1710/ADS_Final/blob/main/Data/diem_chuan_2024_final.csv
DCN,7340406,Quản trị văn phòng,A00; A01; D01,24.01,Điểm thi THPT,,2024,https://github.com/HTNam1710/ADS_Final/blob/main/Data/diem_chuan_2024_final.csv
DCN,7480101,Khoa học máy tính,A00; A01,25.32,Điểm thi THPT,,2024,https://github.com/HTNam1710/ADS_Final/blob/main/Data/diem_chuan_2024_final.csv
DCN,7480102,Mạng máy tính và truyền thông dữ liệu,A00; A01,24.35,Điểm thi THPT,,2024,https://github.com/HTNam1710/ADS_Final/blob/main/Data/diem_chuan_2024_final.csv
DCN,7480103,Kỹ thuật phần mềm,A00; A01,24.68,Điểm thi THPT,,2024,https://github.com/HTNam1710/ADS_Final/blob/main/Data/diem_chuan_2024_final.csv
DCN,7480104,Hệ thống thông tin,A00; A01,24.44,Điểm thi THPT,,2024,https://github.com/HTNam1710/ADS_Final/blob/main/Data/diem_chuan_2024_final.csv
DCN,7480108,Công nghệ kỹ thuật máy tính,A00; A01,24.55,Điểm thi THPT,,2024,https://github.com/HTNam1710/ADS_Final/blob/main/Data/diem_chuan_2024_final.csv
DCN,7480201,Công nghệ thông tin,A00; A01,25.22,Điểm thi THPT,,2024,https://github.com/HTNam1710/ADS_Final/blob/main/Data/diem_chuan_2024_final.csv
DCN,74802021,An toàn thông tin,A00; A01,24.39,Điểm thi THPT,,2024,https://github.com/HTNam1710/ADS_Final/blob/main/Data/diem_chuan_2024_final.csv
DCN,7510201,Công nghệ kỹ thuật cơ khí,A00; A01,24.35,Điểm thi THPT,,2024,https://github.com/HTNam1710/ADS_Final/blob/main/Data/diem_chuan_2024_final.csv
DCN,7510203,Công nghệ kỹ thuật cơ điện tử,A00; A01,25.41,Điểm thi THPT,,2024,https://github.com/HTNam1710/ADS_Final/blob/main/Data/diem_chuan_2024_final.csv
DCN,7510204,Công nghệ kỹ thuật cơ điện tử ô tô,A00; A01,24.97,Điểm thi THPT,,2024,https://github.com/HTNam1710/ADS_Final/blob/main/Data/diem_chuan_2024_final.csv
DCN,7510205,Công nghệ kỹ thuật ô tô,A00; A01,24.82,Điểm thi THPT,,2024,https://github.com/HTNam1710/ADS_Final/blob/main/Data/diem_chuan_2024_final.csv
DCN,7510206,Công nghệ kỹ thuật nhiệt,A00; A01,23.57,Điểm thi THPT,,2024,https://github.com/HTNam1710/ADS_Final/blob/main/Data/diem_chuan_2024_final.csv
DCN,7510209,Robot và trí tuệ nhân tạo,A00; A01,25.01,Điểm thi THPT,,2024,https://github.com/HTNam1710/ADS_Final/blob/main/Data/diem_chuan_2024_final.csv
DCN,7510213,Thiết kế cơ khí và kiểu dáng công nghiệp,A00; A01,22.3,Điểm thi THPT,,2024,https://github.com/HTNam1710/ADS_Final/blob/main/Data/diem_chuan_2024_final.csv
DCN,7510301,"Công nghệ kỹ thuật điện, điện tử",A00; A01,24.51,Điểm thi THPT,,2024,https://github.com/HTNam1710/ADS_Final/blob/main/Data/diem_chuan_2024_final.csv
DCN,7510302,Công nghệ kỹ thuật điện tử - viễn thông,A00; A01,24.4,Điểm thi THPT,,2024,https://github.com/HTNam1710/ADS_Final/blob/main/Data/diem_chuan_2024_final.csv
DCN,75103021,Công nghệ kỹ thuật điện tử y sinh,A00; A01,21.4,Điểm thi THPT,,2024,https://github.com/HTNam1710/ADS_Final/blob/main/Data/diem_chuan_2024_final.csv
DCN,7510303,Công nghệ kỹ thuật điều khiển và tự động hóa,A00; A01,26.05,Điểm thi THPT,,2024,https://github.com/HTNam1710/ADS_Final/blob/main/Data/diem_chuan_2024_final.csv
DCN,75103031,Kỹ thuật sản xuất thông minh,A00; A01,22.6,Điểm thi THPT,,2024,https://github.com/HTNam1710/ADS_Final/blob/main/Data/diem_chuan_2024_final.csv
DCN,7510401,Công nghệ kỹ thuật hoá học,A00; B00; D07,19,Điểm thi THPT,,2024,https://github.com/HTNam1710/ADS_Final/blob/main/Data/diem_chuan_2024_final.csv
DCN,7510406,Công nghệ kỹ thuật môi trường,A00; B00; D07,19,Điểm thi THPT,,2024,https://github.com/HTNam1710/ADS_Final/blob/main/Data/diem_chuan_2024_final.csv
DCN,7510605,Logistics và quản lý chuỗi cung ứng,A00; B00; D01,25.89,Điểm thi THPT,,2024,https://github.com/HTNam1710/ADS_Final/blob/main/Data/diem_chuan_2024_final.csv
DCN,7519003,Công nghệ kỹ thuật khuôn mẫu,A00; A01,23.19,Điểm thi THPT,,2024,https://github.com/HTNam1710/ADS_Final/blob/main/Data/diem_chuan_2024_final.csv
DCN,75190071,Năng lượng tái tạo,A00; A01,20.65,Điểm thi THPT,,2024,https://github.com/HTNam1710/ADS_Final/blob/main/Data/diem_chuan_2024_final.csv
DCN,7520116,Kỹ thuật cơ khí động lực,A00; B00; D07,23.93,Điểm thi THPT,,2024,https://github.com/HTNam1710/ADS_Final/blob/main/Data/diem_chuan_2024_final.csv
DCN,7520118,Kỹ thuật hệ thống công nghiệp,A00; A01,23.61,Điểm thi THPT,,2024,https://github.com/HTNam1710/ADS_Final/blob/main/Data/diem_chuan_2024_final.csv
DCN,7540101,Công nghệ thực phẩm,A00; B00; D07,22.65,Điểm thi THPT,,2024,https://github.com/HTNam1710/ADS_Final/blob/main/Data/diem_chuan_2024_final.csv
DCN,7540203,"Công nghệ vật liệu dệt, may",A00; A01; D01,20.9,Điểm thi THPT,,2024,https://github.com/HTNam1710/ADS_Final/blob/main/Data/diem_chuan_2024_final.csv
DCN,7540204,"Công nghệ dệt, may",A00; A01; D01,21.9,Điểm thi THPT,,2024,https://github.com/HTNam1710/ADS_Final/blob/main/Data/diem_chuan_2024_final.csv
DCN,7720203,Hóa dược,A00; B00; D07,21.55,Điểm thi THPT,,2024,https://github.com/HTNam1710/ADS_Final/blob/main/Data/diem_chuan_2024_final.csv
DCN,7810101,Du lịch,D01; D14; D15,22.4,Điểm thi THPT,,2024,https://github.com/HTNam1710/ADS_Final/blob/main/Data/diem_chuan_2024_final.csv
DCN,7810103,Quản trị dịch vụ du lịch và lữ hành,A01; D01; D14,23.77,Điểm thi THPT,,2024,https://github.com/HTNam1710/ADS_Final/blob/main/Data/diem_chuan_2024_final.csv
DCN,7810201,Quản trị khách sạn,A01; D01; D14,23.56,Điểm thi THPT,,2024,https://github.com/HTNam1710/ADS_Final/blob/main/Data/diem_chuan_2024_final.csv
DCN,7810202,Quản trị nhà hàng và dịch vụ ăn uống,A01; D01; D14,23.19,Điểm thi THPT,,2024,https://github.com/HTNam1710/ADS_Final/blob/main/Data/diem_chuan_2024_final.csv
YPB,7720101A,Y khoa (A),A00,25.75,Điểm thi THPT,"Tổng điểm 3 môn: 25.25, môn 1: 9.25, môn 2: 8.00, môn 3: 8.00",2024,https://github.com/HTNam1710/ADS_Final/blob/main/Data/diem_chuan_2024_final.csv
YPB,7720101B,Y khoa (B),B00,26,Điểm thi THPT,,2024,https://github.com/HTNam1710/ADS_Final/blob/main/Data/diem_chuan_2024_final.csv
YPB,7720110,Y học dự phòng,B00,19,Điểm thi THPT,,2024,https://github.com/HTNam1710/ADS_Final/blob/main/Data/diem_chuan_2024_final.csv
YPB,7720115,Y học cổ truyền,B00,22.5,Điểm thi THPT,"Tổng điểm 3 môn: 22, môn 1: 7.00, môn 2: 7.00, môn 3: 8.00",2024,https://github.com/HTNam1710/ADS_Final/blob/main/Data/diem_chuan_2024_final.csv
YPB,7720201A,Dược học (A),A00,24.35,Điểm thi THPT,"Tổng điểm 3 môn: 24.15, môn 1: 8.00, môn 2: 8.40, môn 3: 7.75",2024,https://github.com/HTNam1710/ADS_Final/blob/main/Data/diem_chuan_2024_final.csv
YPB,7720201B,Dược học (B),B00,24.59,Điểm thi THPT,"Tổng điểm 3 môn: 24.4, môn 1: 9.00, môn 2: 8.00, môn 3: 7.40",2024,https://github.com/HTNam1710/ADS_Final/blob/main/Data/diem_chuan_2024_final.csv
YPB,7720201D,Dược học (D),D07,23,Điểm thi THPT,"Tổng điểm 3 môn: 23, môn 1: 6.00, môn 2: 8.60, môn 3: 8.40",2024,https://github.com/HTNam1710/ADS_Final/blob/main/Data/diem_chuan_2024_final.csv
YPB,7720301,Điều dưỡng,B00,20.55,Điểm thi THPT,"Tổng điểm 3 môn: 20.05, môn 1: 7.75, môn 2: 5.50, môn 3: 6.80",2024,https://github.com/HTNam1710/ADS_Final/blob/main/Data/diem_chuan_2024_final.csv
YPB,7720501,Răng hàm mặt,B00,25.85,Điểm thi THPT,"Tổng điểm 3 môn: 25.55, môn 1: 8.75, môn 2: 8.00, môn 3: 8.80",2024,https://github.com/HTNam1710/ADS_Final/blob/main/Data/diem_chuan_2024_final.csv
YPB,7720601,Kỹ thuật xét nghiệm y học,B00,22.5,Điểm thi THPT,"Tổng điểm 3 môn: 20, môn 1: 6.75, môn 2: 6.25, môn 3: 7.00",2024,https://github.com/HTNam1710/ADS_Final/blob/main/Data/diem_chuan_2024_final.csv
IUH,7210404,Thiết kế thời trang,A00; A01; C01; D90,21.25,Điểm thi THPT,,2024,https://github.com/HTNam1710/ADS_Final/blob/main/Data/diem_chuan_2024_final.csv
IUH,7220201,Ngôn ngữ anh,D01; D14; D15; D96,23,Điểm thi THPT,,2024,https://github.com/HTNam1710/ADS_Final/blob/main/Data/diem_chuan_2024_final.csv
IUH,7340101,Quản trị kinh doanh gồm 03 chuyên ngành: Quản trị kinh doanh; Quản trị nguồn nhân lực; Logistics và Quản lý chuỗi cung ứng,A01; C01; D01; D96,24.25,Điểm thi THPT,,2024,https://github.com/HTNam1710/ADS_Final/blob/main/Data/diem_chuan_2024_final.csv
IUH,7340101C,Quản trị kinh doanh gồm 03 chuyên ngành: Quản trị kinh doanh; Quản trị nguồn nhân lực; Logistics và Quản lý chuỗi cung ứng,A01; C01; D01; D96,22,Điểm thi THPT,CT tăng cường tiếng Anh,2024,https://github.com/HTNam1710/ADS_Final/blob/main/Data/diem_chuan_2024_final.csv
IUH,7340115,Marketing,A01; C01; D01; D96,25.25,Điểm thi THPT,,2024,https://github.com/HTNam1710/ADS_Final/blob/main/Data/diem_chuan_2024_final.csv
IUH,7340115C,Marketing,A01; C01; D01; D96,22.5,Điểm thi THPT,CT tăng cường tiếng Anh,2024,https://github.com/HTNam1710/ADS_Final/blob/main/Data/diem_chuan_2024_final.csv
IUH,7340120,Kinh doanh quốc tế,A01; C01; D01; D96,26,Điểm thi THPT,,2024,https://github.com/HTNam1710/ADS_Final/blob/main/Data/diem_chuan_2024_final.csv
IUH,7340120C,Kinh doanh quốc tế,A01; C01; D01; D96,23,Điểm thi THPT,CT tăng cường tiếng Anh,2024,https://github.com/HTNam1710/ADS_Final/blob/main/Data/diem_chuan_2024_final.csv
IUH,7340122,Thương mại điện tử,A01; C01; D01; D90,24.5,Điểm thi THPT,,2024,https://github.com/HTNam1710/ADS_Final/blob/main/Data/diem_chuan_2024_final.csv
IUH,7340122C,Thương mại điện tử,A01; C01; D01; D96,21.5,Điểm thi THPT,CT tăng cường tiếng Anh,2024,https://github.com/HTNam1710/ADS_Final/blob/main/Data/diem_chuan_2024_final.csv
IUH,7340201,Tài chính ngân hàng gồm 02 chuyên ngành: Ngân hàng; Tài chính,A00; A01; D01; D96,24,Điểm thi THPT,,2024,https://github.com/HTNam1710/ADS_Final/blob/main/Data/diem_chuan_2024_final.csv
IUH,7340201C,Tài chính ngân hàng gồm 02 chuyên ngành: Ngân hàng; Tài chính,A00; A01; D01; D96,21.5,Điểm thi THPT,CT tăng cường tiếng Anh,2024,https://github.com/HTNam1710/ADS_Final/blob/main/Data/diem_chuan_2024_final.csv
IUH,7340301,Kế toán gồm 02 chuyên ngành: Kế toán; Thuế,A00; A01; D01; D96,23,Điểm thi THPT,,2024,https://github.com/HTNam1710/ADS_Final/blob/main/Data/diem_chuan_2024_final.csv
IUH,7340301C,Kế toán gồm 02 chuyên ngành: Kế toán; Thuế,A00; A01; D01; D96,21,Điểm thi THPT,CT tăng cường tiếng Anh,2024,https://github.com/HTNam1710/ADS_Final/blob/main/Data/diem_chuan_2024_final.csv
IUH,7340301Q,Kế toán tích hợp chứng chỉ quốc tế Advanced Diploma in Accounting & Business của Hiệp hội Kế toán công chứng Anh (ACCA),A00; A01; D01; D96,21,Điểm thi THPT,CT tăng cường tiếng Anh,2024,https://github.com/HTNam1710/ADS_Final/blob/main/Data/diem_chuan_2024_final.csv
IUH,7340302,Kiểm toán gồm 02 chuyên ngành: Kiểm toán; Phân tích kinh doanh.,A00; A01; D01; D96,23,Điểm thi THPT,,2024,https://github.com/HTNam1710/ADS_Final/blob/main/Data/diem_chuan_2024_final.csv
IUH,7340302C,Kiếm toán gồm 02 chuyên ngành: Kiểm toán; Phân tích kinh doanh.,A00; A01; D01; D96,21,Điểm thi THPT,CT tăng cường tiếng Anh,2024,https://github.com/HTNam1710/ADS_Final/blob/main/Data/diem_chuan_2024_final.csv
IUH,7340302Q,Kiểm toán tích hợp chứng chỉ quốc tế CFAB cùa Viện Kế toán Công chứng Anh và xứ Wales (ICAEW),A00; A01; D01; D96,21,Điểm thi THPT,CT tăng cường tiếng Anh,2024,https://github.com/HTNam1710/ADS_Final/blob/main/Data/diem_chuan_2024_final.csv
IUH,7380107,Luật kinh tế,A00; C00; D01; D96,26,Điểm thi THPT,,2024,https://github.com/HTNam1710/ADS_Final/blob/main/Data/diem_chuan_2024_final.csv
IUH,7380107C,Luật kinh tế,A00; C00; D01; D96,23.5,Điểm thi THPT,CT tăng cường tiếng Anh,2024,https://github.com/HTNam1710/ADS_Final/blob/main/Data/diem_chuan_2024_final.csv
IUH,7380108,Luật quốc tế,A00; C00; D01; D96,24.5,Điểm thi THPT,,2024,https://github.com/HTNam1710/ADS_Final/blob/main/Data/diem_chuan_2024_final.csv
IUH,7380108C,Luật quốc tế,A00; C00; D01; D96,22.5,Điểm thi THPT,CT tăng cường tiếng Anh,2024,https://github.com/HTNam1710/ADS_Final/blob/main/Data/diem_chuan_2024_final.csv
IUH,7420201,Công nghệ sinh học gồm 03 chuyên ngành: Công nghệ sinh học y dược; Công nghệ sinh học nông nghiệp; Công nghệ sinh học thẩm mĩ,A00; B00; D07; D90,22.25,Điểm thi THPT,,2024,https://github.com/HTNam1710/ADS_Final/blob/main/Data/diem_chuan_2024_final.csv
IUH,7420201C,Công nghệ sinh học gồm 03 chuyên ngành: Công nghệ sinh học y dược; Công nghệ sinh học nông nghiệp; Công nghệ sinh học thẩm mĩ,A00; B00; D07; D90,18,Điểm thi THPT,CT tăng cường tiếng Anh,2024,https://github.com/HTNam1710/ADS_Final/blob/main/Data/diem_chuan_2024_final.csv
IUH,7460108,Chuyên ngành Khoa học dữ liệu thuộc ngành Khoa học máy tính,A00; A01; C01; D90,23.5,Điểm thi THPT,,2024,https://github.com/HTNam1710/ADS_Final/blob/main/Data/diem_chuan_2024_final.csv
IUH,7480108,Kỹ thuật máy tính gồm 02 chuyên ngành: Công nghệ kỹ thuật máy tính; Công nghệ kỹ thuật vi mạch,A00; A01; C01; D90,24,Điểm thi THPT,,2024,https://github.com/HTNam1710/ADS_Final/blob/main/Data/diem_chuan_2024_final.csv
IUH,7480108C,Kỹ thuật máy tính gồm 02 chuyên ngành: Công nghệ kỹ thuật máy tính; Công nghệ kỹ thuật vi mạch,A00; A01; C01; D90,22,Điểm thi THPT,CT tăng cường tiếng Anh,2024,https://github.com/HTNam1710/ADS_Final/blob/main/Data/diem_chuan_2024_final.csv
IUH,7480201,Nhóm ngành Công nghệ thông tin gồm 04 ngành và 01 chuyên ngành: Công nghệ thông tin; Kỹ thuật phần mềm; Khoa học máy tính; Hệ thống thông tin; Chuyên ngành: Quản lý đô thị thông minh và bền vững,A00; A01; C01; D90,23.5,Điểm thi THPT,,2024,https://github.com/HTNam1710/ADS_Final/blob/main/Data/diem_chuan_2024_final.csv
IUH,7480201C,Nhóm ngành Công nghệ thông tin Chương trình tăng cường tiếng Anh gồm 04 ngành: Công nghệ thông tin; Kỹ thuật phần mềm; Khoa học máy tính; Hệ thống thông tin.,A00; A01; D01; D90,22,Điểm thi THPT,CT tăng cường tiếng Anh,2024,https://github.com/HTNam1710/ADS_Final/blob/main/Data/diem_chuan_2024_final.csv
IUH,7510201,Công nghệ kỹ thuật cơ khí,A00; A01; C01; D90,23.5,Điểm thi THPT,,2024,https://github.com/HTNam1710/ADS_Final/blob/main/Data/diem_chuan_2024_final.csv
IUH,7510201C,Công nghệ kỹ thuật cơ khí,A00; A01; C01; D90,22,Điểm thi THPT,CT tăng cường tiếng Anh,2024,https://github.com/HTNam1710/ADS_Final/blob/main/Data/diem_chuan_2024_final.csv
IUH,7510202,Công nghệ chế tạo máy,A00; A01; C01; D90,22.75,Điểm thi THPT,,2024,https://github.com/HTNam1710/ADS_Final/blob/main/Data/diem_chuan_2024_final.csv
IUH,7510202C,Công nghệ chế tạo máy,A00; A01; C01; D90,20.75,Điểm thi THPT,CT tăng cường tiếng Anh,2024,https://github.com/HTNam1710/ADS_Final/blob/main/Data/diem_chuan_2024_final.csv
IUH,7510203,Công nghệ kỹ thuật cơ điện tử,A00; A01; C01; D90,24.25,Điểm thi THPT,,2024,https://github.com/HTNam1710/ADS_Final/blob/main/Data/diem_chuan_2024_final.csv
IUH,7510203C,Công nghệ kỹ thuật cơ điện tử,A00; A01; C01; D90,22,Điểm thi THPT,CT tăng cường tiếng Anh,2024,https://github.com/HTNam1710/ADS_Final/blob/main/Data/diem_chuan_2024_final.csv
IUH,7510205,Công nghệ kỹ thuật ô tô gồm 02 chuyên ngành: Công nghệ kỹ thuật ô tô; Công nghệ kỹ thuật ô tô điện,A00; A01; C01; D90,24,Điểm thi THPT,,2024,https://github.com/HTNam1710/ADS_Final/blob/main/Data/diem_chuan_2024_final.csv
IUH,7510205C,Công nghệ kỹ thuật ô tô gồm 02 chuyên ngành: Công nghệ kỹ thuật ô tô; Công nghệ kỹ thuật ô tô điện,A00; A01; C01; D90,23,Điểm thi THPT,CT tăng cường tiếng Anh,2024,https://github.com/HTNam1710/ADS_Final/blob/main/Data/diem_chuan_2024_final.csv
IUH,7510206,Công nghệ kỹ thuật nhiệt gồm 02 chuyên ngành: Công nghệ kỹ thuật nhiệt; Công nghệ kỹ thuật năng lượng,A00; A01; C01; D90,21.5,Điểm thi THPT,,2024,https://github.com/HTNam1710/ADS_Final/blob/main/Data/diem_chuan_2024_final.csv
IUH,7510206C,Công nghệ kỹ thuật nhiệt gồm 02 chuyên ngành: Công nghệ kỹ thuật nhiệt; Công nghệ kỹ thuật năng lượng,A00; A01; C01; D90,18,Điểm thi THPT,CT tăng cường tiếng Anh,2024,https://github.com/HTNam1710/ADS_Final/blob/main/Data/diem_chuan_2024_final.csv
IUH,7510301,Công nghệ kỹ thuật điện; điện tử gồm 02 chuyên ngành: Công nghệ kỹ thuật điện; điện tử; Năng lượng tái tạo,A00; A01; C01; D90,23.5,Điểm thi THPT,,2024,https://github.com/HTNam1710/ADS_Final/blob/main/Data/diem_chuan_2024_final.csv
IUH,7510301C,Công nghệ kỹ thuật điện; điện tử gồm 02 chuyền ngành: Công nghệ kỹ thuật điện; điện tử; Năng lượng tái tạo,A00; A01; C01; D90,20,Điểm thi THPT,CT tăng cường tiếng Anh,2024,https://github.com/HTNam1710/ADS_Final/blob/main/Data/diem_chuan_2024_final.csv
IUH,7510302,Công nghệ kỹ thuật điện tử - viễn thông gồm 03 chuyên ngành: Điện tử công nghiệp; Điện tử viễn thông; IOT và Trí tuệ nhân tạo ứng dụng,A00; A01; C01; D90,23,Điểm thi THPT,,2024,https://github.com/HTNam1710/ADS_Final/blob/main/Data/diem_chuan_2024_final.csv
IUH,7510302C,Công nghệ kỹ thuật điện tử - viễn thông Chương trình tăng cường tiếng Anh gồm 02 chuyên ngành: Điện tử công nghiệp; Điện tử viễn thông,A00; A01; C01; D90,20,Điểm thi THPT,CT tăng cường tiếng Anh,2024,https://github.com/HTNam1710/ADS_Final/blob/main/Data/diem_chuan_2024_final.csv
IUH,7510303,Tự động hóa gồm 02 chuyên ngành: Công nghệ kỹ thuật điều khiển và tự động hóa; Robot và hệ thống điều khiển thông minh,A00; A01; C01; D90,24.5,Điểm thi THPT,,2024,https://github.com/HTNam1710/ADS_Final/blob/main/Data/diem_chuan_2024_final.csv
IUH,7510303C,Tự động hóa gồm 02 chuyên ngành: Công nghệ kỹ thuật điều khiển và tự động hóa; Robot và hệ thống điều khiển thông minh,A00; A01; C01; D90,22,Điểm thi THPT,CT tăng cường tiếng Anh,2024,https://github.com/HTNam1710/ADS_Final/blob/main/Data/diem_chuan_2024_final.csv
IUH,7510401,Công nghệ hóa học gồm 03 chuyên ngành: Công nghệ kỹ thuật hóa học; Kỹ thuật hóa phân tích; Hóa dược.,A00; B00; D07; C02,20.5,Điểm thi THPT,,2024,https://github.com/HTNam1710/ADS_Final/blob/main/Data/diem_chuan_2024_final.csv
IUH,7510401C,Công nghệ hóa học gồm 03 chuyên ngành: Công nghệ kỹ thuật hóa học; Kỹ thuật hóa phân tích; Hóa dược.,A00; B00; D07; C02,18,Điểm thi THPT,CT tăng cường tiếng Anh,2024,https://github.com/HTNam1710/ADS_Final/blob/main/Data/diem_chuan_2024_final.csv
IUH,7510406,Công nghệ kỹ thuật môi trường,A00; B00; D07; D90,19,Điểm thi THPT,,2024,https://github.com/HTNam1710/ADS_Final/blob/main/Data/diem_chuan_2024_final.csv
IUH,7540101,Công nghệ thực phẩm,A00; B00; D07; D90,20,Điểm thi THPT,,2024,https://github.com/HTNam1710/ADS_Final/blob/main/Data/diem_chuan_2024_final.csv
IUH,7540101C,Công nghệ thực phẩm,A00; B00; D07; D90,18,Điểm thi THPT,CT tăng cường tiếng Anh,2024,https://github.com/HTNam1710/ADS_Final/blob/main/Data/diem_chuan_2024_final.csv
IUH,7540106,Đảm bảo chất lượng và An toàn thực phẩm,A00; B00; D07; D90,19,Điểm thi THPT,,2024,https://github.com/HTNam1710/ADS_Final/blob/main/Data/diem_chuan_2024_final.csv
IUH,7540204,"Công nghệ dệt, may",A00; A01; C01; D90,19,Điểm thi THPT,,2024,https://github.com/HTNam1710/ADS_Final/blob/main/Data/diem_chuan_2024_final.csv
IUH,7580201,Kỹ thuật xây dựng,A00; A01; C01; D90,19,Điểm thi THPT,,2024,https://github.com/HTNam1710/ADS_Final/blob/main/Data/diem_chuan_2024_final.csv
IUH,7580205,Kỹ thuật xây dựng công trình giao thông,A00; A01; C01; D90,19,Điểm thi THPT,,2024,https://github.com/HTNam1710/ADS_Final/blob/main/Data/diem_chuan_2024_final.csv
IUH,7580302,Quản lý xây dựng,A00; A01; C01; D90,19,Điểm thi THPT,,2024,https://github.com/HTNam1710/ADS_Final/blob/main/Data/diem_chuan_2024_final.csv
IUH,7720201,Dược học,A00; B00; D07; C08,23,Điểm thi THPT,,2024,https://github.com/HTNam1710/ADS_Final/blob/main/Data/diem_chuan_2024_final.csv
IUH,7720497,Dinh dưỡng và Khoa học thực phẩm,A00; B00; D07; D90,19,Điểm thi THPT,,2024,https://github.com/HTNam1710/ADS_Final/blob/main/Data/diem_chuan_2024_final.csv
IUH,7810103,Quản trị dịch vụ du lịch và lữ hành,A01; C01; D01; D96,22.5,Điểm thi THPT,,2024,https://github.com/HTNam1710/ADS_Final/blob/main/Data/diem_chuan_2024_final.csv
IUH,7810103C,Quản trị dịch vụ du lịch và lữ hành,A01; C01; D01; D96,19,Điểm thi THPT,CT tăng cường tiếng Anh,2024,https://github.com/HTNam1710/ADS_Final/blob/main/Data/diem_chuan_2024_final.csv
IUH,7850101,Quản lý tài nguyên và môi trường,B00; C02; D90; D96,19,Điểm thi THPT,,2024,https://github.com/HTNam1710/ADS_Final/blob/main/Data/diem_chuan_2024_final.csv
IUH,7850103,Ngành Quản lý đất đai gồm 02 chuyên ngành: Quán lý đất đai; Kinh tế tài nguyên thiên nhiên.,A01; C01; D01; D96,19,Điểm thi THPT,,2024,https://github.com/HTNam1710/ADS_Final/blob/main/Data/diem_chuan_2024_final.csv
HPN,7310101,Kinh tế,A00; A01; D01,23,Điểm thi THPT,,2024,https://github.com/HTNam1710/ADS_Final/blob/main/Data/diem_chuan_2024_final.csv
HPN,7310101,Kinh tế,C00,24,Điểm thi THPT,,2024,https://github.com/HTNam1710/ADS_Final/blob/main/Data/diem_chuan_2024_final.csv
HPN,7310109,Kinh tế số,A00; A01; D01,19,Điểm thi THPT,,2024,https://github.com/HTNam1710/ADS_Final/blob/main/Data/diem_chuan_2024_final.csv
HPN,7310109,Kinh tế số,C00,20,Điểm thi THPT,,2024,https://github.com/HTNam1710/ADS_Final/blob/main/Data/diem_chuan_2024_final.csv
HPN,7310399,Giới và Phát triển,A00; A01; C00; D01,15.5,Điểm thi THPT,,2024,https://github.com/HTNam1710/ADS_Final/blob/main/Data/diem_chuan_2024_final.csv
HPN,7310401,Tâm lý học,A00; A01; C00; D01,24.5,Điểm thi THPT,,2024,https://github.com/HTNam1710/ADS_Final/blob/main/Data/diem_chuan_2024_final.csv
HPN,7320104,Truyền thông đa phương tiện,A00; A01; C00; D01,26,Điểm thi THPT,,2024,https://github.com/HTNam1710/ADS_Final/blob/main/Data/diem_chuan_2024_final.csv
HPN,7340101,Quản trị kinh doanh,A00; A01; D01,24,Điểm thi THPT,,2024,https://github.com/HTNam1710/ADS_Final/blob/main/Data/diem_chuan_2024_final.csv
HPN,7340101,Quản trị kinh doanh,C00,25,Điểm thi THPT,,2024,https://github.com/HTNam1710/ADS_Final/blob/main/Data/diem_chuan_2024_final.csv
HPN,7340101TA,Quản trị kinh doanh (chương trình đào tạo bằng tiếng Anh),A00; A01; D01,24,Điểm thi THPT,,2024,https://github.com/HTNam1710/ADS_Final/blob/main/Data/diem_chuan_2024_final.csv
HPN,7340101TA,Quản trị kinh doanh (chương trình đào tạo bằng tiếng Anh),C00,25,Điểm thi THPT,,2024,https://github.com/HTNam1710/ADS_Final/blob/main/Data/diem_chuan_2024_final.csv
HPN,7380101,Luật,A00; A01; C00; D01,24.25,Điểm thi THPT,,2024,https://github.com/HTNam1710/ADS_Final/blob/main/Data/diem_chuan_2024_final.csv
HPN,7380107,Luật kinh tế,A00; A01; C00; D01,24.5,Điểm thi THPT,,2024,https://github.com/HTNam1710/ADS_Final/blob/main/Data/diem_chuan_2024_final.csv
HPN,7480201,Công nghệ thông tin,A00; A01; D01; D09,20.5,Điểm thi THPT,,2024,https://github.com/HTNam1710/ADS_Final/blob/main/Data/diem_chuan_2024_final.csv
HPN,7760101,Công tác xã hội,A00; A01; C00; D01,22.25,Điểm thi THPT,,2024,https://github.com/HTNam1710/ADS_Final/blob/main/Data/diem_chuan_2024_final.csv
HPN,7810103,Quản trị dịch vụ Du lịch và lữ hành,A00; A01; C00; D01,25.25,Điểm thi THPT,,2024,https://github.com/HTNam1710/ADS_Final/blob/main/Data/diem_chuan_2024_final.csv
DKH,7420201,Công nghệ sinh học,B00,24.26,Điểm thi THPT,,2024,https://github.com/HTNam1710/ADS_Final/blob/main/Data/diem_chuan_2024_final.csv
DKH,7440112,Hóa học,A00,24.55,Điểm thi THPT,,2024,https://github.com/HTNam1710/ADS_Final/blob/main/Data/diem_chuan_2024_final.csv
DKH,7720201,Dược học,A00,25.51,Điểm thi THPT,,2024,https://github.com/HTNam1710/ADS_Final/blob/main/Data/diem_chuan_2024_final.csv
DKH,7720203,Hóa dược,A00,25.31,Điểm thi THPT,,2024,https://github.com/HTNam1710/ADS_Final/blob/main/Data/diem_chuan_2024_final.csv
ANH,7480201,Ngành Công nghệ thông tin,A00; A01,18.69,Điểm thi THPT,Đối với nam (Không tuyển nữ),2024,https://github.com/HTNam1710/ADS_Final/blob/main/Data/diem_chuan_2024_final.csv
ANH,7720101,Ngành Y khoa (gửi đào tạo tại Học viện Quân y),B00; A00,18.75,Điểm thi THPT,Đối với Nam,2024,https://github.com/HTNam1710/ADS_Final/blob/main/Data/diem_chuan_2024_final.csv
ANH,7860100,Ngành Nghiệp vụ an ninh,A00; A01; C03; D01,22.29,Điểm thi THPT,"Nam, vùng 3, bài thi CA2",2024,https://github.com/HTNam1710/ADS_Final/blob/main/Data/diem_chuan_2024_final.csv
ANH,7860114,Ngành An ninh mạng và phòng chống tội phạm công nghệ cao,A00; A01,20.71,Điểm thi THPT,"Nữ, phía Nam",2024,https://github.com/HTNam1710/ADS_Final/blob/main/Data/diem_chuan_2024_final.csv
DKY,7720101,Y khoa,B00,25.4,Điểm thi THPT,,2024,https://github.com/HTNam1710/ADS_Final/blob/main/Data/diem_chuan_2024_final.csv
DKY,7720301,Điều dưỡng,A00; B00,19,Điểm thi THPT,,2024,https://github.com/HTNam1710/ADS_Final/blob/main/Data/diem_chuan_2024_final.csv
DKY,7720601,Kỹ thuật xét nghiệm y học,A00; B00,20,Điểm thi THPT,,2024,https://github.com/HTNam1710/ADS_Final/blob/main/Data/diem_chuan_2024_final.csv
DKY,7720602,Kỹ thuật Hình ảnh y học,A00; B00,20,Điểm thi THPT,,2024,https://github.com/HTNam1710/ADS_Final/blob/main/Data/diem_chuan_2024_final.csv
DKY,7720603,Kỹ thuật phục hồi chức năng,A00; B00,20.5,Điểm thi THPT,,2024,https://github.com/HTNam1710/ADS_Final/blob/main/Data/diem_chuan_2024_final.csv
GTS,7220201,Ngôn ngữ Anh,A01; D01; D14; D15,24.5,Điểm thi THPT,,2024,https://github.com/HTNam1710/ADS_Final/blob/main/Data/diem_chuan_2024_final.csv
GTS,7220201E,Ngôn ngữ Anh (chuyên ngành Tiếng Anh thương mại; logistics và vận tải quốc tế) - Chương trình học hoàn toàn bằng tiếng Anh,A01; D01; D14; D15,16.5,Điểm thi THPT,,2024,https://github.com/HTNam1710/ADS_Final/blob/main/Data/diem_chuan_2024_final.csv
GTS,7340405A,Hệ thống thông tin quản lý - Chương trình tiên tiến,A00; A01; D01; D07,21.5,Điểm thi THPT,,2024,https://github.com/HTNam1710/ADS_Final/blob/main/Data/diem_chuan_2024_final.csv
GTS,7380101,Luật,A01; D01; D14; D15,21,Điểm thi THPT,,2024,https://github.com/HTNam1710/ADS_Final/blob/main/Data/diem_chuan_2024_final.csv
GTS,7460108A,Khoa học dữ liệu - Chương trình tiên tiến,A00; A01; D01; D07,24,Điểm thi THPT,,2024,https://github.com/HTNam1710/ADS_Final/blob/main/Data/diem_chuan_2024_final.csv
GTS,7480102A,Mạng máy tính và truyền thông dữ liệu - Chương trình tiên tiến,A00; A01; D01; D07,20,Điểm thi THPT,,2024,https://github.com/HTNam1710/ADS_Final/blob/main/Data/diem_chuan_2024_final.csv
GTS,748020101A,Công nghệ thông tin - Chương trình tiên tiến,A00; A01; D01; D07,21.5,Điểm thi THPT,,2024,https://github.com/HTNam1710/ADS_Final/blob/main/Data/diem_chuan_2024_final.csv
GTS,748020101E,Công nghệ thông tin - Chương trình học hoàn toàn bằng tiếng Anh,A00; A01; D01; D07,16,Điểm thi THPT,,2024,https://github.com/HTNam1710/ADS_Final/blob/main/Data/diem_chuan_2024_final.csv
GTS,748020104A,Công nghệ thông tin (chuyên ngành Khoa học dữ liệu và AI) - Chương trình tiên tiến,A00; A01; D01; D07,21.5,Điểm thi THPT,,2024,https://github.com/HTNam1710/ADS_Final/blob/main/Data/diem_chuan_2024_final.csv
GTS,748020105A,Công nghệ thông tin (chuyên ngành Smart logistics) - Chương trình tiên tiến,A00; A01; D01; D07,18,Điểm thi THPT,,2024,https://github.com/HTNam1710/ADS_Final/blob/main/Data/diem_chuan_2024_final.csv
GTS,748020106A,Công nghệ thông tin (chuyên ngành Công nghệ ô tô số) - Chương trình tiên tiến,A00; A01; D01; D07,17,Điểm thi THPT,,2024,https://github.com/HTNam1710/ADS_Final/blob/main/Data/diem_chuan_2024_final.csv
GTS,7510104A,Công nghệ kỹ thuật giao thông (chuyên ngành Quy hoạch và quản lý giao thông; Logistics và hạ tầng giao thông) - Chương trình tiên tiến,A00; A01; D01; D07,19,Điểm thi THPT,,2024,https://github.com/HTNam1710/ADS_Final/blob/main/Data/diem_chuan_2024_final.csv
GTS,7510201A,Công nghệ kỹ thuật cơ khí - Chương trình tiên tiến,A00; A01; D01; D07,23,Điểm thi THPT,,2024,https://github.com/HTNam1710/ADS_Final/blob/main/Data/diem_chuan_2024_final.csv
GTS,7510205A,Công nghệ kỹ thuật ô tô - Chương trình tiên tiến,A00; A01; D01; D07,24,Điểm thi THPT,,2024,https://github.com/HTNam1710/ADS_Final/blob/main/Data/diem_chuan_2024_final.csv
GTS,7510303A,Công nghệ kỹ thuật điều khiển và tự động hóa - Chương trình tiên tiến,A00; A01; D01; D07,24,Điểm thi THPT,,2024,https://github.com/HTNam1710/ADS_Final/blob/main/Data/diem_chuan_2024_final.csv
GTS,7510605A,Logistics và quản lý chuỗi cung ứng - Chương trình tiên tiến,A00; A01; D01; D07,24,Điểm thi THPT,,2024,https://github.com/HTNam1710/ADS_Final/blob/main/Data/diem_chuan_2024_final.csv
GTS,7510605E,Logistics và quản lý chuỗi cung ứng - Chương trình học hoàn toàn bằng tiếng Anh,A00; A01; D01; D07,17,Điểm thi THPT,,2024,https://github.com/HTNam1710/ADS_Final/blob/main/Data/diem_chuan_2024_final.csv
GTS,7520103A,Kỹ thuật cơ khí- Chương trình tiên tiến,A00; A01; D01; D07,19,Điểm thi THPT,,2024,https://github.com/HTNam1710/ADS_Final/blob/main/Data/diem_chuan_2024_final.csv
GTS,7520122,Kỹ thuật tàu thủy,A00; A01; D01; D07,15,Điểm thi THPT,,2024,https://github.com/HTNam1710/ADS_Final/blob/main/Data/diem_chuan_2024_final.csv
GTS,7520130A,Kỹ thuật ô tô - Chương trình tiên tiến,A00; A01; D01; D07,22,Điểm thi THPT,,2024,https://github.com/HTNam1710/ADS_Final/blob/main/Data/diem_chuan_2024_final.csv
GTS,7520201,Kỹ thuật điện,A00; A01; D01; D07,20,Điểm thi THPT,,2024,https://github.com/HTNam1710/ADS_Final/blob/main/Data/diem_chuan_2024_final.csv
GTS,7520207A,Kỹ thuật điện tử - viễn thông - Chương trình tiên tiến,A00; A01; D01; D07,20,Điểm thi THPT,,2024,https://github.com/HTNam1710/ADS_Final/blob/main/Data/diem_chuan_2024_final.csv
GTS,7520216A,Kỹ thuật điều khiển và tự động hóa - Chương trình tiên tiến,A00; A01; D01; D07,20,Điểm thi THPT,,2024,https://github.com/HTNam1710/ADS_Final/blob/main/Data/diem_chuan_2024_final.csv
GTS,7520320,Kỹ thuật môi trường,A00; A01; D01; B00,19,Điểm thi THPT,,2024,https://github.com/HTNam1710/ADS_Final/blob/main/Data/diem_chuan_2024_final.csv
GTS,7580201,Kỹ thuật xây dựng,A00; A01; D01; D07,19,Điểm thi THPT,,2024,https://github.com/HTNam1710/ADS_Final/blob/main/Data/diem_chuan_2024_final.csv
GTS,7580202,Kỹ thuật xây dựng công trình thủy,A00; A01; D01; D07,15,Điểm thi THPT,,2024,https://github.com/HTNam1710/ADS_Final/blob/main/Data/diem_chuan_2024_final.csv
GTS,7580205,Kỹ thuật xây dựng công trình giao thông,A00; A01; D01; D07,17,Điểm thi THPT,,2024,https://github.com/HTNam1710/ADS_Final/blob/main/Data/diem_chuan_2024_final.csv
GTS,758030101A,Kinh tế xây dựng (chuyên ngành Kinh tế xây dựng) - Chương trình tiên tiến,A00; A01; D01; D07,19,Điểm thi THPT,,2024,https://github.com/HTNam1710/ADS_Final/blob/main/Data/diem_chuan_2024_final.csv
GTS,758030103A,Kinh tế xây dựng (chuyên ngành Kinh tế và quản lý bất động sản) - Chương trình tiên tiến,A00; A01; D01; D07,19,Điểm thi THPT,,2024,https://github.com/HTNam1710/ADS_Final/blob/main/Data/diem_chuan_2024_final.csv
GTS,7580302A,Quản lý xây dựng - Chương trình tiên tiến,A00; A01; D01; D07,19,Điểm thi THPT,,2024,https://github.com/HTNam1710/ADS_Final/blob/main/Data/diem_chuan_2024_final.csv
GTS,784010101A,Khai thác vận tải (chuyên ngành Quản trị logistics và vận tải đa phương thức) - Chương trình tiên tiến,A00; A01; D01; D07,22,Điểm thi THPT,,2024,https://github.com/HTNam1710/ADS_Final/blob/main/Data/diem_chuan_2024_final.csv
GTS,784010102A,Khai thác vận tải - Chương trình tiên tiến,A00; A01; D01; D07,22,Điểm thi THPT,,2024,https://github.com/HTNam1710/ADS_Final/blob/main/Data/diem_chuan_2024_final.csv
GTS,784010401A,Kinh tế vận tải (chuyên ngành Kinh tế vận tải biển) - Chương trình tiên tiến,A00; A01; D01; D07,22,Điểm thi THPT,,2024,https://github.com/HTNam1710/ADS_Final/blob/main/Data/diem_chuan_2024_final.csv
GTS,784010402A,Kinh tế vận tải (chuyên ngành Kinh tế vận tải hàng không) - Chương trình tiên tiến,A00; A01; D01; D07,22,Điểm thi THPT,,2024,https://github.com/HTNam1710/ADS_Final/blob/main/Data/diem_chuan_2024_final.csv
GTS,7840106,Khoa học hàng hải (chuyên ngành Kỹ thuật điện; điện tử và điều khiển; Cơ điện tử),A00; A01; D01; D07,19,Điểm thi THPT,,2024,https://github.com/HTNam1710/ADS_Final/blob/main/Data/diem_chuan_2024_final.csv
GTS,784010604A,Khoa học hàng hải (chuyên ngành Quản lý hàng hải) - Chương trình tiên tiến,A00; A01; D01; D07,20,Điểm thi THPT,,2024,https://github.com/HTNam1710/ADS_Final/blob/main/Data/diem_chuan_2024_final.csv
GTS,784010606,Khoa học hàng hải (chuyên ngành Điều khiển và quản lý tàu biển),A00; A01; D01; D07,16,Điểm thi THPT,,2024,https://github.com/HTNam1710/ADS_Final/blob/main/Data/diem_chuan_2024_final.csv
GTS,784010607,Khoa học hàng hải (chuyên ngành Khai thác máy tàu thủy và quản lý kỹ thuật),A00; A01; D01; D07,16,Điểm thi THPT,,2024,https://github.com/HTNam1710/ADS_Final/blob/main/Data/diem_chuan_2024_final.csv
GTS,784010609A,Khoa học hàng hải (chuyên ngành Quản lý cảng và logistics) - Chương trình tiên tiến,A00; A01; D01; D07,21,Điểm thi THPT,,2024,https://github.com/HTNam1710/ADS_Final/blob/main/Data/diem_chuan_2024_final.csv
HYD,7720101,Y khoa,B00,25.57,Điểm thi THPT,,2024,https://github.com/HTNam1710/ADS_Final/blob/main/Data/diem_chuan_2024_final.csv
HYD,7720115,Y học cổ truyền,B00,22.75,Điểm thi THPT,,2024,https://github.com/HTNam1710/ADS_Final/blob/main/Data/diem_chuan_2024_final.csv
HYD,7720201,Dược học,A00,23.52,Điểm thi THPT,,2024,https://github.com/HTNam1710/ADS_Final/blob/main/Data/diem_chuan_2024_final.csv
CSH,7860100,Nhóm ngành nghiệp vụ Cảnh sát,A00; A01; C03; D01,21.52,Điểm thi THPT,"Nam, vùng 1, bài thi CA2",2024,https://github.com/HTNam1710/ADS_Final/blob/main/Data/diem_chuan_2024_final.csv
DKK,7220201DKD,Ngôn ngữ Anh,A01; D01; D09; D14,19,Điểm thi THPT,"Tiếng Anh hệ số 2, Cơ sở Nam Định",2024,https://github.com/HTNam1710/ADS_Final/blob/main/Data/diem_chuan_2024_final.csv
DKK,7220201DKK,Ngôn ngữ Anh,A01; D01; D09; D14,23.2,Điểm thi THPT,"Tiếng Anh hệ số 2, Cơ sở Hà Nội",2024,https://github.com/HTNam1710/ADS_Final/blob/main/Data/diem_chuan_2024_final.csv
DKK,7340101DKD,Quản trị kinh doanh,A00; A01; C01; D01,18.5,Điểm thi THPT,Cơ sở Nam Định,2024,https://github.com/HTNam1710/ADS_Final/blob/main/Data/diem_chuan_2024_final.csv
DKK,7340101DKK,Quản trị kinh doanh,A00; A01; C01; D01,23.2,Điểm thi THPT,Cơ sở Hà Nội,2024,https://github.com/HTNam1710/ADS_Final/blob/main/Data/diem_chuan_2024_final.csv
DKK,7340115DKD,Marketing,A00; A01; C01; D01,18.5,Điểm thi THPT,Cơ sở Nam Định,2024,https://github.com/HTNam1710/ADS_Final/blob/main/Data/diem_chuan_2024_final.csv
DKK,7340115DKK,Marketing,A00; A01; C01; D01,24.2,Điểm thi THPT,Cơ sở Hà Nội,2024,https://github.com/HTNam1710/ADS_Final/blob/main/Data/diem_chuan_2024_final.csv
DKK,7340121DKD,Kinh doanh thương mại,A00; A01; C01; D01,18.5,Điểm thi THPT,Cơ sở Nam Định,2024,https://github.com/HTNam1710/ADS_Final/blob/main/Data/diem_chuan_2024_final.csv
DKK,7340121DKK,Kinh doanh thương mại,A00; A01; C01; D01,23.8,Điểm thi THPT,Cơ sở Hà Nội,2024,https://github.com/HTNam1710/ADS_Final/blob/main/Data/diem_chuan_2024_final.csv
DKK,7340201DKD,Tài chính - Ngân hàng,A00; A01; C01; D01,17.5,Điểm thi THPT,Cơ sở Nam Định,2024,https://github.com/HTNam1710/ADS_Final/blob/main/Data/diem_chuan_2024_final.csv
DKK,7340201DKK,Tài chính - Ngân hàng,A00; A01; C01; D01,23.2,Điểm thi THPT,Cơ sở Hà Nội,2024,https://github.com/HTNam1710/ADS_Final/blob/main/Data/diem_chuan_2024_final.csv
DKK,7340204DKD,Bảo hiểm,A00; A01; C01; D01,17.5,Điểm thi THPT,Cơ sở Nam Định,2024,https://github.com/HTNam1710/ADS_Final/blob/main/Data/diem_chuan_2024_final.csv
DKK,7340204DKK,Bảo hiểm,A00; A01; C01; D01,22,Điểm thi THPT,Cơ sở Hà Nội,2024,https://github.com/HTNam1710/ADS_Final/blob/main/Data/diem_chuan_2024_final.csv
DKK,7340301DKD,Kế toán,A00; A01; C01; D01,17.5,Điểm thi THPT,Cơ sở Nam Định,2024,https://github.com/HTNam1710/ADS_Final/blob/main/Data/diem_chuan_2024_final.csv
DKK,7340301DKK,Kế toán,A00; A01; C01; D01,23,Điểm thi THPT,Cơ sở Hà Nội,2024,https://github.com/HTNam1710/ADS_Final/blob/main/Data/diem_chuan_2024_final.csv
DKK,7340302DKD,Kiểm toán,A00; A01; C01; D01,17.5,Điểm thi THPT,Cơ sở Nam Định,2024,https://github.com/HTNam1710/ADS_Final/blob/main/Data/diem_chuan_2024_final.csv
DKK,7340302DKK,Kiểm toán,A00; A01; C01; D01,23,Điểm thi THPT,Cơ sở Hà Nội,2024,https://github.com/HTNam1710/ADS_Final/blob/main/Data/diem_chuan_2024_final.csv
DKK,7460108DKD,Khoa học dữ liệu,A00; A01; C01; D01,17.5,Điểm thi THPT,Cơ sở Nam Định,2024,https://github.com/HTNam1710/ADS_Final/blob/main/Data/diem_chuan_2024_final.csv
DKK,7460108DKK,Khoa học dữ liệu,A00; A01; C01; D01,22.2,Điểm thi THPT,Cơ sở Hà Nội,2024,https://github.com/HTNam1710/ADS_Final/blob/main/Data/diem_chuan_2024_final.csv
DKK,7480102DKD,Mạng máy tính và truyền thông dữ liệu,A00; A01; C01; D01,17.5,Điểm thi THPT,Cơ sở Nam Định,2024,https://github.com/HTNam1710/ADS_Final/blob/main/Data/diem_chuan_2024_final.csv
DKK,7480102DKK,Mạng máy tính và truyền thông dữ liệu,A00; A01; C01; D01,22.5,Điểm thi THPT,Cơ sở Hà Nội,2024,https://github.com/HTNam1710/ADS_Final/blob/main/Data/diem_chuan_2024_final.csv
DKK,7480108DKD,Công nghệ kỹ thuật máy tính,A00; A01; C01; D01,17.5,Điểm thi THPT,Cơ sở Nam Định,2024,https://github.com/HTNam1710/ADS_Final/blob/main/Data/diem_chuan_2024_final.csv
DKK,7480108DKK,Công nghệ kỹ thuật máy tính,A00; A01; C01; D01,22.8,Điểm thi THPT,Cơ sở Hà Nội,2024,https://github.com/HTNam1710/ADS_Final/blob/main/Data/diem_chuan_2024_final.csv
DKK,7480201DKD,Công nghệ thông tin,A00; A01; C01; D01,19,Điểm thi THPT,Cơ sở Nam Định,2024,https://github.com/HTNam1710/ADS_Final/blob/main/Data/diem_chuan_2024_final.csv
DKK,7480201DKK,Công nghệ thông tin,A00; A01; C01; D01,24,Điểm thi THPT,Cơ sở Hà Nội,2024,https://github.com/HTNam1710/ADS_Final/blob/main/Data/diem_chuan_2024_final.csv
DKK,7510201DKD,Công nghệ kỹ thuật cơ khí,A00; A01; C01; D01,17.5,Điểm thi THPT,Cơ sở Nam Định,2024,https://github.com/HTNam1710/ADS_Final/blob/main/Data/diem_chuan_2024_final.csv
DKK,7510201DKK,Công nghệ kỹ thuật cơ khí,A00; A01; C01; D01,22.8,Điểm thi THPT,Cơ sở Hà Nội,2024,https://github.com/HTNam1710/ADS_Final/blob/main/Data/diem_chuan_2024_final.csv
DKK,7510203DKD,Công nghệ kỹ thuật cơ điện tử,A00; A01; C01; D01,19,Điểm thi THPT,Cơ sở Nam Định,2024,https://github.com/HTNam1710/ADS_Final/blob/main/Data/diem_chuan_2024_final.csv
DKK,7510203DKK,Công nghệ kỹ thuật cơ điện tử,A00; A01; C01; D01,23.2,Điểm thi THPT,Cơ sở Hà Nội,2024,https://github.com/HTNam1710/ADS_Final/blob/main/Data/diem_chuan_2024_final.csv
DKK,7510205DKD,Công nghệ kỹ thuật Ô tô,A00; A01; C01; D01,18.5,Điểm thi THPT,Cơ sở Nam Định,2024,https://github.com/HTNam1710/ADS_Final/blob/main/Data/diem_chuan_2024_final.csv
DKK,7510205DKK,Công nghệ kỹ thuật Ô tô,A00; A01; C01; D01,23.8,Điểm thi THPT,Cơ sở Hà Nội,2024,https://github.com/HTNam1710/ADS_Final/blob/main/Data/diem_chuan_2024_final.csv
DKK,7510301DKD,"Công nghệ kỹ thuật điện, điện tử",A00; A01; C01; D01,17.5,Điểm thi THPT,Cơ sở Nam Định,2024,https://github.com/HTNam1710/ADS_Final/blob/main/Data/diem_chuan_2024_final.csv
DKK,7510301DKK,"Công nghệ kỹ thuật điện, điện tử",A00; A01; C01; D01,23,Điểm thi THPT,Cơ sở Hà Nội,2024,https://github.com/HTNam1710/ADS_Final/blob/main/Data/diem_chuan_2024_final.csv
DKK,7510302DKD,Công nghệ kỹ thuật điện tử - viễn thông,A00; A01; C01; D01,18.5,Điểm thi THPT,Cơ sở Nam Định,2024,https://github.com/HTNam1710/ADS_Final/blob/main/Data/diem_chuan_2024_final.csv
DKK,7510302DKK,Công nghệ kỹ thuật điện tử - viễn thông,A00; A01; C01; D01,23,Điểm thi THPT,Cơ sở Hà Nội,2024,https://github.com/HTNam1710/ADS_Final/blob/main/Data/diem_chuan_2024_final.csv
DKK,7510303DKD,CNKT điều khiển và tự động hoá,A00; A01; C01; D01,18.5,Điểm thi THPT,Cơ sở Nam Định,2024,https://github.com/HTNam1710/ADS_Final/blob/main/Data/diem_chuan_2024_final.csv
DKK,7510303DKK,CNKT điều khiển và tự động hoá,A00; A01; C01; D01,24,Điểm thi THPT,Cơ sở Hà Nội,2024,https://github.com/HTNam1710/ADS_Final/blob/main/Data/diem_chuan_2024_final.csv
DKK,7510605DKD,Logistic và Quản lý chuỗi cung ứng,A00; A01; C01; D01,18.5,Điểm thi THPT,Cơ sở Nam Định,2024,https://github.com/HTNam1710/ADS_Final/blob/main/Data/diem_chuan_2024_final.csv
DKK,7510605DKK,Logistic và Quản lý chuỗi cung ứng,A00; A01; C01; D01,24.2,Điểm thi THPT,Cơ sở Hà Nội,2024,https://github.com/HTNam1710/ADS_Final/blob/main/Data/diem_chuan_2024_final.csv
DKK,7540101DKD,Công nghệ thực phẩm,A00; A01; B00; D07,17.5,Điểm thi THPT,Cơ sở Nam Định,2024,https://github.com/HTNam1710/ADS_Final/blob/main/Data/diem_chuan_2024_final.csv
DKK,7540101DKK,Công nghệ thực phẩm,A00; A01; B00; D07,20,Điểm thi THPT,Cơ sở Hà Nội,2024,https://github.com/HTNam1710/ADS_Final/blob/main/Data/diem_chuan_2024_final.csv
DKK,7540202DKD,"Công nghệ sợi, dệt",A00; A01; C01; D01,17.5,Điểm thi THPT,Cơ sở Nam Định,2024,https://github.com/HTNam1710/ADS_Final/blob/main/Data/diem_chuan_2024_final.csv
DKK,7540202DKK,"Công nghệ sợi, dệt",A00; A01; C01; D01,19,Điểm thi THPT,Cơ sở Hà Nội,2024,https://github.com/HTNam1710/ADS_Final/blob/main/Data/diem_chuan_2024_final.csv
DKK,7540204DKD,"Công nghệ dệt, may",A00; A01; C01; D01,17.5,Điểm thi THPT,Cơ sở Nam Định,2024,https://github.com/HTNam1710/ADS_Final/blob/main/Data/diem_chuan_2024_final.csv
DKK,7540204DKK,"Công nghệ dệt, may",A00; A01; C01; D01,20,Điểm thi THPT,Cơ sở Hà Nội,2024,https://github.com/HTNam1710/ADS_Final/blob/main/Data/diem_chuan_2024_final.csv
DKK,7810103DKD,Quản trị dịch vụ du lịch và lữ hành,A00; A01; C01; D01,19,Điểm thi THPT,Cơ sở Nam Định,2024,https://github.com/HTNam1710/ADS_Final/blob/main/Data/diem_chuan_2024_final.csv
DKK,7810103DKK,Quản trị dịch vụ du lịch và lữ hành,A00; A01; C01; D01,24.5,Điểm thi THPT,Cơ sở Hà Nội,2024,https://github.com/HTNam1710/ADS_Final/blob/main/Data/diem_chuan_2024_final.csv
DKK,7810201DKD,Quản trị khách sạn,A00; A01; C01; D01,19,Điểm thi THPT,Cơ sở Nam Định,2024,https://github.com/HTNam1710/ADS_Final/blob/main/Data/diem_chuan_2024_final.csv
DKK,7810201DKK,Quản trị khách sạn,A00; A01; C01; D01,24.5,Điểm thi THPT,Cơ sở Hà Nội,2024,https://github.com/HTNam1710/ADS_Final/blob/main/Data/diem_chuan_2024_final.csv
DCT,7220201,Ngôn ngữ Anh,A01; D01; D09; D10,23,Điểm thi THPT,,2024,https://github.com/HTNam1710/ADS_Final/blob/main/Data/diem_chuan_2024_final.csv
DCT,7220204,Ngôn ngữ Trung Quốc,A01; D01; D09; D10,23.25,Điểm thi THPT,,2024,https://github.com/HTNam1710/ADS_Final/blob/main/Data/diem_chuan_2024_final.csv
DCT,7340101,Quản trị kinh doanh,A00; A01; D01; D10,23,Điểm thi THPT,,2024,https://github.com/HTNam1710/ADS_Final/blob/main/Data/diem_chuan_2024_final.csv
DCT,7340115,Marketing,A00; A01; D01; D10,24.5,Điểm thi THPT,,2024,https://github.com/HTNam1710/ADS_Final/blob/main/Data/diem_chuan_2024_final.csv
DCT,7340120,Kinh doanh quốc tế,A00; A01; D01; D10,23.25,Điểm thi THPT,,2024,https://github.com/HTNam1710/ADS_Final/blob/main/Data/diem_chuan_2024_final.csv
DCT,7340122,Thương mại điện tử,A00; A01; D01; D10,23.75,Điểm thi THPT,,2024,https://github.com/HTNam1710/ADS_Final/blob/main/Data/diem_chuan_2024_final.csv
DCT,7340123,Kinh doanh thời trang và Dệt may,A00; A01; D01; D10,18,Điểm thi THPT,,2024,https://github.com/HTNam1710/ADS_Final/blob/main/Data/diem_chuan_2024_final.csv
DCT,7340129,Quản trị kinh doanh thực phẩm,A00; A01; D01; D10,20,Điểm thi THPT,,2024,https://github.com/HTNam1710/ADS_Final/blob/main/Data/diem_chuan_2024_final.csv
DCT,7340201,Tài chính ngân hàng,A00; A01; D01; D10,23,Điểm thi THPT,,2024,https://github.com/HTNam1710/ADS_Final/blob/main/Data/diem_chuan_2024_final.csv
DCT,7340205,Công nghệ tài chính,A00; A01; D01; D07,20.75,Điểm thi THPT,,2024,https://github.com/HTNam1710/ADS_Final/blob/main/Data/diem_chuan_2024_final.csv
DCT,7340301,Kế toán,A00; A01; D01; D10,22.5,Điểm thi THPT,,2024,https://github.com/HTNam1710/ADS_Final/blob/main/Data/diem_chuan_2024_final.csv
DCT,7380107,Luật kinh tế,A00; A01; D01; D15,22.75,Điểm thi THPT,,2024,https://github.com/HTNam1710/ADS_Final/blob/main/Data/diem_chuan_2024_final.csv
DCT,7420201,Công nghệ sinh học,A00; A01; D07; B00,17.75,Điểm thi THPT,,2024,https://github.com/HTNam1710/ADS_Final/blob/main/Data/diem_chuan_2024_final.csv
DCT,7460108,Khoa học dữ liệu,A00; A01; D01; D07,20,Điểm thi THPT,,2024,https://github.com/HTNam1710/ADS_Final/blob/main/Data/diem_chuan_2024_final.csv
DCT,7480201,Công nghệ thông tin,A00; A01; D01; D07,23,Điểm thi THPT,,2024,https://github.com/HTNam1710/ADS_Final/blob/main/Data/diem_chuan_2024_final.csv
DCT,7480202,An toàn thông tin,A00; A01; D01; D07,20,Điểm thi THPT,,2024,https://github.com/HTNam1710/ADS_Final/blob/main/Data/diem_chuan_2024_final.csv
DCT,7510202,Công nghệ chế tạo máy,A00; A01; D01; D07,18,Điểm thi THPT,,2024,https://github.com/HTNam1710/ADS_Final/blob/main/Data/diem_chuan_2024_final.csv
DCT,7510203,Công nghệ kỹ thuật - cơ điện tử,A00; A01; D01; D07,18.5,Điểm thi THPT,,2024,https://github.com/HTNam1710/ADS_Final/blob/main/Data/diem_chuan_2024_final.csv
DCT,7510301,Công nghệ kỹ thuật Điện;Điện tử,A00; A01; D01; D07,18,Điểm thi THPT,,2024,https://github.com/HTNam1710/ADS_Final/blob/main/Data/diem_chuan_2024_final.csv
DCT,7510303,Công nghệ kỹ thuật điều khiển và tự động hóa,A00; A01; D01; D07,18.75,Điểm thi THPT,,2024,https://github.com/HTNam1710/ADS_Final/blob/main/Data/diem_chuan_2024_final.csv
DCT,7510401,Công nghệ kỹ thuật hóa học,A00; A01; D07; B00,17,Điểm thi THPT,,2024,https://github.com/HTNam1710/ADS_Final/blob/main/Data/diem_chuan_2024_final.csv
DCT,7510406,Công nghệ kỹ thuật môi trường,A00; A01; D07; B00,17,Điểm thi THPT,,2024,https://github.com/HTNam1710/ADS_Final/blob/main/Data/diem_chuan_2024_final.csv
DCT,7510605,Logistic và quản lý chuỗi cung ứng,A00; A01; D01; D10,23.75,Điểm thi THPT,,2024,https://github.com/HTNam1710/ADS_Final/blob/main/Data/diem_chuan_2024_final.csv
DCT,7520115,Kỹ thuật nhiệt,A00; A01; D01; D07,17.5,Điểm thi THPT,,2024,https://github.com/HTNam1710/ADS_Final/blob/main/Data/diem_chuan_2024_final.csv
DCT,7540101,Công nghệ thực phẩm,A00; A01; D07; B00,23,Điểm thi THPT,,2024,https://github.com/HTNam1710/ADS_Final/blob/main/Data/diem_chuan_2024_final.csv
DCT,7540105,Công nghệ chế biến thủy sản,A00; A01; D07; B00,17,Điểm thi THPT,,2024,https://github.com/HTNam1710/ADS_Final/blob/main/Data/diem_chuan_2024_final.csv
DCT,7540106,Đảm bảo chất lượng & ATTP,A00; A01; D07; B00,18,Điểm thi THPT,,2024,https://github.com/HTNam1710/ADS_Final/blob/main/Data/diem_chuan_2024_final.csv
DCT,7540204,Công nghệ dệt; may,A00; A01; D01; D07,17,Điểm thi THPT,,2024,https://github.com/HTNam1710/ADS_Final/blob/main/Data/diem_chuan_2024_final.csv
DCT,7810103,Quản trị dịch vụ du lịch và lữ hành,A00; A01; D01; D15,21,Điểm thi THPT,,2024,https://github.com/HTNam1710/ADS_Final/blob/main/Data/diem_chuan_2024_final.csv
DCT,7810201,Quản trị khách sạn,A00; A01; D01; D15,21,Điểm thi THPT,,2024,https://github.com/HTNam1710/ADS_Final/blob/main/Data/diem_chuan_2024_final.csv
DCT,7810202,Quản trị nhà hàng và dịch vụ ăn uống,A00; A01; D01; D15,21,Điểm thi THPT,,2024,https://github.com/HTNam1710/ADS_Final/blob/main/Data/diem_chuan_2024_final.csv
DCT,7819009,Khoa học dinh dưỡng và ẩm thực,A00; A01; D07; B00,17,Điểm thi THPT,,2024,https://github.com/HTNam1710/ADS_Final/blob/main/Data/diem_chuan_2024_final.csv
DCT,7819010,Khoa học chế biến món ăn,A00; A01; D07; B00,17.5,Điểm thi THPT,,2024,https://github.com/HTNam1710/ADS_Final/blob/main/Data/diem_chuan_2024_final.csv
DCT,7850101,Quản lý tài nguyên và môi trường,A00; A01; D07; B00,17,Điểm thi THPT,,2024,https://github.com/HTNam1710/ADS_Final/blob/main/Data/diem_chuan_2024_final.csv
LAH,7860201,Chỉ huy tham mưu Lục quân,A00; A01,24.45,Điểm thi THPT,TS nam miền Bắc; Tiêu chí phụ 1: Toán >= 8.80,2024,https://github.com/HTNam1710/ADS_Final/blob/main/Data/diem_chuan_2024_final.csv
HQH,7860202,Chỉ huy tham mưu Hải quân,A00; A01,20.6,Điểm thi THPT,Thí sinh Nam miền Nam,2024,https://github.com/HTNam1710/ADS_Final/blob/main/Data/diem_chuan_2024_final.csv
HHK,7220201,Ngôn ngữ Anh,A01; D01; D14; D15,20,Điểm thi THPT,,2024,https://github.com/HTNam1710/ADS_Final/blob/main/Data/diem_chuan_2024_final.csv
HHK,7340101,Quản trị kinh doanh,A01; D01; D14; D15,19.5,Điểm thi THPT,,2024,https://github.com/HTNam1710/ADS_Final/blob/main/Data/diem_chuan_2024_final.csv
HHK,7340101E,Quản trị kinh doanh hàng không - Chương trình học bằng Tiếng Anh,A01; D01; D14; D15,19.5,Điểm thi THPT,,2024,https://github.com/HTNam1710/ADS_Final/blob/main/Data/diem_chuan_2024_final.csv
HHK,7340120,Kinh doanh quốc tế,A01; D01; D14; D15,22,Điểm thi THPT,,2024,https://github.com/HTNam1710/ADS_Final/blob/main/Data/diem_chuan_2024_final.csv
HHK,7340404,Quản trị nhân lực,A01; D01; D14; D15,20,Điểm thi THPT,,2024,https://github.com/HTNam1710/ADS_Final/blob/main/Data/diem_chuan_2024_final.csv
HHK,7480201,Công nghệ thông tin,A00; A01; D07,18,Điểm thi THPT,,2024,https://github.com/HTNam1710/ADS_Final/blob/main/Data/diem_chuan_2024_final.csv
HHK,7510102Q,Công nghệ kỹ thuật công trình xây dựng (CN: Quản lý và khai thác cảng HK),A00; A01; D07,16,Điểm thi THPT,,2024,https://github.com/HTNam1710/ADS_Final/blob/main/Data/diem_chuan_2024_final.csv
HHK,7510102X,Công nghệ kỹ thuật công trình xây dựng (CN: Xây dựng và phát triển cảng HK),A00; A01; D07,16,Điểm thi THPT,,2024,https://github.com/HTNam1710/ADS_Final/blob/main/Data/diem_chuan_2024_final.csv
HHK,7510302,Công nghệ kỹ thuật điện tử - viễn thông,A00; A01; D07,16,Điểm thi THPT,,2024,https://github.com/HTNam1710/ADS_Final/blob/main/Data/diem_chuan_2024_final.csv
HHK,7510303,Công nghệ kỹ thuật điều khiển và tự động hóa,A00; A01; D07,16,Điểm thi THPT,,2024,https://github.com/HTNam1710/ADS_Final/blob/main/Data/diem_chuan_2024_final.csv
HHK,7520120,Kỹ thuật hàng không,A00; A01; D07,23.6,Điểm thi THPT,,2024,https://github.com/HTNam1710/ADS_Final/blob/main/Data/diem_chuan_2024_final.csv
HHK,7520120E,Kỹ thuật hàng không - Chương trình học Tiếng Anh,A00; A01; D07,22.5,Điểm thi THPT,,2024,https://github.com/HTNam1710/ADS_Final/blob/main/Data/diem_chuan_2024_final.csv
HHK,7810103,Quản trị dịch vụ du lịch và lữ hành,A01; D01; D14; D15,22,Điểm thi THPT,,2024,https://github.com/HTNam1710/ADS_Final/blob/main/Data/diem_chuan_2024_final.csv
HHK,7810103T,Quản trị dịch vụ du lịch và lữ hành (CN: Quản trị dịch vụ thương mại hàng không),A01; D01; D14; D15,22,Điểm thi THPT,,2024,https://github.com/HTNam1710/ADS_Final/blob/main/Data/diem_chuan_2024_final.csv
HHK,7840102,Quản lý hoạt động bay,A00; A01; D01; D07,25.5,Điểm thi THPT,,2024,https://github.com/HTNam1710/ADS_Final/blob/main/Data/diem_chuan_2024_final.csv
HHK,7840102E,Quản lý hoạt động bay - Chương trình học Tiếng Anh,A00; A01; D01; D07,26,Điểm thi THPT,,2024,https://github.com/HTNam1710/ADS_Final/blob/main/Data/diem_chuan_2024_final.csv
HHK,7840104E,Kinh tế vận tải - Chương trình học bằng Tiếng Anh (CN: Logistics và vận tải đa phương thức),A01; D01; D14; D15,20,Điểm thi THPT,,2024,https://github.com/HTNam1710/ADS_Final/blob/main/Data/diem_chuan_2024_final.csv
HHK,7840104K,Kinh tế vận tải (CN: Kinh tế hàng không),A01; D01; D14; D15,22,Điểm thi THPT,,2024,https://github.com/HTNam1710/ADS_Final/blob/main/Data/diem_chuan_2024_final.csv
HHK,7840104L,Kinh tế vận tải (CN: Logistics và quản lý chuỗi cung ứng; Logistics và vận tải đa phương thức),A01; D01; D14; D15,22,Điểm thi THPT,,2024,https://github.com/HTNam1710/ADS_Final/blob/main/Data/diem_chuan_2024_final.csv
PKA,BI01,Công nghệ sinh học,A00; B00; B08; D07,18,Điểm thi THPT,,2024,https://github.com/HTNam1710/ADS_Final/blob/main/Data/diem_chuan_2024_final.csv
PKA,CHE1,Kỹ thuật hóa học,A00; A01; B00; D07,17,Điểm thi THPT,,2024,https://github.com/HTNam1710/ADS_Final/blob/main/Data/diem_chuan_2024_final.csv
PKA,DEN1,Răng - Hàm - Mặt,A00; B00; B08; D07,22.5,Điểm thi THPT,,2024,https://github.com/HTNam1710/ADS_Final/blob/main/Data/diem_chuan_2024_final.csv
PKA,EEE-AI,Kỹ thuật robot và Trí tuệ nhân tạo (Một số học phần Chuyên ngành học bằng tiếng Anh),A00; A01; C01; D07,22,Điểm thi THPT,,2024,https://github.com/HTNam1710/ADS_Final/blob/main/Data/diem_chuan_2024_final.csv
PKA,EEE1,Kỹ thuật điều khiển và Tự động hóa,A00; A01; C01; D07,22,Điểm thi THPT,,2024,https://github.com/HTNam1710/ADS_Final/blob/main/Data/diem_chuan_2024_final.csv
PKA,EEE2,Kỹ thuật y sinh (Điện tử y sinh),A00; A01; B00; C01,20,Điểm thi THPT,,2024,https://github.com/HTNam1710/ADS_Final/blob/main/Data/diem_chuan_2024_final.csv
PKA,EEE3,Kỹ thuật điện tử - viễn thông (Hệ thống nhúng thông minh và Iot),A00; A01; C01; D07,21,Điểm thi THPT,,2024,https://github.com/HTNam1710/ADS_Final/blob/main/Data/diem_chuan_2024_final.csv
PKA,EEE4,Kỹ thuật điện tử - viễn thông (thiết kế vi mạch bán dẫn),A00; A01; C01; D07,21,Điểm thi THPT,,2024,https://github.com/HTNam1710/ADS_Final/blob/main/Data/diem_chuan_2024_final.csv
PKA,F0S1,Đông phương học,A01; C00; D01; D09,17,Điểm thi THPT,,2024,https://github.com/HTNam1710/ADS_Final/blob/main/Data/diem_chuan_2024_final.csv
PKA,FBE1,Quản trị kinh doanh,A00; A01; D01; D07,20,Điểm thi THPT,,2024,https://github.com/HTNam1710/ADS_Final/blob/main/Data/diem_chuan_2024_final.csv
PKA,FBE2,Kế toán,A00; A01; D01; D07,20,Điểm thi THPT,,2024,https://github.com/HTNam1710/ADS_Final/blob/main/Data/diem_chuan_2024_final.csv
PKA,FBE3,Tài chính - Ngân hàng,A00; A01; D01; D07,21,Điểm thi THPT,,2024,https://github.com/HTNam1710/ADS_Final/blob/main/Data/diem_chuan_2024_final.csv
PKA,FBE4,Quản trị nhân lực,A00; A01; D01; D07,21,Điểm thi THPT,,2024,https://github.com/HTNam1710/ADS_Final/blob/main/Data/diem_chuan_2024_final.csv
PKA,FBE5,Luật kinh tế,C00; C04; D01; D14,24,Điểm thi THPT,,2024,https://github.com/HTNam1710/ADS_Final/blob/main/Data/diem_chuan_2024_final.csv
PKA,FBE6,Kinh doanh quốc tế (các học phần chuyên ngành học bằng tiếng anh),A01; D01; D07; D10,20,Điểm thi THPT,,2024,https://github.com/HTNam1710/ADS_Final/blob/main/Data/diem_chuan_2024_final.csv
PKA,FBE7,Logistics và quản lý chuỗi cung ứng (một số học phần chuyên ngành học bằng tiếng anh),A01; D01; D07; D10,20,Điểm thi THPT,,2024,https://github.com/HTNam1710/ADS_Final/blob/main/Data/diem_chuan_2024_final.csv
PKA,FBE8,Marketing,A01; D01; D07; D10,20,Điểm thi THPT,,2024,https://github.com/HTNam1710/ADS_Final/blob/main/Data/diem_chuan_2024_final.csv
PKA,FBE9,Công nghệ tài chính,A01; D01; D07; D10,20,Điểm thi THPT,,2024,https://github.com/HTNam1710/ADS_Final/blob/main/Data/diem_chuan_2024_final.csv
PKA,FIDT1,Kinh tế số,A00; A01; D01; D07,18,Điểm thi THPT,,2024,https://github.com/HTNam1710/ADS_Final/blob/main/Data/diem_chuan_2024_final.csv
PKA,FIDT2,Kinh doanh số,A00; A01; D01; D07,18,Điểm thi THPT,,2024,https://github.com/HTNam1710/ADS_Final/blob/main/Data/diem_chuan_2024_final.csv
PKA,FIDT3,Thương mại điện tử,A00; A01; D01; D07,18,Điểm thi THPT,,2024,https://github.com/HTNam1710/ADS_Final/blob/main/Data/diem_chuan_2024_final.csv
PKA,FIDT4,Logistics số,A00; A01; D01; D07,18,Điểm thi THPT,,2024,https://github.com/HTNam1710/ADS_Final/blob/main/Data/diem_chuan_2024_final.csv
PKA,FIDT5,Công nghệ marketing,A00; A01; D01; D07,18,Điểm thi THPT,,2024,https://github.com/HTNam1710/ADS_Final/blob/main/Data/diem_chuan_2024_final.csv
PKA,FLC1,Ngôn ngữ Trung Quốc,A01; D01; D04; D09,23,Điểm thi THPT,,2024,https://github.com/HTNam1710/ADS_Final/blob/main/Data/diem_chuan_2024_final.csv
PKA,FLE1,Ngôn ngữ Anh,A01; D01; D09; D15,21,Điểm thi THPT,,2024,https://github.com/HTNam1710/ADS_Final/blob/main/Data/diem_chuan_2024_final.csv
PKA,FLF1,Ngôn ngữ Pháp,A01; D01; D44; D64,17,Điểm thi THPT,,2024,https://github.com/HTNam1710/ADS_Final/blob/main/Data/diem_chuan_2024_final.csv
PKA,FLJ1,Ngôn ngữ Nhật,A01; D01; D06; D28,18,Điểm thi THPT,,2024,https://github.com/HTNam1710/ADS_Final/blob/main/Data/diem_chuan_2024_final.csv
PKA,FLK1,Ngôn ngữ Hàn Quốc,A01; D01; D09; DD2,22,Điểm thi THPT,,2024,https://github.com/HTNam1710/ADS_Final/blob/main/Data/diem_chuan_2024_final.csv
PKA,FTME,Y học cổ truyền,A00; B00; B08; D07,21,Điểm thi THPT,,2024,https://github.com/HTNam1710/ADS_Final/blob/main/Data/diem_chuan_2024_final.csv
PKA,FTS1,Du lịch (định hướng quản trị du lịch),A01; C00; D01; D15,21,Điểm thi THPT,,2024,https://github.com/HTNam1710/ADS_Final/blob/main/Data/diem_chuan_2024_final.csv
PKA,FTS2,Quản trị khách sạn,A00; A01; D01; D10,20,Điểm thi THPT,,2024,https://github.com/HTNam1710/ADS_Final/blob/main/Data/diem_chuan_2024_final.csv
PKA,FTS3,Kinh doanh du lịch số,A00; A01; D01; D10,21,Điểm thi THPT,,2024,https://github.com/HTNam1710/ADS_Final/blob/main/Data/diem_chuan_2024_final.csv
PKA,FTS4,Hướng dẫn du lịch quốc tế,A01; C00; D01; D15,21,Điểm thi THPT,,2024,https://github.com/HTNam1710/ADS_Final/blob/main/Data/diem_chuan_2024_final.csv
PKA,HM1,Quản lý bệnh viện,A00; A01; B00; D01,17,Điểm thi THPT,,2024,https://github.com/HTNam1710/ADS_Final/blob/main/Data/diem_chuan_2024_final.csv
PKA,ICT-TN,Tài năng khoa học máy tính,A00; A01; D07,23,Điểm thi THPT,,2024,https://github.com/HTNam1710/ADS_Final/blob/main/Data/diem_chuan_2024_final.csv
PKA,ICT-VJ,Công nghệ thông tin Việt Nhật,A00; A01; D07; D28,21,Điểm thi THPT,,2024,https://github.com/HTNam1710/ADS_Final/blob/main/Data/diem_chuan_2024_final.csv
PKA,ICT1,Công nghệ thông tin,A00; A01; D07,21,Điểm thi THPT,,2024,https://github.com/HTNam1710/ADS_Final/blob/main/Data/diem_chuan_2024_final.csv
PKA,ICT2,Kỹ thuật phần mềm (một số học phần chuyên ngành học bằng tiếng anh),A00; A01; D07,21,Điểm thi THPT,,2024,https://github.com/HTNam1710/ADS_Final/blob/main/Data/diem_chuan_2024_final.csv
PKA,ICT3,Khoa học máy tính,A00; A01; D07,21,Điểm thi THPT,,2024,https://github.com/HTNam1710/ADS_Final/blob/main/Data/diem_chuan_2024_final.csv
PKA,ICT4,An toàn thông tin,A00; A01; D07,21,Điểm thi THPT,,2024,https://github.com/HTNam1710/ADS_Final/blob/main/Data/diem_chuan_2024_final.csv
PKA,ICT5,Trí tuệ nhân tạo,A00; A01; D07,21,Điểm thi THPT,,2024,https://github.com/HTNam1710/ADS_Final/blob/main/Data/diem_chuan_2024_final.csv
PKA,MED1,Y khoa,A00; B00; B08; D07,22.5,Điểm thi THPT,,2024,https://github.com/HTNam1710/ADS_Final/blob/main/Data/diem_chuan_2024_final.csv
PKA,MEM1,Kỹ thuật cơ điện tử,A00; A01; A02; C01,20,Điểm thi THPT,,2024,https://github.com/HTNam1710/ADS_Final/blob/main/Data/diem_chuan_2024_final.csv
PKA,MEM2,Kỹ thuật cơ khí,A00; A01; A02; C01,19,Điểm thi THPT,,2024,https://github.com/HTNam1710/ADS_Final/blob/main/Data/diem_chuan_2024_final.csv
PKA,MSE-AI,Vật liệu thông minh và trí tuệ nhân tạo,A00; A01; C01; D07,20,Điểm thi THPT,,2024,https://github.com/HTNam1710/ADS_Final/blob/main/Data/diem_chuan_2024_final.csv
PKA,MSE-IC,Chip bán dẫn và công nghệ đóng gói,A00; A01; B00; D07,21,Điểm thi THPT,,2024,https://github.com/HTNam1710/ADS_Final/blob/main/Data/diem_chuan_2024_final.csv
PKA,MSE1,Vật liệu tiên tiến và công nghệ nano,A00; A01; B00; D07,20,Điểm thi THPT,,2024,https://github.com/HTNam1710/ADS_Final/blob/main/Data/diem_chuan_2024_final.csv
PKA,MTT1,Kỹ thuật xét nghiệm y học,A02; B00; B08; D07,19,Điểm thi THPT,,2024,https://github.com/HTNam1710/ADS_Final/blob/main/Data/diem_chuan_2024_final.csv
PKA,NUR1,Điều dưỡng,A00; A01; B00; B08,19,Điểm thi THPT,,2024,https://github.com/HTNam1710/ADS_Final/blob/main/Data/diem_chuan_2024_final.csv
PKA,PHA1,Dược học,A00; B00; B08; D07,21,Điểm thi THPT,,2024,https://github.com/HTNam1710/ADS_Final/blob/main/Data/diem_chuan_2024_final.csv
PKA,RET1,Kỹ thuật phục hồi chức năng,A02; B00; B08; D07,19,Điểm thi THPT,,2024,https://github.com/HTNam1710/ADS_Final/blob/main/Data/diem_chuan_2024_final.csv
PKA,RTS1,Kỹ thuật hình ảnh y học,A02; B00; B08; D07,19,Điểm thi THPT,,2024,https://github.com/HTNam1710/ADS_Final/blob/main/Data/diem_chuan_2024_final.csv
PKA,VEE1,Kỹ thuật ô tô,A00; A01; A10; D01,20.5,Điểm thi THPT,,2024,https://github.com/HTNam1710/ADS_Final/blob/main/Data/diem_chuan_2024_final.csv
PKA,VEE2,Cơ điện tử ô tô,A00; A01; A10; D01,20,Điểm thi THPT,,2024,https://github.com/HTNam1710/ADS_Final/blob/main/Data/diem_chuan_2024_final.csv
PKA,VEE3,Kỹ thuật phần mềm ô tô,A00; A01; A10; D01,19,Điểm thi THPT,,2024,https://github.com/HTNam1710/ADS_Final/blob/main/Data/diem_chuan_2024_final.csv
PKH,7860226,"Chỉ huy Tham mưu Phòng không, Không quân và Tác chiến điện tử",A00; A01,23.7,Điểm thi THPT,TS nam miền Bắc; Tiêu chí phụ 1: Toán >= 7; Tiêu chí phụ 2: Lý >= 8.25,2024,https://github.com/HTNam1710/ADS_Final/blob/main/Data/diem_chuan_2024_final.csv
CSS,7860100,Nhóm ngành nghiệp vụ Cảnh sát,A00; A01; C03; D01,20.33,Điểm thi THPT,"Nam, vùng 5, bài thi CA1",2024,https://github.com/HTNam1710/ADS_Final/blob/main/Data/diem_chuan_2024_final.csv
TTH,7860221,Ngành Chỉ huy tham mưu thông tin,A00; A01,23.42,Điểm thi THPT,"TS nam miền Nam, Tiêu chí phụ 1: Toán >= 8,40",2024,https://github.com/HTNam1710/ADS_Final/blob/main/Data/diem_chuan_2024_final.csv
NHF,7220201,Ngôn ngữ Anh,D01,35.43,Điểm thi THPT,"Môn ngoại ngữ nhân hệ số 2, thang điểm 40",2024,https://github.com/HTNam1710/ADS_Final/blob/main/Data/diem_chuan_2024_final.csv
NHF,7220201 TT,Ngôn ngữ Anh - chương trình tiên tiến (TT),D01,33,Điểm thi THPT,"Môn ngoại ngữ nhân hệ số 2, thang điểm 40",2024,https://github.com/HTNam1710/ADS_Final/blob/main/Data/diem_chuan_2024_final.csv
NHF,7220202,Ngôn ngữ Nga,D01; D02,32,Điểm thi THPT,"Môn ngoại ngữ nhân hệ số 2, thang điểm 40",2024,https://github.com/HTNam1710/ADS_Final/blob/main/Data/diem_chuan_2024_final.csv
NHF,7220203,Ngôn ngữ Pháp,D01; D03,32.99,Điểm thi THPT,"Môn ngoại ngữ nhân hệ số 2, thang điểm 40",2024,https://github.com/HTNam1710/ADS_Final/blob/main/Data/diem_chuan_2024_final.csv
NHF,7220204,Ngôn ngữ Trung Quốc,D01; D04,35.8,Điểm thi THPT,"Môn ngoại ngữ nhân hệ số 2, thang điểm 40",2024,https://github.com/HTNam1710/ADS_Final/blob/main/Data/diem_chuan_2024_final.csv
NHF,7220204 TT,Ngôn ngữ Trung Quốc - TT,D01; D04,34.95,Điểm thi THPT,"Môn ngoại ngữ nhân hệ số 2, thang điểm 40",2024,https://github.com/HTNam1710/ADS_Final/blob/main/Data/diem_chuan_2024_final.csv
NHF,7220205,Ngôn ngữ Đức,D01; D05,34.2,Điểm thi THPT,"Môn ngoại ngữ nhân hệ số 2, thang điểm 40",2024,https://github.com/HTNam1710/ADS_Final/blob/main/Data/diem_chuan_2024_final.csv
NHF,7220206,Ngôn ngữ Tây Ban Nha,D01,33.14,Điểm thi THPT,"Môn ngoại ngữ nhân hệ số 2, thang điểm 40",2024,https://github.com/HTNam1710/ADS_Final/blob/main/Data/diem_chuan_2024_final.csv
NHF,7220207,Ngôn ngữ Bồ Đào Nha,D01,31.4,Điểm thi THPT,"Môn ngoại ngữ nhân hệ số 2, thang điểm 40",2024,https://github.com/HTNam1710/ADS_Final/blob/main/Data/diem_chuan_2024_final.csv
NHF,7220208,Ngôn ngữ Italia,D01,32.41,Điểm thi THPT,"Môn ngoại ngữ nhân hệ số 2, thang điểm 40",2024,https://github.com/HTNam1710/ADS_Final/blob/main/Data/diem_chuan_2024_final.csv
NHF,7220208 TT,Ngôn ngữ Italia - TT,D01,30.48,Điểm thi THPT,"Môn ngoại ngữ nhân hệ số 2, thang điểm 40",2024,https://github.com/HTNam1710/ADS_Final/blob/main/Data/diem_chuan_2024_final.csv
NHF,7220209,Ngôn ngữ Nhật,D01; D06,34.45,Điểm thi THPT,"Môn ngoại ngữ nhân hệ số 2, thang điểm 40",2024,https://github.com/HTNam1710/ADS_Final/blob/main/Data/diem_chuan_2024_final.csv
NHF,7220210,Ngôn ngữ Hàn Quốc,D01; DD2,34.59,Điểm thi THPT,"Môn ngoại ngữ nhân hệ số 2, thang điểm 40",2024,https://github.com/HTNam1710/ADS_Final/blob/main/Data/diem_chuan_2024_final.csv
NHF,7310111,Nghiên cứu phát triển (dạy bằng tiếng Anh),D01,25.78,Điểm thi THPT,"Môn ngoại ngữ nhân hệ số 2, thang điểm 40",2024,https://github.com/HTNam1710/ADS_Final/blob/main/Data/diem_chuan_2024_final.csv
NHF,7310601,Quốc tế học (dạy bằng tiếng Anh),D01,25.27,Điểm thi THPT,"Môn ngoại ngữ nhân hệ số 2, thang điểm 40",2024,https://github.com/HTNam1710/ADS_Final/blob/main/Data/diem_chuan_2024_final.csv
NHF,7320104,Truyền thông đa phương tiện (dạy bằng tiếng Anh),D01,25.65,Điểm thi THPT,Thang điểm 30,2024,https://github.com/HTNam1710/ADS_Final/blob/main/Data/diem_chuan_2024_final.csv
NHF,7320109,Truyền thông doanh nghiệp (dạy bằng Tiếng Pháp),D01; D03,31.05,Điểm thi THPT,"Môn ngoại ngữ nhân hệ số 2, thang điểm 40",2024,https://github.com/HTNam1710/ADS_Final/blob/main/Data/diem_chuan_2024_final.csv
NHF,7340101,Quản trị kinh doanh (dạy bằng tiếng Anh),D01,30.72,Điểm thi THPT,"Môn ngoại ngữ nhân hệ số 2, thang điểm 40",2024,https://github.com/HTNam1710/ADS_Final/blob/main/Data/diem_chuan_2024_final.csv
NHF,7340115,Marketing (dạy bằng tiếng Anh),D01,33.93,Điểm thi THPT,"Môn ngoại ngữ nhân hệ số 2, thang điểm 40",2024,https://github.com/HTNam1710/ADS_Final/blob/main/Data/diem_chuan_2024_final.csv
NHF,7340201,Tài chính - Ngân hàng (dạy bằng tiêng Anh),D01,32.53,Điểm thi THPT,"Môn ngoại ngữ nhân hệ số 2, thang điểm 40",2024,https://github.com/HTNam1710/ADS_Final/blob/main/Data/diem_chuan_2024_final.csv
NHF,7340205,Công nghệ tài chính (dạy bằng tiếng Anh),A01; D01,18.85,Điểm thi THPT,Thang điểm 30,2024,https://github.com/HTNam1710/ADS_Final/blob/main/Data/diem_chuan_2024_final.csv
NHF,7340301,Kế toán (dạy bằng tiếng Anh),D01,25.08,Điểm thi THPT,"Môn ngoại ngữ nhân hệ số 2, thang điểm 40",2024,https://github.com/HTNam1710/ADS_Final/blob/main/Data/diem_chuan_2024_final.csv
NHF,7480201,Công nghệ thông tin (dạy bằng tiếng Anh),A01; D01,24.17,Điểm thi THPT,Thang điểm 30,2024,https://github.com/HTNam1710/ADS_Final/blob/main/Data/diem_chuan_2024_final.csv
NHF,7480201 TT,Công nghệ thông tin (dạy bằng tiếng Anh) - TT,A01; D01,16.7,Điểm thi THPT,Thang điểm 30,2024,https://github.com/HTNam1710/ADS_Final/blob/main/Data/diem_chuan_2024_final.csv
NHF,7810103,Quản trị dịch vụ du lịch và lữ hành (dạy bằng tiếng Anh),D01,33.04,Điểm thi THPT,"Môn ngoại ngữ nhân hệ số 2, thang điểm 40",2024,https://github.com/HTNam1710/ADS_Final/blob/main/Data/diem_chuan_2024_final.csv
NHF,7810103 TT,Quản tri dịch vụ du lịch và lữ hành (dạy bằng tiếng Anh) - TT,D01,32.11,Điểm thi THPT,"Môn ngoại ngữ nhân hệ số 2, thang điểm 40",2024,https://github.com/HTNam1710/ADS_Final/blob/main/Data/diem_chuan_2024_final.csv
KQH,7860220,Đào tạo kỹ sư quân sự,A00; A01,26.13,Điểm thi THPT,"TS nam, miền Bắc; Tiêu chí phụ 1: Toán >= 8.6; Tiêu chí phụ 2: Lý >= 9.25",2024,https://github.com/HTNam1710/ADS_Final/blob/main/Data/diem_chuan_2024_final.csv
YTC,7460108,Khoa học dữ liệu,A00; A01; B00; D01,16.1,Điểm thi THPT,,2024,https://github.com/HTNam1710/ADS_Final/blob/main/Data/diem_chuan_2024_final.csv
YTC,7720401,Dinh dưỡng,B00; B08; D01; D07,20.4,Điểm thi THPT,,2024,https://github.com/HTNam1710/ADS_Final/blob/main/Data/diem_chuan_2024_final.csv
YTC,7720601,Kỹ thuật xét nghiệm y học,A01; B00; B08; D07,20.1,Điểm thi THPT,,2024,https://github.com/HTNam1710/ADS_Final/blob/main/Data/diem_chuan_2024_final.csv
YTC,7720603,Kỹ thuật phục hồi chức năng,A00; A01; B00; D01,22.95,Điểm thi THPT,,2024,https://github.com/HTNam1710/ADS_Final/blob/main/Data/diem_chuan_2024_final.csv
YTC,7720701,Y tế công cộng,B00; B08; D01; D13,17.5,Điểm thi THPT,,2024,https://github.com/HTNam1710/ADS_Final/blob/main/Data/diem_chuan_2024_final.csv
YTC,7760101,Công tác xã hội,B00; C00; D01; D66,21.5,Điểm thi THPT,,2024,https://github.com/HTNam1710/ADS_Final/blob/main/Data/diem_chuan_2024_final.csv
HQT,HQT01,Quan hệ quốc tế,A01; D01; D07,26.76,Điểm thi THPT,,2024,https://github.com/HTNam1710/ADS_Final/blob/main/Data/diem_chuan_2024_final.csv
HQT,HQT01,Quan hệ quốc tế,D03; D04; D06,25.76,Điểm thi THPT,,2024,https://github.com/HTNam1710/ADS_Final/blob/main/Data/diem_chuan_2024_final.csv
HQT,HQT01,Quan hệ quốc tế,C00,28.76,Điểm thi THPT,,2024,https://github.com/HTNam1710/ADS_Final/blob/main/Data/diem_chuan_2024_final.csv
HQT,HQT02,Ngôn ngữ Anh,A01; D01; D07,35.38,Điểm thi THPT,Tiếng Anh hệ số 2,2024,https://github.com/HTNam1710/ADS_Final/blob/main/Data/diem_chuan_2024_final.csv
HQT,HQT03,Kinh tế quốc tế,A01; D01; D07,26.47,Điểm thi THPT,,2024,https://github.com/HTNam1710/ADS_Final/blob/main/Data/diem_chuan_2024_final.csv
HQT,HQT03,Kinh tế quốc tế,D03; D04; D06,25.47,Điểm thi THPT,,2024,https://github.com/HTNam1710/ADS_Final/blob/main/Data/diem_chuan_2024_final.csv
HQT,HQT03,Kinh tế quốc tế,A00,25.47,Điểm thi THPT,,2024,https://github.com/HTNam1710/ADS_Final/blob/main/Data/diem_chuan_2024_final.csv
HQT,HQT04,Luật quốc tế,A01; D01; D07,26.55,Điểm thi THPT,,2024,https://github.com/HTNam1710/ADS_Final/blob/main/Data/diem_chuan_2024_final.csv
HQT,HQT04,Luật quốc tế,D03; D04; D06,25.55,Điểm thi THPT,,2024,https://github.com/HTNam1710/ADS_Final/blob/main/Data/diem_chuan_2024_final.csv
HQT,HQT04,Luật quốc tế,C00,28.55,Điểm thi THPT,,2024,https://github.com/HTNam1710/ADS_Final/blob/main/Data/diem_chuan_2024_final.csv
HQT,HQT05,Truyền thông quốc tế,A01; D01; D07,27.05,Điểm thi THPT,,2024,https://github.com/HTNam1710/ADS_Final/blob/main/Data/diem_chuan_2024_final.csv
HQT,HQT05,Truyền thông quốc tế,D03; D04; D06,26.05,Điểm thi THPT,,2024,https://github.com/HTNam1710/ADS_Final/blob/main/Data/diem_chuan_2024_final.csv
HQT,HQT05,Truyền thông quốc tế,C00,29.05,Điểm thi THPT,,2024,https://github.com/HTNam1710/ADS_Final/blob/main/Data/diem_chuan_2024_final.csv
HQT,HQT06,Kinh doanh quốc tế,A00,25.6,Điểm thi THPT,,2024,https://github.com/HTNam1710/ADS_Final/blob/main/Data/diem_chuan_2024_final.csv
HQT,HQT06,Kinh doanh quốc tế,A01; D01; D07,26.6,Điểm thi THPT,,2024,https://github.com/HTNam1710/ADS_Final/blob/main/Data/diem_chuan_2024_final.csv
HQT,HQT06,Kinh doanh quốc tế,D03; D04; D06,25.6,Điểm thi THPT,,2024,https://github.com/HTNam1710/ADS_Final/blob/main/Data/diem_chuan_2024_final.csv
HQT,HQT07,Luật thương mại quốc tế,A01; D01; D07,26.37,Điểm thi THPT,,2024,https://github.com/HTNam1710/ADS_Final/blob/main/Data/diem_chuan_2024_final.csv
HQT,HQT07,Luật thương mại quốc tế,D03; D04; D06,25.37,Điểm thi THPT,,2024,https://github.com/HTNam1710/ADS_Final/blob/main/Data/diem_chuan_2024_final.csv
HQT,HQT07,Luật thương mại quốc tế,C00,28.37,Điểm thi THPT,,2024,https://github.com/HTNam1710/ADS_Final/blob/main/Data/diem_chuan_2024_final.csv
HQT,HQT08-01,Hàn Quốc học,A01; D01; D07,26.83,Điểm thi THPT,,2024,https://github.com/HTNam1710/ADS_Final/blob/main/Data/diem_chuan_2024_final.csv
HQT,HQT08-01,Hàn Quốc học,C00,28.83,Điểm thi THPT,,2024,https://github.com/HTNam1710/ADS_Final/blob/main/Data/diem_chuan_2024_final.csv
HQT,HQT08-02,Hoa Kỳ học,A01; D01; D07,26.55,Điểm thi THPT,,2024,https://github.com/HTNam1710/ADS_Final/blob/main/Data/diem_chuan_2024_final.csv
HQT,HQT08-02,Hoa Kỳ học,C00,28.55,Điểm thi THPT,,2024,https://github.com/HTNam1710/ADS_Final/blob/main/Data/diem_chuan_2024_final.csv
HQT,HQT08-03,Nhật Bản học,D06,25.73,Điểm thi THPT,,2024,https://github.com/HTNam1710/ADS_Final/blob/main/Data/diem_chuan_2024_final.csv
HQT,HQT08-03,Nhật Bản học,C00,28.73,Điểm thi THPT,,2024,https://github.com/HTNam1710/ADS_Final/blob/main/Data/diem_chuan_2024_final.csv
HQT,HQT08-03,Nhật Bản học,A01; D01; D07,26.73,Điểm thi THPT,,2024,https://github.com/HTNam1710/ADS_Final/blob/main/Data/diem_chuan_2024_final.csv
HQT,HQT08-04,Trung Quốc học,A01; D01; D07,27.2,Điểm thi THPT,,2024,https://github.com/HTNam1710/ADS_Final/blob/main/Data/diem_chuan_2024_final.csv
HQT,HQT08-04,Trung Quốc học,D04,26.2,Điểm thi THPT,,2024,https://github.com/HTNam1710/ADS_Final/blob/main/Data/diem_chuan_2024_final.csv
HQT,HQT08-04,Trung Quốc học,C00,29.2,Điểm thi THPT,,2024,https://github.com/HTNam1710/ADS_Final/blob/main/Data/diem_chuan_2024_final.csv
ANS,7860100,Nghiệp vụ An ninh,A00; A01; C03; D01,21.85,Điểm thi THPT,"Bài thi CA1, nữ, vùng 4",2024,https://github.com/HTNam1710/ADS_Final/blob/main/Data/diem_chuan_2024_final.csv
YCT,7520212,Kỹ thuật Y sinh,A00,22.1,Điểm thi THPT,,2024,https://github.com/HTNam1710/ADS_Final/blob/main/Data/diem_chuan_2024_final.csv
YCT,7520212,Kỹ thuật Y sinh,B00,22.8,Điểm thi THPT,,2024,https://github.com/HTNam1710/ADS_Final/blob/main/Data/diem_chuan_2024_final.csv
YCT,7720101,Y khoa,B00,25.7,Điểm thi THPT,,2024,https://github.com/HTNam1710/ADS_Final/blob/main/Data/diem_chuan_2024_final.csv
YCT,7720110,Y học dự phòng,B00,22.7,Điểm thi THPT,,2024,https://github.com/HTNam1710/ADS_Final/blob/main/Data/diem_chuan_2024_final.csv
YCT,7720115,Y học cổ truyền,B00,24.48,Điểm thi THPT,,2024,https://github.com/HTNam1710/ADS_Final/blob/main/Data/diem_chuan_2024_final.csv
YCT,7720201,Dược học,B00,24.78,Điểm thi THPT,,2024,https://github.com/HTNam1710/ADS_Final/blob/main/Data/diem_chuan_2024_final.csv
YCT,7720301,Điều dưỡng,B00,23.45,Điểm thi THPT,,2024,https://github.com/HTNam1710/ADS_Final/blob/main/Data/diem_chuan_2024_final.csv
YCT,7720302,Hộ sinh,B00,22.35,Điểm thi THPT,,2024,https://github.com/HTNam1710/ADS_Final/blob/main/Data/diem_chuan_2024_final.csv
YCT,7720501,Răng hàm mặt,B00,25.65,Điểm thi THPT,,2024,https://github.com/HTNam1710/ADS_Final/blob/main/Data/diem_chuan_2024_final.csv
YCT,7720601,Kỹ thuật Xét nghiệm y học,B00,24.38,Điểm thi THPT,,2024,https://github.com/HTNam1710/ADS_Final/blob/main/Data/diem_chuan_2024_final.csv
YCT,7720602,Kỹ thuật Hình ảnh y học,B00,23.75,Điểm thi THPT,,2024,https://github.com/HTNam1710/ADS_Final/blob/main/Data/diem_chuan_2024_final.csv
YCT,7720701,Y tế công cộng,B00,19.2,Điểm thi THPT,,2024,https://github.com/HTNam1710/ADS_Final/blob/main/Data/diem_chuan_2024_final.csv
TDM,7140101,Giáo dục học,C00; D01; C14; C15,23,Điểm thi THPT,,2024,https://github.com/HTNam1710/ADS_Final/blob/main/Data/diem_chuan_2024_final.csv
TDM,7140201,Giáo dục Mầm non,M00; M05; M07; M11,23.04,Điểm thi THPT,,2024,https://github.com/HTNam1710/ADS_Final/blob/main/Data/diem_chuan_2024_final.csv
TDM,7140202,Giáo dục Tiểu học,A00; C00; D01; A16,26.47,Điểm thi THPT,,2024,https://github.com/HTNam1710/ADS_Final/blob/main/Data/diem_chuan_2024_final.csv
TDM,7210403,Thiết kế đồ họa,V00; V01; A00; D01,20.5,Điểm thi THPT,,2024,https://github.com/HTNam1710/ADS_Final/blob/main/Data/diem_chuan_2024_final.csv
TDM,7210405,Âm nhạc,N03; M03; M06; M10,15,Điểm thi THPT,,2024,https://github.com/HTNam1710/ADS_Final/blob/main/Data/diem_chuan_2024_final.csv
TDM,7220201,Ngôn ngữ Anh,D01; A01; D15; D78,22.9,Điểm thi THPT,,2024,https://github.com/HTNam1710/ADS_Final/blob/main/Data/diem_chuan_2024_final.csv
TDM,7220204,Ngôn ngữ Trung Quốc,D01; D04; A01; D78,23.3,Điểm thi THPT,,2024,https://github.com/HTNam1710/ADS_Final/blob/main/Data/diem_chuan_2024_final.csv
TDM,7220210,Ngôn ngữ Hàn Quốc,D01; A01; D15; D78,21.5,Điểm thi THPT,,2024,https://github.com/HTNam1710/ADS_Final/blob/main/Data/diem_chuan_2024_final.csv
TDM,7310205,Quản lý nhà nước,C14; C00; D01; A16,22.3,Điểm thi THPT,,2024,https://github.com/HTNam1710/ADS_Final/blob/main/Data/diem_chuan_2024_final.csv
TDM,7310206,Quan hệ quốc tế,A00; C00; D01; D78,22.3,Điểm thi THPT,,2024,https://github.com/HTNam1710/ADS_Final/blob/main/Data/diem_chuan_2024_final.csv
TDM,7310401,Tâm lý học,C00; D01; C14; B08,25,Điểm thi THPT,,2024,https://github.com/HTNam1710/ADS_Final/blob/main/Data/diem_chuan_2024_final.csv
TDM,7320104,Truyền thông đa phương tiện,C00; D01; D09; V01,25,Điểm thi THPT,,2024,https://github.com/HTNam1710/ADS_Final/blob/main/Data/diem_chuan_2024_final.csv
TDM,7340101,Quản trị kinh doanh,A00; A01; D01; A16,21.4,Điểm thi THPT,,2024,https://github.com/HTNam1710/ADS_Final/blob/main/Data/diem_chuan_2024_final.csv
TDM,7340115,Marketing,A00; A01; D01; A16,23.1,Điểm thi THPT,,2024,https://github.com/HTNam1710/ADS_Final/blob/main/Data/diem_chuan_2024_final.csv
TDM,7340122,Thương mại điện tử,A00; A01; D01; D07,21.6,Điểm thi THPT,,2024,https://github.com/HTNam1710/ADS_Final/blob/main/Data/diem_chuan_2024_final.csv
TDM,7340201,Tài chính - Ngân hàng,A00; A01; D01; A16,21.4,Điểm thi THPT,,2024,https://github.com/HTNam1710/ADS_Final/blob/main/Data/diem_chuan_2024_final.csv
TDM,7340301,Kế toán,A00; A01; D01; A16,22,Điểm thi THPT,,2024,https://github.com/HTNam1710/ADS_Final/blob/main/Data/diem_chuan_2024_final.csv
TDM,7340302,Kiểm toán,A00; A01; D01; A16,20.2,Điểm thi THPT,,2024,https://github.com/HTNam1710/ADS_Final/blob/main/Data/diem_chuan_2024_final.csv
TDM,7380101,Luật,C14; C00; D01; A16,24,Điểm thi THPT,,2024,https://github.com/HTNam1710/ADS_Final/blob/main/Data/diem_chuan_2024_final.csv
TDM,7420201,Công nghệ sinh học,A00; D01; B00; B08,15,Điểm thi THPT,,2024,https://github.com/HTNam1710/ADS_Final/blob/main/Data/diem_chuan_2024_final.csv
TDM,7440112,Hóa học,A00; B00; D07; A16,15,Điểm thi THPT,,2024,https://github.com/HTNam1710/ADS_Final/blob/main/Data/diem_chuan_2024_final.csv
TDM,7460101,Toán học,A00; A01; D07; A16,23,Điểm thi THPT,,2024,https://github.com/HTNam1710/ADS_Final/blob/main/Data/diem_chuan_2024_final.csv
TDM,7480103,Kỳ thuật phần mềm,A00; A01; C01; D90,17,Điểm thi THPT,,2024,https://github.com/HTNam1710/ADS_Final/blob/main/Data/diem_chuan_2024_final.csv
TDM,7480201,Công nghệ thông tin,A00; A01; C01; D90,18,Điểm thi THPT,,2024,https://github.com/HTNam1710/ADS_Final/blob/main/Data/diem_chuan_2024_final.csv
TDM,7510205,Công nghệ kỹ thuật ô tô,A00; A01; C01; D90,20.3,Điểm thi THPT,,2024,https://github.com/HTNam1710/ADS_Final/blob/main/Data/diem_chuan_2024_final.csv
TDM,7510601,Quản lý công nghiệp,A00; A01; C01; A16,16.5,Điểm thi THPT,,2024,https://github.com/HTNam1710/ADS_Final/blob/main/Data/diem_chuan_2024_final.csv
TDM,7510605,Logistics và Quản lý chuỗi cung ứng,A00; A01; D01; D90,22.3,Điểm thi THPT,,2024,https://github.com/HTNam1710/ADS_Final/blob/main/Data/diem_chuan_2024_final.csv
TDM,7520114,Kỹ thuật cơ điện tử,A00; A01; C01; D90,18.5,Điểm thi THPT,,2024,https://github.com/HTNam1710/ADS_Final/blob/main/Data/diem_chuan_2024_final.csv
TDM,7520201,Kỹ thuật điện,A00; A01; C01; D90,15,Điểm thi THPT,,2024,https://github.com/HTNam1710/ADS_Final/blob/main/Data/diem_chuan_2024_final.csv
TDM,7520216,Kỹ thuật điều khiển và tự động hóa,A00; A01; C01; D90,15,Điểm thi THPT,,2024,https://github.com/HTNam1710/ADS_Final/blob/main/Data/diem_chuan_2024_final.csv
TDM,7520320,Kỹ thuật môi trường,A00; D01; B00; B08,15,Điểm thi THPT,,2024,https://github.com/HTNam1710/ADS_Final/blob/main/Data/diem_chuan_2024_final.csv
TDM,7540101,Công nghệ thực phẩm,A00; A02; B00; B08,15,Điểm thi THPT,,2024,https://github.com/HTNam1710/ADS_Final/blob/main/Data/diem_chuan_2024_final.csv
TDM,7580101,Kiến trúc,V00; V01; A00; A16,15,Điểm thi THPT,,2024,https://github.com/HTNam1710/ADS_Final/blob/main/Data/diem_chuan_2024_final.csv
TDM,7580201,Kỹ thuật xây dựng,A00; A01; C01; D90,15,Điểm thi THPT,,2024,https://github.com/HTNam1710/ADS_Final/blob/main/Data/diem_chuan_2024_final.csv
TDM,7760101,Công tác xã hội,C00; D01; C19; C15,21,Điểm thi THPT,,2024,https://github.com/HTNam1710/ADS_Final/blob/main/Data/diem_chuan_2024_final.csv
TDM,7810101,Du lịch,D01; D14; D15; D78,21,Điểm thi THPT,,2024,https://github.com/HTNam1710/ADS_Final/blob/main/Data/diem_chuan_2024_final.csv
TDM,7850101,Quản lý Tài nguyên và Môi trường,A00; D01; B00; B08,18.5,Điểm thi THPT,,2024,https://github.com/HTNam1710/ADS_Final/blob/main/Data/diem_chuan_2024_final.csv
TDM,7850103,Quản lý đất đai,A00; D01; B00; B08,15.5,Điểm thi THPT,,2024,https://github.com/HTNam1710/ADS_Final/blob/main/Data/diem_chuan_2024_final.csv
TYS,7720101,Y khoa,B00,26.57,Điểm thi THPT,,2024,https://github.com/HTNam1710/ADS_Final/blob/main/Data/diem_chuan_2024_final.csv
TYS,7720115,Y học cổ truyền,B00,24.6,Điểm thi THPT,,2024,https://github.com/HTNam1710/ADS_Final/blob/main/Data/diem_chuan_2024_final.csv
TYS,7720201,Dược học,B00,25.51,Điểm thi THPT,,2024,https://github.com/HTNam1710/ADS_Final/blob/main/Data/diem_chuan_2024_final.csv
TYS,7720301,Điều dưỡng,B00; B03,23.57,Điểm thi THPT,,2024,https://github.com/HTNam1710/ADS_Final/blob/main/Data/diem_chuan_2024_final.csv
TYS,7720302,Hộ sinh,B00,22.4,Điểm thi THPT,,2024,https://github.com/HTNam1710/ADS_Final/blob/main/Data/diem_chuan_2024_final.csv
TYS,7720401,Dinh dưỡng,B00,23.2,Điểm thi THPT,,2024,https://github.com/HTNam1710/ADS_Final/blob/main/Data/diem_chuan_2024_final.csv
TYS,7720501,Răng Hàm Mặt,B00,26.49,Điểm thi THPT,,2024,https://github.com/HTNam1710/ADS_Final/blob/main/Data/diem_chuan_2024_final.csv
TYS,7720601,Kỹ thuật xét nghiệm y học,B00,24.9,Điểm thi THPT,,2024,https://github.com/HTNam1710/ADS_Final/blob/main/Data/diem_chuan_2024_final.csv
TYS,7720602,Kỹ thuật hình ảnh y học,B00; A00,24.1,Điểm thi THPT,,2024,https://github.com/HTNam1710/ADS_Final/blob/main/Data/diem_chuan_2024_final.csv
TYS,7720603,Kỹ thuật phục hồi chức năng,B00,24.01,Điểm thi THPT,,2024,https://github.com/HTNam1710/ADS_Final/blob/main/Data/diem_chuan_2024_final.csv
TYS,7720699,Khúc xạ nhãn khoa,B00; A00,24.06,Điểm thi THPT,,2024,https://github.com/HTNam1710/ADS_Final/blob/main/Data/diem_chuan_2024_final.csv
TYS,7720701,Y tế công cộng,B00; B03; A00,21.35,Điểm thi THPT,,2024,https://github.com/HTNam1710/ADS_Final/blob/main/Data/diem_chuan_2024_final.csv
DTL,7210403,Thiết kế đồ họa,H00; H01; H04; V00,21,Điểm thi THPT,Năng khiếu hệ số 2,2024,https://github.com/HTNam1710/ADS_Final/blob/main/Data/diem_chuan_2024_final.csv
DTL,7220201,Ngôn ngữ Anh,D01; D78; D90,24.58,Điểm thi THPT,Ngoại ngữ hệ số 2,2024,https://github.com/HTNam1710/ADS_Final/blob/main/Data/diem_chuan_2024_final.csv
DTL,7220204,Ngôn ngữ Trung Quốc,D01; D04; D78; D90,25.4,Điểm thi THPT,D04 ngoại ngữ hệ số 2,2024,https://github.com/HTNam1710/ADS_Final/blob/main/Data/diem_chuan_2024_final.csv
DTL,7220209,Ngôn ngữ Nhật,D01; D06; D78; D90,23.02,Điểm thi THPT,D06 ngoại ngữ hệ số 2,2024,https://github.com/HTNam1710/ADS_Final/blob/main/Data/diem_chuan_2024_final.csv
DTL,7220210,Ngôn ngữ Hàn Quốc,D01; DD2; D78; D90,24.75,Điểm thi THPT,DD2 ngoại ngữ hệ số 2,2024,https://github.com/HTNam1710/ADS_Final/blob/main/Data/diem_chuan_2024_final.csv
DTL,7310106,Kinh tế quốc tế,A00; A01; D01; D07,23.8,Điểm thi THPT,,2024,https://github.com/HTNam1710/ADS_Final/blob/main/Data/diem_chuan_2024_final.csv
DTL,7310630,Việt Nam học,C00; D01; D14; D15,23.75,Điểm thi THPT,,2024,https://github.com/HTNam1710/ADS_Final/blob/main/Data/diem_chuan_2024_final.csv
DTL,7320104,Truyền thông đa phương tiện,A00; A01; C00; D01,26.52,Điểm thi THPT,,2024,https://github.com/HTNam1710/ADS_Final/blob/main/Data/diem_chuan_2024_final.csv
DTL,7340101,Quản trị kinh doanh,A00; A01; D01; D07,23.61,Điểm thi THPT,,2024,https://github.com/HTNam1710/ADS_Final/blob/main/Data/diem_chuan_2024_final.csv
DTL,7340115,Marketing,A00; A01; D01; D07,24.97,Điểm thi THPT,,2024,https://github.com/HTNam1710/ADS_Final/blob/main/Data/diem_chuan_2024_final.csv
DTL,7340122,Thương mại điện tử,A00; A01; D01; D07,25,Điểm thi THPT,,2024,https://github.com/HTNam1710/ADS_Final/blob/main/Data/diem_chuan_2024_final.csv
DTL,7340201,Tài chính ngân hàng,A00; A01; D01; D07,24.31,Điểm thi THPT,,2024,https://github.com/HTNam1710/ADS_Final/blob/main/Data/diem_chuan_2024_final.csv
DTL,7340301,Kế toán,A00; A01; D01; D07,23.86,Điểm thi THPT,,2024,https://github.com/HTNam1710/ADS_Final/blob/main/Data/diem_chuan_2024_final.csv
DTL,7380107,Luật kinh tế,A00; A01; C00; D01,25.8,Điểm thi THPT,,2024,https://github.com/HTNam1710/ADS_Final/blob/main/Data/diem_chuan_2024_final.csv
DTL,7480101,Khoa học máy tính,A00; A01,22,Điểm thi THPT,Toán hệ số 2,2024,https://github.com/HTNam1710/ADS_Final/blob/main/Data/diem_chuan_2024_final.csv
DTL,7480201,Công nghệ thông tin,A00; A01,22,Điểm thi THPT,Toán hệ số 2,2024,https://github.com/HTNam1710/ADS_Final/blob/main/Data/diem_chuan_2024_final.csv
DTL,7480207,Trí tuệ nhân tạo,A00; A01,22,Điểm thi THPT,Toán hệ số 2,2024,https://github.com/HTNam1710/ADS_Final/blob/main/Data/diem_chuan_2024_final.csv
DTL,7510605,Logistic và quản lý chuỗi cung ứng,A00; A01; D01; D07,24.49,Điểm thi THPT,,2024,https://github.com/HTNam1710/ADS_Final/blob/main/Data/diem_chuan_2024_final.csv
DTL,7720301,Điều dưỡng,B00,19,Điểm thi THPT,,2024,https://github.com/HTNam1710/ADS_Final/blob/main/Data/diem_chuan_2024_final.csv
DTL,7810103,Quản trị dịch vụ du lịch và lữ hàng,A00; A01; D01; D07,23.33,Điểm thi THPT,,2024,https://github.com/HTNam1710/ADS_Final/blob/main/Data/diem_chuan_2024_final.csv
DTL,7810201,Quản trị khách sạn,A00; A01; D01; D07,22.85,Điểm thi THPT,,2024,https://github.com/HTNam1710/ADS_Final/blob/main/Data/diem_chuan_2024_final.csv
TLA,TLA101,Kỹ thuật xây dựng công trình thủy,A00; A01; D01; D07,20.5,Điểm thi THPT,,2024,https://github.com/HTNam1710/ADS_Final/blob/main/Data/diem_chuan_2024_final.csv
TLA,TLA102,Kỹ thuật tài nguyên nước,A00; A01; D01; D07,20.5,Điểm thi THPT,,2024,https://github.com/HTNam1710/ADS_Final/blob/main/Data/diem_chuan_2024_final.csv
TLA,TLA103,Tài nguyên nước và môi trường (Thủy văn học),A00; A01; D01; D07,21,Điểm thi THPT,,2024,https://github.com/HTNam1710/ADS_Final/blob/main/Data/diem_chuan_2024_final.csv
TLA,TLA104,Kỹ thuật xây dựng dân dụng và công nghiệp (Kỹ thuật xây dựng),A00; A01; D01; D07,22.5,Điểm thi THPT,,2024,https://github.com/HTNam1710/ADS_Final/blob/main/Data/diem_chuan_2024_final.csv
TLA,TLA105,"Nhóm ngành Kỹ thuật Cơ khí (Gồm các ngành: Kỹ thuật cơ khí, Công nghệ chế tạo máy)",A00; A01; D01; D07,24.06,Điểm thi THPT,,2024,https://github.com/HTNam1710/ADS_Final/blob/main/Data/diem_chuan_2024_final.csv
TLA,TLA106,Công nghệ thông tin,A00; A01; D01; D07,25.25,Điểm thi THPT,,2024,https://github.com/HTNam1710/ADS_Final/blob/main/Data/diem_chuan_2024_final.csv
TLA,TLA107,Kỹ thuật cấp thoát nước,A00; A01; D01; D07,20.5,Điểm thi THPT,,2024,https://github.com/HTNam1710/ADS_Final/blob/main/Data/diem_chuan_2024_final.csv
TLA,TLA109,Kỹ thuật môi trường,A00; A01; D01; D07,21.7,Điểm thi THPT,,2024,https://github.com/HTNam1710/ADS_Final/blob/main/Data/diem_chuan_2024_final.csv
TLA,TLA110,Xây dựng và quản lý hạ tầng đô thị (Kỹ thuật cơ sở hạ tầng),A00; A01; D01; D07,22.35,Điểm thi THPT,,2024,https://github.com/HTNam1710/ADS_Final/blob/main/Data/diem_chuan_2024_final.csv
TLA,TLA111,Công nghệ kỹ thuật xây dựng,A00; A01; D01; D07,23,Điểm thi THPT,,2024,https://github.com/HTNam1710/ADS_Final/blob/main/Data/diem_chuan_2024_final.csv
TLA,TLA112,Kỹ thuật điện,A00; A01; D01; D07,24.17,Điểm thi THPT,,2024,https://github.com/HTNam1710/ADS_Final/blob/main/Data/diem_chuan_2024_final.csv
TLA,TLA113,Kỹ thuật xây dựng công trình giao thông,A00; A01; D01; D07,21,Điểm thi THPT,,2024,https://github.com/HTNam1710/ADS_Final/blob/main/Data/diem_chuan_2024_final.csv
TLA,TLA114,Quản lý xây dựng,A00; A01; D01; D07,22.75,Điểm thi THPT,,2024,https://github.com/HTNam1710/ADS_Final/blob/main/Data/diem_chuan_2024_final.csv
TLA,TLA116,Hệ thống thông tin,A00; A01; D01; D07,24.54,Điểm thi THPT,,2024,https://github.com/HTNam1710/ADS_Final/blob/main/Data/diem_chuan_2024_final.csv
TLA,TLA117,Kỹ thuật phần mềm,A00; A01; D01; D07,24.87,Điểm thi THPT,,2024,https://github.com/HTNam1710/ADS_Final/blob/main/Data/diem_chuan_2024_final.csv
TLA,TLA118,Kỹ thuật hóa học,A00; B00; D07; C02,23.15,Điểm thi THPT,,2024,https://github.com/HTNam1710/ADS_Final/blob/main/Data/diem_chuan_2024_final.csv
TLA,TLA119,Công nghệ sinh học,A00; A02; B00; D08,23.14,Điểm thi THPT,,2024,https://github.com/HTNam1710/ADS_Final/blob/main/Data/diem_chuan_2024_final.csv
TLA,TLA120,Kỹ thuật cơ điện tử,A00; A01; D01; D07,24.83,Điểm thi THPT,,2024,https://github.com/HTNam1710/ADS_Final/blob/main/Data/diem_chuan_2024_final.csv
TLA,TLA121,Kỹ thuật điều khiển và tự động hóa,A00; A01; D01; D07,25.1,Điểm thi THPT,,2024,https://github.com/HTNam1710/ADS_Final/blob/main/Data/diem_chuan_2024_final.csv
TLA,TLA123,Kỹ thuật ô tô,A00; A01; D01; D07,24.4,Điểm thi THPT,,2024,https://github.com/HTNam1710/ADS_Final/blob/main/Data/diem_chuan_2024_final.csv
TLA,TLA124,Kỹ thuật điện tử - viễn thông,A00; A01; D01; D07,24.59,Điểm thi THPT,,2024,https://github.com/HTNam1710/ADS_Final/blob/main/Data/diem_chuan_2024_final.csv
TLA,TLA126,Trí tuệ nhân tạo và khoa học dữ liệu,A00; A01; D01; D07,24.2,Điểm thi THPT,,2024,https://github.com/HTNam1710/ADS_Final/blob/main/Data/diem_chuan_2024_final.csv
TLA,TLA127,An ninh mạng,A00; A01; D01; D07,24.17,Điểm thi THPT,,2024,https://github.com/HTNam1710/ADS_Final/blob/main/Data/diem_chuan_2024_final.csv
TLA,TLA128,Kỹ thuật Robot và Điều khiển thông minh,A00; A01; D01; D07,24.26,Điểm thi THPT,,2024,https://github.com/HTNam1710/ADS_Final/blob/main/Data/diem_chuan_2024_final.csv
TLA,TLA201,Kỹ thuật xây dựng (Chương trình tiên tiến học bằng tiếng Anh),A00; A01; D01; D07,20.5,Điểm thi THPT,,2024,https://github.com/HTNam1710/ADS_Final/blob/main/Data/diem_chuan_2024_final.csv
TLA,TLA202,Kỹ thuật tài nguyên nước (Chương trình tiên tiến học bằng tiếng Anh),A00; A01; D01; D07,20.5,Điểm thi THPT,,2024,https://github.com/HTNam1710/ADS_Final/blob/main/Data/diem_chuan_2024_final.csv
TLA,TLA203,Ngôn ngữ Anh,A01; D01; D07; D08,24.82,Điểm thi THPT,,2024,https://github.com/HTNam1710/ADS_Final/blob/main/Data/diem_chuan_2024_final.csv
TLA,TLA204,Ngôn ngữ Trung Quốc,A01; D01; D07; D04,25.42,Điểm thi THPT,,2024,https://github.com/HTNam1710/ADS_Final/blob/main/Data/diem_chuan_2024_final.csv
TLA,TLA301,Luật,A00; A01; C00; D01,26.03,Điểm thi THPT,,2024,https://github.com/HTNam1710/ADS_Final/blob/main/Data/diem_chuan_2024_final.csv
TLA,TLA302,Luật kinh tế,A00; A01; C00; D01,26.62,Điểm thi THPT,,2024,https://github.com/HTNam1710/ADS_Final/blob/main/Data/diem_chuan_2024_final.csv
TLA,TLA401,Kinh tế,A00; A01; D01; D07,24.73,Điểm thi THPT,,2024,https://github.com/HTNam1710/ADS_Final/blob/main/Data/diem_chuan_2024_final.csv
TLA,TLA402,Quản trị kinh doanh,A00; A01; D01; D07,24.68,Điểm thi THPT,,2024,https://github.com/HTNam1710/ADS_Final/blob/main/Data/diem_chuan_2024_final.csv
TLA,TLA403,Kế toán,A00; A01; D01; D07,25.02,Điểm thi THPT,,2024,https://github.com/HTNam1710/ADS_Final/blob/main/Data/diem_chuan_2024_final.csv
TLA,TLA404,Kinh tế xây dựng,A00; A01; D01; D07,23.75,Điểm thi THPT,,2024,https://github.com/HTNam1710/ADS_Final/blob/main/Data/diem_chuan_2024_final.csv
TLA,TLA405,Thương mại điện tử,A00; A01; D01; D07,25.36,Điểm thi THPT,,2024,https://github.com/HTNam1710/ADS_Final/blob/main/Data/diem_chuan_2024_final.csv
TLA,TLA406,Quản trị dịch vụ du lịch và lữ hành,A00; D01; D09; D10,24.21,Điểm thi THPT,,2024,https://github.com/HTNam1710/ADS_Final/blob/main/Data/diem_chuan_2024_final.csv
TLA,TLA407,Logistics và quản lý chuỗi cung ứng,A00; A01; D01; D07,25.31,Điểm thi THPT,,2024,https://github.com/HTNam1710/ADS_Final/blob/main/Data/diem_chuan_2024_final.csv
TLA,TLA408,Tài chính - Ngân hàng,A00; A01; D01; D07,24.88,Điểm thi THPT,,2024,https://github.com/HTNam1710/ADS_Final/blob/main/Data/diem_chuan_2024_final.csv
TLA,TLA409,Kiểm toán,A00; A01; D01; D07,24.68,Điểm thi THPT,,2024,https://github.com/HTNam1710/ADS_Final/blob/main/Data/diem_chuan_2024_final.csv
TLA,TLA410,Kinh tế số,A00; A01; D01; D07,25,Điểm thi THPT,,2024,https://github.com/HTNam1710/ADS_Final/blob/main/Data/diem_chuan_2024_final.csv
QST,7420101,Sinh học,A02; B00; B08,23.5,Điểm thi THPT,,2024,https://github.com/HTNam1710/ADS_Final/blob/main/Data/diem_chuan_2024_final.csv
QST,7420101_DKD,Sinh học (Chương trình tăng cường tiếng Anh),A02; B00; B08,23.5,Điểm thi THPT,,2024,https://github.com/HTNam1710/ADS_Final/blob/main/Data/diem_chuan_2024_final.csv
QST,7420201,Công nghệ Sinh học,A02; B00; B08; D90,24.9,Điểm thi THPT,,2024,https://github.com/HTNam1710/ADS_Final/blob/main/Data/diem_chuan_2024_final.csv
QST,7420201_DKD,Công nghệ Sinh học (Chương trình tăng cường tiếng Anh),A02; B00; B08; D90,24.9,Điểm thi THPT,,2024,https://github.com/HTNam1710/ADS_Final/blob/main/Data/diem_chuan_2024_final.csv
QST,7440102_DKD,Vật lý học (Chương trình tăng cường tiếng Anh),A00; A01; A02; D90,23,Điểm thi THPT,,2024,https://github.com/HTNam1710/ADS_Final/blob/main/Data/diem_chuan_2024_final.csv
QST,7440102_NN,"Nhóm ngành Vật lý học, Công nghệ Vật lý điện tử và tin học, Công nghệ bán dẫn",A00; A01; A02; D90,25.1,Điểm thi THPT,,2024,https://github.com/HTNam1710/ADS_Final/blob/main/Data/diem_chuan_2024_final.csv
QST,7440112,Hoá học,A00; B00; D07; D90,25.42,Điểm thi THPT,,2024,https://github.com/HTNam1710/ADS_Final/blob/main/Data/diem_chuan_2024_final.csv
QST,7440112_DKD,Hóa học (Chương trình tăng cường tiếng Anh),A00; B00; D07; D90,24.65,Điểm thi THPT,,2024,https://github.com/HTNam1710/ADS_Final/blob/main/Data/diem_chuan_2024_final.csv
QST,7440122,Khoa học Vật liệu,A00; A01; B00; D07,22.3,Điểm thi THPT,,2024,https://github.com/HTNam1710/ADS_Final/blob/main/Data/diem_chuan_2024_final.csv
QST,7440122_DKD,Khoa học Vật liệu (Chương trình tăng cường tiếng Anh),A00; A01; B00; D07,22.3,Điểm thi THPT,,2024,https://github.com/HTNam1710/ADS_Final/blob/main/Data/diem_chuan_2024_final.csv
QST,7440201_NN,Ngành Địa chất học,A00; B00; C04; D07,19.5,Điểm thi THPT,,2024,https://github.com/HTNam1710/ADS_Final/blob/main/Data/diem_chuan_2024_final.csv
QST,7440228,Hải dương học,A00; A01; B00; D07,20,Điểm thi THPT,,2024,https://github.com/HTNam1710/ADS_Final/blob/main/Data/diem_chuan_2024_final.csv
QST,7440301,Khoa học Môi trường,A00; B00; B08; D07,19,Điểm thi THPT,,2024,https://github.com/HTNam1710/ADS_Final/blob/main/Data/diem_chuan_2024_final.csv
QST,7440301_DKD,Khoa học Môi trường (Chương trình tăng cường tiếng Anh),A00; B00; B08; D07,18.5,Điểm thi THPT,,2024,https://github.com/HTNam1710/ADS_Final/blob/main/Data/diem_chuan_2024_final.csv
QST,7460101_NN,"Nhóm Ngành Toán học, Toán tin, Toán ứng dụng",A00; A01; B00; D01,25.55,Điểm thi THPT,,2024,https://github.com/HTNam1710/ADS_Final/blob/main/Data/diem_chuan_2024_final.csv
QST,7460108,Khoa học dữ liệu,A00; A01; B08; D07,26.85,Điểm thi THPT,,2024,https://github.com/HTNam1710/ADS_Final/blob/main/Data/diem_chuan_2024_final.csv
QST,7480101_TT,Khoa học máy tính (Chương trình Tiên tiến),A00; A01; B08; D07,28.5,Điểm thi THPT,,2024,https://github.com/HTNam1710/ADS_Final/blob/main/Data/diem_chuan_2024_final.csv
QST,7480107,Trí tuệ nhân tạo,A00; A01; B08; D07,27.7,Điểm thi THPT,,2024,https://github.com/HTNam1710/ADS_Final/blob/main/Data/diem_chuan_2024_final.csv
QST,7480201_DKD,Công nghệ thông tin (Chương trình tăng cường tiếng Anh),A00; A01; B08; D07,26,Điểm thi THPT,,2024,https://github.com/HTNam1710/ADS_Final/blob/main/Data/diem_chuan_2024_final.csv
QST,7480201_NN,Nhóm ngành máy tính và Công nghệ thông tin,A00; A01; B08; D07,26.75,Điểm thi THPT,,2024,https://github.com/HTNam1710/ADS_Final/blob/main/Data/diem_chuan_2024_final.csv
QST,7510401_DKD,Công nghệ kỹ thuật Hoá học (Chương trình tăng cường tiếng Anh),A00; B00; D07; D90,25,Điểm thi THPT,,2024,https://github.com/HTNam1710/ADS_Final/blob/main/Data/diem_chuan_2024_final.csv
QST,7510402,Công nghệ Vật liệu,A00; A01; B00; D07,24,Điểm thi THPT,,2024,https://github.com/HTNam1710/ADS_Final/blob/main/Data/diem_chuan_2024_final.csv
QST,7510406,Công nghệ Kỹ thuật Môi trường,A00; B00; B08; D07,19,Điểm thi THPT,,2024,https://github.com/HTNam1710/ADS_Final/blob/main/Data/diem_chuan_2024_final.csv
QST,7520207_DKD,Kỹ thuật điện tử - viễn thông (Chương trình tăng cường tiếng Anh),A00; A01; D07; D90,25.4,Điểm thi THPT,,2024,https://github.com/HTNam1710/ADS_Final/blob/main/Data/diem_chuan_2024_final.csv
QST,7520207_NN,"Nhóm ngành Kỹ thuật điện tử -viễn thông, Thiết kế vi mạch",A00; A01; D07; D90,25.9,Điểm thi THPT,,2024,https://github.com/HTNam1710/ADS_Final/blob/main/Data/diem_chuan_2024_final.csv
QST,7520402,Kỹ thuật hạt nhân,A00; A01; A02; D90,23.6,Điểm thi THPT,,2024,https://github.com/HTNam1710/ADS_Final/blob/main/Data/diem_chuan_2024_final.csv
QST,7520403,Vật lý Y khoa,A00; A01; A02; D90,24.6,Điểm thi THPT,,2024,https://github.com/HTNam1710/ADS_Final/blob/main/Data/diem_chuan_2024_final.csv
QST,7520501,Kỹ thuật địa chất,A00; A01; B00; D07,19.5,Điểm thi THPT,,2024,https://github.com/HTNam1710/ADS_Final/blob/main/Data/diem_chuan_2024_final.csv
QST,7850101,Quán lý tài nguyên và môi trường,A00; B00; B08; D07,22,Điểm thi THPT,,2024,https://github.com/HTNam1710/ADS_Final/blob/main/Data/diem_chuan_2024_final.csv
VHH,7220201,Ngôn ngữ Anh,D01; D09; D14; D15; C19,34.35,Điểm thi THPT,,2024,https://github.com/HTNam1710/ADS_Final/blob/main/Data/diem_chuan_2024_final.csv
VHH,7229040A,Văn hóa học - Nghiên cứu văn hóa,C00,26.52,Điểm thi THPT,,2024,https://github.com/HTNam1710/ADS_Final/blob/main/Data/diem_chuan_2024_final.csv
VHH,7229040A,Văn hóa học - Nghiên cứu văn hóa,D01; D09; D14; D15; C19,25.52,Điểm thi THPT,,2024,https://github.com/HTNam1710/ADS_Final/blob/main/Data/diem_chuan_2024_final.csv
VHH,7229040B,Văn hoá học - Văn hóa truyền thông,C00,27.83,Điểm thi THPT,,2024,https://github.com/HTNam1710/ADS_Final/blob/main/Data/diem_chuan_2024_final.csv
VHH,7229040B,Văn hoá học - Văn hóa truyền thông,D01; D09; D14; D15; C19,26.83,Điểm thi THPT,,2024,https://github.com/HTNam1710/ADS_Final/blob/main/Data/diem_chuan_2024_final.csv
VHH,7229040C,Văn hóa học - Văn hóa đối ngoại,C00,27.43,Điểm thi THPT,,2024,https://github.com/HTNam1710/ADS_Final/blob/main/Data/diem_chuan_2024_final.csv
VHH,7229040C,Văn hóa học - Văn hóa đối ngoại,D01; D09; D14; D15; C19,26.43,Điểm thi THPT,,2024,https://github.com/HTNam1710/ADS_Final/blob/main/Data/diem_chuan_2024_final.csv
VHH,7229042A,Quản lý văn hoá - Chính sách văn hóa và quản lý nghệ thuật,D01; D09; D14; D15; C19,26.97,Điểm thi THPT,,2024,https://github.com/HTNam1710/ADS_Final/blob/main/Data/diem_chuan_2024_final.csv
VHH,7229042A,Quản lý văn hoá - Chính sách văn hóa và quản lý nghệ thuật,C00,27.97,Điểm thi THPT,,2024,https://github.com/HTNam1710/ADS_Final/blob/main/Data/diem_chuan_2024_final.csv
VHH,7229042B,Quản lý văn hoá - Quản lý di sản văn hóa,C00,27.83,Điểm thi THPT,,2024,https://github.com/HTNam1710/ADS_Final/blob/main/Data/diem_chuan_2024_final.csv
VHH,7229042B,Quản lý văn hoá - Quản lý di sản văn hóa,D01; D09; D14; D15; C19,26.83,Điểm thi THPT,,2024,https://github.com/HTNam1710/ADS_Final/blob/main/Data/diem_chuan_2024_final.csv
VHH,7229042D,Quản lý văn hoá - Tổ chức sự kiện,C00,28,Điểm thi THPT,,2024,https://github.com/HTNam1710/ADS_Final/blob/main/Data/diem_chuan_2024_final.csv
VHH,7229042D,Quản lý văn hoá - Tổ chức sự kiện,D01; D09; D14; D15; C19,27,Điểm thi THPT,,2024,https://github.com/HTNam1710/ADS_Final/blob/main/Data/diem_chuan_2024_final.csv
VHH,7320101,Báo chí,C00,28.9,Điểm thi THPT,,2024,https://github.com/HTNam1710/ADS_Final/blob/main/Data/diem_chuan_2024_final.csv
VHH,7320101,Báo chí,D01; D09; D14; D15; C19,27.9,Điểm thi THPT,,2024,https://github.com/HTNam1710/ADS_Final/blob/main/Data/diem_chuan_2024_final.csv
VHH,7320201A,Thông tin - Thư viện - Quản trị thư viện,C00,25.5,Điểm thi THPT,,2024,https://github.com/HTNam1710/ADS_Final/blob/main/Data/diem_chuan_2024_final.csv
VHH,7320201A,Thông tin - Thư viện - Quản trị thư viện,D01; D09; D14; D15; C19,24.5,Điểm thi THPT,,2024,https://github.com/HTNam1710/ADS_Final/blob/main/Data/diem_chuan_2024_final.csv
VHH,7320201B,Thông tin - Thư viện - Thư viện và thiết bị trường học,C00,23.85,Điểm thi THPT,,2024,https://github.com/HTNam1710/ADS_Final/blob/main/Data/diem_chuan_2024_final.csv
VHH,7320201B,Thông tin - Thư viện - Thư viện và thiết bị trường học,D01; D09; D14; D15; C19,22.85,Điểm thi THPT,,2024,https://github.com/HTNam1710/ADS_Final/blob/main/Data/diem_chuan_2024_final.csv
VHH,7320205,Quản lý thông tin,C00,27.1,Điểm thi THPT,,2024,https://github.com/HTNam1710/ADS_Final/blob/main/Data/diem_chuan_2024_final.csv
VHH,7320205,Quản lý thông tin,D01; D09; D14; D15; C19,26.1,Điểm thi THPT,,2024,https://github.com/HTNam1710/ADS_Final/blob/main/Data/diem_chuan_2024_final.csv
VHH,7320305,Bảo tàng học,C00,26.5,Điểm thi THPT,,2024,https://github.com/HTNam1710/ADS_Final/blob/main/Data/diem_chuan_2024_final.csv
VHH,7320305,Bảo tàng học,D01; D09; D14; D15; C19,25.5,Điểm thi THPT,,2024,https://github.com/HTNam1710/ADS_Final/blob/main/Data/diem_chuan_2024_final.csv
VHH,7320402,Kinh doanh xuất bản phẩm,C00,25.8,Điểm thi THPT,,2024,https://github.com/HTNam1710/ADS_Final/blob/main/Data/diem_chuan_2024_final.csv
VHH,7320402,Kinh doanh xuất bản phẩm,D01; D09; D14; D15; C19,24.8,Điểm thi THPT,,2024,https://github.com/HTNam1710/ADS_Final/blob/main/Data/diem_chuan_2024_final.csv
VHH,7380101,Luật,C00,28.8,Điểm thi THPT,,2024,https://github.com/HTNam1710/ADS_Final/blob/main/Data/diem_chuan_2024_final.csv
VHH,7380101,Luật,D01; D09; D14; D15; C19,27.8,Điểm thi THPT,,2024,https://github.com/HTNam1710/ADS_Final/blob/main/Data/diem_chuan_2024_final.csv
VHH,7810101A,Du lịch - Văn hóa du lịch,C00,27.15,Điểm thi THPT,,2024,https://github.com/HTNam1710/ADS_Final/blob/main/Data/diem_chuan_2024_final.csv
VHH,7810101A,Du lịch - Văn hóa du lịch,D01; D09; D14; D15; C19,26.15,Điểm thi THPT,,2024,https://github.com/HTNam1710/ADS_Final/blob/main/Data/diem_chuan_2024_final.csv
VHH,7810101B,"Du lịch - Lữ hành, hướng dẫn du lịch",C00,27.67,Điểm thi THPT,,2024,https://github.com/HTNam1710/ADS_Final/blob/main/Data/diem_chuan_2024_final.csv
VHH,7810101B,"Du lịch - Lữ hành, hướng dẫn du lịch",D01; D09; D14; D15; C19,26.67,Điểm thi THPT,,2024,https://github.com/HTNam1710/ADS_Final/blob/main/Data/diem_chuan_2024_final.csv
VHH,7810101C,Du lịch - Hướng dẫn du lịch quốc tế,D01; D09; D14; D15; C19,33.33,Điểm thi THPT,,2024,https://github.com/HTNam1710/ADS_Final/blob/main/Data/diem_chuan_2024_final.csv
VHH,7810103A,Quản trị dịch vụ du lịch và lữ hành,C00,27.94,Điểm thi THPT,,2024,https://github.com/HTNam1710/ADS_Final/blob/main/Data/diem_chuan_2024_final.csv
VHH,7810103A,Quản trị dịch vụ du lịch và lữ hành,D01; D09; D14; D15; C19,26.94,Điểm thi THPT,,2024,https://github.com/HTNam1710/ADS_Final/blob/main/Data/diem_chuan_2024_final.csv
VHH,7810103B,Quản trị dịch vụ du lịch và lữ hành - Quản trị du lịch cộng đồng,C00,27.43,Điểm thi THPT,,2024,https://github.com/HTNam1710/ADS_Final/blob/main/Data/diem_chuan_2024_final.csv
VHH,7810103B,Quản trị dịch vụ du lịch và lữ hành - Quản trị du lịch cộng đồng,D01; D09; D14; D15; C19,26.43,Điểm thi THPT,,2024,https://github.com/HTNam1710/ADS_Final/blob/main/Data/diem_chuan_2024_final.csv
DTT,7210403,Thiết kế đồ họa,H00; H01; H02; H03,31.5,Điểm thi THPT,Thang điểm 40,2024,https://github.com/HTNam1710/ADS_Final/blob/main/Data/diem_chuan_2024_final.csv
DTT,7210404,Thiết kế thời trang,H00; H01; H02; H03,30.6,Điểm thi THPT,Thang điểm 40,2024,https://github.com/HTNam1710/ADS_Final/blob/main/Data/diem_chuan_2024_final.csv
DTT,7220201,Ngôn ngữ Anh,D01; D11,33.8,Điểm thi THPT,Thang điểm 40,2024,https://github.com/HTNam1710/ADS_Final/blob/main/Data/diem_chuan_2024_final.csv
DTT,7220204,Ngôn ngữ Trung Quốc,D01; D04; D11; D55,32.5,Điểm thi THPT,Thang điểm 40,2024,https://github.com/HTNam1710/ADS_Final/blob/main/Data/diem_chuan_2024_final.csv
DTT,7310301,Xã hội học,A01; C00; C01; D01,32.3,Điểm thi THPT,Thang điểm 40,2024,https://github.com/HTNam1710/ADS_Final/blob/main/Data/diem_chuan_2024_final.csv
DTT,7310630,Việt Nam học (Chuyên ngành Du lịch và lữ hành),A01; C00; C01; D01,34.25,Điểm thi THPT,Thang điểm 40,2024,https://github.com/HTNam1710/ADS_Final/blob/main/Data/diem_chuan_2024_final.csv
DTT,7310630Q,Việt Nam học (Chuyên ngành Du lịch và Quản lý du lịch),A01; C00; C01; D01,33.3,Điểm thi THPT,Thang điểm 40,2024,https://github.com/HTNam1710/ADS_Final/blob/main/Data/diem_chuan_2024_final.csv
DTT,7340101,Quản trị kinh doanh (Chuyên ngành Quản trị nguồn nhân lực),A00; A01; D01,33,Điểm thi THPT,Thang điểm 40,2024,https://github.com/HTNam1710/ADS_Final/blob/main/Data/diem_chuan_2024_final.csv
DTT,7340101N,Quản trị kinh doanh (Chuyên ngành Quản trị nhà hàng - khách sạn),A00; A01; D01,32,Điểm thi THPT,Thang điểm 40,2024,https://github.com/HTNam1710/ADS_Final/blob/main/Data/diem_chuan_2024_final.csv
DTT,7340115,Marketing,A00; A01; D01,34.25,Điểm thi THPT,Thang điểm 40,2024,https://github.com/HTNam1710/ADS_Final/blob/main/Data/diem_chuan_2024_final.csv
DTT,7340120,Kinh doanh quốc tế,A00; A01; D01,33.8,Điểm thi THPT,Thang điểm 40,2024,https://github.com/HTNam1710/ADS_Final/blob/main/Data/diem_chuan_2024_final.csv
DTT,7340201,Tài chính - Ngân hàng,A00; A01; D01; D07,33,Điểm thi THPT,Thang điểm 40,2024,https://github.com/HTNam1710/ADS_Final/blob/main/Data/diem_chuan_2024_final.csv
DTT,7340301,Kế toán,A00; A01; C01; D01,32.4,Điểm thi THPT,Thang điểm 40,2024,https://github.com/HTNam1710/ADS_Final/blob/main/Data/diem_chuan_2024_final.csv
DTT,7340408,Quan hệ lao động (Chuyên ngành Quản lý quan hệ lao động. Chuyên ngành Hành vi tổ chức),A00; A01; C01; D01,25,Điểm thi THPT,Thang điểm 40,2024,https://github.com/HTNam1710/ADS_Final/blob/main/Data/diem_chuan_2024_final.csv
DTT,7380101,Luật,A00; A01; C00; D01,33.45,Điểm thi THPT,Thang điểm 40,2024,https://github.com/HTNam1710/ADS_Final/blob/main/Data/diem_chuan_2024_final.csv
DTT,7420201,Công nghệ sinh học,A00; B00; D08,25,Điểm thi THPT,Thang điểm 40,2024,https://github.com/HTNam1710/ADS_Final/blob/main/Data/diem_chuan_2024_final.csv
DTT,7440301,Khoa học môi trường,A00; B00; D07; A01,22,Điểm thi THPT,Thang điểm 40,2024,https://github.com/HTNam1710/ADS_Final/blob/main/Data/diem_chuan_2024_final.csv
DTT,7460112,Toán ứng dụng,A00; A01,31,Điểm thi THPT,Thang điểm 40,2024,https://github.com/HTNam1710/ADS_Final/blob/main/Data/diem_chuan_2024_final.csv
DTT,7460201,Thống kê,A00; A01,28.5,Điểm thi THPT,Thang điểm 40,2024,https://github.com/HTNam1710/ADS_Final/blob/main/Data/diem_chuan_2024_final.csv
DTT,7480101,Khoa học máy tính,A00; A01; D01,33,Điểm thi THPT,Thang điểm 40,2024,https://github.com/HTNam1710/ADS_Final/blob/main/Data/diem_chuan_2024_final.csv
DTT,7480102,Mạng máy tính và truyền thông dữ liệu,A00; A01; D01,31.2,Điểm thi THPT,Thang điểm 40,2024,https://github.com/HTNam1710/ADS_Final/blob/main/Data/diem_chuan_2024_final.csv
DTT,7480103,Kỹ thuật phần mềm,A00; A01; D01,33.3,Điểm thi THPT,Thang điểm 40,2024,https://github.com/HTNam1710/ADS_Final/blob/main/Data/diem_chuan_2024_final.csv
DTT,7510406,Công nghệ kỹ thuật môi trường (Chuyên ngành cấp thoát nước và môi trường nước),A00; B00; D07; A01,22,Điểm thi THPT,Thang điểm 40,2024,https://github.com/HTNam1710/ADS_Final/blob/main/Data/diem_chuan_2024_final.csv
DTT,7520114,Kỹ thuật cơ điện tử,A00; A01; C01,31.3,Điểm thi THPT,Thang điểm 40,2024,https://github.com/HTNam1710/ADS_Final/blob/main/Data/diem_chuan_2024_final.csv
DTT,7520201,Kỹ thuật điện,A00; A01; C01,30,Điểm thi THPT,Thang điểm 40,2024,https://github.com/HTNam1710/ADS_Final/blob/main/Data/diem_chuan_2024_final.csv
DTT,7520207,Kỹ thuật điện tử - viễn thông,A00; A01; C01,31.2,Điểm thi THPT,Thang điểm 40,2024,https://github.com/HTNam1710/ADS_Final/blob/main/Data/diem_chuan_2024_final.csv
DTT,7520216,Kỹ thuật điều khiển và tự động hóa,A00; A01; C01,31.85,Điểm thi THPT,Thang điểm 40,2024,https://github.com/HTNam1710/ADS_Final/blob/main/Data/diem_chuan_2024_final.csv
DTT,7520301,Kỹ thuật hóa học,A00; B00; D07,27.8,Điểm thi THPT,Thang điểm 40,2024,https://github.com/HTNam1710/ADS_Final/blob/main/Data/diem_chuan_2024_final.csv
DTT,7580101,Kiến trúc,V00; V01,29.8,Điểm thi THPT,Thang điểm 40,2024,https://github.com/HTNam1710/ADS_Final/blob/main/Data/diem_chuan_2024_final.csv
DTT,7580105,Quy hoạch vùng và đô thị,A00; A01; V00; V01,23,Điểm thi THPT,Thang điểm 40,2024,https://github.com/HTNam1710/ADS_Final/blob/main/Data/diem_chuan_2024_final.csv
DTT,7580108,Thiết kế nội thất,V00; V01; H02; H03,29.7,Điểm thi THPT,Thang điểm 40,2024,https://github.com/HTNam1710/ADS_Final/blob/main/Data/diem_chuan_2024_final.csv
DTT,7580201,Kỹ thuật xây dựng,A00; A01; C01,24,Điểm thi THPT,Thang điểm 40,2024,https://github.com/HTNam1710/ADS_Final/blob/main/Data/diem_chuan_2024_final.csv
DTT,7580205,Kỹ thuật xây dựng công trình giao thông,A00; A01; C01,22,Điểm thi THPT,Thang điểm 40,2024,https://github.com/HTNam1710/ADS_Final/blob/main/Data/diem_chuan_2024_final.csv
DTT,7580302,Quản lý xây dựng,A00; A01; C01,23,Điểm thi THPT,Thang điểm 40,2024,https://github.com/HTNam1710/ADS_Final/blob/main/Data/diem_chuan_2024_final.csv
DTT,7720201,Dược học,A00; B00; D07,31.45,Điểm thi THPT,Thang điểm 40,2024,https://github.com/HTNam1710/ADS_Final/blob/main/Data/diem_chuan_2024_final.csv
DTT,7760101,Công tác xã hội,A01; C00; C01; D01,29.45,Điểm thi THPT,Thang điểm 40,2024,https://github.com/HTNam1710/ADS_Final/blob/main/Data/diem_chuan_2024_final.csv
DTT,7810301,Quản lý thể dục thể thao (Chuyên ngành kinh doanh thể thao và tổ chức sự kiện),A01; D01; T00; T01,31.3,Điểm thi THPT,Thang điểm 40,2024,https://github.com/HTNam1710/ADS_Final/blob/main/Data/diem_chuan_2024_final.csv
DTT,7810301G,Quản lý thể dục thể thao (Chuyên ngành Golf),A01; D01; T00; T01,22,Điểm thi THPT,Thang điểm 40,2024,https://github.com/HTNam1710/ADS_Final/blob/main/Data/diem_chuan_2024_final.csv
DTT,7850201,Bảo hộ lao động,A00; B00; D07; A01,22,Điểm thi THPT,Thang điểm 40,2024,https://github.com/HTNam1710/ADS_Final/blob/main/Data/diem_chuan_2024_final.csv
DTT,D7310630Q,Việt Nam học (Chuyên ngành Du lịch và Quản lý du lịch) - Chương trình dự bị đại học bằng tiếng Anh,A01; D01,24,Điểm thi THPT,Thang điểm 40,2024,https://github.com/HTNam1710/ADS_Final/blob/main/Data/diem_chuan_2024_final.csv
DTT,D7340101N,Quản trị kinh doanh (Chuyên ngành Quản trị nhà hàng - khách sạn) - Chương trình dự bị đại học bằng tiếng Anh,A01; D01,27,Điểm thi THPT,Thang điểm 40,2024,https://github.com/HTNam1710/ADS_Final/blob/main/Data/diem_chuan_2024_final.csv
DTT,D7340115,Marketing - Chương trình dự bị đại học bằng tiếng Anh,A01; D01,28,Điểm thi THPT,Thang điểm 40,2024,https://github.com/HTNam1710/ADS_Final/blob/main/Data/diem_chuan_2024_final.csv
DTT,D7340120,Kinh doanh quốc tế - Chương trình dự bị đại học bằng tiếng Anh,A01; D01,28,Điểm thi THPT,Thang điểm 40,2024,https://github.com/HTNam1710/ADS_Final/blob/main/Data/diem_chuan_2024_final.csv
DTT,D7340201,Tài chính - Ngân hàng - Chương trình dự bị đại học bằng tiếng Anh,A01; D01,26,Điểm thi THPT,Thang điểm 40,2024,https://github.com/HTNam1710/ADS_Final/blob/main/Data/diem_chuan_2024_final.csv
DTT,D7340301,Kế toán (Chuyên ngành Kế toán quốc tế) - Chương trình dự bị đại học bằng tiếng Anh,A01; D01,24,Điểm thi THPT,Thang điểm 40,2024,https://github.com/HTNam1710/ADS_Final/blob/main/Data/diem_chuan_2024_final.csv
DTT,D7420201,Công nghệ sinh học - Chương trình dự bị đại học bằng tiếng Anh,B00; D08,24,Điểm thi THPT,Thang điểm 40,2024,https://github.com/HTNam1710/ADS_Final/blob/main/Data/diem_chuan_2024_final.csv
DTT,D7480101,Khoa học máy tính - Chương trình dự bị đại học bằng tiếng Anh,A01; D01,28,Điểm thi THPT,Thang điểm 40,2024,https://github.com/HTNam1710/ADS_Final/blob/main/Data/diem_chuan_2024_final.csv
DTT,D7480103,Kỹ thuật phần mềm - Chương trình dự bị đại học bằng tiếng Anh,A01; D01,28,Điểm thi THPT,Thang điểm 40,2024,https://github.com/HTNam1710/ADS_Final/blob/main/Data/diem_chuan_2024_final.csv
DTT,D7520216,Kỹ thuật điều khiển và tự động hóa - Chương trình dự bị đại học bằng tiếng Anh,A00; A01,24,Điểm thi THPT,Thang điểm 40,2024,https://github.com/HTNam1710/ADS_Final/blob/main/Data/diem_chuan_2024_final.csv
DTT,D7580201,Kỹ thuật xây dựng - Chương trình dự bị đại học bằng tiếng Anh,A00; A01,24,Điểm thi THPT,Thang điểm 40,2024,https://github.com/HTNam1710/ADS_Final/blob/main/Data/diem_chuan_2024_final.csv
DTT,DK7340101E,Quản trị kinh doanh toàn cầu (đơn bằng 2+2) - Chương trình dự bị liên kết Đại học Emlyon (Pháp),A01; D01,28,Điểm thi THPT,"Chương trình dự bị liên kết đào tạo quốc tế, thang điểm 40",2024,https://github.com/HTNam1710/ADS_Final/blob/main/Data/diem_chuan_2024_final.csv
DTT,DK7340101L,Quản trị kinh doanh (đơn bằng 3+1) – Chương trình dự bị liên kết Đại học Lunghwa (Đài Loan),A01; D01,28,Điểm thi THPT,"Chương trình dự bị liên kết đào tạo quốc tế, thang điểm 40",2024,https://github.com/HTNam1710/ADS_Final/blob/main/Data/diem_chuan_2024_final.csv
DTT,DK7340101N,Quản trị nhà hàng - khách sạn (song bằng 2.5+1.5) - Chương trình dự bị liên kết Đại học Taylor's (Malaysia),A01; D01,28,Điểm thi THPT,"Chương trình dự bị liên kết đào tạo quốc tế, thang điểm 40",2024,https://github.com/HTNam1710/ADS_Final/blob/main/Data/diem_chuan_2024_final.csv
DTT,DK7340120L,Kinh doanh quốc tế (song bằng 3+1) – Chương trình dự bị liên kết Đại học La Trobe (Úc),A01; D01,28,Điểm thi THPT,"Chương trình dự bị liên kết đào tạo quốc tế, thang điểm 40",2024,https://github.com/HTNam1710/ADS_Final/blob/main/Data/diem_chuan_2024_final.csv
DTT,DK7340201M,"Kinh doanh (Tài chính, Kinh doanh quốc tế, Marketing, Kế toán, Quản trị nguồn nhân lực & Quan hệ lao động) (đơn bằng 2+1,5) - Chương trình dự bị liên kết Đại học Massey (New Zealand)",A01; D01,26,Điểm thi THPT,"Chương trình dự bị liên kết đào tạo quốc tế, thang điểm 40",2024,https://github.com/HTNam1710/ADS_Final/blob/main/Data/diem_chuan_2024_final.csv
DTT,DK7340201X,Tài chính và kiểm soát (song bằng 3+1) - Chương trình dự bị liên kết Đại học Khoa học ứng dụng Saxion (Hà Lan),A01; D01,26,Điểm thi THPT,"Chương trình dự bị liên kết đào tạo quốc tế, thang điểm 40",2024,https://github.com/HTNam1710/ADS_Final/blob/main/Data/diem_chuan_2024_final.csv
DTT,DK7340301,"Kế toán (song bằng 3+1) - Chương trình dự bị liên kết Đại học West of England, Bristol (Vương quốc Anh)",A01; D01,24,Điểm thi THPT,"Chương trình dự bị liên kết đào tạo quốc tế, thang điểm 40",2024,https://github.com/HTNam1710/ADS_Final/blob/main/Data/diem_chuan_2024_final.csv
DTT,DK7480101L,Công nghệ thông tin (song bằng 2+2) - Chương trình dự bị liên kết Đại học La Trobe (Úc),A01; D01,28,Điểm thi THPT,"Chương trình dự bị liên kết đào tạo quốc tế, thang điểm 40",2024,https://github.com/HTNam1710/ADS_Final/blob/main/Data/diem_chuan_2024_final.csv
DTT,DK7520201,Kỹ thuật điện – điện tử (song bằng 2.5+1.5) - Chương trình dự bị liên kết Đại học Khoa học ứng dụng Saxion (Hà Lan),A00; A01,24,Điểm thi THPT,"Chương trình dự bị liên kết đào tạo quốc tế, thang điểm 40",2024,https://github.com/HTNam1710/ADS_Final/blob/main/Data/diem_chuan_2024_final.csv
DTT,DK7580201,Kỹ thuật xây dựng (song bằng 2+2) - Chương trình dự bị liên kết Đại học La Trobe (Úc),A00; A01,24,Điểm thi THPT,"Chương trình dự bị liên kết đào tạo quốc tế, thang điểm 40",2024,https://github.com/HTNam1710/ADS_Final/blob/main/Data/diem_chuan_2024_final.csv
DTT,F7210403,Thiết kế đồ họa - Chất lượng cao,H00; H01; H02; H03,31,Điểm thi THPT,Thang điểm 40,2024,https://github.com/HTNam1710/ADS_Final/blob/main/Data/diem_chuan_2024_final.csv
DTT,F7220201,Ngôn ngữ Anh - Chất lượng cao,D01; D11,30.3,Điểm thi THPT,Thang điểm 40,2024,https://github.com/HTNam1710/ADS_Final/blob/main/Data/diem_chuan_2024_final.csv
DTT,F7310630Q,Việt Nam học (Chuyên ngành Du lịch và Quản lý du lịch) - Chất lượng cao,A01; C00; C01; D01,28.6,Điểm thi THPT,Thang điểm 40,2024,https://github.com/HTNam1710/ADS_Final/blob/main/Data/diem_chuan_2024_final.csv
DTT,F7340101,Quản trị kinh doanh (Chuyên ngành Quản trị nguồn nhân lực) - Chất lượng cao,A00; A01; D01,30,Điểm thi THPT,Thang điểm 40,2024,https://github.com/HTNam1710/ADS_Final/blob/main/Data/diem_chuan_2024_final.csv
DTT,F7340101N,Quản trị kinh doanh (Chuyên ngành Quản trị nhà hàng - khách sạn) - Chất lượng cao,A00; A01; D01,27.8,Điểm thi THPT,Thang điểm 40,2024,https://github.com/HTNam1710/ADS_Final/blob/main/Data/diem_chuan_2024_final.csv
DTT,F7340115,Marketing - Chất lượng cao,A00; A01; D01,31.3,Điểm thi THPT,Thang điểm 40,2024,https://github.com/HTNam1710/ADS_Final/blob/main/Data/diem_chuan_2024_final.csv
DTT,F7340120,Kinh doanh quốc tế - Chất lượng cao,A00; A01; D01,30.8,Điểm thi THPT,Thang điểm 40,2024,https://github.com/HTNam1710/ADS_Final/blob/main/Data/diem_chuan_2024_final.csv
DTT,F7340201,Tài chính - Ngân hàng - Chất lượng cao,A00; A01; D01; D07,28.7,Điểm thi THPT,Thang điểm 40,2024,https://github.com/HTNam1710/ADS_Final/blob/main/Data/diem_chuan_2024_final.csv
DTT,F7340301,Kế toán - Chất lượng cao,A00; A01; C01; D01,27,Điểm thi THPT,Thang điểm 40,2024,https://github.com/HTNam1710/ADS_Final/blob/main/Data/diem_chuan_2024_final.csv
DTT,F7380101,Luật - Chất lượng cao,A00; A01; C00; D01,31.1,Điểm thi THPT,Thang điểm 40,2024,https://github.com/HTNam1710/ADS_Final/blob/main/Data/diem_chuan_2024_final.csv
DTT,F7420201,Công nghệ sinh học - Chất lượng cao,A00; B00; D08,23,Điểm thi THPT,Thang điểm 40,2024,https://github.com/HTNam1710/ADS_Final/blob/main/Data/diem_chuan_2024_final.csv
DTT,F7480101,Khoa học máy tính - Chất lượng cao,A00; A01; D01,30.8,Điểm thi THPT,Thang điểm 40,2024,https://github.com/HTNam1710/ADS_Final/blob/main/Data/diem_chuan_2024_final.csv
DTT,F7480103,Kỹ thuật phần mềm - Chất lượng cao,A00; A01; D01,30.9,Điểm thi THPT,Thang điểm 40,2024,https://github.com/HTNam1710/ADS_Final/blob/main/Data/diem_chuan_2024_final.csv
DTT,F7520201,Kỹ thuật điện - Chất lượng cao,A00; A01; C01,23,Điểm thi THPT,Thang điểm 40,2024,https://github.com/HTNam1710/ADS_Final/blob/main/Data/diem_chuan_2024_final.csv
DTT,F7520207,Kỹ thuật điện tử - viễn thông - Chất lượng cao,A00; A01; C01,26,Điểm thi THPT,Thang điểm 40,2024,https://github.com/HTNam1710/ADS_Final/blob/main/Data/diem_chuan_2024_final.csv
DTT,F7520216,Kỹ thuật điều khiển và tự động hóa - Chất lượng cao,A00; A01; C01,26.7,Điểm thi THPT,Thang điểm 40,2024,https://github.com/HTNam1710/ADS_Final/blob/main/Data/diem_chuan_2024_final.csv
DTT,F7520301,Kỹ thuật hóa học - Chất lượng cao,A00; B00; D07,23,Điểm thi THPT,Thang điểm 40,2024,https://github.com/HTNam1710/ADS_Final/blob/main/Data/diem_chuan_2024_final.csv
DTT,F7580101,Kiến trúc - Chất lượng cao,V00; V01; A01; C01,28.5,Điểm thi THPT,Thang điểm 40,2024,https://github.com/HTNam1710/ADS_Final/blob/main/Data/diem_chuan_2024_final.csv
DTT,F7580201,Kỹ thuật xây dựng - Chất lượng cao,A00; A01; C01,22,Điểm thi THPT,Thang điểm 40,2024,https://github.com/HTNam1710/ADS_Final/blob/main/Data/diem_chuan_2024_final.csv
DTT,FA7220201,Ngôn ngữ Anh - Chương trình đại học bằng tiếng Anh,E04; D01,25,Điểm thi THPT,Thang điểm 40,2024,https://github.com/HTNam1710/ADS_Final/blob/main/Data/diem_chuan_2024_final.csv
DTT,FA7310630Q,Việt Nam học (Chuyên ngành Du lịch và Quản lý du lịch) - Chương trình đại học bằng tiếng Anh,E04; E06; D01; A01,24,Điểm thi THPT,Thang điểm 40,2024,https://github.com/HTNam1710/ADS_Final/blob/main/Data/diem_chuan_2024_final.csv
DTT,FA7340101N,Quản trị kinh doanh (Chuyên ngành Quản trị nhà hàng - khách sạn) - Chương trình đại học bằng tiếng Anh,E04; E06; D01; A01,27,Điểm thi THPT,Thang điểm 40,2024,https://github.com/HTNam1710/ADS_Final/blob/main/Data/diem_chuan_2024_final.csv
DTT,FA7340115,Marketing - Chương trình đại học bằng tiếng Anh,E04; E06; D01; A01,28,Điểm thi THPT,Thang điểm 40,2024,https://github.com/HTNam1710/ADS_Final/blob/main/Data/diem_chuan_2024_final.csv
DTT,FA7340120,Kinh doanh quốc tế - Chương trình đại học bằng tiếng Anh,E04; E06; D01; A01,28,Điểm thi THPT,Thang điểm 40,2024,https://github.com/HTNam1710/ADS_Final/blob/main/Data/diem_chuan_2024_final.csv
DTT,FA7340201,Tài chính - Ngân hàng - Chương trình đại học bằng tiếng Anh,E04; E06; D01; A01,26,Điểm thi THPT,Thang điểm 40,2024,https://github.com/HTNam1710/ADS_Final/blob/main/Data/diem_chuan_2024_final.csv
DTT,FA7340301,Kế toán (Chuyên ngành Kế toán quốc tế) - Chương trình đại học bằng tiếng Anh,E04; E06; D01; A01,24,Điểm thi THPT,Thang điểm 40,2024,https://github.com/HTNam1710/ADS_Final/blob/main/Data/diem_chuan_2024_final.csv
DTT,FA7420201,Công nghệ sinh học - Chương trình đại học bằng tiếng Anh,E05; D08; B00,24,Điểm thi THPT,Thang điểm 40,2024,https://github.com/HTNam1710/ADS_Final/blob/main/Data/diem_chuan_2024_final.csv
DTT,FA7480101,Khoa học máy tính - Chương trình đại học bằng tiếng Anh,E04; E06; D01; A01,28,Điểm thi THPT,Thang điểm 40,2024,https://github.com/HTNam1710/ADS_Final/blob/main/Data/diem_chuan_2024_final.csv
DTT,FA7480103,Kỹ thuật phần mềm -Chương trình đại học bằng tiếng Anh,E04; E06; D01; A01,28,Điểm thi THPT,Thang điểm 40,2024,https://github.com/HTNam1710/ADS_Final/blob/main/Data/diem_chuan_2024_final.csv
DTT,FA7520216,Kỹ thuật điều khiển và tự động hóa - Chương trình đại học bằng tiếng Anh,E06; A01; A00,24,Điểm thi THPT,Thang điểm 40,2024,https://github.com/HTNam1710/ADS_Final/blob/main/Data/diem_chuan_2024_final.csv
DTT,FA7580201,Kỹ thuật xây dựng - Chương trình đại học bằng tiếng Anh,E06; A01; A00,24,Điểm thi THPT,Thang điểm 40,2024,https://github.com/HTNam1710/ADS_Final/blob/main/Data/diem_chuan_2024_final.csv
DTT,K7340101,Quản trị kinh doanh (song bằng 2+2) - Chương trình liên kết Đại học Kinh tế Praha (Cộng hòa Séc),E04; E06; D01; A01,28,Điểm thi THPT,"Chương trình liên kết đào tạo quốc tế, thang điểm 40",2024,https://github.com/HTNam1710/ADS_Final/blob/main/Data/diem_chuan_2024_final.csv
DTT,K7340101E,Quản trị kinh doanh toàn cầu (đơn bằng 2+2) - Chương trình liên kết Đại học Emlyon (Pháp),E04; E06; D01; A01,28,Điểm thi THPT,"Chương trình liên kết đào tạo quốc tế, thang điểm 40",2024,https://github.com/HTNam1710/ADS_Final/blob/main/Data/diem_chuan_2024_final.csv
DTT,K7340101L,Quản trị kinh doanh (đơn bằng 3+1) – Chương trình liên kết Đại học Lunghwa (Đài Loan),E04; E06; D01; A01,28,Điểm thi THPT,"Chương trình liên kết đào tạo quốc tế, thang điểm 40",2024,https://github.com/HTNam1710/ADS_Final/blob/main/Data/diem_chuan_2024_final.csv
DTT,K7340101N,Quản trị nhà hàng - khách sạn (song bằng 2.5+1.5) - Chương trình liên kết Đại học Taylor's (Malaysia),E04; E06; D01; A01,28,Điểm thi THPT,"Chương trình liên kết đào tạo quốc tế, thang điểm 40",2024,https://github.com/HTNam1710/ADS_Final/blob/main/Data/diem_chuan_2024_final.csv
DTT,K7340120L,Kinh doanh quốc tế (song bằng 3+1) – Chương trình liên kết Đại học La Trobe (Úc),E04; E06; D01; A01,28,Điểm thi THPT,"Chương trình liên kết đào tạo quốc tế, thang điểm 40",2024,https://github.com/HTNam1710/ADS_Final/blob/main/Data/diem_chuan_2024_final.csv
DTT,K7340201M,"Kinh doanh (Tài chính, Kinh doanh quốc tế, Marketing. Kế toán, Quản trị nguồn nhân lực & Quan hệ lao động) (đơn bằng 2+1.5) - Chương trình liên kết Đại học Massey (New Zealand)",E04; E06; D01; A01,26,Điểm thi THPT,"Chương trình liên kết đào tạo quốc tế, thang điểm 40",2024,https://github.com/HTNam1710/ADS_Final/blob/main/Data/diem_chuan_2024_final.csv
DTT,K7340201X,Tài chính và kiểm soát (song bằng 3+1) - Chương trình liên kết Đại học Khoa học ứng dụng Saxion (Hà Lan),E04; E06; D01; A01,26,Điểm thi THPT,"Chương trình liên kết đào tạo quốc tế, thang điểm 40",2024,https://github.com/HTNam1710/ADS_Final/blob/main/Data/diem_chuan_2024_final.csv
DTT,K7340301,Kế toán (song bằng 3+1) - Chương trình liên kết Đại học West of England. Bristol (Vương quốc Anh),E04; E06; D01; A01,24,Điểm thi THPT,"Chương trình liên kết đào tạo quốc tế, thang điểm 40",2024,https://github.com/HTNam1710/ADS_Final/blob/main/Data/diem_chuan_2024_final.csv
DTT,K7480101L,Công nghệ thông tin (song bằng 2+2) - Chương trình liên kết Đại học La Trobe (Úc),E04; E06; D01; A01,28,Điểm thi THPT,"Chương trình liên kết đào tạo quốc tế, thang điểm 40",2024,https://github.com/HTNam1710/ADS_Final/blob/main/Data/diem_chuan_2024_final.csv
DTT,K7480101T,Khoa học máy tính (đơn bằng 2+2) - Chương trình liên kết Đại học Kỹ thuật Ostrava (Cộng hòa Séc),E04; E06; D01; A01,28,Điểm thi THPT,"Chương trình liên kết đào tạo quốc tế, thang điểm 40",2024,https://github.com/HTNam1710/ADS_Final/blob/main/Data/diem_chuan_2024_final.csv
DTT,K7520201,Kỹ thuật điện – điện tử (song bằng 2.5+1.5) - Chương trình liên kết Đại học Khoa học ứng dụng Saxion (Hà Lan),E06; A01; A00,24,Điểm thi THPT,"Chương trình liên kết đào tạo quốc tế, thang điểm 40",2024,https://github.com/HTNam1710/ADS_Final/blob/main/Data/diem_chuan_2024_final.csv
DTT,K7580201,Kỹ thuật xây dựng (song bằng 2+2) - Chương trình liên kết Đại học La Trobe (Úc),E06; A01; A00,24,Điểm thi THPT,"Chương trình liên kết đào tạo quốc tế, thang điểm 40",2024,https://github.com/HTNam1710/ADS_Final/blob/main/Data/diem_chuan_2024_final.csv
DTT,N7210403,Thiết kế đồ họa,H00; H01; H02; H03,24,Điểm thi THPT,"Chương trình học tại phân hiệu Khánh Hòa, thang điểm 40",2024,https://github.com/HTNam1710/ADS_Final/blob/main/Data/diem_chuan_2024_final.csv
DTT,N7220201,Ngôn ngữ Anh,D01; D11,24,Điểm thi THPT,"Chương trình học tại phân hiệu Khánh Hòa, thang điểm 40",2024,https://github.com/HTNam1710/ADS_Final/blob/main/Data/diem_chuan_2024_final.csv
DTT,N7310630,Việt Nam học (Chuyên ngành Du lịch và lữ hành),A01; C00; C01; D01,22,Điểm thi THPT,"Chương trình học tại phân hiệu Khánh Hòa, thang điểm 40",2024,https://github.com/HTNam1710/ADS_Final/blob/main/Data/diem_chuan_2024_final.csv
DTT,N7340101N,Quản trị kinh doanh (Chuyên ngành Quản trị nhà hàng - khách sạn),A00; A01; D01,22,Điểm thi THPT,"Chương trình học tại phân hiệu Khánh Hòa, thang điểm 40",2024,https://github.com/HTNam1710/ADS_Final/blob/main/Data/diem_chuan_2024_final.csv
DTT,N7340115,Marketing,A00; A01; D01,24,Điểm thi THPT,"Chương trình học tại phân hiệu Khánh Hòa, thang điểm 40",2024,https://github.com/HTNam1710/ADS_Final/blob/main/Data/diem_chuan_2024_final.csv
DTT,N7340301,Kế toán,A00; A01; C01; D01,22,Điểm thi THPT,"Chương trình học tại phân hiệu Khánh Hòa, thang điểm 40",2024,https://github.com/HTNam1710/ADS_Final/blob/main/Data/diem_chuan_2024_final.csv
DTT,N7380101,Luật,A00; A01; C00; D01,22,Điểm thi THPT,"Chương trình học tại phân hiệu Khánh Hòa, thang điểm 40",2024,https://github.com/HTNam1710/ADS_Final/blob/main/Data/diem_chuan_2024_final.csv
DTT,N7480101,Khoa học máy tính,A00; A01; D01,22,Điểm thi THPT,"Chương trình học tại phân hiệu Khánh Hòa, thang điểm 40",2024,https://github.com/HTNam1710/ADS_Final/blob/main/Data/diem_chuan_2024_final.csv
DTT,N7480103,Kỹ thuật phần mềm,A00; A01; D01,22,Điểm thi THPT,"Chương trình học tại phân hiệu Khánh Hòa, thang điểm 40",2024,https://github.com/HTNam1710/ADS_Final/blob/main/Data/diem_chuan_2024_final.csv
HVN,HVN01,Thú y,A00; A01; B00; D01,19,Điểm thi THPT,,2024,https://github.com/HTNam1710/ADS_Final/blob/main/Data/diem_chuan_2024_final.csv
HVN,HVN02,Chăn nuôi thú y - thuỷ sản,A00; B00; B08; D01,17,Điểm thi THPT,,2024,https://github.com/HTNam1710/ADS_Final/blob/main/Data/diem_chuan_2024_final.csv
HVN,HVN03,Nông nghiệp sinh thái và Nông nghiệp đô thị,A00; A09; B00; D01,17,Điểm thi THPT,,2024,https://github.com/HTNam1710/ADS_Final/blob/main/Data/diem_chuan_2024_final.csv
HVN,HVN04,Công nghệ kỹ thuật ô tô và Cơ điện tử,A00; A01; A09; D01,18,Điểm thi THPT,,2024,https://github.com/HTNam1710/ADS_Final/blob/main/Data/diem_chuan_2024_final.csv
HVN,HVN05,Kỹ thuật cơ khí,A00; A01; A09; D01,18,Điểm thi THPT,,2024,https://github.com/HTNam1710/ADS_Final/blob/main/Data/diem_chuan_2024_final.csv
HVN,HVN06,"Kỹ thuật điện, Điện tử và Tự động hoá",A00; A01; A09; D01,22.5,Điểm thi THPT,,2024,https://github.com/HTNam1710/ADS_Final/blob/main/Data/diem_chuan_2024_final.csv
HVN,HVN07,Logistics và Quản lý chuỗi cung ứng,A00; A09; C20; D01,25.25,Điểm thi THPT,,2024,https://github.com/HTNam1710/ADS_Final/blob/main/Data/diem_chuan_2024_final.csv
HVN,HVN08,"Quản trị kinh doanh, Thương mại và Du lịch",A00; A09; C20; D01,18,Điểm thi THPT,,2024,https://github.com/HTNam1710/ADS_Final/blob/main/Data/diem_chuan_2024_final.csv
HVN,HVN09,Công nghệ sinh học và Công nghệ dược liệu,A00; B00; B08; D01,18,Điểm thi THPT,,2024,https://github.com/HTNam1710/ADS_Final/blob/main/Data/diem_chuan_2024_final.csv
HVN,HVN10,Công nghệ thực phẩm và Chế biến,A00; B00; D07; D01,19,Điểm thi THPT,,2024,https://github.com/HTNam1710/ADS_Final/blob/main/Data/diem_chuan_2024_final.csv
HVN,HVN11,Kinh tế và Quản lý,A00; C04; D07; D01,18,Điểm thi THPT,,2024,https://github.com/HTNam1710/ADS_Final/blob/main/Data/diem_chuan_2024_final.csv
HVN,HVN12,Xã hội học,A09; C00; C20; D01,18,Điểm thi THPT,,2024,https://github.com/HTNam1710/ADS_Final/blob/main/Data/diem_chuan_2024_final.csv
HVN,HVN13,Luật,A09; C00; C20; D01,24.75,Điểm thi THPT,,2024,https://github.com/HTNam1710/ADS_Final/blob/main/Data/diem_chuan_2024_final.csv
HVN,HVN14,Công nghệ thông tin và Kỹ thuật số,A00; A01; D01; D07,19,Điểm thi THPT,,2024,https://github.com/HTNam1710/ADS_Final/blob/main/Data/diem_chuan_2024_final.csv
HVN,HVN15,"Quản lý đất đai, Bất động sản và Môi trường",A00; A01; B00; D01,16.5,Điểm thi THPT,,2024,https://github.com/HTNam1710/ADS_Final/blob/main/Data/diem_chuan_2024_final.csv
HVN,HVN16,Khoa học môi trường,A00; A01; B00; D01,17,Điểm thi THPT,,2024,https://github.com/HTNam1710/ADS_Final/blob/main/Data/diem_chuan_2024_final.csv
HVN,HVN17,Ngôn ngữ Anh,D01; D07; D14; D15,18,Điểm thi THPT,,2024,https://github.com/HTNam1710/ADS_Final/blob/main/Data/diem_chuan_2024_final.csv
HVN,HVN18,Sư phạm công nghệ,A00; A01; B00; D01,22.25,Điểm thi THPT,,2024,https://github.com/HTNam1710/ADS_Final/blob/main/Data/diem_chuan_2024_final.csv
QHX,QHX01,Báo chí,D01,26.07,Điểm thi THPT,Thứ tự NV 1,2024,https://github.com/HTNam1710/ADS_Final/blob/main/Data/diem_chuan_2024_final.csv
QHX,QHX01,Báo chí,D78,26.97,Điểm thi THPT,Thứ tự NV 2,2024,https://github.com/HTNam1710/ADS_Final/blob/main/Data/diem_chuan_2024_final.csv
QHX,QHX01,Báo chí,C00,29.03,Điểm thi THPT,Thứ tự NV 3,2024,https://github.com/HTNam1710/ADS_Final/blob/main/Data/diem_chuan_2024_final.csv
QHX,QHX01,Báo chí,A01,25.51,Điểm thi THPT,Thứ tự NV 4,2024,https://github.com/HTNam1710/ADS_Final/blob/main/Data/diem_chuan_2024_final.csv
QHX,QHX02,Chính trị học,C00,27.98,Điểm thi THPT,Thứ tự NV 1,2024,https://github.com/HTNam1710/ADS_Final/blob/main/Data/diem_chuan_2024_final.csv
QHX,QHX02,Chính trị học,A01,24.6,Điểm thi THPT,Thứ tự NV 2,2024,https://github.com/HTNam1710/ADS_Final/blob/main/Data/diem_chuan_2024_final.csv
QHX,QHX02,Chính trị học,D78,26.28,Điểm thi THPT,Thứ tự NV 2,2024,https://github.com/HTNam1710/ADS_Final/blob/main/Data/diem_chuan_2024_final.csv
QHX,QHX02,Chính trị học,D01,25.35,Điểm thi THPT,Thứ tự NV 3,2024,https://github.com/HTNam1710/ADS_Final/blob/main/Data/diem_chuan_2024_final.csv
QHX,QHX02,Chính trị học,D04,24.95,Điểm thi THPT,Thứ tự NV 4,2024,https://github.com/HTNam1710/ADS_Final/blob/main/Data/diem_chuan_2024_final.csv
QHX,QHX03,Công tác xã hội,C00,27.94,Điểm thi THPT,Thứ tự NV 3,2024,https://github.com/HTNam1710/ADS_Final/blob/main/Data/diem_chuan_2024_final.csv
QHX,QHX03,Công tác xã hội,D78,26.01,Điểm thi THPT,Thứ tự NV 4,2024,https://github.com/HTNam1710/ADS_Final/blob/main/Data/diem_chuan_2024_final.csv
QHX,QHX03,Công tác xã hội,A01,24.39,Điểm thi THPT,Thứ tự NV 7,2024,https://github.com/HTNam1710/ADS_Final/blob/main/Data/diem_chuan_2024_final.csv
QHX,QHX03,Công tác xã hội,D01,25.3,Điểm thi THPT,Thứ tự NV 8,2024,https://github.com/HTNam1710/ADS_Final/blob/main/Data/diem_chuan_2024_final.csv
QHX,QHX04,Đông Nam Á học,D78,24.75,Điểm thi THPT,Thứ tự NV 2,2024,https://github.com/HTNam1710/ADS_Final/blob/main/Data/diem_chuan_2024_final.csv
QHX,QHX04,Đông Nam Á học,D01,24.64,Điểm thi THPT,Thứ tự NV 3,2024,https://github.com/HTNam1710/ADS_Final/blob/main/Data/diem_chuan_2024_final.csv
QHX,QHX04,Đông Nam Á học,A01,23.48,Điểm thi THPT,Thứ tự NV 8,2024,https://github.com/HTNam1710/ADS_Final/blob/main/Data/diem_chuan_2024_final.csv
QHX,QHX04,Đông Nam Á học,D14,25.29,Điểm thi THPT,Thứ tự NV 2,2024,https://github.com/HTNam1710/ADS_Final/blob/main/Data/diem_chuan_2024_final.csv
QHX,QHX05,Đông phương học,D78,26.71,Điểm thi THPT,Thứ tự NV 1,2024,https://github.com/HTNam1710/ADS_Final/blob/main/Data/diem_chuan_2024_final.csv
QHX,QHX05,Đông phương học,C00,28.83,Điểm thi THPT,Thứ tự NV 2,2024,https://github.com/HTNam1710/ADS_Final/blob/main/Data/diem_chuan_2024_final.csv
QHX,QHX05,Đông phương học,D04,25.8,Điểm thi THPT,Thứ tự NV 4,2024,https://github.com/HTNam1710/ADS_Final/blob/main/Data/diem_chuan_2024_final.csv
QHX,QHX05,Đông phương học,D01,25.99,Điểm thi THPT,Thứ tự NV 5,2024,https://github.com/HTNam1710/ADS_Final/blob/main/Data/diem_chuan_2024_final.csv
QHX,QHX06,Hán Nôm,C00,28.26,Điểm thi THPT,Thứ tự NV 3,2024,https://github.com/HTNam1710/ADS_Final/blob/main/Data/diem_chuan_2024_final.csv
QHX,QHX06,Hán Nôm,D78,25.96,Điểm thi THPT,Thứ tự NV 6,2024,https://github.com/HTNam1710/ADS_Final/blob/main/Data/diem_chuan_2024_final.csv
QHX,QHX06,Hán Nôm,D01,25.05,Điểm thi THPT,Thứ tự NV 2,2024,https://github.com/HTNam1710/ADS_Final/blob/main/Data/diem_chuan_2024_final.csv
QHX,QHX06,Hán Nôm,D04,25.8,Điểm thi THPT,Thứ tự NV 2,2024,https://github.com/HTNam1710/ADS_Final/blob/main/Data/diem_chuan_2024_final.csv
QHX,QHX07,Khoa học quản lý,D78,26.26,Điểm thi THPT,Thứ tự NV 1,2024,https://github.com/HTNam1710/ADS_Final/blob/main/Data/diem_chuan_2024_final.csv
QHX,QHX07,Khoa học quản lý,C00,28.58,Điểm thi THPT,Thứ tự NV 2,2024,https://github.com/HTNam1710/ADS_Final/blob/main/Data/diem_chuan_2024_final.csv
QHX,QHX07,Khoa học quản lý,D01,25.41,Điểm thi THPT,Thứ tự NV 3,2024,https://github.com/HTNam1710/ADS_Final/blob/main/Data/diem_chuan_2024_final.csv
QHX,QHX07,Khoa học quản lý,A01,25.07,Điểm thi THPT,Thứ tự NV 7,2024,https://github.com/HTNam1710/ADS_Final/blob/main/Data/diem_chuan_2024_final.csv
QHX,QHX08,Lịch sử,D14,26.8,Điểm thi THPT,Thứ tự NV 5,2024,https://github.com/HTNam1710/ADS_Final/blob/main/Data/diem_chuan_2024_final.csv
QHX,QHX08,Lịch sử,D04,25.02,Điểm thi THPT,Thứ tự NV 6,2024,https://github.com/HTNam1710/ADS_Final/blob/main/Data/diem_chuan_2024_final.csv
QHX,QHX08,Lịch sử,D01,25.01,Điểm thi THPT,Thứ tự NV 1,2024,https://github.com/HTNam1710/ADS_Final/blob/main/Data/diem_chuan_2024_final.csv
QHX,QHX08,Lịch sử,C00,28.37,Điểm thi THPT,Thứ tự NV 3,2024,https://github.com/HTNam1710/ADS_Final/blob/main/Data/diem_chuan_2024_final.csv
QHX,QHX08,Lịch sử,D78,26.38,Điểm thi THPT,Thứ tự NV 3,2024,https://github.com/HTNam1710/ADS_Final/blob/main/Data/diem_chuan_2024_final.csv
QHX,QHX09,Lưu trữ học,D78,25.73,Điểm thi THPT,Thứ tự NV 1,2024,https://github.com/HTNam1710/ADS_Final/blob/main/Data/diem_chuan_2024_final.csv
QHX,QHX09,Lưu trữ học,A01,24.49,Điểm thi THPT,Thứ tự NV 2,2024,https://github.com/HTNam1710/ADS_Final/blob/main/Data/diem_chuan_2024_final.csv
QHX,QHX09,Lưu trữ học,C00,27.58,Điểm thi THPT,Thứ tự NV 3,2024,https://github.com/HTNam1710/ADS_Final/blob/main/Data/diem_chuan_2024_final.csv
QHX,QHX09,Lưu trữ học,D01,25.22,Điểm thi THPT,Thứ tự NV 11,2024,https://github.com/HTNam1710/ADS_Final/blob/main/Data/diem_chuan_2024_final.csv
QHX,QHX09,Lưu trữ học,D04,25.02,Điểm thi THPT,Thứ tự NV 14,2024,https://github.com/HTNam1710/ADS_Final/blob/main/Data/diem_chuan_2024_final.csv
QHX,QHX10,Ngôn ngữ học,D04,25.69,Điểm thi THPT,Thứ tự NV 2,2024,https://github.com/HTNam1710/ADS_Final/blob/main/Data/diem_chuan_2024_final.csv
QHX,QHX10,Ngôn ngữ học,C00,27.94,Điểm thi THPT,Thứ tự NV 4,2024,https://github.com/HTNam1710/ADS_Final/blob/main/Data/diem_chuan_2024_final.csv
QHX,QHX10,Ngôn ngữ học,D01,25.45,Điểm thi THPT,Thứ tự NV 5,2024,https://github.com/HTNam1710/ADS_Final/blob/main/Data/diem_chuan_2024_final.csv
QHX,QHX10,Ngôn ngữ học,D78,26.3,Điểm thi THPT,Thứ tự NV 5,2024,https://github.com/HTNam1710/ADS_Final/blob/main/Data/diem_chuan_2024_final.csv
QHX,QHX11,Nhân học,C00,27.43,Điểm thi THPT,Thứ tự NV 4,2024,https://github.com/HTNam1710/ADS_Final/blob/main/Data/diem_chuan_2024_final.csv
QHX,QHX11,Nhân học,A01,23.67,Điểm thi THPT,Thứ tự NV 6,2024,https://github.com/HTNam1710/ADS_Final/blob/main/Data/diem_chuan_2024_final.csv
QHX,QHX11,Nhân học,D01,24.93,Điểm thi THPT,Thứ tự NV 6,2024,https://github.com/HTNam1710/ADS_Final/blob/main/Data/diem_chuan_2024_final.csv
QHX,QHX11,Nhân học,D78,25.39,Điểm thi THPT,Thứ tự NV 6,2024,https://github.com/HTNam1710/ADS_Final/blob/main/Data/diem_chuan_2024_final.csv
QHX,QHX11,Nhân học,D04,24.75,Điểm thi THPT,Thứ tự NV 7,2024,https://github.com/HTNam1710/ADS_Final/blob/main/Data/diem_chuan_2024_final.csv
QHX,QHX12,Nhật Bản học,D06,25,Điểm thi THPT,Thứ tự NV 1,2024,https://github.com/HTNam1710/ADS_Final/blob/main/Data/diem_chuan_2024_final.csv
QHX,QHX12,Nhật Bản học,D78,26.43,Điểm thi THPT,Thứ tự NV 1,2024,https://github.com/HTNam1710/ADS_Final/blob/main/Data/diem_chuan_2024_final.csv
QHX,QHX12,Nhật Bản học,D01,25.75,Điểm thi THPT,Thứ tự NV 4,2024,https://github.com/HTNam1710/ADS_Final/blob/main/Data/diem_chuan_2024_final.csv
QHX,QHX13,Quan hệ công chúng,D04,26.4,Điểm thi THPT,Thứ tự NV 1,2024,https://github.com/HTNam1710/ADS_Final/blob/main/Data/diem_chuan_2024_final.csv
QHX,QHX13,Quan hệ công chúng,C00,29.1,Điểm thi THPT,Thứ tự NV 2,2024,https://github.com/HTNam1710/ADS_Final/blob/main/Data/diem_chuan_2024_final.csv
QHX,QHX13,Quan hệ công chúng,D78,27.36,Điểm thi THPT,Thứ tự NV 3,2024,https://github.com/HTNam1710/ADS_Final/blob/main/Data/diem_chuan_2024_final.csv
QHX,QHX13,Quan hệ công chúng,D01,26.45,Điểm thi THPT,Thứ tự NV 1,2024,https://github.com/HTNam1710/ADS_Final/blob/main/Data/diem_chuan_2024_final.csv
QHX,QHX14,Quản lý thông tin,C00,28.37,Điểm thi THPT,Thứ tự NV 2,2024,https://github.com/HTNam1710/ADS_Final/blob/main/Data/diem_chuan_2024_final.csv
QHX,QHX14,Quản lý thông tin,D78,26.36,Điểm thi THPT,Thứ tự NV 3,2024,https://github.com/HTNam1710/ADS_Final/blob/main/Data/diem_chuan_2024_final.csv
QHX,QHX14,Quản lý thông tin,A01,25.36,Điểm thi THPT,Thứ tự NV 5,2024,https://github.com/HTNam1710/ADS_Final/blob/main/Data/diem_chuan_2024_final.csv
QHX,QHX14,Quản lý thông tin,D01,25.83,Điểm thi THPT,Thứ tự NV 6,2024,https://github.com/HTNam1710/ADS_Final/blob/main/Data/diem_chuan_2024_final.csv
QHX,QHX15,Quản trị dịch vụ du lịch và lữ hành,A01,25.61,Điểm thi THPT,Thứ tự NV 1,2024,https://github.com/HTNam1710/ADS_Final/blob/main/Data/diem_chuan_2024_final.csv
QHX,QHX15,Quản trị dịch vụ du lịch và lữ hành,C00,28.58,Điểm thi THPT,Thứ tự NV 2,2024,https://github.com/HTNam1710/ADS_Final/blob/main/Data/diem_chuan_2024_final.csv
QHX,QHX15,Quản trị dịch vụ du lịch và lữ hành,D01,25.99,Điểm thi THPT,Thứ tự NV 2,2024,https://github.com/HTNam1710/ADS_Final/blob/main/Data/diem_chuan_2024_final.csv
QHX,QHX15,Quản trị dịch vụ du lịch và lữ hành,D78,26.74,Điểm thi THPT,Thứ tự NV 2,2024,https://github.com/HTNam1710/ADS_Final/blob/main/Data/diem_chuan_2024_final.csv
QHX,QHX16,Quản trị khách sạn,C00,28.26,Điểm thi THPT,Thứ tự NV 2,2024,https://github.com/HTNam1710/ADS_Final/blob/main/Data/diem_chuan_2024_final.csv
QHX,QHX16,Quản trị khách sạn,D01,25.71,Điểm thi THPT,Thứ tự NV 3,2024,https://github.com/HTNam1710/ADS_Final/blob/main/Data/diem_chuan_2024_final.csv
QHX,QHX16,Quản trị khách sạn,A01,25.46,Điểm thi THPT,Thứ tự NV 6,2024,https://github.com/HTNam1710/ADS_Final/blob/main/Data/diem_chuan_2024_final.csv
QHX,QHX16,Quản trị khách sạn,D78,26.38,Điểm thi THPT,Thứ tự NV 11,2024,https://github.com/HTNam1710/ADS_Final/blob/main/Data/diem_chuan_2024_final.csv
QHX,QHX17,Quản trị văn phòng,A01,25.5,Điểm thi THPT,Thứ tự NV 1,2024,https://github.com/HTNam1710/ADS_Final/blob/main/Data/diem_chuan_2024_final.csv
QHX,QHX17,Quản trị văn phòng,D78,26.52,Điểm thi THPT,Thứ tự NV 1,2024,https://github.com/HTNam1710/ADS_Final/blob/main/Data/diem_chuan_2024_final.csv
QHX,QHX17,Quản trị văn phòng,D01,25.73,Điểm thi THPT,Thứ tự NV 2,2024,https://github.com/HTNam1710/ADS_Final/blob/main/Data/diem_chuan_2024_final.csv
QHX,QHX17,Quản trị văn phòng,D04,25.57,Điểm thi THPT,Thứ tự NV 6,2024,https://github.com/HTNam1710/ADS_Final/blob/main/Data/diem_chuan_2024_final.csv
QHX,QHX17,Quản trị văn phòng,C00,28.6,Điểm thi THPT,Thứ tự NV 7,2024,https://github.com/HTNam1710/ADS_Final/blob/main/Data/diem_chuan_2024_final.csv
QHX,QHX18,Quốc tế học,D01,25.33,Điểm thi THPT,Thứ tự NV 3,2024,https://github.com/HTNam1710/ADS_Final/blob/main/Data/diem_chuan_2024_final.csv
QHX,QHX18,Quốc tế học,A01,24.68,Điểm thi THPT,Thứ tự NV 10,2024,https://github.com/HTNam1710/ADS_Final/blob/main/Data/diem_chuan_2024_final.csv
QHX,QHX18,Quốc tế học,D78,26.18,Điểm thi THPT,Thứ tự NV 2,2024,https://github.com/HTNam1710/ADS_Final/blob/main/Data/diem_chuan_2024_final.csv
QHX,QHX18,Quốc tế học,C00,28.55,Điểm thi THPT,Thứ tự NV 3,2024,https://github.com/HTNam1710/ADS_Final/blob/main/Data/diem_chuan_2024_final.csv
QHX,QHX19,Tâm lý học,A01,26.47,Điểm thi THPT,Thứ tự NV 1,2024,https://github.com/HTNam1710/ADS_Final/blob/main/Data/diem_chuan_2024_final.csv
QHX,QHX19,Tâm lý học,C00,28.6,Điểm thi THPT,Thứ tự NV 1,2024,https://github.com/HTNam1710/ADS_Final/blob/main/Data/diem_chuan_2024_final.csv
QHX,QHX19,Tâm lý học,D01,26.18,Điểm thi THPT,Thứ tự NV 1,2024,https://github.com/HTNam1710/ADS_Final/blob/main/Data/diem_chuan_2024_final.csv
QHX,QHX19,Tâm lý học,D78,26.71,Điểm thi THPT,Thứ tự NV 3,2024,https://github.com/HTNam1710/ADS_Final/blob/main/Data/diem_chuan_2024_final.csv
QHX,QHX20,Thông tin - thư viện,C00,27.38,Điểm thi THPT,Thứ tự NV 7,2024,https://github.com/HTNam1710/ADS_Final/blob/main/Data/diem_chuan_2024_final.csv
QHX,QHX20,Thông tin - thư viện,D14,26.23,Điểm thi THPT,Thứ tự NV 1,2024,https://github.com/HTNam1710/ADS_Final/blob/main/Data/diem_chuan_2024_final.csv
QHX,QHX20,Thông tin - thư viện,D78,25.55,Điểm thi THPT,Thứ tự NV 1,2024,https://github.com/HTNam1710/ADS_Final/blob/main/Data/diem_chuan_2024_final.csv
QHX,QHX20,Thông tin - thư viện,D01,24.82,Điểm thi THPT,Thứ tự NV 6,2024,https://github.com/HTNam1710/ADS_Final/blob/main/Data/diem_chuan_2024_final.csv
QHX,QHX21,Tôn giáo học,D78,24.78,Điểm thi THPT,Thứ tự NV 2,2024,https://github.com/HTNam1710/ADS_Final/blob/main/Data/diem_chuan_2024_final.csv
QHX,QHX21,Tôn giáo học,D01,24.49,Điểm thi THPT,Thứ tự NV 5,2024,https://github.com/HTNam1710/ADS_Final/blob/main/Data/diem_chuan_2024_final.csv
QHX,QHX21,Tôn giáo học,A01,22.95,Điểm thi THPT,Thứ tự NV 8,2024,https://github.com/HTNam1710/ADS_Final/blob/main/Data/diem_chuan_2024_final.csv
QHX,QHX21,Tôn giáo học,D04,24.75,Điểm thi THPT,Thứ tự NV 8,2024,https://github.com/HTNam1710/ADS_Final/blob/main/Data/diem_chuan_2024_final.csv
QHX,QHX21,Tôn giáo học,C00,26.73,Điểm thi THPT,Thứ tự NV 12,2024,https://github.com/HTNam1710/ADS_Final/blob/main/Data/diem_chuan_2024_final.csv
QHX,QHX22,Triết học,D04,24.3,Điểm thi THPT,Thứ tự NV 31,2024,https://github.com/HTNam1710/ADS_Final/blob/main/Data/diem_chuan_2024_final.csv
QHX,QHX22,Triết học,D78,25.54,Điểm thi THPT,Thứ tự NV 1,2024,https://github.com/HTNam1710/ADS_Final/blob/main/Data/diem_chuan_2024_final.csv
QHX,QHX22,Triết học,D01,25.02,Điểm thi THPT,Thứ tự NV 6,2024,https://github.com/HTNam1710/ADS_Final/blob/main/Data/diem_chuan_2024_final.csv
QHX,QHX22,Triết học,C00,27.58,Điểm thi THPT,Thứ tự NV 11,2024,https://github.com/HTNam1710/ADS_Final/blob/main/Data/diem_chuan_2024_final.csv
QHX,QHX23,Văn học,D78,26.82,Điểm thi THPT,Thứ tự NV 1,2024,https://github.com/HTNam1710/ADS_Final/blob/main/Data/diem_chuan_2024_final.csv
QHX,QHX23,Văn học,C00,28.31,Điểm thi THPT,Thứ tự NV 3,2024,https://github.com/HTNam1710/ADS_Final/blob/main/Data/diem_chuan_2024_final.csv
QHX,QHX23,Văn học,D01,25.99,Điểm thi THPT,Thứ tự NV 4,2024,https://github.com/HTNam1710/ADS_Final/blob/main/Data/diem_chuan_2024_final.csv
QHX,QHX23,Văn học,D04,25.3,Điểm thi THPT,Thứ tự NV 7,2024,https://github.com/HTNam1710/ADS_Final/blob/main/Data/diem_chuan_2024_final.csv
QHX,QHX24,Việt Nam học,C00,27.75,Điểm thi THPT,Thứ tự NV 3,2024,https://github.com/HTNam1710/ADS_Final/blob/main/Data/diem_chuan_2024_final.csv
QHX,QHX24,Việt Nam học,D01,24.97,Điểm thi THPT,Thứ tự NV 4,2024,https://github.com/HTNam1710/ADS_Final/blob/main/Data/diem_chuan_2024_final.csv
QHX,QHX24,Việt Nam học,D04,25.29,Điểm thi THPT,Thứ tự NV 6,2024,https://github.com/HTNam1710/ADS_Final/blob/main/Data/diem_chuan_2024_final.csv
QHX,QHX24,Việt Nam học,D78,25.68,Điểm thi THPT,Thứ tự NV 7,2024,https://github.com/HTNam1710/ADS_Final/blob/main/Data/diem_chuan_2024_final.csv
QHX,QHX25,Xã hội học,D78,26.34,Điểm thi THPT,Thứ tự NV 7,2024,https://github.com/HTNam1710/ADS_Final/blob/main/Data/diem_chuan_2024_final.csv
QHX,QHX25,Xã hội học,D01,25.65,Điểm thi THPT,Thứ tự NV 11,2024,https://github.com/HTNam1710/ADS_Final/blob/main/Data/diem_chuan_2024_final.csv
QHX,QHX25,Xã hội học,A01,25.2,Điểm thi THPT,Thứ tự NV 12,2024,https://github.com/HTNam1710/ADS_Final/blob/main/Data/diem_chuan_2024_final.csv
QHX,QHX25,Xã hội học,C00,28.25,Điểm thi THPT,Thứ tự NV 2,2024,https://github.com/HTNam1710/ADS_Final/blob/main/Data/diem_chuan_2024_final.csv
QHX,QHX26,Hàn Quốc,C00,29.05,Điểm thi THPT,Thứ tự NV 1,2024,https://github.com/HTNam1710/ADS_Final/blob/main/Data/diem_chuan_2024_final.csv
QHX,QHX26,Hàn Quốc,D01,26.3,Điểm thi THPT,Thứ tự NV 1,2024,https://github.com/HTNam1710/ADS_Final/blob/main/Data/diem_chuan_2024_final.csv
QHX,QHX26,Hàn Quốc,A01,26.2,Điểm thi THPT,Thứ tự NV 3,2024,https://github.com/HTNam1710/ADS_Final/blob/main/Data/diem_chuan_2024_final.csv
QHX,QHX26,Hàn Quốc,D78,27.13,Điểm thi THPT,Thứ tự NV 3,2024,https://github.com/HTNam1710/ADS_Final/blob/main/Data/diem_chuan_2024_final.csv
QHX,QHX26,Hàn Quốc,DD2,26.25,Điểm thi THPT,Thứ tự NV 3,2024,https://github.com/HTNam1710/ADS_Final/blob/main/Data/diem_chuan_2024_final.csv
QHX,QHX27,Văn hoá học,D78,26.13,Điểm thi THPT,Thứ tự NV 1,2024,https://github.com/HTNam1710/ADS_Final/blob/main/Data/diem_chuan_2024_final.csv
QHX,QHX27,Văn hoá học,D04,25.31,Điểm thi THPT,Thứ tự NV 4,2024,https://github.com/HTNam1710/ADS_Final/blob/main/Data/diem_chuan_2024_final.csv
QHX,QHX27,Văn hoá học,D01,25.26,Điểm thi THPT,Thứ tự NV 10,2024,https://github.com/HTNam1710/ADS_Final/blob/main/Data/diem_chuan_2024_final.csv
QHX,QHX27,Văn hoá học,D14,26.05,Điểm thi THPT,Thứ tự NV 10,2024,https://github.com/HTNam1710/ADS_Final/blob/main/Data/diem_chuan_2024_final.csv
QHX,QHX27,Văn hoá học,C00,27.9,Điểm thi THPT,Thứ tự NV 1,2024,https://github.com/HTNam1710/ADS_Final/blob/main/Data/diem_chuan_2024_final.csv
QHX,QHX28,Điện ảnh và Nghệ thuật đại chúng,D01,25.77,Điểm thi THPT,Thứ tự NV 3,2024,https://github.com/HTNam1710/ADS_Final/blob/main/Data/diem_chuan_2024_final.csv
QHX,QHX28,Điện ảnh và Nghệ thuật đại chúng,D04,25.17,Điểm thi THPT,Thứ tự NV 4,2024,https://github.com/HTNam1710/ADS_Final/blob/main/Data/diem_chuan_2024_final.csv
QHX,QHX28,Điện ảnh và Nghệ thuật đại chúng,D78,26.45,Điểm thi THPT,Thứ tự NV 4,2024,https://github.com/HTNam1710/ADS_Final/blob/main/Data/diem_chuan_2024_final.csv
QHX,QHX28,Điện ảnh và Nghệ thuật đại chúng,C00,27.98,Điểm thi THPT,Thứ tự NV 5,2024,https://github.com/HTNam1710/ADS_Final/blob/main/Data/diem_chuan_2024_final.csv
LPH,7220201,Ngôn ngữ Anh,A01,24.65,Điểm thi THPT,Đào tạo tại Hà Nội,2024,https://github.com/HTNam1710/ADS_Final/blob/main/Data/diem_chuan_2024_final.csv
LPH,7220201,Ngôn ngữ Anh,D01,25.25,Điểm thi THPT,Đào tạo tại Hà Nội,2024,https://github.com/HTNam1710/ADS_Final/blob/main/Data/diem_chuan_2024_final.csv
LPH,7380101,Luật,D04,26.25,Điểm thi THPT,Đào tạo tại Hà Nội,2024,https://github.com/HTNam1710/ADS_Final/blob/main/Data/diem_chuan_2024_final.csv
LPH,7380101,Luật,D05,22.85,Điểm thi THPT,Đào tạo tại Phân hiệu Đắk Lắk,2024,https://github.com/HTNam1710/ADS_Final/blob/main/Data/diem_chuan_2024_final.csv
LPH,7380101,Luật,D06,22.85,Điểm thi THPT,Đào tạo tại Phân hiệu Đắk Lắk,2024,https://github.com/HTNam1710/ADS_Final/blob/main/Data/diem_chuan_2024_final.csv
LPH,7380101,Luật,A00,26.15,Điểm thi THPT,Đào tạo tại Hà Nội,2024,https://github.com/HTNam1710/ADS_Final/blob/main/Data/diem_chuan_2024_final.csv
LPH,7380101,Luật,A01,26.15,Điểm thi THPT,Đào tạo tại Hà Nội,2024,https://github.com/HTNam1710/ADS_Final/blob/main/Data/diem_chuan_2024_final.csv
LPH,7380101,Luật,C00,28.15,Điểm thi THPT,Đào tạo tại Hà Nội,2024,https://github.com/HTNam1710/ADS_Final/blob/main/Data/diem_chuan_2024_final.csv
LPH,7380101,Luật,D01,22.85,Điểm thi THPT,Đào tạo tại Phân hiệu Đắk Lắk,2024,https://github.com/HTNam1710/ADS_Final/blob/main/Data/diem_chuan_2024_final.csv
LPH,7380101,Luật,D02,22.85,Điểm thi THPT,Đào tạo tại Phân hiệu Đắk Lắk,2024,https://github.com/HTNam1710/ADS_Final/blob/main/Data/diem_chuan_2024_final.csv
LPH,7380101,Luật,D03,22.85,Điểm thi THPT,Đào tạo tại Phân hiệu Đắk Lắk,2024,https://github.com/HTNam1710/ADS_Final/blob/main/Data/diem_chuan_2024_final.csv
LPH,7380107,Luật Kinh tế,D04,26.9,Điểm thi THPT,Đào tạo tại Hà Nội,2024,https://github.com/HTNam1710/ADS_Final/blob/main/Data/diem_chuan_2024_final.csv
LPH,7380107,Luật Kinh tế,D05,26.9,Điểm thi THPT,Đào tạo tại Hà Nội,2024,https://github.com/HTNam1710/ADS_Final/blob/main/Data/diem_chuan_2024_final.csv
LPH,7380107,Luật Kinh tế,D06,26.9,Điểm thi THPT,Đào tạo tại Hà Nội,2024,https://github.com/HTNam1710/ADS_Final/blob/main/Data/diem_chuan_2024_final.csv
LPH,7380107,Luật Kinh tế,A00,26.9,Điểm thi THPT,Đào tạo tại Hà Nội,2024,https://github.com/HTNam1710/ADS_Final/blob/main/Data/diem_chuan_2024_final.csv
LPH,7380107,Luật Kinh tế,A01,26.9,Điểm thi THPT,Đào tạo tại Hà Nội,2024,https://github.com/HTNam1710/ADS_Final/blob/main/Data/diem_chuan_2024_final.csv
LPH,7380107,Luật Kinh tế,C00,28.85,Điểm thi THPT,Đào tạo tại Hà Nội,2024,https://github.com/HTNam1710/ADS_Final/blob/main/Data/diem_chuan_2024_final.csv
LPH,7380107,Luật Kinh tế,D01,26.9,Điểm thi THPT,Đào tạo tại Hà Nội,2024,https://github.com/HTNam1710/ADS_Final/blob/main/Data/diem_chuan_2024_final.csv
LPH,7380107,Luật Kinh tế,D02,26.9,Điểm thi THPT,Đào tạo tại Hà Nội,2024,https://github.com/HTNam1710/ADS_Final/blob/main/Data/diem_chuan_2024_final.csv
LPH,7380107,Luật Kinh tế,D03,26.9,Điểm thi THPT,Đào tạo tại Hà Nội,2024,https://github.com/HTNam1710/ADS_Final/blob/main/Data/diem_chuan_2024_final.csv
LPH,7380109,Luật Thương mại quốc tế,A01,26,Điểm thi THPT,Đào tạo tại Hà Nội,2024,https://github.com/HTNam1710/ADS_Final/blob/main/Data/diem_chuan_2024_final.csv
LPH,7380109,Luật Thương mại quốc tế,D01,26,Điểm thi THPT,Đào tạo tại Hà Nội,2024,https://github.com/HTNam1710/ADS_Final/blob/main/Data/diem_chuan_2024_final.csv
QHF,7140231,Sư phạm tiếng Anh,D01; D78; D90; D14,38.45,Điểm thi THPT,,2024,https://github.com/HTNam1710/ADS_Final/blob/main/Data/diem_chuan_2024_final.csv
QHF,7140234,Sư phạm tiếng Trung,D01; D78; D90; D04,37.85,Điểm thi THPT,,2024,https://github.com/HTNam1710/ADS_Final/blob/main/Data/diem_chuan_2024_final.csv
QHF,7140235,Sư phạm tiếng Đức,D01; D78; D90; D05,36.94,Điểm thi THPT,,2024,https://github.com/HTNam1710/ADS_Final/blob/main/Data/diem_chuan_2024_final.csv
QHF,7140236,Sư phạm tiếng Nhật,D01; D78; D90; D06,37.21,Điểm thi THPT,,2024,https://github.com/HTNam1710/ADS_Final/blob/main/Data/diem_chuan_2024_final.csv
QHF,7140237,Sư phạm tiếng Hàn Quốc,D01; D78; D90; DD2,37.31,Điểm thi THPT,,2024,https://github.com/HTNam1710/ADS_Final/blob/main/Data/diem_chuan_2024_final.csv
QHF,7220201,Ngôn ngữ Anh,D01; D78; D90; D14,36.99,Điểm thi THPT,,2024,https://github.com/HTNam1710/ADS_Final/blob/main/Data/diem_chuan_2024_final.csv
QHF,7220202,Ngôn ngữ Nga,D01; D78; D90; D02,34.24,Điểm thi THPT,,2024,https://github.com/HTNam1710/ADS_Final/blob/main/Data/diem_chuan_2024_final.csv
QHF,7220203,Ngôn ngữ Pháp,D01; D78; D90; D03,34.53,Điểm thi THPT,,2024,https://github.com/HTNam1710/ADS_Final/blob/main/Data/diem_chuan_2024_final.csv
QHF,7220204,Ngôn ngữ Trung Quốc,D01; D78; D90; D04,37,Điểm thi THPT,,2024,https://github.com/HTNam1710/ADS_Final/blob/main/Data/diem_chuan_2024_final.csv
QHF,7220205,Ngôn ngữ Đức,D01; D78; D90; D05,35.82,Điểm thi THPT,,2024,https://github.com/HTNam1710/ADS_Final/blob/main/Data/diem_chuan_2024_final.csv
QHF,7220209,Ngôn ngữ Nhật,D01; D78; D90; D06,35.4,Điểm thi THPT,,2024,https://github.com/HTNam1710/ADS_Final/blob/main/Data/diem_chuan_2024_final.csv
QHF,7220210,Ngôn ngữ Hàn Quốc,D01; D78; D90; DD2,36.38,Điểm thi THPT,,2024,https://github.com/HTNam1710/ADS_Final/blob/main/Data/diem_chuan_2024_final.csv
QHF,7220211,Ngôn ngữ Ả Rập,D01; D78; D90; D14,33.42,Điểm thi THPT,,2024,https://github.com/HTNam1710/ADS_Final/blob/main/Data/diem_chuan_2024_final.csv
QHF,7220212QTD,Văn hóa và truyền thông xuyên quốc gia,D01; D78; D90; D14,36.5,Điểm thi THPT,,2024,https://github.com/HTNam1710/ADS_Final/blob/main/Data/diem_chuan_2024_final.csv
QHF,7903124,Kinh tế - Tài chính,D01; A01; D78; D14,26.75,Điểm thi THPT,,2024,https://github.com/HTNam1710/ADS_Final/blob/main/Data/diem_chuan_2024_final.csv
HBT,527,"Kinh tế, chuyên ngành Quản lý kinh tế",A16,25.51,Điểm thi THPT,,2024,https://github.com/HTNam1710/ADS_Final/blob/main/Data/diem_chuan_2024_final.csv
HBT,527,"Kinh tế, chuyên ngành Quản lý kinh tế",C15,26.76,Điểm thi THPT,,2024,https://github.com/HTNam1710/ADS_Final/blob/main/Data/diem_chuan_2024_final.csv
HBT,527,"Kinh tế, chuyên ngành Quản lý kinh tế",D01,26.26,Điểm thi THPT,,2024,https://github.com/HTNam1710/ADS_Final/blob/main/Data/diem_chuan_2024_final.csv
HBT,527,"Kinh tế, chuyên ngành Quản lý kinh tế",A01,25.76,Điểm thi THPT,,2024,https://github.com/HTNam1710/ADS_Final/blob/main/Data/diem_chuan_2024_final.csv
HBT,530,"Chính trị học, chuyên ngành Công tác tư tưởng - văn hóa",D01,25.52,Điểm thi THPT,,2024,https://github.com/HTNam1710/ADS_Final/blob/main/Data/diem_chuan_2024_final.csv
HBT,530,"Chính trị học, chuyên ngành Công tác tư tưởng - văn hóa",A01,25.52,Điểm thi THPT,,2024,https://github.com/HTNam1710/ADS_Final/blob/main/Data/diem_chuan_2024_final.csv
HBT,530,"Chính trị học, chuyên ngành Công tác tư tưởng - văn hóa",A16,25.52,Điểm thi THPT,,2024,https://github.com/HTNam1710/ADS_Final/blob/main/Data/diem_chuan_2024_final.csv
HBT,530,"Chính trị học, chuyên ngành Công tác tư tưởng - văn hóa",C15,25.52,Điểm thi THPT,,2024,https://github.com/HTNam1710/ADS_Final/blob/main/Data/diem_chuan_2024_final.csv
HBT,531,"Chính tri học, chuyên ngành Chính trị phát triển",C15,25.6,Điểm thi THPT,,2024,https://github.com/HTNam1710/ADS_Final/blob/main/Data/diem_chuan_2024_final.csv
HBT,531,"Chính tri học, chuyên ngành Chính trị phát triển",D01,25.6,Điểm thi THPT,,2024,https://github.com/HTNam1710/ADS_Final/blob/main/Data/diem_chuan_2024_final.csv
HBT,531,"Chính tri học, chuyên ngành Chính trị phát triển",A01,25.6,Điểm thi THPT,,2024,https://github.com/HTNam1710/ADS_Final/blob/main/Data/diem_chuan_2024_final.csv
HBT,531,"Chính tri học, chuyên ngành Chính trị phát triển",A16,25.6,Điểm thi THPT,,2024,https://github.com/HTNam1710/ADS_Final/blob/main/Data/diem_chuan_2024_final.csv
HBT,532,Quản lý nhà nước,D01,25.88,Điểm thi THPT,,2024,https://github.com/HTNam1710/ADS_Final/blob/main/Data/diem_chuan_2024_final.csv
HBT,532,Quản lý nhà nước,AO1,25.88,Điểm thi THPT,,2024,https://github.com/HTNam1710/ADS_Final/blob/main/Data/diem_chuan_2024_final.csv
HBT,532,Quản lý nhà nước,A16,25.88,Điểm thi THPT,,2024,https://github.com/HTNam1710/ADS_Final/blob/main/Data/diem_chuan_2024_final.csv
HBT,532,Quản lý nhà nước,C15,25.88,Điểm thi THPT,,2024,https://github.com/HTNam1710/ADS_Final/blob/main/Data/diem_chuan_2024_final.csv
HBT,533,"Chính trị học, chuyên ngành Tư tưởng Hồ Chí Minh",D01,25.45,Điểm thi THPT,,2024,https://github.com/HTNam1710/ADS_Final/blob/main/Data/diem_chuan_2024_final.csv
HBT,533,"Chính trị học, chuyên ngành Tư tưởng Hồ Chí Minh",A01,25.45,Điểm thi THPT,,2024,https://github.com/HTNam1710/ADS_Final/blob/main/Data/diem_chuan_2024_final.csv
HBT,533,"Chính trị học, chuyên ngành Tư tưởng Hồ Chí Minh",A16,25.45,Điểm thi THPT,,2024,https://github.com/HTNam1710/ADS_Final/blob/main/Data/diem_chuan_2024_final.csv
HBT,533,"Chính trị học, chuyên ngành Tư tưởng Hồ Chí Minh",C15,25.45,Điểm thi THPT,,2024,https://github.com/HTNam1710/ADS_Final/blob/main/Data/diem_chuan_2024_final.csv
HBT,538,"Chính tri học, chuyên ngành Truyền thông chính sách",A16,25.6,Điểm thi THPT,,2024,https://github.com/HTNam1710/ADS_Final/blob/main/Data/diem_chuan_2024_final.csv
HBT,538,"Chính tri học, chuyên ngành Truyền thông chính sách",C15,26.35,Điểm thi THPT,,2024,https://github.com/HTNam1710/ADS_Final/blob/main/Data/diem_chuan_2024_final.csv
HBT,538,"Chính tri học, chuyên ngành Truyền thông chính sách",D01,25.85,Điểm thi THPT,,2024,https://github.com/HTNam1710/ADS_Final/blob/main/Data/diem_chuan_2024_final.csv
HBT,538,"Chính tri học, chuyên ngành Truyền thông chính sách",A01,25.6,Điểm thi THPT,,2024,https://github.com/HTNam1710/ADS_Final/blob/main/Data/diem_chuan_2024_final.csv
HBT,602,"Báo chí, chuyên ngành Báo in",D01,35.48,Điểm thi THPT,,2024,https://github.com/HTNam1710/ADS_Final/blob/main/Data/diem_chuan_2024_final.csv
HBT,602,"Báo chí, chuyên ngành Báo in",D72,34.98,Điểm thi THPT,,2024,https://github.com/HTNam1710/ADS_Final/blob/main/Data/diem_chuan_2024_final.csv
HBT,602,"Báo chí, chuyên ngành Báo in",D78,36.48,Điểm thi THPT,,2024,https://github.com/HTNam1710/ADS_Final/blob/main/Data/diem_chuan_2024_final.csv
HBT,603,"Báo chí, chuyên ngành Ảnh báo chí",D01,35.63,Điểm thi THPT,,2024,https://github.com/HTNam1710/ADS_Final/blob/main/Data/diem_chuan_2024_final.csv
HBT,603,"Báo chí, chuyên ngành Ảnh báo chí",D72,35.13,Điểm thi THPT,,2024,https://github.com/HTNam1710/ADS_Final/blob/main/Data/diem_chuan_2024_final.csv
HBT,603,"Báo chí, chuyên ngành Ảnh báo chí",D78,36.13,Điểm thi THPT,,2024,https://github.com/HTNam1710/ADS_Final/blob/main/Data/diem_chuan_2024_final.csv
HBT,604,"Báo chí, chuyên ngành Báo phát thanh",D72,35.25,Điểm thi THPT,,2024,https://github.com/HTNam1710/ADS_Final/blob/main/Data/diem_chuan_2024_final.csv
HBT,604,"Báo chí, chuyên ngành Báo phát thanh",D78,36.75,Điểm thi THPT,,2024,https://github.com/HTNam1710/ADS_Final/blob/main/Data/diem_chuan_2024_final.csv
HBT,604,"Báo chí, chuyên ngành Báo phát thanh",D01,35.75,Điểm thi THPT,,2024,https://github.com/HTNam1710/ADS_Final/blob/main/Data/diem_chuan_2024_final.csv
HBT,605,"Báo chí, chuyên ngành Báo truyền hình",D01,35.96,Điểm thi THPT,,2024,https://github.com/HTNam1710/ADS_Final/blob/main/Data/diem_chuan_2024_final.csv
HBT,605,"Báo chí, chuyên ngành Báo truyền hình",D72,35.46,Điểm thi THPT,,2024,https://github.com/HTNam1710/ADS_Final/blob/main/Data/diem_chuan_2024_final.csv
HBT,605,"Báo chí, chuyên ngành Báo truyền hình",D78,37.21,Điểm thi THPT,,2024,https://github.com/HTNam1710/ADS_Final/blob/main/Data/diem_chuan_2024_final.csv
HBT,606,"Báo chí, chuyên ngành Quay phim truyền hình",D01,35.73,Điểm thi THPT,,2024,https://github.com/HTNam1710/ADS_Final/blob/main/Data/diem_chuan_2024_final.csv
HBT,606,"Báo chí, chuyên ngành Quay phim truyền hình",D72,35.48,Điểm thi THPT,,2024,https://github.com/HTNam1710/ADS_Final/blob/main/Data/diem_chuan_2024_final.csv
HBT,606,"Báo chí, chuyên ngành Quay phim truyền hình",D78,35.73,Điểm thi THPT,,2024,https://github.com/HTNam1710/ADS_Final/blob/main/Data/diem_chuan_2024_final.csv
HBT,607,"Báo chí, chuyên ngành Báo mạng điện tử",D72,35.15,Điểm thi THPT,,2024,https://github.com/HTNam1710/ADS_Final/blob/main/Data/diem_chuan_2024_final.csv
HBT,607,"Báo chí, chuyên ngành Báo mạng điện tử",D78,36.9,Điểm thi THPT,,2024,https://github.com/HTNam1710/ADS_Final/blob/main/Data/diem_chuan_2024_final.csv
HBT,607,"Báo chí, chuyên ngành Báo mạng điện tử",D01,35.65,Điểm thi THPT,,2024,https://github.com/HTNam1710/ADS_Final/blob/main/Data/diem_chuan_2024_final.csv
HBT,610,"Quan hệ quốc tế, chuyên ngành Thông tin đối ngoại",D01,35,Điểm thi THPT,,2024,https://github.com/HTNam1710/ADS_Final/blob/main/Data/diem_chuan_2024_final.csv
HBT,610,"Quan hệ quốc tế, chuyên ngành Thông tin đối ngoại",A01,35,Điểm thi THPT,,2024,https://github.com/HTNam1710/ADS_Final/blob/main/Data/diem_chuan_2024_final.csv
HBT,610,"Quan hệ quốc tế, chuyên ngành Thông tin đối ngoại",D72,34.5,Điểm thi THPT,,2024,https://github.com/HTNam1710/ADS_Final/blob/main/Data/diem_chuan_2024_final.csv
HBT,610,"Quan hệ quốc tế, chuyên ngành Thông tin đối ngoại",D78,36,Điểm thi THPT,,2024,https://github.com/HTNam1710/ADS_Final/blob/main/Data/diem_chuan_2024_final.csv
HBT,611,"Quan hệ quốc tế, chuyên ngành Quan hệ chính trị và Truyền thông quốc tế",D01,35.2,Điểm thi THPT,,2024,https://github.com/HTNam1710/ADS_Final/blob/main/Data/diem_chuan_2024_final.csv
HBT,611,"Quan hệ quốc tế, chuyên ngành Quan hệ chính trị và Truyền thông quốc tế",A01,35.2,Điểm thi THPT,,2024,https://github.com/HTNam1710/ADS_Final/blob/main/Data/diem_chuan_2024_final.csv
HBT,611,"Quan hệ quốc tế, chuyên ngành Quan hệ chính trị và Truyền thông quốc tế",D72,34.7,Điểm thi THPT,,2024,https://github.com/HTNam1710/ADS_Final/blob/main/Data/diem_chuan_2024_final.csv
HBT,611,"Quan hệ quốc tế, chuyên ngành Quan hệ chính trị và Truyền thông quốc tế",D78,36.2,Điểm thi THPT,,2024,https://github.com/HTNam1710/ADS_Final/blob/main/Data/diem_chuan_2024_final.csv
HBT,614,"Quan hệ quốc tế, chuyên ngành Quan hệ quốc tế và Truyền thông toàn cầu",A01,35.57,Điểm thi THPT,,2024,https://github.com/HTNam1710/ADS_Final/blob/main/Data/diem_chuan_2024_final.csv
HBT,614,"Quan hệ quốc tế, chuyên ngành Quan hệ quốc tế và Truyền thông toàn cầu",D72,35.07,Điểm thi THPT,,2024,https://github.com/HTNam1710/ADS_Final/blob/main/Data/diem_chuan_2024_final.csv
HBT,614,"Quan hệ quốc tế, chuyên ngành Quan hệ quốc tế và Truyền thông toàn cầu",D78,36.57,Điểm thi THPT,,2024,https://github.com/HTNam1710/ADS_Final/blob/main/Data/diem_chuan_2024_final.csv
HBT,614,"Quan hệ quốc tế, chuyên ngành Quan hệ quốc tế và Truyền thông toàn cầu",D01,35.57,Điểm thi THPT,,2024,https://github.com/HTNam1710/ADS_Final/blob/main/Data/diem_chuan_2024_final.csv
HBT,615,"Quan hệ công chúng, chuyên ngành Quan hệ công chúng chuyên nghiệp",D01,36.45,Điểm thi THPT,,2024,https://github.com/HTNam1710/ADS_Final/blob/main/Data/diem_chuan_2024_final.csv
HBT,615,"Quan hệ công chúng, chuyên ngành Quan hệ công chúng chuyên nghiệp",A01,36.45,Điểm thi THPT,,2024,https://github.com/HTNam1710/ADS_Final/blob/main/Data/diem_chuan_2024_final.csv
HBT,615,"Quan hệ công chúng, chuyên ngành Quan hệ công chúng chuyên nghiệp",D72,35.95,Điểm thi THPT,,2024,https://github.com/HTNam1710/ADS_Final/blob/main/Data/diem_chuan_2024_final.csv
HBT,615,"Quan hệ công chúng, chuyên ngành Quan hệ công chúng chuyên nghiệp",D78,37.7,Điểm thi THPT,,2024,https://github.com/HTNam1710/ADS_Final/blob/main/Data/diem_chuan_2024_final.csv
HBT,616,"Quan hệ công chúng, chuyên ngành Truyền thông marketing",D72,35.63,Điểm thi THPT,,2024,https://github.com/HTNam1710/ADS_Final/blob/main/Data/diem_chuan_2024_final.csv
HBT,616,"Quan hệ công chúng, chuyên ngành Truyền thông marketing",D78,37.38,Điểm thi THPT,,2024,https://github.com/HTNam1710/ADS_Final/blob/main/Data/diem_chuan_2024_final.csv
HBT,616,"Quan hệ công chúng, chuyên ngành Truyền thông marketing",D01,36.13,Điểm thi THPT,,2024,https://github.com/HTNam1710/ADS_Final/blob/main/Data/diem_chuan_2024_final.csv
HBT,616,"Quan hệ công chúng, chuyên ngành Truyền thông marketing",A01,36.13,Điểm thi THPT,,2024,https://github.com/HTNam1710/ADS_Final/blob/main/Data/diem_chuan_2024_final.csv
HBT,7220201,Ngôn ngữ Anh,D01,35.2,Điểm thi THPT,,2024,https://github.com/HTNam1710/ADS_Final/blob/main/Data/diem_chuan_2024_final.csv
HBT,7220201,Ngôn ngữ Anh,A01,35.2,Điểm thi THPT,,2024,https://github.com/HTNam1710/ADS_Final/blob/main/Data/diem_chuan_2024_final.csv
HBT,7220201,Ngôn ngữ Anh,D72,34.7,Điểm thi THPT,,2024,https://github.com/HTNam1710/ADS_Final/blob/main/Data/diem_chuan_2024_final.csv
HBT,7220201,Ngôn ngữ Anh,D78,35.95,Điểm thi THPT,,2024,https://github.com/HTNam1710/ADS_Final/blob/main/Data/diem_chuan_2024_final.csv
HBT,7229001,Triết học,C15,25.38,Điểm thi THPT,,2024,https://github.com/HTNam1710/ADS_Final/blob/main/Data/diem_chuan_2024_final.csv
HBT,7229001,Triết học,D01,25.38,Điểm thi THPT,,2024,https://github.com/HTNam1710/ADS_Final/blob/main/Data/diem_chuan_2024_final.csv
HBT,7229001,Triết học,A01,25.38,Điểm thi THPT,,2024,https://github.com/HTNam1710/ADS_Final/blob/main/Data/diem_chuan_2024_final.csv
HBT,7229001,Triết học,A16,25.38,Điểm thi THPT,,2024,https://github.com/HTNam1710/ADS_Final/blob/main/Data/diem_chuan_2024_final.csv
HBT,7229008,Chủ nghĩa xã hội khoa học,D01,25.25,Điểm thi THPT,,2024,https://github.com/HTNam1710/ADS_Final/blob/main/Data/diem_chuan_2024_final.csv
HBT,7229008,Chủ nghĩa xã hội khoa học,A01,25.25,Điểm thi THPT,,2024,https://github.com/HTNam1710/ADS_Final/blob/main/Data/diem_chuan_2024_final.csv
HBT,7229008,Chủ nghĩa xã hội khoa học,A16,25.25,Điểm thi THPT,,2024,https://github.com/HTNam1710/ADS_Final/blob/main/Data/diem_chuan_2024_final.csv
HBT,7229008,Chủ nghĩa xã hội khoa học,C15,25.25,Điểm thi THPT,,2024,https://github.com/HTNam1710/ADS_Final/blob/main/Data/diem_chuan_2024_final.csv
HBT,7229010,Lịch sử,C00,38.12,Điểm thi THPT,,2024,https://github.com/HTNam1710/ADS_Final/blob/main/Data/diem_chuan_2024_final.csv
HBT,7229010,Lịch sử,C03,36.12,Điểm thi THPT,,2024,https://github.com/HTNam1710/ADS_Final/blob/main/Data/diem_chuan_2024_final.csv
HBT,7229010,Lịch sử,C19,38.12,Điểm thi THPT,,2024,https://github.com/HTNam1710/ADS_Final/blob/main/Data/diem_chuan_2024_final.csv
HBT,7229010,Lịch sử,D14,36.12,Điểm thi THPT,,2024,https://github.com/HTNam1710/ADS_Final/blob/main/Data/diem_chuan_2024_final.csv
HBT,7310102,Kinh tế chính trị,A01,25.89,Điểm thi THPT,,2024,https://github.com/HTNam1710/ADS_Final/blob/main/Data/diem_chuan_2024_final.csv
HBT,7310102,Kinh tế chính trị,A16,25.39,Điểm thi THPT,,2024,https://github.com/HTNam1710/ADS_Final/blob/main/Data/diem_chuan_2024_final.csv
HBT,7310102,Kinh tế chính trị,C15,26.39,Điểm thi THPT,,2024,https://github.com/HTNam1710/ADS_Final/blob/main/Data/diem_chuan_2024_final.csv
HBT,7310102,Kinh tế chính trị,D01,25.89,Điểm thi THPT,,2024,https://github.com/HTNam1710/ADS_Final/blob/main/Data/diem_chuan_2024_final.csv
HBT,7310202,Xây dựng Đảng và Chính quyền nhà nước,C15,25.43,Điểm thi THPT,,2024,https://github.com/HTNam1710/ADS_Final/blob/main/Data/diem_chuan_2024_final.csv
HBT,7310202,Xây dựng Đảng và chính quyền nhà nước,D01,25.18,Điểm thi THPT,,2024,https://github.com/HTNam1710/ADS_Final/blob/main/Data/diem_chuan_2024_final.csv
HBT,7310202,Xây dựng Đảng và chính quyền nhà nước,A01,25.18,Điểm thi THPT,,2024,https://github.com/HTNam1710/ADS_Final/blob/main/Data/diem_chuan_2024_final.csv
HBT,7310202,Xây dựng Đảng và chính quyền nhà nước,A16,24.68,Điểm thi THPT,,2024,https://github.com/HTNam1710/ADS_Final/blob/main/Data/diem_chuan_2024_final.csv
HBT,7310301,Xã hội học,C15,26.3,Điểm thi THPT,,2024,https://github.com/HTNam1710/ADS_Final/blob/main/Data/diem_chuan_2024_final.csv
HBT,7310301,Xã hội học,D01,25.8,Điểm thi THPT,,2024,https://github.com/HTNam1710/ADS_Final/blob/main/Data/diem_chuan_2024_final.csv
HBT,7310301,Xã hội học,A01,25.8,Điểm thi THPT,,2024,https://github.com/HTNam1710/ADS_Final/blob/main/Data/diem_chuan_2024_final.csv
HBT,7310301,Xã hội học,A16,25.3,Điểm thi THPT,,2024,https://github.com/HTNam1710/ADS_Final/blob/main/Data/diem_chuan_2024_final.csv
HBT,7320104,Truyền thông đa phương tiện,D01,27,Điểm thi THPT,,2024,https://github.com/HTNam1710/ADS_Final/blob/main/Data/diem_chuan_2024_final.csv
HBT,7320104,Truyền thông đa phương tiện,A01,27,Điểm thi THPT,,2024,https://github.com/HTNam1710/ADS_Final/blob/main/Data/diem_chuan_2024_final.csv
HBT,7320104,Truyền thông đa phương tiện,A16,26.5,Điểm thi THPT,,2024,https://github.com/HTNam1710/ADS_Final/blob/main/Data/diem_chuan_2024_final.csv
HBT,7320104,Truyền thông đa phương tiện,C15,28.25,Điểm thi THPT,,2024,https://github.com/HTNam1710/ADS_Final/blob/main/Data/diem_chuan_2024_final.csv
HBT,7320105,Truyền thông đại chúng,D01,26.8,Điểm thi THPT,,2024,https://github.com/HTNam1710/ADS_Final/blob/main/Data/diem_chuan_2024_final.csv
HBT,7320105,Truyền thông đại chúng,A01,26.8,Điểm thi THPT,,2024,https://github.com/HTNam1710/ADS_Final/blob/main/Data/diem_chuan_2024_final.csv
HBT,7320105,Truyền thông đại chúng,A16,26.3,Điểm thi THPT,,2024,https://github.com/HTNam1710/ADS_Final/blob/main/Data/diem_chuan_2024_final.csv
HBT,7320105,Truyền thông đại chúng,C15,28.05,Điểm thi THPT,,2024,https://github.com/HTNam1710/ADS_Final/blob/main/Data/diem_chuan_2024_final.csv
HBT,7320107,Truyền thông quốc tế,D72,35.4,Điểm thi THPT,,2024,https://github.com/HTNam1710/ADS_Final/blob/main/Data/diem_chuan_2024_final.csv
HBT,7320107,Truyền thông quốc tế,D78,37.15,Điểm thi THPT,,2024,https://github.com/HTNam1710/ADS_Final/blob/main/Data/diem_chuan_2024_final.csv
HBT,7320107,Truyền thông quốc tế,D01,35.9,Điểm thi THPT,,2024,https://github.com/HTNam1710/ADS_Final/blob/main/Data/diem_chuan_2024_final.csv
HBT,7320107,Truyền thông quốc tế,A01,35.9,Điểm thi THPT,,2024,https://github.com/HTNam1710/ADS_Final/blob/main/Data/diem_chuan_2024_final.csv
HBT,7320110,Quảng cáo,D01,35.58,Điểm thi THPT,,2024,https://github.com/HTNam1710/ADS_Final/blob/main/Data/diem_chuan_2024_final.csv
HBT,7320110,Quảng cáo,A01,35.58,Điểm thi THPT,,2024,https://github.com/HTNam1710/ADS_Final/blob/main/Data/diem_chuan_2024_final.csv
HBT,7320110,Quảng cáo,D72,35.08,Điểm thi THPT,,2024,https://github.com/HTNam1710/ADS_Final/blob/main/Data/diem_chuan_2024_final.csv
HBT,7320110,Quảng cáo,D78,36.08,Điểm thi THPT,,2024,https://github.com/HTNam1710/ADS_Final/blob/main/Data/diem_chuan_2024_final.csv
HBT,7340403,Quản lý công,C15,25.61,Điểm thi THPT,,2024,https://github.com/HTNam1710/ADS_Final/blob/main/Data/diem_chuan_2024_final.csv
HBT,7340403,Quản lý công,D01,25.61,Điểm thi THPT,,2024,https://github.com/HTNam1710/ADS_Final/blob/main/Data/diem_chuan_2024_final.csv
HBT,7340403,Quản lý công,A01,25.61,Điểm thi THPT,,2024,https://github.com/HTNam1710/ADS_Final/blob/main/Data/diem_chuan_2024_final.csv
HBT,7340403,Quản lý công,A16,25.61,Điểm thi THPT,,2024,https://github.com/HTNam1710/ADS_Final/blob/main/Data/diem_chuan_2024_final.csv
HBT,7760101,Công tác xã hội,D01,25.7,Điểm thi THPT,,2024,https://github.com/HTNam1710/ADS_Final/blob/main/Data/diem_chuan_2024_final.csv
HBT,7760101,Công tác xã hội,A01,25.7,Điểm thi THPT,,2024,https://github.com/HTNam1710/ADS_Final/blob/main/Data/diem_chuan_2024_final.csv
HBT,7760101,Công tác xã hội,A16,25.2,Điểm thi THPT,,2024,https://github.com/HTNam1710/ADS_Final/blob/main/Data/diem_chuan_2024_final.csv
HBT,7760101,Công tác xã hội,C15,26.2,Điểm thi THPT,,2024,https://github.com/HTNam1710/ADS_Final/blob/main/Data/diem_chuan_2024_final.csv
HBT,801,"Xuất bản, chuyên ngành Biên tập xuất bản",D01,26.2,Điểm thi THPT,,2024,https://github.com/HTNam1710/ADS_Final/blob/main/Data/diem_chuan_2024_final.csv
HBT,801,"Xuất bản, chuyên ngành Biên tập xuất bản",A01,26.2,Điểm thi THPT,,2024,https://github.com/HTNam1710/ADS_Final/blob/main/Data/diem_chuan_2024_final.csv
HBT,801,"Xuất bản, chuyên ngành Biên tập xuất bản",A16,25.7,Điểm thi THPT,,2024,https://github.com/HTNam1710/ADS_Final/blob/main/Data/diem_chuan_2024_final.csv
HBT,801,"Xuất bản, chuyên ngành Biên tập xuất bản",C15,26.7,Điểm thi THPT,,2024,https://github.com/HTNam1710/ADS_Final/blob/main/Data/diem_chuan_2024_final.csv
HBT,802,"Xuất bản, chuyên ngành Xuất bản điện tử",D01,26.27,Điểm thi THPT,,2024,https://github.com/HTNam1710/ADS_Final/blob/main/Data/diem_chuan_2024_final.csv
HBT,802,"Xuất bản, chuyên ngành Xuất bản điện tử",A01,26.27,Điểm thi THPT,,2024,https://github.com/HTNam1710/ADS_Final/blob/main/Data/diem_chuan_2024_final.csv
HBT,802,"Xuất bản, chuyên ngành Xuất bản điện tử",A16,25.77,Điểm thi THPT,,2024,https://github.com/HTNam1710/ADS_Final/blob/main/Data/diem_chuan_2024_final.csv
HBT,802,"Xuất bản, chuyên ngành Xuất bản điện tử",C15,26.77,Điểm thi THPT,,2024,https://github.com/HTNam1710/ADS_Final/blob/main/Data/diem_chuan_2024_final.csv
QHT,QHT01,Toán học,A00; A01; D07; D08,34,Điểm thi THPT,Toán nhân 2,2024,https://github.com/HTNam1710/ADS_Final/blob/main/Data/diem_chuan_2024_final.csv
QHT,QHT02,Toán tin,A00; A01; D07; D08,34,Điểm thi THPT,Toán nhân 2,2024,https://github.com/HTNam1710/ADS_Final/blob/main/Data/diem_chuan_2024_final.csv
QHT,QHT03,Vật lý học,A00; A01; A02; C01,25.3,Điểm thi THPT,,2024,https://github.com/HTNam1710/ADS_Final/blob/main/Data/diem_chuan_2024_final.csv
QHT,QHT04,Khoa học vật liệu,A00; A01; A02; C01,24.6,Điểm thi THPT,,2024,https://github.com/HTNam1710/ADS_Final/blob/main/Data/diem_chuan_2024_final.csv
QHT,QHT05,Công nghệ kỹ thuật hạt nhân,A00; A01; A02; C01,24.3,Điểm thi THPT,,2024,https://github.com/HTNam1710/ADS_Final/blob/main/Data/diem_chuan_2024_final.csv
QHT,QHT06,Hoá học,A00; B00; D07; C02,25.15,Điểm thi THPT,,2024,https://github.com/HTNam1710/ADS_Final/blob/main/Data/diem_chuan_2024_final.csv
QHT,QHT07,Công nghệ kỹ thuật hoá học,A00; B00; D07; C02,24.8,Điểm thi THPT,,2024,https://github.com/HTNam1710/ADS_Final/blob/main/Data/diem_chuan_2024_final.csv
QHT,QHT08,Sinh học,A00; A02; B00; B08,23.35,Điểm thi THPT,,2024,https://github.com/HTNam1710/ADS_Final/blob/main/Data/diem_chuan_2024_final.csv
QHT,QHT09,Công nghệ sinh học,A00; A02; B00; B08,24.45,Điểm thi THPT,,2024,https://github.com/HTNam1710/ADS_Final/blob/main/Data/diem_chuan_2024_final.csv
QHT,QHT10,Địa lý tự nhiên,A00; A01; B00; D10,22.4,Điểm thi THPT,,2024,https://github.com/HTNam1710/ADS_Final/blob/main/Data/diem_chuan_2024_final.csv
QHT,QHT12,Quản lý đất đai,A00; A01; B00; D10,23,Điểm thi THPT,,2024,https://github.com/HTNam1710/ADS_Final/blob/main/Data/diem_chuan_2024_final.csv
QHT,QHT13,Khoa học môi trường,A00; A01; B00; D07,20,Điểm thi THPT,,2024,https://github.com/HTNam1710/ADS_Final/blob/main/Data/diem_chuan_2024_final.csv
QHT,QHT15,Công nghệ kỹ thuật môi trường,A00; A01; B00; D07,21,Điểm thi THPT,,2024,https://github.com/HTNam1710/ADS_Final/blob/main/Data/diem_chuan_2024_final.csv
QHT,QHT16,Khí tượng và khí hậu học,A00; A01; B00; D07,20.8,Điểm thi THPT,,2024,https://github.com/HTNam1710/ADS_Final/blob/main/Data/diem_chuan_2024_final.csv
QHT,QHT17,Hải dương học,A00; A01; B00; D07,20,Điểm thi THPT,,2024,https://github.com/HTNam1710/ADS_Final/blob/main/Data/diem_chuan_2024_final.csv
QHT,QHT18,Địa chất học,A00; A01; D10; D07,20,Điểm thi THPT,,2024,https://github.com/HTNam1710/ADS_Final/blob/main/Data/diem_chuan_2024_final.csv
QHT,QHT20,Quản lý tài nguyên và môi trường,A00; A01; D10; D07,21.5,Điểm thi THPT,,2024,https://github.com/HTNam1710/ADS_Final/blob/main/Data/diem_chuan_2024_final.csv
QHT,QHT43,Hoá dược,A00; B00; D07; C02,25.65,Điểm thi THPT,,2024,https://github.com/HTNam1710/ADS_Final/blob/main/Data/diem_chuan_2024_final.csv
QHT,QHT81,Sinh dược học,A00; A02; B00; B08,24.25,Điểm thi THPT,,2024,https://github.com/HTNam1710/ADS_Final/blob/main/Data/diem_chuan_2024_final.csv
QHT,QHT82,"Môi trường, sức khoẻ và an toàn",A00; A01; B00; D07,20,Điểm thi THPT,,2024,https://github.com/HTNam1710/ADS_Final/blob/main/Data/diem_chuan_2024_final.csv
QHT,QHT91,Khoa học thông tin địa không gian,A00; A01; B00; D10,22.5,Điểm thi THPT,Chương trình ĐT thí điểm,2024,https://github.com/HTNam1710/ADS_Final/blob/main/Data/diem_chuan_2024_final.csv
QHT,QHT92,Tài nguyên và môi trường nước,A00; A01; B00; D07,20,Điểm thi THPT,Chương trình ĐT thí điểm,2024,https://github.com/HTNam1710/ADS_Final/blob/main/Data/diem_chuan_2024_final.csv
QHT,QHT93,Khoa học dữ liệu,A00; A01; D07; D08,35,Điểm thi THPT,Toán nhân 2,2024,https://github.com/HTNam1710/ADS_Final/blob/main/Data/diem_chuan_2024_final.csv
QHT,QHT94,Kỹ thuật điện tử và tin học,A00; A01; A02; C01,26.25,Điểm thi THPT,Chương trình ĐT thí điểm,2024,https://github.com/HTNam1710/ADS_Final/blob/main/Data/diem_chuan_2024_final.csv
QHT,QHT95,Quản lý phát triển đô thị và bất động sản,A00; A01; B00; D10,24,Điểm thi THPT,Chương trình ĐT thí điểm,2024,https://github.com/HTNam1710/ADS_Final/blob/main/Data/diem_chuan_2024_final.csv
QHT,QHT96,Khoa học và công nghệ thực phẩm,A00; A01; B00; D07,24.6,Điểm thi THPT,Chương trình ĐT thí điểm,2024,https://github.com/HTNam1710/ADS_Final/blob/main/Data/diem_chuan_2024_final.csv
QHT,QHT98,Khoa học máy tính và thông tin,A00; A01; D07; D08,34,Điểm thi THPT,"Chương trình ĐT thí điểm, Toán nhân 2",2024,https://github.com/HTNam1710/ADS_Final/blob/main/Data/diem_chuan_2024_final.csv
QHE,7310101,Kinh tế,A01; D01; D09; D10,33.23,Điểm thi THPT,,2024,https://github.com/HTNam1710/ADS_Final/blob/main/Data/diem_chuan_2024_final.csv
QHE,7310105,Kinh tế phát triển,A01; D01; D09; D10,33.35,Điểm thi THPT,,2024,https://github.com/HTNam1710/ADS_Final/blob/main/Data/diem_chuan_2024_final.csv
QHE,7310106,Kinh tế quốc tế,A01; D01; D09; D10,33.43,Điểm thi THPT,,2024,https://github.com/HTNam1710/ADS_Final/blob/main/Data/diem_chuan_2024_final.csv
QHE,7340101,Quản trị kinh doanh,A01; D01; D09; D10,33.33,Điểm thi THPT,,2024,https://github.com/HTNam1710/ADS_Final/blob/main/Data/diem_chuan_2024_final.csv
QHE,7340201,Tài chính - Ngân hàng,A01; D01; D09; D10,33.62,Điểm thi THPT,,2024,https://github.com/HTNam1710/ADS_Final/blob/main/Data/diem_chuan_2024_final.csv
QHE,7340301,Kế toán,A01; D01; D09; D10,33.1,Điểm thi THPT,,2024,https://github.com/HTNam1710/ADS_Final/blob/main/Data/diem_chuan_2024_final.csv
QSX,7140101,Giáo dục học,C00,26.6,Điểm thi THPT,,2024,https://github.com/HTNam1710/ADS_Final/blob/main/Data/diem_chuan_2024_final.csv
QSX,7140101,Giáo dục học,C01,23.9,Điểm thi THPT,,2024,https://github.com/HTNam1710/ADS_Final/blob/main/Data/diem_chuan_2024_final.csv
QSX,7140101,Giáo dục học,D01,24.5,Điểm thi THPT,,2024,https://github.com/HTNam1710/ADS_Final/blob/main/Data/diem_chuan_2024_final.csv
QSX,7140101,Giáo dục học,B00,24,Điểm thi THPT,,2024,https://github.com/HTNam1710/ADS_Final/blob/main/Data/diem_chuan_2024_final.csv
QSX,7140114,Quản lý giáo dục,A01,24,Điểm thi THPT,,2024,https://github.com/HTNam1710/ADS_Final/blob/main/Data/diem_chuan_2024_final.csv
QSX,7140114,Quản lý giáo dục,C00,26.9,Điểm thi THPT,,2024,https://github.com/HTNam1710/ADS_Final/blob/main/Data/diem_chuan_2024_final.csv
QSX,7140114,Quản lý giáo dục,D01,24.4,Điểm thi THPT,,2024,https://github.com/HTNam1710/ADS_Final/blob/main/Data/diem_chuan_2024_final.csv
QSX,7140114,Quản lý giáo dục,D14,24.7,Điểm thi THPT,,2024,https://github.com/HTNam1710/ADS_Final/blob/main/Data/diem_chuan_2024_final.csv
QSX,7210213,Nghệ thuật học,C00,28.15,Điểm thi THPT,,2024,https://github.com/HTNam1710/ADS_Final/blob/main/Data/diem_chuan_2024_final.csv
QSX,7210213,Nghệ thuật học,D01,25.8,Điểm thi THPT,,2024,https://github.com/HTNam1710/ADS_Final/blob/main/Data/diem_chuan_2024_final.csv
QSX,7210213,Nghệ thuật học,D14,26.75,Điểm thi THPT,,2024,https://github.com/HTNam1710/ADS_Final/blob/main/Data/diem_chuan_2024_final.csv
QSX,7220201,Ngôn ngữ Anh,D01,26.27,Điểm thi THPT,,2024,https://github.com/HTNam1710/ADS_Final/blob/main/Data/diem_chuan_2024_final.csv
QSX,7220201_CLC,Ngôn ngữ Anh (chuẩn quốc tế),D01,25.68,Điểm thi THPT,,2024,https://github.com/HTNam1710/ADS_Final/blob/main/Data/diem_chuan_2024_final.csv
QSX,7220201_LKH,"Ngôn ngữ Anh (liên kết với Trường Đại học Minnesota Crookston, Hoa Kỳ)",D01,21,Điểm thi THPT,,2024,https://github.com/HTNam1710/ADS_Final/blob/main/Data/diem_chuan_2024_final.csv
QSX,7220201_LKH,"Ngôn ngữ Anh (liên kết với Trường Đại học Minnesota Crookston, Hoa Kỳ)",D14,21,Điểm thi THPT,,2024,https://github.com/HTNam1710/ADS_Final/blob/main/Data/diem_chuan_2024_final.csv
QSX,7220201_LKH,"Ngôn ngữ Anh (liên kết với Trường Đại học Minnesota Crookston, Hoa Kỳ)",D15,21,Điểm thi THPT,,2024,https://github.com/HTNam1710/ADS_Final/blob/main/Data/diem_chuan_2024_final.csv
QSX,7220202,Ngôn ngữ Nga,D02,22.5,Điểm thi THPT,,2024,https://github.com/HTNam1710/ADS_Final/blob/main/Data/diem_chuan_2024_final.csv
QSX,7220202,Ngôn ngữ Nga,D01,22.95,Điểm thi THPT,,2024,https://github.com/HTNam1710/ADS_Final/blob/main/Data/diem_chuan_2024_final.csv
QSX,7220203,Ngôn ngữ Pháp,D01,24.4,Điểm thi THPT,,2024,https://github.com/HTNam1710/ADS_Final/blob/main/Data/diem_chuan_2024_final.csv
QSX,7220203,Ngôn ngữ Pháp,D03,23.7,Điểm thi THPT,,2024,https://github.com/HTNam1710/ADS_Final/blob/main/Data/diem_chuan_2024_final.csv
QSX,7220204,Ngôn ngữ Trung Quốc,D01,25.78,Điểm thi THPT,,2024,https://github.com/HTNam1710/ADS_Final/blob/main/Data/diem_chuan_2024_final.csv
QSX,7220204,Ngôn ngữ Trung Quốc,D04,25.3,Điểm thi THPT,,2024,https://github.com/HTNam1710/ADS_Final/blob/main/Data/diem_chuan_2024_final.csv
QSX,7220204_CLC,Ngôn ngữ Trung Quốc (chuẩn quốc tế),D01,25.08,Điểm thi THPT,,2024,https://github.com/HTNam1710/ADS_Final/blob/main/Data/diem_chuan_2024_final.csv
QSX,7220204_CLC,Ngôn ngữ Trung Quốc (chuẩn quốc tế),D04,24.5,Điểm thi THPT,,2024,https://github.com/HTNam1710/ADS_Final/blob/main/Data/diem_chuan_2024_final.csv
QSX,7220204_LKT,"Ngôn ngữ Trung Quốc ( LK với ĐHSP Quảng Tây, TQ)",D14,25.5,Điểm thi THPT,,2024,https://github.com/HTNam1710/ADS_Final/blob/main/Data/diem_chuan_2024_final.csv
QSX,7220204_LKT,"Ngôn ngữ Trung Quốc ( LK với ĐHSP Quảng Tây, TQ)",D15,25.5,Điểm thi THPT,,2024,https://github.com/HTNam1710/ADS_Final/blob/main/Data/diem_chuan_2024_final.csv
QSX,7220204_LKT,"Ngôn ngữ Trung Quốc ( LK với ĐHSP Quảng Tây, TQ)",D83,25.5,Điểm thi THPT,,2024,https://github.com/HTNam1710/ADS_Final/blob/main/Data/diem_chuan_2024_final.csv
QSX,7220204_LKT,"Ngôn ngữ Trung Quốc ( LK với ĐHSP Quảng Tây, TQ)",D95,25.5,Điểm thi THPT,,2024,https://github.com/HTNam1710/ADS_Final/blob/main/Data/diem_chuan_2024_final.csv
QSX,7220204_LKT,"Ngôn ngữ Trung Quốc ( LK với ĐHSP Quảng Tây, TQ)",D01,25.5,Điểm thi THPT,,2024,https://github.com/HTNam1710/ADS_Final/blob/main/Data/diem_chuan_2024_final.csv
QSX,7220204_LKT,"Ngôn ngữ Trung Quốc ( LK với ĐHSP Quảng Tây, TQ)",D04,25.5,Điểm thi THPT,,2024,https://github.com/HTNam1710/ADS_Final/blob/main/Data/diem_chuan_2024_final.csv
QSX,7220205,Ngôn ngữ Đức,D01,25.33,Điểm thi THPT,,2024,https://github.com/HTNam1710/ADS_Final/blob/main/Data/diem_chuan_2024_final.csv
QSX,7220205,Ngôn ngữ Đức,D05,23.7,Điểm thi THPT,,2024,https://github.com/HTNam1710/ADS_Final/blob/main/Data/diem_chuan_2024_final.csv
QSX,7220205_CLC,Ngôn ngữ Đức (chuẩn quốc tế),D01,24.15,Điểm thi THPT,,2024,https://github.com/HTNam1710/ADS_Final/blob/main/Data/diem_chuan_2024_final.csv
QSX,7220205_CLC,Ngôn ngữ Đức (chuẩn quốc tế),D05,22.9,Điểm thi THPT,,2024,https://github.com/HTNam1710/ADS_Final/blob/main/Data/diem_chuan_2024_final.csv
QSX,7220206,Ngôn ngữ Tây Ban Nha,D05,22.5,Điểm thi THPT,,2024,https://github.com/HTNam1710/ADS_Final/blob/main/Data/diem_chuan_2024_final.csv
QSX,7220206,Ngôn ngữ Tây Ban Nha,D01,24.48,Điểm thi THPT,,2024,https://github.com/HTNam1710/ADS_Final/blob/main/Data/diem_chuan_2024_final.csv
QSX,7220206,Ngôn ngữ Tây Ban Nha,D03,22.5,Điểm thi THPT,,2024,https://github.com/HTNam1710/ADS_Final/blob/main/Data/diem_chuan_2024_final.csv
QSX,7220208,Ngôn ngữ Italia,D01,22.8,Điểm thi THPT,,2024,https://github.com/HTNam1710/ADS_Final/blob/main/Data/diem_chuan_2024_final.csv
QSX,7220208,Ngôn ngữ Italia,D03,22.2,Điểm thi THPT,,2024,https://github.com/HTNam1710/ADS_Final/blob/main/Data/diem_chuan_2024_final.csv
QSX,7220208,Ngôn ngữ Italia,D05,22.2,Điểm thi THPT,,2024,https://github.com/HTNam1710/ADS_Final/blob/main/Data/diem_chuan_2024_final.csv
QSX,7229001,Triết học,A01,22.5,Điểm thi THPT,,2024,https://github.com/HTNam1710/ADS_Final/blob/main/Data/diem_chuan_2024_final.csv
QSX,7229001,Triết học,C00,26.8,Điểm thi THPT,,2024,https://github.com/HTNam1710/ADS_Final/blob/main/Data/diem_chuan_2024_final.csv
QSX,7229001,Triết học,D01,24.5,Điểm thi THPT,,2024,https://github.com/HTNam1710/ADS_Final/blob/main/Data/diem_chuan_2024_final.csv
QSX,7229001,Triết học,D14,24.7,Điểm thi THPT,,2024,https://github.com/HTNam1710/ADS_Final/blob/main/Data/diem_chuan_2024_final.csv
QSX,7229009,Tôn giáo học,D14,23.6,Điểm thi THPT,,2024,https://github.com/HTNam1710/ADS_Final/blob/main/Data/diem_chuan_2024_final.csv
QSX,7229009,Tôn giáo học,C00,26,Điểm thi THPT,,2024,https://github.com/HTNam1710/ADS_Final/blob/main/Data/diem_chuan_2024_final.csv
QSX,7229009,Tôn giáo học,D01,22.8,Điểm thi THPT,,2024,https://github.com/HTNam1710/ADS_Final/blob/main/Data/diem_chuan_2024_final.csv
QSX,7229010,Lịch sử,C00,28.1,Điểm thi THPT,,2024,https://github.com/HTNam1710/ADS_Final/blob/main/Data/diem_chuan_2024_final.csv
QSX,7229010,Lịch sử,D01,25,Điểm thi THPT,,2024,https://github.com/HTNam1710/ADS_Final/blob/main/Data/diem_chuan_2024_final.csv
QSX,7229010,Lịch sử,D15,25,Điểm thi THPT,,2024,https://github.com/HTNam1710/ADS_Final/blob/main/Data/diem_chuan_2024_final.csv
QSX,7229010,Lịch sử,D14,26.14,Điểm thi THPT,,2024,https://github.com/HTNam1710/ADS_Final/blob/main/Data/diem_chuan_2024_final.csv
QSX,7229020,Ngôn ngữ học,C00,27.1,Điểm thi THPT,,2024,https://github.com/HTNam1710/ADS_Final/blob/main/Data/diem_chuan_2024_final.csv
QSX,7229020,Ngôn ngữ học,D01,24.8,Điểm thi THPT,,2024,https://github.com/HTNam1710/ADS_Final/blob/main/Data/diem_chuan_2024_final.csv
QSX,7229020,Ngôn ngữ học,D14,25.6,Điểm thi THPT,,2024,https://github.com/HTNam1710/ADS_Final/blob/main/Data/diem_chuan_2024_final.csv
QSX,7229030,Văn học,D01,25.7,Điểm thi THPT,,2024,https://github.com/HTNam1710/ADS_Final/blob/main/Data/diem_chuan_2024_final.csv
QSX,7229030,Văn học,D14,26.18,Điểm thi THPT,,2024,https://github.com/HTNam1710/ADS_Final/blob/main/Data/diem_chuan_2024_final.csv
QSX,7229030,Văn học,C00,27.7,Điểm thi THPT,,2024,https://github.com/HTNam1710/ADS_Final/blob/main/Data/diem_chuan_2024_final.csv
QSX,7229040,Văn hóa học,C00,28.2,Điểm thi THPT,,2024,https://github.com/HTNam1710/ADS_Final/blob/main/Data/diem_chuan_2024_final.csv
QSX,7229040,Văn hóa học,D01,25.8,Điểm thi THPT,,2024,https://github.com/HTNam1710/ADS_Final/blob/main/Data/diem_chuan_2024_final.csv
QSX,7229040,Văn hóa học,D14,26.27,Điểm thi THPT,,2024,https://github.com/HTNam1710/ADS_Final/blob/main/Data/diem_chuan_2024_final.csv
QSX,7229040,Văn hóa học,D15,26.6,Điểm thi THPT,,2024,https://github.com/HTNam1710/ADS_Final/blob/main/Data/diem_chuan_2024_final.csv
QSX,7310206,Quan hệ quốc tế,D01,26.45,Điểm thi THPT,,2024,https://github.com/HTNam1710/ADS_Final/blob/main/Data/diem_chuan_2024_final.csv
QSX,7310206,Quan hệ quốc tế,D14,27.15,Điểm thi THPT,,2024,https://github.com/HTNam1710/ADS_Final/blob/main/Data/diem_chuan_2024_final.csv
QSX,7310206_CLC,Quan hệ quốc tế (chuẩn quốc té),D01,25.8,Điểm thi THPT,,2024,https://github.com/HTNam1710/ADS_Final/blob/main/Data/diem_chuan_2024_final.csv
QSX,7310206_CLC,Quan hệ quốc tế (chuẩn quốc té),D14,26.4,Điểm thi THPT,,2024,https://github.com/HTNam1710/ADS_Final/blob/main/Data/diem_chuan_2024_final.csv
QSX,7310206_LKD,"Quan hệ quốc tế (liên kết với ĐH Deakin, Úc)",D01,21,Điểm thi THPT,,2024,https://github.com/HTNam1710/ADS_Final/blob/main/Data/diem_chuan_2024_final.csv
QSX,7310206_LKD,"Quan hệ quốc tế (liên kết với ĐH Deakin, Úc)",D14,21,Điểm thi THPT,,2024,https://github.com/HTNam1710/ADS_Final/blob/main/Data/diem_chuan_2024_final.csv
QSX,7310301,Xã hội học,A00,24,Điểm thi THPT,,2024,https://github.com/HTNam1710/ADS_Final/blob/main/Data/diem_chuan_2024_final.csv
QSX,7310301,Xã hội học,C00,27.95,Điểm thi THPT,,2024,https://github.com/HTNam1710/ADS_Final/blob/main/Data/diem_chuan_2024_final.csv
QSX,7310301,Xã hội học,D01,25.65,Điểm thi THPT,,2024,https://github.com/HTNam1710/ADS_Final/blob/main/Data/diem_chuan_2024_final.csv
QSX,7310301,Xã hội học,D14,26.35,Điểm thi THPT,,2024,https://github.com/HTNam1710/ADS_Final/blob/main/Data/diem_chuan_2024_final.csv
QSX,7310302,Nhân học,C00,27.1,Điểm thi THPT,,2024,https://github.com/HTNam1710/ADS_Final/blob/main/Data/diem_chuan_2024_final.csv
QSX,7310302,Nhân học,D01,25.05,Điểm thi THPT,,2024,https://github.com/HTNam1710/ADS_Final/blob/main/Data/diem_chuan_2024_final.csv
QSX,7310302,Nhân học,D14,25.51,Điểm thi THPT,,2024,https://github.com/HTNam1710/ADS_Final/blob/main/Data/diem_chuan_2024_final.csv
QSX,7310302,Nhân học,D15,25.58,Điểm thi THPT,,2024,https://github.com/HTNam1710/ADS_Final/blob/main/Data/diem_chuan_2024_final.csv
QSX,7310401,Tâm lý học,C00,28.3,Điểm thi THPT,,2024,https://github.com/HTNam1710/ADS_Final/blob/main/Data/diem_chuan_2024_final.csv
QSX,7310401,Tâm lý học,D01,26.4,Điểm thi THPT,,2024,https://github.com/HTNam1710/ADS_Final/blob/main/Data/diem_chuan_2024_final.csv
QSX,7310401,Tâm lý học,D14,27.1,Điểm thi THPT,,2024,https://github.com/HTNam1710/ADS_Final/blob/main/Data/diem_chuan_2024_final.csv
QSX,7310401,Tâm lý học,B00,25.9,Điểm thi THPT,,2024,https://github.com/HTNam1710/ADS_Final/blob/main/Data/diem_chuan_2024_final.csv
QSX,7310403,Tâm lý học giáo dục,B00,24.2,Điểm thi THPT,,2024,https://github.com/HTNam1710/ADS_Final/blob/main/Data/diem_chuan_2024_final.csv
QSX,7310403,Tâm lý học giáo dục,B08,24.2,Điểm thi THPT,,2024,https://github.com/HTNam1710/ADS_Final/blob/main/Data/diem_chuan_2024_final.csv
QSX,7310403,Tâm lý học giáo dục,D01,25.9,Điểm thi THPT,,2024,https://github.com/HTNam1710/ADS_Final/blob/main/Data/diem_chuan_2024_final.csv
QSX,7310403,Tâm lý học giáo dục,D14,26.8,Điểm thi THPT,,2024,https://github.com/HTNam1710/ADS_Final/blob/main/Data/diem_chuan_2024_final.csv
QSX,7310501,Địa lý học,D01,24,Điểm thi THPT,,2024,https://github.com/HTNam1710/ADS_Final/blob/main/Data/diem_chuan_2024_final.csv
QSX,7310501,Địa lý học,D15,25.32,Điểm thi THPT,,2024,https://github.com/HTNam1710/ADS_Final/blob/main/Data/diem_chuan_2024_final.csv
QSX,7310501,Địa lý học,A01,22,Điểm thi THPT,,2024,https://github.com/HTNam1710/ADS_Final/blob/main/Data/diem_chuan_2024_final.csv
QSX,7310501,Địa lý học,C00,27.32,Điểm thi THPT,,2024,https://github.com/HTNam1710/ADS_Final/blob/main/Data/diem_chuan_2024_final.csv
QSX,7310601,Quốc tế học,D01,25.75,Điểm thi THPT,,2024,https://github.com/HTNam1710/ADS_Final/blob/main/Data/diem_chuan_2024_final.csv
QSX,7310601,Quốc tế học,D09,25.9,Điểm thi THPT,,2024,https://github.com/HTNam1710/ADS_Final/blob/main/Data/diem_chuan_2024_final.csv
QSX,7310601,Quốc tế học,D14,27,Điểm thi THPT,,2024,https://github.com/HTNam1710/ADS_Final/blob/main/Data/diem_chuan_2024_final.csv
QSX,7310601,Quốc tế học,D15,27,Điểm thi THPT,,2024,https://github.com/HTNam1710/ADS_Final/blob/main/Data/diem_chuan_2024_final.csv
QSX,7310608,Đông phương học,D01,24.57,Điểm thi THPT,,2024,https://github.com/HTNam1710/ADS_Final/blob/main/Data/diem_chuan_2024_final.csv
QSX,7310608,Đông phương học,D04,24.3,Điểm thi THPT,,2024,https://github.com/HTNam1710/ADS_Final/blob/main/Data/diem_chuan_2024_final.csv
QSX,7310608,Đông phương học,D14,25.45,Điểm thi THPT,,2024,https://github.com/HTNam1710/ADS_Final/blob/main/Data/diem_chuan_2024_final.csv
QSX,7310613,Nhật Bản học,D63,25,Điểm thi THPT,,2024,https://github.com/HTNam1710/ADS_Final/blob/main/Data/diem_chuan_2024_final.csv
QSX,7310613,Nhật Bản học,D14,26,Điểm thi THPT,,2024,https://github.com/HTNam1710/ADS_Final/blob/main/Data/diem_chuan_2024_final.csv
QSX,7310613,Nhật Bản học,D01,25.3,Điểm thi THPT,,2024,https://github.com/HTNam1710/ADS_Final/blob/main/Data/diem_chuan_2024_final.csv
QSX,7310613,Nhật Bản học,D06,25,Điểm thi THPT,,2024,https://github.com/HTNam1710/ADS_Final/blob/main/Data/diem_chuan_2024_final.csv
QSX,7310613_CLC,Nhật Bản học (chuẩn quốc tế),D63,23.2,Điểm thi THPT,,2024,https://github.com/HTNam1710/ADS_Final/blob/main/Data/diem_chuan_2024_final.csv
QSX,7310613_CLC,Nhật Bản học (chuẩn quốc tế),D01,23.3,Điểm thi THPT,,2024,https://github.com/HTNam1710/ADS_Final/blob/main/Data/diem_chuan_2024_final.csv
QSX,7310613_CLC,Nhật Bản học (chuẩn quốc tế),D06,23.1,Điểm thi THPT,,2024,https://github.com/HTNam1710/ADS_Final/blob/main/Data/diem_chuan_2024_final.csv
QSX,7310613_CLC,Nhật Bản học (chuẩn quốc tế),D14,24.3,Điểm thi THPT,,2024,https://github.com/HTNam1710/ADS_Final/blob/main/Data/diem_chuan_2024_final.csv
QSX,7310614,Hàn Quốc học,D01,25.3,Điểm thi THPT,,2024,https://github.com/HTNam1710/ADS_Final/blob/main/Data/diem_chuan_2024_final.csv
QSX,7310614,Hàn Quốc học,D14,25.9,Điểm thi THPT,,2024,https://github.com/HTNam1710/ADS_Final/blob/main/Data/diem_chuan_2024_final.csv
QSX,7310614,Hàn Quốc học,D02,25,Điểm thi THPT,,2024,https://github.com/HTNam1710/ADS_Final/blob/main/Data/diem_chuan_2024_final.csv
QSX,7310614,Hàn Quốc học,DH5,25,Điểm thi THPT,,2024,https://github.com/HTNam1710/ADS_Final/blob/main/Data/diem_chuan_2024_final.csv
QSX,7310630,Việt Nam học,C00,27.7,Điểm thi THPT,,2024,https://github.com/HTNam1710/ADS_Final/blob/main/Data/diem_chuan_2024_final.csv
QSX,7310630,Việt Nam học,D01,25,Điểm thi THPT,,2024,https://github.com/HTNam1710/ADS_Final/blob/main/Data/diem_chuan_2024_final.csv
QSX,7310630,Việt Nam học,D14,25.5,Điểm thi THPT,,2024,https://github.com/HTNam1710/ADS_Final/blob/main/Data/diem_chuan_2024_final.csv
QSX,7310630,Việt Nam học,D15,25.7,Điểm thi THPT,,2024,https://github.com/HTNam1710/ADS_Final/blob/main/Data/diem_chuan_2024_final.csv
QSX,73106a1,Kinh doanh thương mại Hàn Quốc,D01,26.36,Điểm thi THPT,,2024,https://github.com/HTNam1710/ADS_Final/blob/main/Data/diem_chuan_2024_final.csv
QSX,73106a1,Kinh doanh thương mại Hàn Quốc,D14,26.96,Điểm thi THPT,,2024,https://github.com/HTNam1710/ADS_Final/blob/main/Data/diem_chuan_2024_final.csv
QSX,73106a2,Kinh doanh thương mại Hàn Quốc,DD2,24,Điểm thi THPT,,2024,https://github.com/HTNam1710/ADS_Final/blob/main/Data/diem_chuan_2024_final.csv
QSX,73106a3,Kinh doanh thương mại Hàn Quốc,DH5,24,Điểm thi THPT,,2024,https://github.com/HTNam1710/ADS_Final/blob/main/Data/diem_chuan_2024_final.csv
QSX,7320101,Báo chí,C00,28.8,Điểm thi THPT,,2024,https://github.com/HTNam1710/ADS_Final/blob/main/Data/diem_chuan_2024_final.csv
QSX,7320101,Báo chí,D01,26.7,Điểm thi THPT,,2024,https://github.com/HTNam1710/ADS_Final/blob/main/Data/diem_chuan_2024_final.csv
QSX,7320101,Báo chí,D14,27.4,Điểm thi THPT,,2024,https://github.com/HTNam1710/ADS_Final/blob/main/Data/diem_chuan_2024_final.csv
QSX,7320101_CLC,Báo chí (chuẩn quốc tế),C00,27.73,Điểm thi THPT,,2024,https://github.com/HTNam1710/ADS_Final/blob/main/Data/diem_chuan_2024_final.csv
QSX,7320101_CLC,Báo chí (chuẩn quốc tế),D01,26.35,Điểm thi THPT,,2024,https://github.com/HTNam1710/ADS_Final/blob/main/Data/diem_chuan_2024_final.csv
QSX,7320101_CLC,Báo chí (chuẩn quốc tế),D14,27.1,Điểm thi THPT,,2024,https://github.com/HTNam1710/ADS_Final/blob/main/Data/diem_chuan_2024_final.csv
QSX,7320101_LKD,"Truyền thông (liên kết với Đại học Deakin, Úc)",D01,21,Điểm thi THPT,,2024,https://github.com/HTNam1710/ADS_Final/blob/main/Data/diem_chuan_2024_final.csv
QSX,7320101_LKD,"Truyền thông (liên kết với Đại học Deakin, Úc)",D14,21,Điểm thi THPT,,2024,https://github.com/HTNam1710/ADS_Final/blob/main/Data/diem_chuan_2024_final.csv
QSX,7320101_LKD,"Truyền thông (liên kết với Đại học Deakin, Úc)",D15,21,Điểm thi THPT,,2024,https://github.com/HTNam1710/ADS_Final/blob/main/Data/diem_chuan_2024_final.csv
QSX,7320101_LKD,"Truyền thông (liên kết với Đại học Deakin, Úc)",A01,21,Điểm thi THPT,,2024,https://github.com/HTNam1710/ADS_Final/blob/main/Data/diem_chuan_2024_final.csv
QSX,7320104,Truyền thông đa phương tiện,D14,27.87,Điểm thi THPT,,2024,https://github.com/HTNam1710/ADS_Final/blob/main/Data/diem_chuan_2024_final.csv
QSX,7320104,Truyền thông đa phương tiện,D15,27.8,Điểm thi THPT,,2024,https://github.com/HTNam1710/ADS_Final/blob/main/Data/diem_chuan_2024_final.csv
QSX,7320104,Truyền thông đa phương tiện,D01,27.1,Điểm thi THPT,,2024,https://github.com/HTNam1710/ADS_Final/blob/main/Data/diem_chuan_2024_final.csv
QSX,7320201,Thông tin - Thư viện,A01,23,Điểm thi THPT,,2024,https://github.com/HTNam1710/ADS_Final/blob/main/Data/diem_chuan_2024_final.csv
QSX,7320201,Thông tin - Thư viện,C00,26.6,Điểm thi THPT,,2024,https://github.com/HTNam1710/ADS_Final/blob/main/Data/diem_chuan_2024_final.csv
QSX,7320201,Thông tin - Thư viện,D01,23.3,Điểm thi THPT,,2024,https://github.com/HTNam1710/ADS_Final/blob/main/Data/diem_chuan_2024_final.csv
QSX,7320201,Thông tin - Thư viện,D14,24.1,Điểm thi THPT,,2024,https://github.com/HTNam1710/ADS_Final/blob/main/Data/diem_chuan_2024_final.csv
QSX,7320205,Quản lý thông tin,A01,24.4,Điểm thi THPT,,2024,https://github.com/HTNam1710/ADS_Final/blob/main/Data/diem_chuan_2024_final.csv
QSX,7320205,Quản lý thông tin,C00,27.7,Điểm thi THPT,,2024,https://github.com/HTNam1710/ADS_Final/blob/main/Data/diem_chuan_2024_final.csv
QSX,7320205,Quản lý thông tin,D01,24.98,Điểm thi THPT,,2024,https://github.com/HTNam1710/ADS_Final/blob/main/Data/diem_chuan_2024_final.csv
QSX,7320205,Quản lý thông tin,D14,25.48,Điểm thi THPT,,2024,https://github.com/HTNam1710/ADS_Final/blob/main/Data/diem_chuan_2024_final.csv
QSX,7320303,Lưu trữ học,C00,26.98,Điểm thi THPT,,2024,https://github.com/HTNam1710/ADS_Final/blob/main/Data/diem_chuan_2024_final.csv
QSX,7320303,Lưu trữ học,D01,24.4,Điểm thi THPT,,2024,https://github.com/HTNam1710/ADS_Final/blob/main/Data/diem_chuan_2024_final.csv
QSX,7320303,Lưu trữ học,D14,24.5,Điểm thi THPT,,2024,https://github.com/HTNam1710/ADS_Final/blob/main/Data/diem_chuan_2024_final.csv
QSX,7320303,Lưu trữ học,D15,24.85,Điểm thi THPT,,2024,https://github.com/HTNam1710/ADS_Final/blob/main/Data/diem_chuan_2024_final.csv
QSX,7340406,Quản trị văn phòng,C00,27.7,Điểm thi THPT,,2024,https://github.com/HTNam1710/ADS_Final/blob/main/Data/diem_chuan_2024_final.csv
QSX,7340406,Quản trị văn phòng,D01,25.1,Điểm thi THPT,,2024,https://github.com/HTNam1710/ADS_Final/blob/main/Data/diem_chuan_2024_final.csv
QSX,7340406,Quản trị văn phòng,D14,25.8,Điểm thi THPT,,2024,https://github.com/HTNam1710/ADS_Final/blob/main/Data/diem_chuan_2024_final.csv
QSX,7580112,Đô thị học,D01,23.5,Điểm thi THPT,,2024,https://github.com/HTNam1710/ADS_Final/blob/main/Data/diem_chuan_2024_final.csv
QSX,7580112,Đô thị học,D14,24.19,Điểm thi THPT,,2024,https://github.com/HTNam1710/ADS_Final/blob/main/Data/diem_chuan_2024_final.csv
QSX,7580112,Đô thị học,A01,22,Điểm thi THPT,,2024,https://github.com/HTNam1710/ADS_Final/blob/main/Data/diem_chuan_2024_final.csv
QSX,7580112,Đô thị học,C00,26.3,Điểm thi THPT,,2024,https://github.com/HTNam1710/ADS_Final/blob/main/Data/diem_chuan_2024_final.csv
QSX,7760101,Công tác xã hội,C00,27.15,Điểm thi THPT,,2024,https://github.com/HTNam1710/ADS_Final/blob/main/Data/diem_chuan_2024_final.csv
QSX,7760101,Công tác xã hội,D01,24.49,Điểm thi THPT,,2024,https://github.com/HTNam1710/ADS_Final/blob/main/Data/diem_chuan_2024_final.csv
QSX,7760101,Công tác xã hội,D14,24.9,Điểm thi THPT,,2024,https://github.com/HTNam1710/ADS_Final/blob/main/Data/diem_chuan_2024_final.csv
QSX,7760101,Công tác xã hội,D15,25.3,Điểm thi THPT,,2024,https://github.com/HTNam1710/ADS_Final/blob/main/Data/diem_chuan_2024_final.csv
QSX,7810103,Quản trị dịch vụ du lịch và lữ hành,D15,26.75,Điểm thi THPT,,2024,https://github.com/HTNam1710/ADS_Final/blob/main/Data/diem_chuan_2024_final.csv
QSX,7810103,Quản trị dịch vụ du lịch và lữ hành,C00,28.33,Điểm thi THPT,,2024,https://github.com/HTNam1710/ADS_Final/blob/main/Data/diem_chuan_2024_final.csv
QSX,7810103,Quản trị dịch vụ du lịch và lữ hành,D01,25.8,Điểm thi THPT,,2024,https://github.com/HTNam1710/ADS_Final/blob/main/Data/diem_chuan_2024_final.csv
QSX,7810103,Quản trị dịch vụ du lịch và lữ hành,D14,26.47,Điểm thi THPT,,2024,https://github.com/HTNam1710/ADS_Final/blob/main/Data/diem_chuan_2024_final.csv
QSX,7810103_CLC,Quản trị dịch vụ du lịch và lữ hành (chuẩn quốc tế),C00,27,Điểm thi THPT,,2024,https://github.com/HTNam1710/ADS_Final/blob/main/Data/diem_chuan_2024_final.csv
QSX,7810103_CLC,Quản trị dịch vụ du lịch và lữ hành (chuẩn quốc tế),D01,25.1,Điểm thi THPT,,2024,https://github.com/HTNam1710/ADS_Final/blob/main/Data/diem_chuan_2024_final.csv
QSX,7810103_CLC,Quản trị dịch vụ du lịch và lữ hành (chuẩn quốc tế),D14,25.6,Điểm thi THPT,,2024,https://github.com/HTNam1710/ADS_Final/blob/main/Data/diem_chuan_2024_final.csv
QSX,7810103_CLC,Quản trị dịch vụ du lịch và lữ hành (chuẩn quốc tế),D15,25.7,Điểm thi THPT,,2024,https://github.com/HTNam1710/ADS_Final/blob/main/Data/diem_chuan_2024_final.csv
DTS,7140101,Giáo dục học,C14; C19; C20; D66,26.62,Điểm thi THPT,,2024,https://github.com/HTNam1710/ADS_Final/blob/main/Data/diem_chuan_2024_final.csv
DTS,7140201,Giáo dục Mầm non,C00; C19; C20; D66,23.95,Điểm thi THPT,,2024,https://github.com/HTNam1710/ADS_Final/blob/main/Data/diem_chuan_2024_final.csv
DTS,7140202,Giáo dục Tiểu học,D01,25.9,Điểm thi THPT,,2024,https://github.com/HTNam1710/ADS_Final/blob/main/Data/diem_chuan_2024_final.csv
DTS,7140205,Giáo dục Chính trị,C00; C14; C19; C20,28.31,Điểm thi THPT,,2024,https://github.com/HTNam1710/ADS_Final/blob/main/Data/diem_chuan_2024_final.csv
DTS,7140206,Giáo dục Thể chất,B03; C00; C14; C20,25.25,Điểm thi THPT,,2024,https://github.com/HTNam1710/ADS_Final/blob/main/Data/diem_chuan_2024_final.csv
DTS,7140209,Sư phạm Toán học,A00; A01; D01,26.37,Điểm thi THPT,,2024,https://github.com/HTNam1710/ADS_Final/blob/main/Data/diem_chuan_2024_final.csv
DTS,7140210,Sư phạm Tin học,A00; A01; D01,24.22,Điểm thi THPT,,2024,https://github.com/HTNam1710/ADS_Final/blob/main/Data/diem_chuan_2024_final.csv
DTS,7140211,Sư phạm Vật lý,A00; A01; D01,26.02,Điểm thi THPT,,2024,https://github.com/HTNam1710/ADS_Final/blob/main/Data/diem_chuan_2024_final.csv
DTS,7140212,Sư phạm Hoá học,A00; B00; D01; D07,26.17,Điểm thi THPT,,2024,https://github.com/HTNam1710/ADS_Final/blob/main/Data/diem_chuan_2024_final.csv
DTS,7140213,Sư phạm Sinh học,B00; B08,25.51,Điểm thi THPT,,2024,https://github.com/HTNam1710/ADS_Final/blob/main/Data/diem_chuan_2024_final.csv
DTS,7140217,Sư phạm Ngữ văn,C00; D01; D14,28.56,Điểm thi THPT,,2024,https://github.com/HTNam1710/ADS_Final/blob/main/Data/diem_chuan_2024_final.csv
DTS,7140218,Sư phạm Lịch sử,C00; C19; D14,28.6,Điểm thi THPT,,2024,https://github.com/HTNam1710/ADS_Final/blob/main/Data/diem_chuan_2024_final.csv
DTS,7140219,Sư phạm Địa lí,C00; C04; D01; D10,28.43,Điểm thi THPT,,2024,https://github.com/HTNam1710/ADS_Final/blob/main/Data/diem_chuan_2024_final.csv
DTS,7140231,Sư phạm Tiếng Anh,D01; D09; D15,26.87,Điểm thi THPT,,2024,https://github.com/HTNam1710/ADS_Final/blob/main/Data/diem_chuan_2024_final.csv
DTS,7140247,Sư phạm Khoa học Tự nhiên,A00; B00,25.19,Điểm thi THPT,,2024,https://github.com/HTNam1710/ADS_Final/blob/main/Data/diem_chuan_2024_final.csv
DTS,7140249,Sư phạm Lịch sử - Địa lí,C00; D14; D15,28.27,Điểm thi THPT,,2024,https://github.com/HTNam1710/ADS_Final/blob/main/Data/diem_chuan_2024_final.csv
DTS,7310403,Tâm lý học giáo dục,B00; C00; C14; C20,27.08,Điểm thi THPT,,2024,https://github.com/HTNam1710/ADS_Final/blob/main/Data/diem_chuan_2024_final.csv
LCH,7310202,Xây dựng Đảng và chính quyền Nhà nước,C00,28.55,Điểm thi THPT,TS nam miền Bắc; Tiêu chí phụ 1: Văn >= 9.5,2024,https://github.com/HTNam1710/ADS_Final/blob/main/Data/diem_chuan_2024_final.csv
LCH,7310202,Xây dựng Đảng và chính quyền Nhà nước,A00,26.22,Điểm thi THPT,TS nam miền Bắc,2024,https://github.com/HTNam1710/ADS_Final/blob/main/Data/diem_chuan_2024_final.csv
LCH,7310202,Xây dựng Đảng và chính quyền Nhà nước,D01,25.41,Điểm thi THPT,TS nam miền Bắc,2024,https://github.com/HTNam1710/ADS_Final/blob/main/Data/diem_chuan_2024_final.csv
TCT,7140201,Giáo dục Mầm non,M01; M06; M11,25.95,Điểm thi THPT,,2024,https://github.com/HTNam1710/ADS_Final/blob/main/Data/diem_chuan_2024_final.csv
TCT,7140202,Giáo dục Tiểu học,A00; C01; D01; D03,25.65,Điểm thi THPT,,2024,https://github.com/HTNam1710/ADS_Final/blob/main/Data/diem_chuan_2024_final.csv
TCT,7140204,Giáo dục Công dân,C00; C19; D14; D15,27.31,Điểm thi THPT,,2024,https://github.com/HTNam1710/ADS_Final/blob/main/Data/diem_chuan_2024_final.csv
TCT,7140206,Giáo dục thể chất,T00; T01; T06,25.6,Điểm thi THPT,,2024,https://github.com/HTNam1710/ADS_Final/blob/main/Data/diem_chuan_2024_final.csv
TCT,7140209,Sư phạm Toán học,A00; A01; B08; D07,26.79,Điểm thi THPT,,2024,https://github.com/HTNam1710/ADS_Final/blob/main/Data/diem_chuan_2024_final.csv
TCT,7140210,Sư phạm Tin học,A00; A01; D01; D07,24.56,Điểm thi THPT,,2024,https://github.com/HTNam1710/ADS_Final/blob/main/Data/diem_chuan_2024_final.csv
TCT,7140211,Sư phạm Vật lý,A00; A01; A02; D29,26.22,Điểm thi THPT,,2024,https://github.com/HTNam1710/ADS_Final/blob/main/Data/diem_chuan_2024_final.csv
TCT,7140212,Sư phạm Hóa học,A00; B00; D07; D24,26.6,Điểm thi THPT,,2024,https://github.com/HTNam1710/ADS_Final/blob/main/Data/diem_chuan_2024_final.csv
TCT,7140213,Sư phạm Sinh học,B00; B08,25.38,Điểm thi THPT,,2024,https://github.com/HTNam1710/ADS_Final/blob/main/Data/diem_chuan_2024_final.csv
TCT,7140217,Sư phạm Ngữ văn,C00; D14; D15,27.83,Điểm thi THPT,,2024,https://github.com/HTNam1710/ADS_Final/blob/main/Data/diem_chuan_2024_final.csv
TCT,7140218,Sư phạm Lịch sử,C00; D14; D64,28.43,Điểm thi THPT,,2024,https://github.com/HTNam1710/ADS_Final/blob/main/Data/diem_chuan_2024_final.csv
TCT,7140219,Sư phạm Địa lý,C00; C04; D15; D44,27.9,Điểm thi THPT,,2024,https://github.com/HTNam1710/ADS_Final/blob/main/Data/diem_chuan_2024_final.csv
TCT,7140231,Sư phạm tiếng Anh,D01; D14; D15,26.93,Điểm thi THPT,,2024,https://github.com/HTNam1710/ADS_Final/blob/main/Data/diem_chuan_2024_final.csv
TCT,7140233,Sư phạm tiếng Pháp,D01; D03; D14; D64,23.7,Điểm thi THPT,,2024,https://github.com/HTNam1710/ADS_Final/blob/main/Data/diem_chuan_2024_final.csv
TCT,7140247,Sư phạm Khoa học tự nhiên,A00; A01; A02; B00,25.81,Điểm thi THPT,,2024,https://github.com/HTNam1710/ADS_Final/blob/main/Data/diem_chuan_2024_final.csv
TCT,7220201,Ngôn ngữ Anh,D01; D14; D15,25.2,Điểm thi THPT,,2024,https://github.com/HTNam1710/ADS_Final/blob/main/Data/diem_chuan_2024_final.csv
TCT,7220201C,Ngôn ngữ Anh (CTCLC),D01; D14; D15,24.4,Điểm thi THPT,,2024,https://github.com/HTNam1710/ADS_Final/blob/main/Data/diem_chuan_2024_final.csv
TCT,7220201H,Ngôn ngữ Anh (Khu Hòa An),D01; D14; D15,24.45,Điểm thi THPT,,2024,https://github.com/HTNam1710/ADS_Final/blob/main/Data/diem_chuan_2024_final.csv
TCT,7220203,Ngôn ngữ Pháp,D01; D03; D14; D64,21,Điểm thi THPT,,2024,https://github.com/HTNam1710/ADS_Final/blob/main/Data/diem_chuan_2024_final.csv
TCT,7229001,Triết học,C00; C19; D14; D15,25.51,Điểm thi THPT,,2024,https://github.com/HTNam1710/ADS_Final/blob/main/Data/diem_chuan_2024_final.csv
TCT,7229030,Văn học,C00; D01; D14; D15,26.1,Điểm thi THPT,,2024,https://github.com/HTNam1710/ADS_Final/blob/main/Data/diem_chuan_2024_final.csv
TCT,7310101,Kinh tế,A00; A01; C02; D01,24.1,Điểm thi THPT,,2024,https://github.com/HTNam1710/ADS_Final/blob/main/Data/diem_chuan_2024_final.csv
TCT,7310201,Chính trị học,C00; C19; D14; D15,25.9,Điểm thi THPT,,2024,https://github.com/HTNam1710/ADS_Final/blob/main/Data/diem_chuan_2024_final.csv
TCT,7310301,Xã hội học,A01; C00; C19; D01,26.19,Điểm thi THPT,,2024,https://github.com/HTNam1710/ADS_Final/blob/main/Data/diem_chuan_2024_final.csv
TCT,7320101,Báo chí,C00; D01; D14; D15,26.87,Điểm thi THPT,,2024,https://github.com/HTNam1710/ADS_Final/blob/main/Data/diem_chuan_2024_final.csv
TCT,7320104,Truyền thông đa phương tiện,A00; A01; D01,24.94,Điểm thi THPT,,2024,https://github.com/HTNam1710/ADS_Final/blob/main/Data/diem_chuan_2024_final.csv
TCT,7320201,Thông tin - thư viện,A01; D01; D03; D29,22.15,Điểm thi THPT,,2024,https://github.com/HTNam1710/ADS_Final/blob/main/Data/diem_chuan_2024_final.csv
TCT,7340101,Quản trị kinh doanh,A00; A01; C02; D01,24.05,Điểm thi THPT,,2024,https://github.com/HTNam1710/ADS_Final/blob/main/Data/diem_chuan_2024_final.csv
TCT,7340101C,Quản trị kinh doanh (CTCLC),A01; D01; D07,23.1,Điểm thi THPT,,2024,https://github.com/HTNam1710/ADS_Final/blob/main/Data/diem_chuan_2024_final.csv
TCT,7340101H,Quản trị kinh doanh (Khu Hòa An),A00; A01; C02; D01,21.5,Điểm thi THPT,,2024,https://github.com/HTNam1710/ADS_Final/blob/main/Data/diem_chuan_2024_final.csv
TCT,7340115,Marketing,A00; A01; C02; D01,24.6,Điểm thi THPT,,2024,https://github.com/HTNam1710/ADS_Final/blob/main/Data/diem_chuan_2024_final.csv
TCT,7340120,Kinh doanh quốc tế,A00; A01; C02; D01,24.8,Điểm thi THPT,,2024,https://github.com/HTNam1710/ADS_Final/blob/main/Data/diem_chuan_2024_final.csv
TCT,7340120C,Kinh doanh quốc tế (CTCLC),A01; D01; D07,23.7,Điểm thi THPT,,2024,https://github.com/HTNam1710/ADS_Final/blob/main/Data/diem_chuan_2024_final.csv
TCT,7340121,Kinh doanh thương mại,A00; A01; C02; D01,24.5,Điểm thi THPT,,2024,https://github.com/HTNam1710/ADS_Final/blob/main/Data/diem_chuan_2024_final.csv
TCT,7340201,Tài chính - Ngân hàng,A00; A01; C02; D01,24.8,Điểm thi THPT,,2024,https://github.com/HTNam1710/ADS_Final/blob/main/Data/diem_chuan_2024_final.csv
TCT,7340201C,Tài chính - Ngân hàng (CTCLC),A01; D01; D07,23.5,Điểm thi THPT,,2024,https://github.com/HTNam1710/ADS_Final/blob/main/Data/diem_chuan_2024_final.csv
TCT,7340301,Kế toán,A00; A01; C02; D01,24.2,Điểm thi THPT,,2024,https://github.com/HTNam1710/ADS_Final/blob/main/Data/diem_chuan_2024_final.csv
TCT,7340302,Kiểm toán,A00; A01; C02; D01,23.7,Điểm thi THPT,,2024,https://github.com/HTNam1710/ADS_Final/blob/main/Data/diem_chuan_2024_final.csv
TCT,7380101,Luật,A00; C00; D01; D03,26.01,Điểm thi THPT,,2024,https://github.com/HTNam1710/ADS_Final/blob/main/Data/diem_chuan_2024_final.csv
TCT,7380101H,Luật (Khu Hòa An),A00; C00; D01; D03,25.5,Điểm thi THPT,,2024,https://github.com/HTNam1710/ADS_Final/blob/main/Data/diem_chuan_2024_final.csv
TCT,7380107,Luật kinh tế,A00; C00; D01; D03,26.85,Điểm thi THPT,,2024,https://github.com/HTNam1710/ADS_Final/blob/main/Data/diem_chuan_2024_final.csv
TCT,7420101,Sinh học,A02; B00; B03; B08,15,Điểm thi THPT,,2024,https://github.com/HTNam1710/ADS_Final/blob/main/Data/diem_chuan_2024_final.csv
TCT,7420201,Công nghệ sinh học,A00; B00; B08; D07,20,Điểm thi THPT,,2024,https://github.com/HTNam1710/ADS_Final/blob/main/Data/diem_chuan_2024_final.csv
TCT,7420201T,Công nghệ sinh học (CTTT),A01; B08; D07,20.75,Điểm thi THPT,,2024,https://github.com/HTNam1710/ADS_Final/blob/main/Data/diem_chuan_2024_final.csv
TCT,7420203,Sinh học ứng dụng,A00; A01; B00; B08,15,Điểm thi THPT,,2024,https://github.com/HTNam1710/ADS_Final/blob/main/Data/diem_chuan_2024_final.csv
TCT,7440112,Hóa học,A00; B00; C02; D07,23.15,Điểm thi THPT,,2024,https://github.com/HTNam1710/ADS_Final/blob/main/Data/diem_chuan_2024_final.csv
TCT,7440301,Khoa học môi trường,A00; A02; B00; D07,15,Điểm thi THPT,,2024,https://github.com/HTNam1710/ADS_Final/blob/main/Data/diem_chuan_2024_final.csv
TCT,7460112,Toán ứng dụng,A00; A01; A02; B00,23.23,Điểm thi THPT,,2024,https://github.com/HTNam1710/ADS_Final/blob/main/Data/diem_chuan_2024_final.csv
TCT,7460201,Thống kê,A00; A01; A02; B00,21.6,Điểm thi THPT,,2024,https://github.com/HTNam1710/ADS_Final/blob/main/Data/diem_chuan_2024_final.csv
TCT,7480101,Khoa học máy tính,A00; A01,24.43,Điểm thi THPT,,2024,https://github.com/HTNam1710/ADS_Final/blob/main/Data/diem_chuan_2024_final.csv
TCT,7480102,Mạng máy tính và truyền thông dữ liệu,A00; A01,22.9,Điểm thi THPT,,2024,https://github.com/HTNam1710/ADS_Final/blob/main/Data/diem_chuan_2024_final.csv
TCT,7480103,Kỹ thuật phần mềm,A00; A01,24.83,Điểm thi THPT,,2024,https://github.com/HTNam1710/ADS_Final/blob/main/Data/diem_chuan_2024_final.csv
TCT,7480103C,Kỹ thuật phần mềm (CTCLC),A01; D01; D07,22.9,Điểm thi THPT,,2024,https://github.com/HTNam1710/ADS_Final/blob/main/Data/diem_chuan_2024_final.csv
TCT,7480104,Hệ thống thông tin,A00; A01,23.48,Điểm thi THPT,,2024,https://github.com/HTNam1710/ADS_Final/blob/main/Data/diem_chuan_2024_final.csv
TCT,7480104C,Hệ thống thông tin (CTCLC),A01; D01; D07,22.8,Điểm thi THPT,,2024,https://github.com/HTNam1710/ADS_Final/blob/main/Data/diem_chuan_2024_final.csv
TCT,7480106,Kỹ thuật máy tính (Thiết kế vi mạch bán dẫn),A00; A01,24.28,Điểm thi THPT,,2024,https://github.com/HTNam1710/ADS_Final/blob/main/Data/diem_chuan_2024_final.csv
TCT,7480201,Công nghệ thông tin,A00; A01,25.35,Điểm thi THPT,,2024,https://github.com/HTNam1710/ADS_Final/blob/main/Data/diem_chuan_2024_final.csv
TCT,7480201C,Công nghệ thông tin (CTCLC),A01; D01; D07,23.7,Điểm thi THPT,,2024,https://github.com/HTNam1710/ADS_Final/blob/main/Data/diem_chuan_2024_final.csv
TCT,7480201H,Công nghệ thông tin (Khu Hòa An),A00; A01,23.05,Điểm thi THPT,,2024,https://github.com/HTNam1710/ADS_Final/blob/main/Data/diem_chuan_2024_final.csv
TCT,7480202,An toàn thông tin,A00; A01,23.75,Điểm thi THPT,,2024,https://github.com/HTNam1710/ADS_Final/blob/main/Data/diem_chuan_2024_final.csv
TCT,7510401,Công nghệ kỹ thuật hóa học,A00; A01; B00; D07,23.55,Điểm thi THPT,,2024,https://github.com/HTNam1710/ADS_Final/blob/main/Data/diem_chuan_2024_final.csv
TCT,7510401C,Công nghệ kỹ thuật hóa học (CTCLC),A01; B08; D07,21.05,Điểm thi THPT,,2024,https://github.com/HTNam1710/ADS_Final/blob/main/Data/diem_chuan_2024_final.csv
TCT,7510601,Quản lý công nghiệp,A00; A01; D01,23,Điểm thi THPT,,2024,https://github.com/HTNam1710/ADS_Final/blob/main/Data/diem_chuan_2024_final.csv
TCT,7510605,Logistics và Quản lý chuỗi cung ứng,A00; A01; D01,25.1,Điểm thi THPT,,2024,https://github.com/HTNam1710/ADS_Final/blob/main/Data/diem_chuan_2024_final.csv
TCT,7520103,Kỹ thuật cơ khí (Cơ khí chế tạo máy),A00; A01,23.53,Điểm thi THPT,,2024,https://github.com/HTNam1710/ADS_Final/blob/main/Data/diem_chuan_2024_final.csv
TCT,7520114,Kỹ thuật cơ điện tử,A00; A01,23.63,Điểm thi THPT,,2024,https://github.com/HTNam1710/ADS_Final/blob/main/Data/diem_chuan_2024_final.csv
TCT,7520130,Kỹ thuật ô tô,A00; A01,24.2,Điểm thi THPT,,2024,https://github.com/HTNam1710/ADS_Final/blob/main/Data/diem_chuan_2024_final.csv
TCT,7520201,Kỹ thuật điện,A00; A01; D07,23.4,Điểm thi THPT,,2024,https://github.com/HTNam1710/ADS_Final/blob/main/Data/diem_chuan_2024_final.csv
TCT,7520201C,Kỹ thuật điện (CTCLC),A01; D01; D07,21.9,Điểm thi THPT,,2024,https://github.com/HTNam1710/ADS_Final/blob/main/Data/diem_chuan_2024_final.csv
TCT,7520207,Kỹ thuật điện tử - viễn thông,A00; A01,23,Điểm thi THPT,,2024,https://github.com/HTNam1710/ADS_Final/blob/main/Data/diem_chuan_2024_final.csv
TCT,7520212,Kỹ thuật y sinh,A00; A01; A02; B08,22.8,Điểm thi THPT,,2024,https://github.com/HTNam1710/ADS_Final/blob/main/Data/diem_chuan_2024_final.csv
TCT,7520216,Kỹ thuật điều khiển và tự động hóa,A00; A01,24.05,Điểm thi THPT,,2024,https://github.com/HTNam1710/ADS_Final/blob/main/Data/diem_chuan_2024_final.csv
TCT,7520216C,Kỹ thuật điều khiển và tự dộng hóa (CTCLC),A01; D01; D07,22.45,Điểm thi THPT,,2024,https://github.com/HTNam1710/ADS_Final/blob/main/Data/diem_chuan_2024_final.csv
TCT,7520309,Kỹ thuật vật liệu,A00; A01; B00; D07,22.15,Điểm thi THPT,,2024,https://github.com/HTNam1710/ADS_Final/blob/main/Data/diem_chuan_2024_final.csv
TCT,7520320,Kỹ thuật môi trường,A00; A01; B00; D07,15,Điểm thi THPT,,2024,https://github.com/HTNam1710/ADS_Final/blob/main/Data/diem_chuan_2024_final.csv
TCT,7520401,Vật lý Kỹ thuật,A00; A01; A02; C01,21,Điểm thi THPT,,2024,https://github.com/HTNam1710/ADS_Final/blob/main/Data/diem_chuan_2024_final.csv
TCT,7540101,Công nghệ thực phẩm,A00; A01; B00; D07,20.5,Điểm thi THPT,,2024,https://github.com/HTNam1710/ADS_Final/blob/main/Data/diem_chuan_2024_final.csv
TCT,7540101C,Công nghệ thực phẩm (CTCLC),A01; B08; D07,20,Điểm thi THPT,,2024,https://github.com/HTNam1710/ADS_Final/blob/main/Data/diem_chuan_2024_final.csv
TCT,7540104,Công nghệ sau thu hoạch,A00; A01; B00; D07,15,Điểm thi THPT,,2024,https://github.com/HTNam1710/ADS_Final/blob/main/Data/diem_chuan_2024_final.csv
TCT,7540105,Công nghệ chế biến thủy sản,A00; A01; B00; D07,16,Điểm thi THPT,,2024,https://github.com/HTNam1710/ADS_Final/blob/main/Data/diem_chuan_2024_final.csv
TCT,7580101,Kiến trúc,V00; V01; V02; V03,21.5,Điểm thi THPT,,2024,https://github.com/HTNam1710/ADS_Final/blob/main/Data/diem_chuan_2024_final.csv
TCT,7580105,Quy hoạch vùng và đô thị,A00; A01; B00; D07,18,Điểm thi THPT,,2024,https://github.com/HTNam1710/ADS_Final/blob/main/Data/diem_chuan_2024_final.csv
TCT,7580201,Kỹ thuật xây dựng,A00; A01,21.2,Điểm thi THPT,,2024,https://github.com/HTNam1710/ADS_Final/blob/main/Data/diem_chuan_2024_final.csv
TCT,7580201C,Kỹ thuật xây dựng (CTCLC),A01; D01; D07,20,Điểm thi THPT,,2024,https://github.com/HTNam1710/ADS_Final/blob/main/Data/diem_chuan_2024_final.csv
TCT,7580202,Kỹ thuật xây dựng công trình thủy,A00; A01,15,Điểm thi THPT,,2024,https://github.com/HTNam1710/ADS_Final/blob/main/Data/diem_chuan_2024_final.csv
TCT,7580205,Kỹ thuật xây dựng công trình giao thông,A00; A01,15,Điểm thi THPT,,2024,https://github.com/HTNam1710/ADS_Final/blob/main/Data/diem_chuan_2024_final.csv
TCT,7580213,Kỹ thuật cấp thoát nước,A00; A01; B08; D07,15,Điểm thi THPT,,2024,https://github.com/HTNam1710/ADS_Final/blob/main/Data/diem_chuan_2024_final.csv
TCT,7620103,Khoa học đất (Quản lý đất và công nghệ phân bón),A00; B00; B08; D07,15,Điểm thi THPT,,2024,https://github.com/HTNam1710/ADS_Final/blob/main/Data/diem_chuan_2024_final.csv
TCT,7620105,Chăn nuôi,A00; A02; B00; B08,15,Điểm thi THPT,,2024,https://github.com/HTNam1710/ADS_Final/blob/main/Data/diem_chuan_2024_final.csv
TCT,7620109,Nông học,B00; B08; D07,15,Điểm thi THPT,,2024,https://github.com/HTNam1710/ADS_Final/blob/main/Data/diem_chuan_2024_final.csv
TCT,7620110,"Khoa học cây trồng, 2 chuyên ngành: - Khoa học cây trồng; - Nông nghiệp công nghệ cao.",A02; B00; B08; D07,15,Điểm thi THPT,,2024,https://github.com/HTNam1710/ADS_Final/blob/main/Data/diem_chuan_2024_final.csv
TCT,7620112,Bảo vệ thực vật,B00; B08; D07,15,Điểm thi THPT,,2024,https://github.com/HTNam1710/ADS_Final/blob/main/Data/diem_chuan_2024_final.csv
TCT,7620113,Công nghệ rau hoa quả và cảnh quan,A00; B00; B08; D07,15,Điểm thi THPT,,2024,https://github.com/HTNam1710/ADS_Final/blob/main/Data/diem_chuan_2024_final.csv
TCT,7620114H,Kinh doanh nông nghiệp (Khu Hòa An),A00; A01; C02; D01,15,Điểm thi THPT,,2024,https://github.com/HTNam1710/ADS_Final/blob/main/Data/diem_chuan_2024_final.csv
TCT,7620115,Kinh tế nông nghiệp,A00; A01; C02; D01,21,Điểm thi THPT,,2024,https://github.com/HTNam1710/ADS_Final/blob/main/Data/diem_chuan_2024_final.csv
TCT,7620115H,Kinh tế nông nghiệp (Khu Hòa An),A00; A01; C02; D01,18.5,Điểm thi THPT,,2024,https://github.com/HTNam1710/ADS_Final/blob/main/Data/diem_chuan_2024_final.csv
TCT,7620301,Nuôi trồng thủy sản,A00; B00; B08; D07,15,Điểm thi THPT,,2024,https://github.com/HTNam1710/ADS_Final/blob/main/Data/diem_chuan_2024_final.csv
TCT,7620301T,Nuôi trồng thủy sản (CTTT),A01; B08; D07,15,Điểm thi THPT,,2024,https://github.com/HTNam1710/ADS_Final/blob/main/Data/diem_chuan_2024_final.csv
TCT,7620302,Bệnh học thủy sản,A00; B00; B08; D07,15,Điểm thi THPT,,2024,https://github.com/HTNam1710/ADS_Final/blob/main/Data/diem_chuan_2024_final.csv
TCT,7620305,Quản lý thủy sản,A00; B00; B08; D07,15,Điểm thi THPT,,2024,https://github.com/HTNam1710/ADS_Final/blob/main/Data/diem_chuan_2024_final.csv
TCT,7640101,Thú y,A02; B00; B08; D07,23.3,Điểm thi THPT,,2024,https://github.com/HTNam1710/ADS_Final/blob/main/Data/diem_chuan_2024_final.csv
TCT,7720203,Hóa dược,A00; B00; C02; D07,24.5,Điểm thi THPT,,2024,https://github.com/HTNam1710/ADS_Final/blob/main/Data/diem_chuan_2024_final.csv
TCT,7810101,Du lịch,C00; D01; D14; D15,26.8,Điểm thi THPT,,2024,https://github.com/HTNam1710/ADS_Final/blob/main/Data/diem_chuan_2024_final.csv
TCT,7810101H,Du lịch (Khu Hòa An),C00; D01; D14; D15,25.5,Điểm thi THPT,,2024,https://github.com/HTNam1710/ADS_Final/blob/main/Data/diem_chuan_2024_final.csv
TCT,7810103,Quản trị dịch vụ du lịch và lữ hành,A00; A01; C02; D01,24.1,Điểm thi THPT,,2024,https://github.com/HTNam1710/ADS_Final/blob/main/Data/diem_chuan_2024_final.csv
TCT,7810103C,Quản trị dịch vụ du lịch và lữ hành (CTCLC),A01; D01; D07,22.9,Điểm thi THPT,,2024,https://github.com/HTNam1710/ADS_Final/blob/main/Data/diem_chuan_2024_final.csv
TCT,7850101,Quản lý tài nguyên và môi trường,A00; A01; B00; D07,18,Điểm thi THPT,,2024,https://github.com/HTNam1710/ADS_Final/blob/main/Data/diem_chuan_2024_final.csv
TCT,7850102,Kinh tế tài nguyên thiên nhiên,A00; A01; C02; D01,22.5,Điểm thi THPT,,2024,https://github.com/HTNam1710/ADS_Final/blob/main/Data/diem_chuan_2024_final.csv
TCT,7850103,Quản lý đất đai,A00; A01; B00; D07,21.7,Điểm thi THPT,,2024,https://github.com/HTNam1710/ADS_Final/blob/main/Data/diem_chuan_2024_final.csv
DKS,7380101,"Luật, chuyên ngành Kiểm sát",D01,24.75,Điểm thi THPT,Nam - miền Bắc,2024,https://github.com/HTNam1710/ADS_Final/blob/main/Data/diem_chuan_2024_final.csv
DKS,7380101,Luật,A00; A01; C00; D01,27.62,Điểm thi THPT,,2024,https://github.com/HTNam1710/ADS_Final/blob/main/Data/diem_chuan_2024_final.csv
DKS,7380101,"Luật, chuyên ngành Kiểm sát",A00,24.35,Điểm thi THPT,Nữ - miền Bắc,2024,https://github.com/HTNam1710/ADS_Final/blob/main/Data/diem_chuan_2024_final.csv
DKS,7380101,"Luật, chuyên ngành Kiểm sát",A01,23.48,Điểm thi THPT,Nữ - miền Bắc,2024,https://github.com/HTNam1710/ADS_Final/blob/main/Data/diem_chuan_2024_final.csv
DKS,7380101,"Luật, chuyên ngành Kiểm sát",C00,28.42,Điểm thi THPT,Nữ - miền Bắc,2024,https://github.com/HTNam1710/ADS_Final/blob/main/Data/diem_chuan_2024_final.csv
DKS,7380107,Luật kinh tế,A00; A01; C00; D01,26.86,Điểm thi THPT,,2024,https://github.com/HTNam1710/ADS_Final/blob/main/Data/diem_chuan_2024_final.csv
BPH,7380101,Ngành Luật,C00,26.75,Điểm thi THPT,TS nam miền Bắc; Tiêu chí phụ 1: Văn >= 8,2024,https://github.com/HTNam1710/ADS_Final/blob/main/Data/diem_chuan_2024_final.csv
BPH,7860214,Ngành Biên phòng,A01,21.3,Điểm thi THPT,TS nam Quân khu 7,2024,https://github.com/HTNam1710/ADS_Final/blob/main/Data/diem_chuan_2024_final.csv
BPH,7860214,Ngành Biên phòng,C00,28.37,Điểm thi THPT,TS nam miền Bắc,2024,https://github.com/HTNam1710/ADS_Final/blob/main/Data/diem_chuan_2024_final.csv
QHL,7380101,Luật,A01,24.5,Điểm thi THPT,,2024,https://github.com/HTNam1710/ADS_Final/blob/main/Data/diem_chuan_2024_final.csv
QHL,7380101,Luật,D01,25.4,Điểm thi THPT,,2024,https://github.com/HTNam1710/ADS_Final/blob/main/Data/diem_chuan_2024_final.csv
QHL,7380101,Luật,D03,25,Điểm thi THPT,,2024,https://github.com/HTNam1710/ADS_Final/blob/main/Data/diem_chuan_2024_final.csv
QHL,7380101,Luật,D78,26.52,Điểm thi THPT,,2024,https://github.com/HTNam1710/ADS_Final/blob/main/Data/diem_chuan_2024_final.csv
QHL,7380101,Luật,C00,28.36,Điểm thi THPT,,2024,https://github.com/HTNam1710/ADS_Final/blob/main/Data/diem_chuan_2024_final.csv
QHL,7380101,Luật,D82,25,Điểm thi THPT,,2024,https://github.com/HTNam1710/ADS_Final/blob/main/Data/diem_chuan_2024_final.csv
QHL,7380101CLC,Luật chất lượng cao,A01,24.5,Điểm thi THPT,,2024,https://github.com/HTNam1710/ADS_Final/blob/main/Data/diem_chuan_2024_final.csv
QHL,7380101CLC,Luật chất lượng cao,D01,25.4,Điểm thi THPT,,2024,https://github.com/HTNam1710/ADS_Final/blob/main/Data/diem_chuan_2024_final.csv
QHL,7380101CLC,Luật chất lượng cao,D78,26.52,Điểm thi THPT,,2024,https://github.com/HTNam1710/ADS_Final/blob/main/Data/diem_chuan_2024_final.csv
QHL,7380109,Luật Thương mại quốc tế,A00,26.5,Điểm thi THPT,,2024,https://github.com/HTNam1710/ADS_Final/blob/main/Data/diem_chuan_2024_final.csv
QHL,7380109,Luật Thương mại quốc tế,A01,26.5,Điểm thi THPT,,2024,https://github.com/HTNam1710/ADS_Final/blob/main/Data/diem_chuan_2024_final.csv
QHL,7380109,Luật Thương mại quốc tế,D01,26.5,Điểm thi THPT,,2024,https://github.com/HTNam1710/ADS_Final/blob/main/Data/diem_chuan_2024_final.csv
QHL,7380109,Luật Thương mại quốc tế,D78,26.5,Điểm thi THPT,,2024,https://github.com/HTNam1710/ADS_Final/blob/main/Data/diem_chuan_2024_final.csv
QHL,7380109,Luật Thương mại quốc tế,D82,26.5,Điểm thi THPT,,2024,https://github.com/HTNam1710/ADS_Final/blob/main/Data/diem_chuan_2024_final.csv
QHL,7380110,Luật Kinh doanh,D03,25.8,Điểm thi THPT,,2024,https://github.com/HTNam1710/ADS_Final/blob/main/Data/diem_chuan_2024_final.csv
QHL,7380110,Luật Kinh doanh,D78,25.8,Điểm thi THPT,,2024,https://github.com/HTNam1710/ADS_Final/blob/main/Data/diem_chuan_2024_final.csv
QHL,7380110,Luật Kinh doanh,D82,25.8,Điểm thi THPT,,2024,https://github.com/HTNam1710/ADS_Final/blob/main/Data/diem_chuan_2024_final.csv
QHL,7380110,Luật Kinh doanh,A00,25.8,Điểm thi THPT,,2024,https://github.com/HTNam1710/ADS_Final/blob/main/Data/diem_chuan_2024_final.csv
QHL,7380110,Luật Kinh doanh,A01,25.8,Điểm thi THPT,,2024,https://github.com/HTNam1710/ADS_Final/blob/main/Data/diem_chuan_2024_final.csv
QHL,7380110,Luật Kinh doanh,D01,25.8,Điểm thi THPT,,2024,https://github.com/HTNam1710/ADS_Final/blob/main/Data/diem_chuan_2024_final.csv
DHS,7140201,Giáo dục Mầm non,M01; M09,24.2,Điểm thi THPT,,2024,https://github.com/HTNam1710/ADS_Final/blob/main/Data/diem_chuan_2024_final.csv
DHS,7140202,Giáo dục Tiểu học,C00; D01; D08; D10,27.75,Điểm thi THPT,,2024,https://github.com/HTNam1710/ADS_Final/blob/main/Data/diem_chuan_2024_final.csv
DHS,7140202TA,Giáo dục Tiểu học (ĐT bằng Tiếng Anh),C00; D01; D08; D10,26.5,Điểm thi THPT,,2024,https://github.com/HTNam1710/ADS_Final/blob/main/Data/diem_chuan_2024_final.csv
DHS,7140204,Giáo dục công dân,C00; C19; C20; D66,27.3,Điểm thi THPT,,2024,https://github.com/HTNam1710/ADS_Final/blob/main/Data/diem_chuan_2024_final.csv
DHS,7140205,Giáo dục Chính trị,C00; C19; C20; D66,27.05,Điểm thi THPT,,2024,https://github.com/HTNam1710/ADS_Final/blob/main/Data/diem_chuan_2024_final.csv
DHS,7140208,Giáo dục Quốc phòng - An ninh,C00; C19; C20; D66,26.95,Điểm thi THPT,,2024,https://github.com/HTNam1710/ADS_Final/blob/main/Data/diem_chuan_2024_final.csv
DHS,7140209,Sư phạm Toán học,A00; A01; D07,26.2,Điểm thi THPT,,2024,https://github.com/HTNam1710/ADS_Final/blob/main/Data/diem_chuan_2024_final.csv
DHS,7140209TA,Sư phạm Toán học (ĐT bằng Tiếng Anh),A00; A01; D07; D90,26.2,Điểm thi THPT,,2024,https://github.com/HTNam1710/ADS_Final/blob/main/Data/diem_chuan_2024_final.csv
DHS,7140210,Sư phạm Tin học,A00; A01; D01; D90,23.3,Điểm thi THPT,,2024,https://github.com/HTNam1710/ADS_Final/blob/main/Data/diem_chuan_2024_final.csv
DHS,7140210TA,Sư phạm Tin học (ĐT bằng Tiếng Anh),A00; A01; D01; D90,22.3,Điểm thi THPT,,2024,https://github.com/HTNam1710/ADS_Final/blob/main/Data/diem_chuan_2024_final.csv
DHS,7140211,Sư phạm Vật lý,A00; A01; A02; D90,25.7,Điểm thi THPT,,2024,https://github.com/HTNam1710/ADS_Final/blob/main/Data/diem_chuan_2024_final.csv
DHS,7140211 TA,Sư phạm vật lý (ĐT bằng Tiếng Anh),A00; A01; A02; D90,28.2,Điểm thi THPT,,2024,https://github.com/HTNam1710/ADS_Final/blob/main/Data/diem_chuan_2024_final.csv
DHS,7140212,Sư phạm Hoá học,A00; B00; D07; D90,25.8,Điểm thi THPT,,2024,https://github.com/HTNam1710/ADS_Final/blob/main/Data/diem_chuan_2024_final.csv
DHS,7140212TA,Sư phạm Hóa học (ĐT bằng Tiếng Anh),A00; B00; D07; D90,28,Điểm thi THPT,,2024,https://github.com/HTNam1710/ADS_Final/blob/main/Data/diem_chuan_2024_final.csv
DHS,7140213,Sư phạm Sinh học,B00; B02; B04; D90,24.6,Điểm thi THPT,,2024,https://github.com/HTNam1710/ADS_Final/blob/main/Data/diem_chuan_2024_final.csv
DHS,7140213TA,Sư phạm Sinh học (ĐT bằng Tiếng Anh),B00; B02; B04; D90,28,Điểm thi THPT,,2024,https://github.com/HTNam1710/ADS_Final/blob/main/Data/diem_chuan_2024_final.csv
DHS,7140217,Sư phạm Ngữ Văn,C00; C19; D01; D66,28.1,Điểm thi THPT,,2024,https://github.com/HTNam1710/ADS_Final/blob/main/Data/diem_chuan_2024_final.csv
DHS,7140218,Sư phạm Lịch sử,C00; C19; D14; D78,28.3,Điểm thi THPT,,2024,https://github.com/HTNam1710/ADS_Final/blob/main/Data/diem_chuan_2024_final.csv
DHS,7140219,Sư phạm Địa lý,C00; C20; D15; D78,28.05,Điểm thi THPT,,2024,https://github.com/HTNam1710/ADS_Final/blob/main/Data/diem_chuan_2024_final.csv
DHS,7140221,Sư phạm Âm nhạc,N00; N01,19.5,Điểm thi THPT,,2024,https://github.com/HTNam1710/ADS_Final/blob/main/Data/diem_chuan_2024_final.csv
DHS,7140246,Sư phạm Công nghệ,A00; A02; D90,19,Điểm thi THPT,,2024,https://github.com/HTNam1710/ADS_Final/blob/main/Data/diem_chuan_2024_final.csv
DHS,7140247,Sư phạm Khoa học tự nhiên,A00; B00; D90,24.6,Điểm thi THPT,,2024,https://github.com/HTNam1710/ADS_Final/blob/main/Data/diem_chuan_2024_final.csv
DHS,7140248,Giáo dục pháp luật,C00; C19; D20; D66,26,Điểm thi THPT,,2024,https://github.com/HTNam1710/ADS_Final/blob/main/Data/diem_chuan_2024_final.csv
DHS,7140249,Sư phạm Lịch sử - Địa lý,C00; C19; D20; D78,27.37,Điểm thi THPT,,2024,https://github.com/HTNam1710/ADS_Final/blob/main/Data/diem_chuan_2024_final.csv
DHS,7310403,Tâm lý học giáo dục,B00; C00; C20; D01,23.8,Điểm thi THPT,,2024,https://github.com/HTNam1710/ADS_Final/blob/main/Data/diem_chuan_2024_final.csv
DHS,7480104,Hệ thống thông tin,A00; A01; D01; D90,15,Điểm thi THPT,,2024,https://github.com/HTNam1710/ADS_Final/blob/main/Data/diem_chuan_2024_final.csv
QSC,7340122,Thương mại điện tử,A00; A01; D01; D07,26.12,Điểm thi THPT,,2024,https://github.com/HTNam1710/ADS_Final/blob/main/Data/diem_chuan_2024_final.csv
QSC,7460104,Khoa học dữ liệu,A00; A01; D01; D07,27.5,Điểm thi THPT,,2024,https://github.com/HTNam1710/ADS_Final/blob/main/Data/diem_chuan_2024_final.csv
QSC,7480101,Khoa học máy tính,A00; A01; D01; D07,27.3,Điểm thi THPT,,2024,https://github.com/HTNam1710/ADS_Final/blob/main/Data/diem_chuan_2024_final.csv
QSC,7480102,Mạng máy tính và truyền thông dữ liệu,A00; A01; D01; D07,25.7,Điểm thi THPT,,2024,https://github.com/HTNam1710/ADS_Final/blob/main/Data/diem_chuan_2024_final.csv
QSC,7480103,Kỹ thuật phần mềm,A00; A01; D01; D07,26.85,Điểm thi THPT,,2024,https://github.com/HTNam1710/ADS_Final/blob/main/Data/diem_chuan_2024_final.csv
QSC,7480104,Hệ thống thông tin,A00; A01; D01; D07,26.25,Điểm thi THPT,,2024,https://github.com/HTNam1710/ADS_Final/blob/main/Data/diem_chuan_2024_final.csv
QSC,7480104_TT,Hệ thống thông tin (CT tiên tiến),A00; D01; D07,25.55,Điểm thi THPT,,2024,https://github.com/HTNam1710/ADS_Final/blob/main/Data/diem_chuan_2024_final.csv
QSC,7480106,Kỹ thuật máy tính,A00; A01,26.25,Điểm thi THPT,,2024,https://github.com/HTNam1710/ADS_Final/blob/main/Data/diem_chuan_2024_final.csv
QSC,7480107,Trí tuệ nhân tạo,A00; A01; D01; D07,28.3,Điểm thi THPT,,2024,https://github.com/HTNam1710/ADS_Final/blob/main/Data/diem_chuan_2024_final.csv
QSC,7480201,Công nghệ thông tin,A00; A01; D01; D07,27.1,Điểm thi THPT,,2024,https://github.com/HTNam1710/ADS_Final/blob/main/Data/diem_chuan_2024_final.csv
QSC,7480201_N,Công nghệ thông tin (Việt - Nhật),A00; A01; D01; D06; D07,25.55,Điểm thi THPT,,2024,https://github.com/HTNam1710/ADS_Final/blob/main/Data/diem_chuan_2024_final.csv
QSC,7480202,An toàn thông tin,A00; A01; D01; D07,26.77,Điểm thi THPT,,2024,https://github.com/HTNam1710/ADS_Final/blob/main/Data/diem_chuan_2024_final.csv
QSC,75202a1,Thiết kế vi mạch,A00; A01,26.5,Điểm thi THPT,,2024,https://github.com/HTNam1710/ADS_Final/blob/main/Data/diem_chuan_2024_final.csv
SGD,7140114,Quản lý giáo dục,D01,23.89,Điểm thi THPT,,2024,https://github.com/HTNam1710/ADS_Final/blob/main/Data/diem_chuan_2024_final.csv
SGD,7140114,Quản lý giáo dục,C04,24.89,Điểm thi THPT,,2024,https://github.com/HTNam1710/ADS_Final/blob/main/Data/diem_chuan_2024_final.csv
SGD,7140201,Giáo dục Mầm non,M01; M02,23.51,Điểm thi THPT,,2024,https://github.com/HTNam1710/ADS_Final/blob/main/Data/diem_chuan_2024_final.csv
SGD,7140202,Giáo dục tiểu học,D01,25.39,Điểm thi THPT,,2024,https://github.com/HTNam1710/ADS_Final/blob/main/Data/diem_chuan_2024_final.csv
SGD,7140205,Giáo dục chính trị,C00; C19,26.86,Điểm thi THPT,,2024,https://github.com/HTNam1710/ADS_Final/blob/main/Data/diem_chuan_2024_final.csv
SGD,7140209,Sư phạm Toán học,A00,27,Điểm thi THPT,,2024,https://github.com/HTNam1710/ADS_Final/blob/main/Data/diem_chuan_2024_final.csv
SGD,7140209,Sư phạm Toán học,A01,26.75,Điểm thi THPT,,2024,https://github.com/HTNam1710/ADS_Final/blob/main/Data/diem_chuan_2024_final.csv
SGD,7140211,Sư phạm Vật lý,A00,26.43,Điểm thi THPT,,2024,https://github.com/HTNam1710/ADS_Final/blob/main/Data/diem_chuan_2024_final.csv
SGD,7140212,Sư phạm Hóa học,A00,26.96,Điểm thi THPT,,2024,https://github.com/HTNam1710/ADS_Final/blob/main/Data/diem_chuan_2024_final.csv
SGD,7140213,Sư phạm Sinh học,B00,25.16,Điểm thi THPT,,2024,https://github.com/HTNam1710/ADS_Final/blob/main/Data/diem_chuan_2024_final.csv
SGD,7140217,Sư phạm Ngữ văn,C00,28.11,Điểm thi THPT,,2024,https://github.com/HTNam1710/ADS_Final/blob/main/Data/diem_chuan_2024_final.csv
SGD,7140218,Sư phạm Lịch sử,C00,28.25,Điểm thi THPT,,2024,https://github.com/HTNam1710/ADS_Final/blob/main/Data/diem_chuan_2024_final.csv
SGD,7140219,Sư phạm Địa lý,C00; C04,27.91,Điểm thi THPT,,2024,https://github.com/HTNam1710/ADS_Final/blob/main/Data/diem_chuan_2024_final.csv
SGD,7140221,Sư phạm Âm nhạc,N01,23.93,Điểm thi THPT,,2024,https://github.com/HTNam1710/ADS_Final/blob/main/Data/diem_chuan_2024_final.csv
SGD,7140222,Sư phạm Mỹ thuật,H00,21.59,Điểm thi THPT,,2024,https://github.com/HTNam1710/ADS_Final/blob/main/Data/diem_chuan_2024_final.csv
SGD,7140231,Sư phạm Tiếng Anh,D01,27,Điểm thi THPT,,2024,https://github.com/HTNam1710/ADS_Final/blob/main/Data/diem_chuan_2024_final.csv
SGD,7140247,Sư phạm Khoa học tự nhiên (Đào tạo giáo viên THCS),A00; B00,25.52,Điểm thi THPT,,2024,https://github.com/HTNam1710/ADS_Final/blob/main/Data/diem_chuan_2024_final.csv
SGD,7140249,Sư phạm Lịch sử - Địa lý (Đào tạo giáo viên THCS),C00,27.35,Điểm thi THPT,,2024,https://github.com/HTNam1710/ADS_Final/blob/main/Data/diem_chuan_2024_final.csv
SGD,7220201,Ngôn ngữ Anh (CN Thương mại và Du lịch),D01,25.29,Điểm thi THPT,,2024,https://github.com/HTNam1710/ADS_Final/blob/main/Data/diem_chuan_2024_final.csv
SGD,7220201CLC,Ngôn ngữ Anh (Chương trình chất lượng cao),D01,25.07,Điểm thi THPT,,2024,https://github.com/HTNam1710/ADS_Final/blob/main/Data/diem_chuan_2024_final.csv
SGD,7310401,Tâm lí học,D01,24.5,Điểm thi THPT,,2024,https://github.com/HTNam1710/ADS_Final/blob/main/Data/diem_chuan_2024_final.csv
SGD,7310601,Quốc tế học,D01,23.64,Điểm thi THPT,,2024,https://github.com/HTNam1710/ADS_Final/blob/main/Data/diem_chuan_2024_final.csv
SGD,7310630,Việt Nam học,C00,25,Điểm thi THPT,,2024,https://github.com/HTNam1710/ADS_Final/blob/main/Data/diem_chuan_2024_final.csv
SGD,7320201,Thông tin - Thư viện,D01; C04,23.51,Điểm thi THPT,,2024,https://github.com/HTNam1710/ADS_Final/blob/main/Data/diem_chuan_2024_final.csv
SGD,7340101,Quản trị kinh doanh,D01,22.97,Điểm thi THPT,,2024,https://github.com/HTNam1710/ADS_Final/blob/main/Data/diem_chuan_2024_final.csv
SGD,7340101,Quản trị kinh doanh,A01,23.97,Điểm thi THPT,,2024,https://github.com/HTNam1710/ADS_Final/blob/main/Data/diem_chuan_2024_final.csv
SGD,7340101CLC,Quản trị kinh doanh (Chương trình chất lượng cao),D01,22.65,Điểm thi THPT,,2024,https://github.com/HTNam1710/ADS_Final/blob/main/Data/diem_chuan_2024_final.csv
SGD,7340101CLC,Quản trị kinh doanh (Chương trình chất lượng cao),A01,23.65,Điểm thi THPT,,2024,https://github.com/HTNam1710/ADS_Final/blob/main/Data/diem_chuan_2024_final.csv
SGD,7340120,Kinh doanh quốc tế,D01,24.24,Điểm thi THPT,,2024,https://github.com/HTNam1710/ADS_Final/blob/main/Data/diem_chuan_2024_final.csv
SGD,7340120,Kinh doanh quốc tế,A01,25.24,Điểm thi THPT,,2024,https://github.com/HTNam1710/ADS_Final/blob/main/Data/diem_chuan_2024_final.csv
SGD,7340201,Tài chính - Ngân hàng,D01,23.26,Điểm thi THPT,,2024,https://github.com/HTNam1710/ADS_Final/blob/main/Data/diem_chuan_2024_final.csv
SGD,7340201,Tài chính - Ngân hàng,C01,24.26,Điểm thi THPT,,2024,https://github.com/HTNam1710/ADS_Final/blob/main/Data/diem_chuan_2024_final.csv
SGD,7340301,Kế toán,D01,23.18,Điểm thi THPT,,2024,https://github.com/HTNam1710/ADS_Final/blob/main/Data/diem_chuan_2024_final.csv
SGD,7340301,Kế toán,C01,24.18,Điểm thi THPT,,2024,https://github.com/HTNam1710/ADS_Final/blob/main/Data/diem_chuan_2024_final.csv
SGD,7340301CLC,Kế toán (Chương trình chất lượng cao),D01,22.8,Điểm thi THPT,,2024,https://github.com/HTNam1710/ADS_Final/blob/main/Data/diem_chuan_2024_final.csv
SGD,7340301CLC,Kế toán (Chương trình chất lượng cao),C01,23.8,Điểm thi THPT,,2024,https://github.com/HTNam1710/ADS_Final/blob/main/Data/diem_chuan_2024_final.csv
SGD,7340302,Kiểm toán,D01,23.47,Điểm thi THPT,,2024,https://github.com/HTNam1710/ADS_Final/blob/main/Data/diem_chuan_2024_final.csv
SGD,7340302,Kiểm toán,C01,24.47,Điểm thi THPT,,2024,https://github.com/HTNam1710/ADS_Final/blob/main/Data/diem_chuan_2024_final.csv
SGD,7340406,Quản trị văn phòng,D01,24.48,Điểm thi THPT,,2024,https://github.com/HTNam1710/ADS_Final/blob/main/Data/diem_chuan_2024_final.csv
SGD,7340406,Quản trị văn phòng,C04,25.48,Điểm thi THPT,,2024,https://github.com/HTNam1710/ADS_Final/blob/main/Data/diem_chuan_2024_final.csv
SGD,7380101,Luật,D01,23.76,Điểm thi THPT,,2024,https://github.com/HTNam1710/ADS_Final/blob/main/Data/diem_chuan_2024_final.csv
SGD,7380101,Luật,C03,24.76,Điểm thi THPT,,2024,https://github.com/HTNam1710/ADS_Final/blob/main/Data/diem_chuan_2024_final.csv
SGD,7440301,Khoa học môi trường,A00,21.17,Điểm thi THPT,,2024,https://github.com/HTNam1710/ADS_Final/blob/main/Data/diem_chuan_2024_final.csv
SGD,7440301,Khoa học môi trường,B00,22.17,Điểm thi THPT,,2024,https://github.com/HTNam1710/ADS_Final/blob/main/Data/diem_chuan_2024_final.csv
SGD,7460108,Khoa học dữ liệu,A01,22.99,Điểm thi THPT,,2024,https://github.com/HTNam1710/ADS_Final/blob/main/Data/diem_chuan_2024_final.csv
SGD,7460108,Khoa học dữ liệu,A00,23.99,Điểm thi THPT,,2024,https://github.com/HTNam1710/ADS_Final/blob/main/Data/diem_chuan_2024_final.csv
SGD,7460112,Toán ứng dụng,A00,24.94,Điểm thi THPT,,2024,https://github.com/HTNam1710/ADS_Final/blob/main/Data/diem_chuan_2024_final.csv
SGD,7460112,Toán ứng dụng,A01,23.94,Điểm thi THPT,,2024,https://github.com/HTNam1710/ADS_Final/blob/main/Data/diem_chuan_2024_final.csv
SGD,7480103,Kỹ thuật phần mềm,A00; A01,24.34,Điểm thi THPT,,2024,https://github.com/HTNam1710/ADS_Final/blob/main/Data/diem_chuan_2024_final.csv
SGD,7480107,Trí tuệ nhân tạo,A00; A01,22.27,Điểm thi THPT,,2024,https://github.com/HTNam1710/ADS_Final/blob/main/Data/diem_chuan_2024_final.csv
SGD,7480201,Công nghệ thông tin,A00; A01,23.82,Điểm thi THPT,,2024,https://github.com/HTNam1710/ADS_Final/blob/main/Data/diem_chuan_2024_final.csv
SGD,7480201CLC,Công nghệ thông tin (Chương trình chất lượng cao),A00; A01,22.45,Điểm thi THPT,,2024,https://github.com/HTNam1710/ADS_Final/blob/main/Data/diem_chuan_2024_final.csv
SGD,7510301,"Công nghệ kĩ thuật điện, điện tử",A00,24,Điểm thi THPT,,2024,https://github.com/HTNam1710/ADS_Final/blob/main/Data/diem_chuan_2024_final.csv
SGD,7510301,"Công nghệ kĩ thuật điện, điện tử",A01,23,Điểm thi THPT,,2024,https://github.com/HTNam1710/ADS_Final/blob/main/Data/diem_chuan_2024_final.csv
SGD,7510302,Công nghệ kĩ thuật điện tử - viễn thông,A00,23.75,Điểm thi THPT,,2024,https://github.com/HTNam1710/ADS_Final/blob/main/Data/diem_chuan_2024_final.csv
SGD,7510302,Công nghệ kĩ thuật điện tử - viễn thông,A01,22.75,Điểm thi THPT,,2024,https://github.com/HTNam1710/ADS_Final/blob/main/Data/diem_chuan_2024_final.csv
SGD,7510406,Công nghệ kĩ thuật môi trường,A00,21.37,Điểm thi THPT,,2024,https://github.com/HTNam1710/ADS_Final/blob/main/Data/diem_chuan_2024_final.csv
SGD,7510406,Công nghệ kĩ thuật môi trường,B00,22.37,Điểm thi THPT,,2024,https://github.com/HTNam1710/ADS_Final/blob/main/Data/diem_chuan_2024_final.csv
SGD,7520201,Kĩ thuật điện,A00,23.33,Điểm thi THPT,,2024,https://github.com/HTNam1710/ADS_Final/blob/main/Data/diem_chuan_2024_final.csv
SGD,7520201,Kĩ thuật điện,A01,22.33,Điểm thi THPT,,2024,https://github.com/HTNam1710/ADS_Final/blob/main/Data/diem_chuan_2024_final.csv
SGD,7520207,Kĩ thuật điện tử - viễn thông (Thiết kế vi mạch),A00,24.08,Điểm thi THPT,,2024,https://github.com/HTNam1710/ADS_Final/blob/main/Data/diem_chuan_2024_final.csv
SGD,7520207,Kĩ thuật điện tử - viễn thông (Thiết kế vi mạch),A01,23.08,Điểm thi THPT,,2024,https://github.com/HTNam1710/ADS_Final/blob/main/Data/diem_chuan_2024_final.csv
SGD,7810101,Du lịch,D01; C00,25.81,Điểm thi THPT,,2024,https://github.com/HTNam1710/ADS_Final/blob/main/Data/diem_chuan_2024_final.csv
SGD,7810202,Quản trị nhà hàng và dịch vụ ăn uống,D01; A01,23.51,Điểm thi THPT,,2024,https://github.com/HTNam1710/ADS_Final/blob/main/Data/diem_chuan_2024_final.csv
NQH,7220201,Ngôn ngữ Anh,D01,26.48,Điểm thi THPT,TS nam,2024,https://github.com/HTNam1710/ADS_Final/blob/main/Data/diem_chuan_2024_final.csv
NQH,7220202,Ngôn ngữ Nga,D01; D02,27.17,Điểm thi THPT,TS nữ,2024,https://github.com/HTNam1710/ADS_Final/blob/main/Data/diem_chuan_2024_final.csv
NQH,7220204,Ngôn ngữ Trung Quốc,D01; D04,26.67,Điểm thi THPT,TS nam,2024,https://github.com/HTNam1710/ADS_Final/blob/main/Data/diem_chuan_2024_final.csv
NQH,7310206,Quan hệ quốc tế,D01,25.94,Điểm thi THPT,TS nam,2024,https://github.com/HTNam1710/ADS_Final/blob/main/Data/diem_chuan_2024_final.csv
NQH,7860231,Trinh sát kỹ thuật,A00; A01,25.26,Điểm thi THPT,"TS nam, miền Bắc",2024,https://github.com/HTNam1710/ADS_Final/blob/main/Data/diem_chuan_2024_final.csv
NTS,NTS01,Ngành Kinh tế Ngành Quản trị kinh doanh,A00,28,Điểm thi THPT,,2024,https://github.com/HTNam1710/ADS_Final/blob/main/Data/diem_chuan_2024_final.csv
NTS,NTS01,Ngành Kinh tế Ngành Quản trị kinh doanh,A01; D01; D06; D07,27.5,Điểm thi THPT,,2024,https://github.com/HTNam1710/ADS_Final/blob/main/Data/diem_chuan_2024_final.csv
NTS,NTS02,Ngành Tài chính - Ngân hàng Ngành Kế toán Ngành Kinh doanh quốc tế Ngành Marketing,A00,28.2,Điểm thi THPT,,2024,https://github.com/HTNam1710/ADS_Final/blob/main/Data/diem_chuan_2024_final.csv
NTS,NTS02,Ngành Tài chính - Ngân hàng Ngành Kế toán Ngành Kinh doanh quốc tế Ngành Marketing,A01; D01; D06; D07,27.7,Điểm thi THPT,,2024,https://github.com/HTNam1710/ADS_Final/blob/main/Data/diem_chuan_2024_final.csv
HTA,7380101,Luật,C00,28.2,Điểm thi THPT,Nữ - phía Bắc,2024,https://github.com/HTNam1710/ADS_Final/blob/main/Data/diem_chuan_2024_final.csv
HTA,7380101,Luật,A00,23.42,Điểm thi THPT,Nam - phía Bắc,2024,https://github.com/HTNam1710/ADS_Final/blob/main/Data/diem_chuan_2024_final.csv
HTA,7380101,Luật,D01,24.68,Điểm thi THPT,Nam - phía Bắc,2024,https://github.com/HTNam1710/ADS_Final/blob/main/Data/diem_chuan_2024_final.csv
HTA,7380101,Luật,A01,22.7,Điểm thi THPT,Nam - phía Bắc,2024,https://github.com/HTNam1710/ADS_Final/blob/main/Data/diem_chuan_2024_final.csv
DDS,7140201,Giáo dục Mầm non,M09; M01,24.25,Điểm thi THPT,,2024,https://github.com/HTNam1710/ADS_Final/blob/main/Data/diem_chuan_2024_final.csv
DDS,7140202,Giáo dục Tiểu học,A00; C00; D01; B00,27.5,Điểm thi THPT,,2024,https://github.com/HTNam1710/ADS_Final/blob/main/Data/diem_chuan_2024_final.csv
DDS,7140204,Giáo dục Công dân,C00; C20; D66; C19,27.34,Điểm thi THPT,,2024,https://github.com/HTNam1710/ADS_Final/blob/main/Data/diem_chuan_2024_final.csv
DDS,7140205,Giáo dục Chính trị,C00; C20; D66; C19,27.2,Điểm thi THPT,,2024,https://github.com/HTNam1710/ADS_Final/blob/main/Data/diem_chuan_2024_final.csv
DDS,7140206,Giáo dục thể chất,T00; T02; T03; T05,23.25,Điểm thi THPT,,2024,https://github.com/HTNam1710/ADS_Final/blob/main/Data/diem_chuan_2024_final.csv
DDS,7140209,Sư phạm Toán học,A00; A01,26.18,Điểm thi THPT,,2024,https://github.com/HTNam1710/ADS_Final/blob/main/Data/diem_chuan_2024_final.csv
DDS,7140210,Sư phạm Tin học,A00; A01,24.1,Điểm thi THPT,,2024,https://github.com/HTNam1710/ADS_Final/blob/main/Data/diem_chuan_2024_final.csv
DDS,7140211,Sư phạm Vật lý,A00; A01; A02,26,Điểm thi THPT,,2024,https://github.com/HTNam1710/ADS_Final/blob/main/Data/diem_chuan_2024_final.csv
DDS,7140212,Sư phạm Hoá học,A00; D07; B00,25.99,Điểm thi THPT,,2024,https://github.com/HTNam1710/ADS_Final/blob/main/Data/diem_chuan_2024_final.csv
DDS,7140213,Sư phạm Sinh học,B00; B08; B03,25.12,Điểm thi THPT,,2024,https://github.com/HTNam1710/ADS_Final/blob/main/Data/diem_chuan_2024_final.csv
DDS,7140217,Sư phạm Ngữ văn,C00; C14; D66,27.83,Điểm thi THPT,,2024,https://github.com/HTNam1710/ADS_Final/blob/main/Data/diem_chuan_2024_final.csv
DDS,7140218,Sư phạm Lịch sử,C00; C19,28.13,Điểm thi THPT,,2024,https://github.com/HTNam1710/ADS_Final/blob/main/Data/diem_chuan_2024_final.csv
DDS,7140219,Sư phạm Địa lý,C00; D15,27.9,Điểm thi THPT,,2024,https://github.com/HTNam1710/ADS_Final/blob/main/Data/diem_chuan_2024_final.csv
DDS,7140221,Sư phạm Âm nhạc,N00; N01,19.05,Điểm thi THPT,,2024,https://github.com/HTNam1710/ADS_Final/blob/main/Data/diem_chuan_2024_final.csv
DDS,7140222,Sư phạm Mỹ thuật,H00; H07,24.3,Điểm thi THPT,,2024,https://github.com/HTNam1710/ADS_Final/blob/main/Data/diem_chuan_2024_final.csv
DDS,7140247,Sư phạm Khoa học tự nhiên,A00; A02; B00; D90,25.24,Điểm thi THPT,,2024,https://github.com/HTNam1710/ADS_Final/blob/main/Data/diem_chuan_2024_final.csv
DDS,7140249,Sư phạm Lịch sử - Địa lý,C00; D78; C19; C20,27.43,Điểm thi THPT,,2024,https://github.com/HTNam1710/ADS_Final/blob/main/Data/diem_chuan_2024_final.csv
DDS,7140250,Sư phạm Tin học và Công nghệ Tiểu học,A00; C00; D01; B00,26.5,Điểm thi THPT,,2024,https://github.com/HTNam1710/ADS_Final/blob/main/Data/diem_chuan_2024_final.csv
DDS,7229010,Lịch sử (chuyên ngành Quan hệ quốc tế),C00; C19; D14,25.17,Điểm thi THPT,,2024,https://github.com/HTNam1710/ADS_Final/blob/main/Data/diem_chuan_2024_final.csv
DDS,7229030,Văn học,C00; D15; C14; D66,26,Điểm thi THPT,,2024,https://github.com/HTNam1710/ADS_Final/blob/main/Data/diem_chuan_2024_final.csv
DDS,7229040,Văn hoá học,C00; D15; C14; D66,24.25,Điểm thi THPT,,2024,https://github.com/HTNam1710/ADS_Final/blob/main/Data/diem_chuan_2024_final.csv
DDS,7310401,Tâm lý học,C00; D01; B00; D66,25.41,Điểm thi THPT,,2024,https://github.com/HTNam1710/ADS_Final/blob/main/Data/diem_chuan_2024_final.csv
DDS,7310501,Địa lý học (chuyên ngành Địa lý du lịch),C00; D15,24.25,Điểm thi THPT,,2024,https://github.com/HTNam1710/ADS_Final/blob/main/Data/diem_chuan_2024_final.csv
DDS,7310630,Việt Nam học (chuyên ngành Văn hóa du lịch),C00; D15; D14,24.25,Điểm thi THPT,,2024,https://github.com/HTNam1710/ADS_Final/blob/main/Data/diem_chuan_2024_final.csv
DDS,7320101,Báo chí,C00; D01; C14; D66,25.8,Điểm thi THPT,,2024,https://github.com/HTNam1710/ADS_Final/blob/main/Data/diem_chuan_2024_final.csv
DDS,7320108,Quan hệ công chúng,C00; D15; D14; D01,25.33,Điểm thi THPT,,2024,https://github.com/HTNam1710/ADS_Final/blob/main/Data/diem_chuan_2024_final.csv
DDS,7420201,Công nghệ Sinh học,B00; B08; D07; B03,19,Điểm thi THPT,,2024,https://github.com/HTNam1710/ADS_Final/blob/main/Data/diem_chuan_2024_final.csv
DDS,7440112,"Hóa học, gồm các chuyên ngành: Hóa Dược; Hóa phân tích môi trường",A00; D07; B00,21.3,Điểm thi THPT,,2024,https://github.com/HTNam1710/ADS_Final/blob/main/Data/diem_chuan_2024_final.csv
DDS,7460108,Khoa học dữ liệu,A00; A01,20.1,Điểm thi THPT,,2024,https://github.com/HTNam1710/ADS_Final/blob/main/Data/diem_chuan_2024_final.csv
DDS,7480201,Công nghệ thông tin,A00; A01,21.35,Điểm thi THPT,,2024,https://github.com/HTNam1710/ADS_Final/blob/main/Data/diem_chuan_2024_final.csv
DDS,7520401,Vật lý kỹ thuật,A00; A01; A02,17.2,Điểm thi THPT,,2024,https://github.com/HTNam1710/ADS_Final/blob/main/Data/diem_chuan_2024_final.csv
DDS,7760101,Công tác xã hội,C00; D01; C19; C20,24.68,Điểm thi THPT,,2024,https://github.com/HTNam1710/ADS_Final/blob/main/Data/diem_chuan_2024_final.csv
DDS,7850101,Quản lý tài nguyên và môi trường,B00; C04; A00; B03,21.15,Điểm thi THPT,,2024,https://github.com/HTNam1710/ADS_Final/blob/main/Data/diem_chuan_2024_final.csv
SP2,7140201,Giáo dục Mầm non,M01; M09; M26; M05,25.73,Điểm thi THPT,,2024,https://github.com/HTNam1710/ADS_Final/blob/main/Data/diem_chuan_2024_final.csv
SP2,7140202,Giáo dục Tiểu học,D01; A01; A00; C04,27.39,Điểm thi THPT,,2024,https://github.com/HTNam1710/ADS_Final/blob/main/Data/diem_chuan_2024_final.csv
SP2,7140204,Giáo dục Công dân,D01; C00; D66; C19,27.94,Điểm thi THPT,,2024,https://github.com/HTNam1710/ADS_Final/blob/main/Data/diem_chuan_2024_final.csv
SP2,7140206,Giáo dục Thể chất,T01; T02; T00; T05,20,Điểm thi THPT,,2024,https://github.com/HTNam1710/ADS_Final/blob/main/Data/diem_chuan_2024_final.csv
SP2,7140208,Giáo dục Quốc phòng - An ninh,D01; C00; D66; C19,27.63,Điểm thi THPT,,2024,https://github.com/HTNam1710/ADS_Final/blob/main/Data/diem_chuan_2024_final.csv
SP2,7140209,Sư phạm Toán học,A00; A01; D01; D84,26.83,Điểm thi THPT,,2024,https://github.com/HTNam1710/ADS_Final/blob/main/Data/diem_chuan_2024_final.csv
SP2,7140210,Sư phạm Tin học,A00; D01; A01; C01,24.85,Điểm thi THPT,,2024,https://github.com/HTNam1710/ADS_Final/blob/main/Data/diem_chuan_2024_final.csv
SP2,7140211,Sư phạm Vật lý,A00; A01; C01; D11,26.81,Điểm thi THPT,,2024,https://github.com/HTNam1710/ADS_Final/blob/main/Data/diem_chuan_2024_final.csv
SP2,7140212,Sư phạm Hóa học,A00; D07; B00; A06,26.54,Điểm thi THPT,,2024,https://github.com/HTNam1710/ADS_Final/blob/main/Data/diem_chuan_2024_final.csv
SP2,7140213,Sư phạm Sinh học,B00; B08; A02; B03,26.33,Điểm thi THPT,,2024,https://github.com/HTNam1710/ADS_Final/blob/main/Data/diem_chuan_2024_final.csv
SP2,7140217,Sư phạm Ngữ văn,C00; D01; C14; D15,28.83,Điểm thi THPT,,2024,https://github.com/HTNam1710/ADS_Final/blob/main/Data/diem_chuan_2024_final.csv
SP2,7140218,Sư phạm Lịch sử,C00; C03; D14; C19,28.83,Điểm thi THPT,,2024,https://github.com/HTNam1710/ADS_Final/blob/main/Data/diem_chuan_2024_final.csv
SP2,7140231,Sư phạm Tiếng Anh,D01; A01; D11; D12,27.2,Điểm thi THPT,,2024,https://github.com/HTNam1710/ADS_Final/blob/main/Data/diem_chuan_2024_final.csv
SP2,7140247,Sư phạm Khoa học tự nhiên,A16; A00; A02; B00,25.57,Điểm thi THPT,,2024,https://github.com/HTNam1710/ADS_Final/blob/main/Data/diem_chuan_2024_final.csv
SP2,7140249,Sư phạm Lịch sử - Địa lý,C00; C19; C20; A07,28.42,Điểm thi THPT,,2024,https://github.com/HTNam1710/ADS_Final/blob/main/Data/diem_chuan_2024_final.csv
SP2,7220201,Ngôn ngữ Anh,D01; A01; D11; D12,25.94,Điểm thi THPT,,2024,https://github.com/HTNam1710/ADS_Final/blob/main/Data/diem_chuan_2024_final.csv
SP2,7220204,Ngôn ngữ Trung Quốc,D04; D01; D14; D11,26.14,Điểm thi THPT,,2024,https://github.com/HTNam1710/ADS_Final/blob/main/Data/diem_chuan_2024_final.csv
SP2,7310403,Tâm lý học giáo dục,C00; C19; D01; B00,26.68,Điểm thi THPT,,2024,https://github.com/HTNam1710/ADS_Final/blob/main/Data/diem_chuan_2024_final.csv
SP2,7310630,Việt Nam học,C00; D01; C14; D15,25.07,Điểm thi THPT,,2024,https://github.com/HTNam1710/ADS_Final/blob/main/Data/diem_chuan_2024_final.csv
SP2,7420201,Công nghệ sinh học,B00; B08; A02; B03,15.35,Điểm thi THPT,,2024,https://github.com/HTNam1710/ADS_Final/blob/main/Data/diem_chuan_2024_final.csv
SP2,7440122,Khoa học vật liệu,A00; A01; C01; D11,18.85,Điểm thi THPT,,2024,https://github.com/HTNam1710/ADS_Final/blob/main/Data/diem_chuan_2024_final.csv
SP2,7480201,Công nghệ thông tin,A00; D01; D01; C01,21.6,Điểm thi THPT,,2024,https://github.com/HTNam1710/ADS_Final/blob/main/Data/diem_chuan_2024_final.csv
SP2,7810301,Quản lý thể dục thể thao,T01; T02; T00; T05,18,Điểm thi THPT,,2024,https://github.com/HTNam1710/ADS_Final/blob/main/Data/diem_chuan_2024_final.csv
QHS,GD1,Sư phạm Toán và Khoa học Tự nhiên,A00; A01; B00; D01,26.58,Điểm thi THPT,,2024,https://github.com/HTNam1710/ADS_Final/blob/main/Data/diem_chuan_2024_final.csv
QHS,GD2,"Sư phạm Ngữ văn, Lịch sử, Lịch sử và Địa lý",D01; C00; D14; D15,28.76,Điểm thi THPT,,2024,https://github.com/HTNam1710/ADS_Final/blob/main/Data/diem_chuan_2024_final.csv
QHS,GD3,Khoa học Giáo dục và Khác,A00; B00; C00; D01,24.92,Điểm thi THPT,,2024,https://github.com/HTNam1710/ADS_Final/blob/main/Data/diem_chuan_2024_final.csv
QHS,GD4,Giáo dục tiểu học,A00; B00; C00; D01,28.89,Điểm thi THPT,,2024,https://github.com/HTNam1710/ADS_Final/blob/main/Data/diem_chuan_2024_final.csv
QHS,GD5,Giáo dục mầm non,A00; B00; C00; D01,27.85,Điểm thi THPT,,2024,https://github.com/HTNam1710/ADS_Final/blob/main/Data/diem_chuan_2024_final.csv
VHS,7220112,Ngành Văn hóa các dân tộc thiểu số Việt Nam,C00; D01; D09; D15,22,Điểm thi THPT,,2024,https://github.com/HTNam1710/ADS_Final/blob/main/Data/diem_chuan_2024_final.csv
VHS,7229040A,"Ngành Văn hóa học, chuyên ngành Văn hóa Việt Nam",C00; D01; D09; D15,25.5,Điểm thi THPT,,2024,https://github.com/HTNam1710/ADS_Final/blob/main/Data/diem_chuan_2024_final.csv
VHS,7229040B,"Ngành Văn hóa học, chuyên ngành Công nghiệp Văn hóa",C00; D01; D09; D15,26.3,Điểm thi THPT,,2024,https://github.com/HTNam1710/ADS_Final/blob/main/Data/diem_chuan_2024_final.csv
VHS,7229040C,"Ngành Văn hóa học, chuyên ngành Truyền thông Văn hóa",C00; D01; D09; D15,27.85,Điểm thi THPT,,2024,https://github.com/HTNam1710/ADS_Final/blob/main/Data/diem_chuan_2024_final.csv
VHS,7229042A,"Ngành Quản lý văn hóa, chuyên ngành Quản lý hoạt động văn hóa xã hội",C00; D01; D09; D15,25.85,Điểm thi THPT,,2024,https://github.com/HTNam1710/ADS_Final/blob/main/Data/diem_chuan_2024_final.csv
VHS,7229042B,"Ngành Quản lý văn hóa, chuyên ngành Quản lý di sản văn hóa và phát triển du lịch",C00; D01; D09; D15,25.25,Điểm thi THPT,,2024,https://github.com/HTNam1710/ADS_Final/blob/main/Data/diem_chuan_2024_final.csv
VHS,7229042C,"Ngành Quản lý văn hóa, chuyên ngành Tổ chức, dàn dựng chương trình văn hóa nghệ thuật",C00; D01; D09; D15,22.5,Điểm thi THPT,,2024,https://github.com/HTNam1710/ADS_Final/blob/main/Data/diem_chuan_2024_final.csv
VHS,7229042D,"Ngành Quản lý văn hóa, chuyên ngành Tổ chức sự kiện văn hóa, thể thao, du lịch",C00; D01; D09; D15,27.25,Điểm thi THPT,,2024,https://github.com/HTNam1710/ADS_Final/blob/main/Data/diem_chuan_2024_final.csv
VHS,7320201,Ngành Thông tin - Thư viện,C00; D01; D09; D15,24,Điểm thi THPT,,2024,https://github.com/HTNam1710/ADS_Final/blob/main/Data/diem_chuan_2024_final.csv
VHS,7320305,Ngành Bảo tàng học,C00; D01; D09; D15,23.5,Điểm thi THPT,,2024,https://github.com/HTNam1710/ADS_Final/blob/main/Data/diem_chuan_2024_final.csv
VHS,7320402,Ngành Kinh doanh xuất bản phẩm,C00; D01; D10; D15,25.3,Điểm thi THPT,,2024,https://github.com/HTNam1710/ADS_Final/blob/main/Data/diem_chuan_2024_final.csv
VHS,7810101,Ngành Du lịch,C00; D01; D10; D15,26.75,Điểm thi THPT,,2024,https://github.com/HTNam1710/ADS_Final/blob/main/Data/diem_chuan_2024_final.csv
VHS,7810103A,"Ngành Quản trị dịch vụ du lịch và lữ hành, chuyên ngành Quản trị lữ hành",C00; D01; D10; D15,27,Điểm thi THPT,,2024,https://github.com/HTNam1710/ADS_Final/blob/main/Data/diem_chuan_2024_final.csv
VHS,7810103B,"Ngành Quản trị dịch vụ du lịch và lữ hành, chuyên ngành Hướng dẫn du lịch",C00; D01; D10; D15,26.5,Điểm thi THPT,,2024,https://github.com/HTNam1710/ADS_Final/blob/main/Data/diem_chuan_2024_final.csv
SPK,7140231V,Sư phạm tiếng Anh (đào tạo bằng tiếng Việt),D01; D96,27.5,Điểm thi THPT,,2024,https://github.com/HTNam1710/ADS_Final/blob/main/Data/diem_chuan_2024_final.csv
SPK,7140246V,Sư phạm Công nghệ (đào tạo bằng tiếng Việt),A00; A01; D01; D90,24.15,Điểm thi THPT,,2024,https://github.com/HTNam1710/ADS_Final/blob/main/Data/diem_chuan_2024_final.csv
SPK,7210403V,Thiết kế đồ họa (đào tạo bằng tiếng Việt),V01; V02; V07; V08,26.5,Điểm thi THPT,,2024,https://github.com/HTNam1710/ADS_Final/blob/main/Data/diem_chuan_2024_final.csv
SPK,7210404V,Thiết kế thời trang (đào tạo bằng tiếng Việt),V01; V02; V07; V09,24.8,Điểm thi THPT,,2024,https://github.com/HTNam1710/ADS_Final/blob/main/Data/diem_chuan_2024_final.csv
SPK,7220201V,Ngôn ngữ Anh (đào tạo bằng tiếng Việt),D01; D96,24.57,Điểm thi THPT,,2024,https://github.com/HTNam1710/ADS_Final/blob/main/Data/diem_chuan_2024_final.csv
SPK,7310403V,Tâm lý học giáo dục (đào tạo bằng tiếng Việt),C00; C20; D01; D14,25.15,Điểm thi THPT,,2024,https://github.com/HTNam1710/ADS_Final/blob/main/Data/diem_chuan_2024_final.csv
SPK,7340120V,Kinh doanh Quốc tế (đào tạo bằng tiếng Việt),A00; A01; D01; D90,22.75,Điểm thi THPT,,2024,https://github.com/HTNam1710/ADS_Final/blob/main/Data/diem_chuan_2024_final.csv
SPK,7340122V,Thương mại điện tử (đào tạo bằng tiếng Việt),A00; A01; D01; D90,23,Điểm thi THPT,,2024,https://github.com/HTNam1710/ADS_Final/blob/main/Data/diem_chuan_2024_final.csv
SPK,7340301V,Kế toán (đào tạo bằng tiếng Việt),A00; A01; D01; D90,22.75,Điểm thi THPT,,2024,https://github.com/HTNam1710/ADS_Final/blob/main/Data/diem_chuan_2024_final.csv
SPK,7380101V,Luật (đào tạo bằng tiếng Việt),A00; A01; C00; D01,25.12,Điểm thi THPT,,2024,https://github.com/HTNam1710/ADS_Final/blob/main/Data/diem_chuan_2024_final.csv
SPK,7480108A,Công nghệ kỹ thuật máy tính (đào tạo bằng tiếng Anh),A00; A01; D01; D90,25.4,Điểm thi THPT,,2024,https://github.com/HTNam1710/ADS_Final/blob/main/Data/diem_chuan_2024_final.csv
SPK,7480108V,Công nghệ kỹ thuật máy tính (đào tạo bằng tiếng Việt),A00; A01; D01; D90,25.5,Điểm thi THPT,,2024,https://github.com/HTNam1710/ADS_Final/blob/main/Data/diem_chuan_2024_final.csv
SPK,7480118V,Hệ thống nhúng và IoT (đào tạo bằng tiếng Việt),A00; A01; D01; D90,25.65,Điểm thi THPT,,2024,https://github.com/HTNam1710/ADS_Final/blob/main/Data/diem_chuan_2024_final.csv
SPK,7480201A,Công nghệ thông tin (đào tạo bằng tiếng Anh),A00; A01; D01; D90,25.65,Điểm thi THPT,,2024,https://github.com/HTNam1710/ADS_Final/blob/main/Data/diem_chuan_2024_final.csv
SPK,7480201N,Công nghệ thông tin (chương trình Việt - Nhật),A00; A01; D01; D90,25.65,Điểm thi THPT,,2024,https://github.com/HTNam1710/ADS_Final/blob/main/Data/diem_chuan_2024_final.csv
SPK,7480201V,Công nghệ thông tin (đào tạo bằng tiếng Việt),A00; A01; D01; D90,25.97,Điểm thi THPT,,2024,https://github.com/HTNam1710/ADS_Final/blob/main/Data/diem_chuan_2024_final.csv
SPK,7480202V,An toàn thông tin (đào tạo bằng tiếng Việt),A00; A01; D01; D90,24.89,Điểm thi THPT,,2024,https://github.com/HTNam1710/ADS_Final/blob/main/Data/diem_chuan_2024_final.csv
SPK,7480203V,Kỹ thuật dữ liệu (đào tạo bằng tiếng Việt),A00; A01; D01; D90,24.05,Điểm thi THPT,,2024,https://github.com/HTNam1710/ADS_Final/blob/main/Data/diem_chuan_2024_final.csv
SPK,7510102A,Công nghệ kỹ thuật công trình xây dựng (đào tạo bằng tiếng Anh),A00; A01; D01; D90,21,Điểm thi THPT,,2024,https://github.com/HTNam1710/ADS_Final/blob/main/Data/diem_chuan_2024_final.csv
SPK,7510102V,Công nghệ kỹ thuật công trình xây dựng (đào tạo bằng tiếng Việt),A00; A01; D01; D90,23.05,Điểm thi THPT,,2024,https://github.com/HTNam1710/ADS_Final/blob/main/Data/diem_chuan_2024_final.csv
SPK,7510106V,Hệ thống kỹ thuật công trình xây dựng (đào tạo bằng tiếng Việt),A00; A01; D01; D90,22.22,Điểm thi THPT,,2024,https://github.com/HTNam1710/ADS_Final/blob/main/Data/diem_chuan_2024_final.csv
SPK,7510201A,Công nghệ kỹ thuật cơ khí (đào tạo bằng tiếng Anh),A00; A01; D01; D90,24.25,Điểm thi THPT,,2024,https://github.com/HTNam1710/ADS_Final/blob/main/Data/diem_chuan_2024_final.csv
SPK,7510201V,Công nghệ kỹ thuật cơ khí (đào tạo bằng tiếng Việt),A00; A01; D01; D90,25.1,Điểm thi THPT,,2024,https://github.com/HTNam1710/ADS_Final/blob/main/Data/diem_chuan_2024_final.csv
SPK,7510202A,Công nghệ chế tạo máy (đào tạo bằng tiếng Anh),A00; A01; D01; D90,23,Điểm thi THPT,,2024,https://github.com/HTNam1710/ADS_Final/blob/main/Data/diem_chuan_2024_final.csv
SPK,7510202N,Công nghệ chế tạo máy (chương trình Việt - Nhật),A00; A01; D01; D90,23.75,Điểm thi THPT,,2024,https://github.com/HTNam1710/ADS_Final/blob/main/Data/diem_chuan_2024_final.csv
SPK,7510202V,Công nghệ chế tạo máy (đào tạo bằng tiếng Việt),A00; A01; D01; D90,24.27,Điểm thi THPT,,2024,https://github.com/HTNam1710/ADS_Final/blob/main/Data/diem_chuan_2024_final.csv
SPK,7510203A,Công nghệ kỹ thuật cơ điện tử (đào tạo bằng tiếng Anh),A00; A01; D01; D90,25.1,Điểm thi THPT,,2024,https://github.com/HTNam1710/ADS_Final/blob/main/Data/diem_chuan_2024_final.csv
SPK,7510203V,Công nghệ kỹ thuật cơ điện tử (đào tạo bằng tiếng Việt),A00; A01; D01; D90,25.45,Điểm thi THPT,,2024,https://github.com/HTNam1710/ADS_Final/blob/main/Data/diem_chuan_2024_final.csv
SPK,7510205A,Công nghệ kỹ thuật ô tô (đào tạo bằng tiếng Anh),A00; A01; D01; D90,24.75,Điểm thi THPT,,2024,https://github.com/HTNam1710/ADS_Final/blob/main/Data/diem_chuan_2024_final.csv
SPK,7510205N,Công nghệ kỹ thuật ô tô (chương trình Việt - Nhật),A00; A01; D01; D90,25,Điểm thi THPT,,2024,https://github.com/HTNam1710/ADS_Final/blob/main/Data/diem_chuan_2024_final.csv
SPK,7510205V,Công nghệ kỹ thuật ô tô (đào tạo bằng tiếng Việt),A00; A01; D01; D90,25.39,Điểm thi THPT,,2024,https://github.com/HTNam1710/ADS_Final/blob/main/Data/diem_chuan_2024_final.csv
SPK,7510206A,Công nghệ kỹ thuật nhiệt (đào tạo bằng tiếng Anh),A00; A01; D01; D90,21,Điểm thi THPT,,2024,https://github.com/HTNam1710/ADS_Final/blob/main/Data/diem_chuan_2024_final.csv
SPK,7510206N,Công nghệ kỹ thuật nhiệt (chương trình Việt - Nhật),A00; A01; D01; D90,24.4,Điểm thi THPT,,2024,https://github.com/HTNam1710/ADS_Final/blob/main/Data/diem_chuan_2024_final.csv
SPK,7510206V,Công nghệ kỹ thuật nhiệt (đào tạo bằng tiếng Việt),A00; A01; D01; D90,24.4,Điểm thi THPT,,2024,https://github.com/HTNam1710/ADS_Final/blob/main/Data/diem_chuan_2024_final.csv
SPK,7510208V,Năng lượng tái tạo (đào tạo bằng tiếng Việt),A00; A01; D01; D90,23.15,Điểm thi THPT,,2024,https://github.com/HTNam1710/ADS_Final/blob/main/Data/diem_chuan_2024_final.csv
SPK,7510209V,Robot và trí tuệ nhân tạo (đào tạo bằng tiếng Việt),A00; A01; D01; D90,25.66,Điểm thi THPT,,2024,https://github.com/HTNam1710/ADS_Final/blob/main/Data/diem_chuan_2024_final.csv
SPK,7510301A,Công nghệ kỹ thuật điện; điện tử (đào tạo bằng tiếng Anh),A00; A01; D01; D90,24.5,Điểm thi THPT,,2024,https://github.com/HTNam1710/ADS_Final/blob/main/Data/diem_chuan_2024_final.csv
SPK,7510301V,Công nghệ kỹ thuật điện; điện tử (đào tạo bằng tiếng Việt),A00; A01; D01; D90,25.12,Điểm thi THPT,,2024,https://github.com/HTNam1710/ADS_Final/blob/main/Data/diem_chuan_2024_final.csv
SPK,7510302A,Công nghệ kỹ thuật điện tử - viễn thông (đào tạo bằng tiếng Anh),A00; A01; D01; D90,24.35,Điểm thi THPT,,2024,https://github.com/HTNam1710/ADS_Final/blob/main/Data/diem_chuan_2024_final.csv
SPK,7510302N,Công nghệ kỹ thuật điện tử; viễn thông (chương trình Việt - Nhật),A00; A01; D01; D90,24,Điểm thi THPT,,2024,https://github.com/HTNam1710/ADS_Final/blob/main/Data/diem_chuan_2024_final.csv
SPK,7510302TKVM,Chương trình đào tạo Kỹ thuật Thiết kế Vi mạch - thuộc ngành CNKT ĐT - Viễn thông (đào tạo bằng tiếng Việt),A00; A01; D01; D90,25.95,Điểm thi THPT,,2024,https://github.com/HTNam1710/ADS_Final/blob/main/Data/diem_chuan_2024_final.csv
SPK,7510302V,Công nghệ kỹ thuật điện tử; viễn thông (đào tạo bằng tiếng Việt),A00; A01; D01; D90,25.15,Điểm thi THPT,,2024,https://github.com/HTNam1710/ADS_Final/blob/main/Data/diem_chuan_2024_final.csv
SPK,7510303A,Công nghệ kỹ thuật điều khiển và tự động hóa (đào tạo bằng tiếng Anh),A00; A01; D01; D90,25.35,Điểm thi THPT,,2024,https://github.com/HTNam1710/ADS_Final/blob/main/Data/diem_chuan_2024_final.csv
SPK,7510303V,Công nghệ kỹ thuật điều khiển và tự động hóa (đào tạo bằng tiếng Việt),A00; A01; D01; D90,26.14,Điểm thi THPT,,2024,https://github.com/HTNam1710/ADS_Final/blob/main/Data/diem_chuan_2024_final.csv
SPK,7510401V,Công nghệ kỹ thuật hóa học (đào tạo bằng tiếng Việt),A00; B00; D07; D90,24.9,Điểm thi THPT,,2024,https://github.com/HTNam1710/ADS_Final/blob/main/Data/diem_chuan_2024_final.csv
SPK,7510402V,Công nghệ vật liệu (đào tạo bằng tiếng Việt),A00; A01; D07; D90,23.33,Điểm thi THPT,,2024,https://github.com/HTNam1710/ADS_Final/blob/main/Data/diem_chuan_2024_final.csv
SPK,7510406V,Công nghệ kỹ thuật môi trường (đào tạo bằng tiếng Việt),A00; B00; D07; D90,22,Điểm thi THPT,,2024,https://github.com/HTNam1710/ADS_Final/blob/main/Data/diem_chuan_2024_final.csv
SPK,7510601A,Quản lý công nghiệp (đào tạo bằng tiếng Anh),A00; A01; D01; D90,23.05,Điểm thi THPT,,2024,https://github.com/HTNam1710/ADS_Final/blob/main/Data/diem_chuan_2024_final.csv
SPK,7510601V,Quản lý công nghiệp (đào tạo bằng tiếng Việt),A00; A01; D01; D90,24.2,Điểm thi THPT,,2024,https://github.com/HTNam1710/ADS_Final/blob/main/Data/diem_chuan_2024_final.csv
SPK,7510605V,Logistics và quản lý chuỗi cung ứng (đào tạo bằng tiếng Việt),A00; A01; D01; D90,25.21,Điểm thi THPT,,2024,https://github.com/HTNam1710/ADS_Final/blob/main/Data/diem_chuan_2024_final.csv
SPK,7510801V,Công nghệ kỹ thuật in (đào tạo bằng tiếng Việt),A00; A01; D01; D90,22,Điểm thi THPT,,2024,https://github.com/HTNam1710/ADS_Final/blob/main/Data/diem_chuan_2024_final.csv
SPK,7520117V,Kỹ thuật công nghiệp (đào tạo bằng tiếng Việt),A00; A01; D01; D90,23.88,Điểm thi THPT,,2024,https://github.com/HTNam1710/ADS_Final/blob/main/Data/diem_chuan_2024_final.csv
SPK,7520212V,Kỹ thuật y sinh (Điện tử y sinh) (đào tạo bằng tiếng Việt),A00; A01; D01; D90,24.15,Điểm thi THPT,,2024,https://github.com/HTNam1710/ADS_Final/blob/main/Data/diem_chuan_2024_final.csv
SPK,7540101A,Công nghệ thực phẩm (đào tạo bằng tiếng Anh),A00; B00; D07; D90,22.5,Điểm thi THPT,,2024,https://github.com/HTNam1710/ADS_Final/blob/main/Data/diem_chuan_2024_final.csv
SPK,7540101V,Công nghệ thực phẩm (đào tạo bằng tiếng Việt),A00; B00; D07; D90,24.2,Điểm thi THPT,,2024,https://github.com/HTNam1710/ADS_Final/blob/main/Data/diem_chuan_2024_final.csv
SPK,7540209V,Công nghệ may (đào tạo bằng tiếng Việt),A00; A01; D01; D90,21.41,Điểm thi THPT,,2024,https://github.com/HTNam1710/ADS_Final/blob/main/Data/diem_chuan_2024_final.csv
SPK,7549002V,Kỹ nghệ gỗ và nội thất (đào tạo bằng tiếng Việt),A00; A01; D01; D90,20.5,Điểm thi THPT,,2024,https://github.com/HTNam1710/ADS_Final/blob/main/Data/diem_chuan_2024_final.csv
SPK,7580101V,Kiến trúc (đào tạo bằng tiếng Việt),V03; V04; V05; V06,22.97,Điểm thi THPT,,2024,https://github.com/HTNam1710/ADS_Final/blob/main/Data/diem_chuan_2024_final.csv
SPK,7580103V,Kiến trúc nội thất (đào tạo bằng tiếng Việt),V03; V04; V05; V06,22.77,Điểm thi THPT,,2024,https://github.com/HTNam1710/ADS_Final/blob/main/Data/diem_chuan_2024_final.csv
SPK,7580205V,Kỹ thuật xây dựng công trình giao thông (đào tạo bằng tiếng Việt),A00; A01; D01; D90,21.55,Điểm thi THPT,,2024,https://github.com/HTNam1710/ADS_Final/blob/main/Data/diem_chuan_2024_final.csv
SPK,7580302V,Quản lý xây dựng (đào tạo bằng tiếng Việt),A00; A01; D01; D90,22.17,Điểm thi THPT,,2024,https://github.com/HTNam1710/ADS_Final/blob/main/Data/diem_chuan_2024_final.csv
SPK,7810202V,Quản trị nhà hàng và dịch vụ ăn uống (đào tạo bằng tiếng Việt),A00; A01; D01; D07,23.27,Điểm thi THPT,,2024,https://github.com/HTNam1710/ADS_Final/blob/main/Data/diem_chuan_2024_final.csv
SPK,7840110V,Quản lý và vận hành hạ tầng (đào tạo bằng tiếng Việt),A00; A01; D01; D90,21.22,Điểm thi THPT,,2024,https://github.com/HTNam1710/ADS_Final/blob/main/Data/diem_chuan_2024_final.csv
HTN,7310202,Xây dựng Đảng và Chính quyền Nhà nước,C00; C20; D01; A09,21.5,Điểm thi THPT,CS TPHCM,2024,https://github.com/HTNam1710/ADS_Final/blob/main/Data/diem_chuan_2024_final.csv
HTN,7310205,Quản lý Nhà nước,C00; C20; D01; A09,25.5,Điểm thi THPT,,2024,https://github.com/HTNam1710/ADS_Final/blob/main/Data/diem_chuan_2024_final.csv
HTN,7310401,Tâm lý học,C00; C20; D01; A09,26.5,Điểm thi THPT,,2024,https://github.com/HTNam1710/ADS_Final/blob/main/Data/diem_chuan_2024_final.csv
HTN,7320108,Quan hệ Công chúng,C00; C20; D01; D15,27.5,Điểm thi THPT,,2024,https://github.com/HTNam1710/ADS_Final/blob/main/Data/diem_chuan_2024_final.csv
HTN,7380101,Luật,C00; C20; A00; A09,25.5,Điểm thi THPT,,2024,https://github.com/HTNam1710/ADS_Final/blob/main/Data/diem_chuan_2024_final.csv
HTN,7760101,Công tác Xã hội,C00; C20; D01; A09,25.5,Điểm thi THPT,,2024,https://github.com/HTNam1710/ADS_Final/blob/main/Data/diem_chuan_2024_final.csv
HTN,7760102,Công tác Thanh thiếu niên,C00; C20; D01; A09,24.5,Điểm thi THPT,,2024,https://github.com/HTNam1710/ADS_Final/blob/main/Data/diem_chuan_2024_final.csv
YQH,7720101,Bác sĩ đa khoa,A00; B00,26.13,Điểm thi THPT,"TS nam, miền Bắc; Tiêu chí phụ 1: Toán >= 8.6; Tiêu chí phụ 2: Hóa >= 8.5",2024,https://github.com/HTNam1710/ADS_Final/blob/main/Data/diem_chuan_2024_final.csv
YQH,7720110,Y học dự phòng,B00,24.35,Điểm thi THPT,"TS nam, miền Bắc",2024,https://github.com/HTNam1710/ADS_Final/blob/main/Data/diem_chuan_2024_final.csv
YQH,7720201,Dược học,A00,26.26,Điểm thi THPT,"TS nữ, miền Nam",2024,https://github.com/HTNam1710/ADS_Final/blob/main/Data/diem_chuan_2024_final.csv
QSK,7310101_401,Kinh tế (Chuyên ngành Kinh tế học),A00; A01; D01; D07,25.89,Điểm thi THPT,,2024,https://github.com/HTNam1710/ADS_Final/blob/main/Data/diem_chuan_2024_final.csv
QSK,7310101_403,Kinh tế (Chuyên ngành Kinh tế và Quản lý công),A00; A01; D01; D07,25.64,Điểm thi THPT,,2024,https://github.com/HTNam1710/ADS_Final/blob/main/Data/diem_chuan_2024_final.csv
QSK,7310106_402,Kinh tế quốc tế (Chuyên ngành Kinh tế đối ngoại),A00; A01; D01; D07,26.55,Điểm thi THPT,,2024,https://github.com/HTNam1710/ADS_Final/blob/main/Data/diem_chuan_2024_final.csv
QSK,7310108_413,"Toán Kinh tế (Chuyên ngành Toán ứng dụng trong Kinh tế, Quản trị và Tài chính)",A00; A01; D01; D07,26.22,Điểm thi THPT,,2024,https://github.com/HTNam1710/ADS_Final/blob/main/Data/diem_chuan_2024_final.csv
QSK,7310108_413E,"Toán Kinh tế (Chuyên ngành Toán ứng dụng trong Kinh tế, Quản trị và Tài chính) (Tiếng Anh)",A00; A01; D01; D07,25.61,Điểm thi THPT,,2024,https://github.com/HTNam1710/ADS_Final/blob/main/Data/diem_chuan_2024_final.csv
QSK,7310108_419,Toán Kinh tế (Chuyên ngành Phân tích dữ liệu),A00; A01; D01; D07,26.4,Điểm thi THPT,,2024,https://github.com/HTNam1710/ADS_Final/blob/main/Data/diem_chuan_2024_final.csv
QSK,7340101_407,Quản trị kinh doanh (Chuyên ngành Quản trị kinh doanh ),A00; A01; D01; D07,26.33,Điểm thi THPT,,2024,https://github.com/HTNam1710/ADS_Final/blob/main/Data/diem_chuan_2024_final.csv
QSK,7340101_407E,Quản trị kinh doanh (Chuyên ngành Quản trị kinh doanh )(Tiếng Anh),A00; A01; D01; D07,25.5,Điểm thi THPT,,2024,https://github.com/HTNam1710/ADS_Final/blob/main/Data/diem_chuan_2024_final.csv
QSK,7340101_415,Quản trị kinh doanh (Chuyên ngành Quản trị du lịch và lữ hành),A00; A01; D01; D07,25.33,Điểm thi THPT,,2024,https://github.com/HTNam1710/ADS_Final/blob/main/Data/diem_chuan_2024_final.csv
QSK,7340115_410,Marketing (Chuyên ngành Marketing),A00; A01; D01; D07,26.87,Điểm thi THPT,,2024,https://github.com/HTNam1710/ADS_Final/blob/main/Data/diem_chuan_2024_final.csv
QSK,7340115_410E,Marketing (Chuyên ngành Marketing)(Tiếng Anh),A00; A01; D01; D07,25.75,Điểm thi THPT,,2024,https://github.com/HTNam1710/ADS_Final/blob/main/Data/diem_chuan_2024_final.csv
QSK,7340115_417,Marketing (Chuyên ngành Digital Marketing),A00; A01; D01; D07,27.1,Điểm thi THPT,,2024,https://github.com/HTNam1710/ADS_Final/blob/main/Data/diem_chuan_2024_final.csv
QSK,7340120_408,Kinh doanh quốc tế,A00; A01; D01; D07,26.71,Điểm thi THPT,,2024,https://github.com/HTNam1710/ADS_Final/blob/main/Data/diem_chuan_2024_final.csv
QSK,7340120_408E,Kinh doanh quốc tế (Tiếng Anh),A00; A01; D01; D07,25.75,Điểm thi THPT,,2024,https://github.com/HTNam1710/ADS_Final/blob/main/Data/diem_chuan_2024_final.csv
QSK,7340122_411,Thương mại điện tử,A00; A01; D01; D07,27.44,Điểm thi THPT,,2024,https://github.com/HTNam1710/ADS_Final/blob/main/Data/diem_chuan_2024_final.csv
QSK,7340122_411E,Thương mại điện tử (Tiếng Anh),A00; A01; D01; D07,25.89,Điểm thi THPT,,2024,https://github.com/HTNam1710/ADS_Final/blob/main/Data/diem_chuan_2024_final.csv
QSK,7340201_404,Tài chính - Ngân hàng,A00; A01; D01; D07,26.17,Điểm thi THPT,,2024,https://github.com/HTNam1710/ADS_Final/blob/main/Data/diem_chuan_2024_final.csv
QSK,7340201_404E,Tài chính - Ngân hàng (Tiếng Anh),A00; A01; D01; D07,25.2,Điểm thi THPT,,2024,https://github.com/HTNam1710/ADS_Final/blob/main/Data/diem_chuan_2024_final.csv
QSK,7340205_414,Công nghệ tài chính,A00; A01; D01; D07,26.54,Điểm thi THPT,,2024,https://github.com/HTNam1710/ADS_Final/blob/main/Data/diem_chuan_2024_final.csv
QSK,7340205_414H,Công nghệ tài chính (CT Co-operative Education),A00; A01; D01; D07,26.45,Điểm thi THPT,,2024,https://github.com/HTNam1710/ADS_Final/blob/main/Data/diem_chuan_2024_final.csv
QSK,7340301_405,Kế toán,A00; A01; D01; D07,26.17,Điểm thi THPT,,2024,https://github.com/HTNam1710/ADS_Final/blob/main/Data/diem_chuan_2024_final.csv
QSK,7340301_405E,Kế toán (Tích hợp CCQT ICAEW - Tiếng Anh),A00; A01; D01; D07,25.7,Điểm thi THPT,,2024,https://github.com/HTNam1710/ADS_Final/blob/main/Data/diem_chuan_2024_final.csv
QSK,7340302_409,Kiểm toán,A00; A01; D01; D07,26.38,Điểm thi THPT,,2024,https://github.com/HTNam1710/ADS_Final/blob/main/Data/diem_chuan_2024_final.csv
QSK,7340403_418,Quản lý công,A00; A01; D01; D07,24.39,Điểm thi THPT,,2024,https://github.com/HTNam1710/ADS_Final/blob/main/Data/diem_chuan_2024_final.csv
QSK,7340405_406,Hệ thống thông tin quản lý (Chuyên ngành Hệ thông thông tin quản lý),A00; A01; D01; D07,26.35,Điểm thi THPT,,2024,https://github.com/HTNam1710/ADS_Final/blob/main/Data/diem_chuan_2024_final.csv
QSK,7340405_406H,Hệ thống thông tin quản lý (CT Co - operative Education),A00; A01; D01; D07,27.25,Điểm thi THPT,,2024,https://github.com/HTNam1710/ADS_Final/blob/main/Data/diem_chuan_2024_final.csv
QSK,7340405_416,Hệ thống thông tin quản lý (Chuyên ngành Kinh doanh số và Trí tuệ nhân tạo),A00; A01; D01; D07,26.4,Điểm thi THPT,,2024,https://github.com/HTNam1710/ADS_Final/blob/main/Data/diem_chuan_2024_final.csv
QSK,7380101_503,Luật( Chuyên ngành Luật Dân sự),A00; A01; D01; D07,25.25,Điểm thi THPT,,2024,https://github.com/HTNam1710/ADS_Final/blob/main/Data/diem_chuan_2024_final.csv
QSK,7380101_504,Luật (Chuyên ngành Luật Tài chính - Ngân hàng),A00; A01; D01; D07,25.41,Điểm thi THPT,,2024,https://github.com/HTNam1710/ADS_Final/blob/main/Data/diem_chuan_2024_final.csv
QSK,7380101_505,Luật (Chuyên ngành Luật và Chính sách công),A00; A01; D01; D07,25.24,Điểm thi THPT,,2024,https://github.com/HTNam1710/ADS_Final/blob/main/Data/diem_chuan_2024_final.csv
QSK,7380107_501,Luật kinh tế (Chuyên ngành Luật Kinh doanh),A00; A01; D01; D07,26.07,Điểm thi THPT,,2024,https://github.com/HTNam1710/ADS_Final/blob/main/Data/diem_chuan_2024_final.csv
QSK,7380107_502,Luật Kinh tế (Chuyên ngành Luật thương mại quốc tế),A00; A01; D01; D07,26.09,Điểm thi THPT,,2024,https://github.com/HTNam1710/ADS_Final/blob/main/Data/diem_chuan_2024_final.csv
QSK,7380107_502E,Luật Kinh tế (Chuyên ngành Luật thương mại quốc tế)(Tiếng Anh),A00; A01; D01; D07,25.25,Điểm thi THPT,,2024,https://github.com/HTNam1710/ADS_Final/blob/main/Data/diem_chuan_2024_final.csv
HEH,7860218,Hậu cần quân sự,A00; A01,26.22,Điểm thi THPT,"TS nam, miền Bắc",2024,https://github.com/HTNam1710/ADS_Final/blob/main/Data/diem_chuan_2024_final.csv
LPS,7220201,Ngôn ngữ Anh,D01; D14,24.16,Điểm thi THPT,,2024,https://github.com/HTNam1710/ADS_Final/blob/main/Data/diem_chuan_2024_final.csv
LPS,7220201,Ngôn ngữ Anh,D66,25.46,Điểm thi THPT,,2024,https://github.com/HTNam1710/ADS_Final/blob/main/Data/diem_chuan_2024_final.csv
LPS,7220201,Ngôn ngữ Anh,D84,25.66,Điểm thi THPT,,2024,https://github.com/HTNam1710/ADS_Final/blob/main/Data/diem_chuan_2024_final.csv
LPS,7340101,Quản trị kinh doanh,A00; A01; D01; D84,22.56,Điểm thi THPT,,2024,https://github.com/HTNam1710/ADS_Final/blob/main/Data/diem_chuan_2024_final.csv
LPS,7340102,Quản trị - Luật,A00,24.17,Điểm thi THPT,,2024,https://github.com/HTNam1710/ADS_Final/blob/main/Data/diem_chuan_2024_final.csv
LPS,7340102,Quản trị - Luật,A01,23.37,Điểm thi THPT,,2024,https://github.com/HTNam1710/ADS_Final/blob/main/Data/diem_chuan_2024_final.csv
LPS,7340102,Quản trị - Luật,D01,23.87,Điểm thi THPT,,2024,https://github.com/HTNam1710/ADS_Final/blob/main/Data/diem_chuan_2024_final.csv
LPS,7340102,Quản trị - Luật,D84,24.87,Điểm thi THPT,,2024,https://github.com/HTNam1710/ADS_Final/blob/main/Data/diem_chuan_2024_final.csv
LPS,7380101,Luật,A01,23.77,Điểm thi THPT,,2024,https://github.com/HTNam1710/ADS_Final/blob/main/Data/diem_chuan_2024_final.csv
LPS,7380101,Luật,C00,27.27,Điểm thi THPT,,2024,https://github.com/HTNam1710/ADS_Final/blob/main/Data/diem_chuan_2024_final.csv
LPS,7380101,Luật,D01; D03; D06,24.27,Điểm thi THPT,,2024,https://github.com/HTNam1710/ADS_Final/blob/main/Data/diem_chuan_2024_final.csv
LPS,7380101,Luật,A00,24.57,Điểm thi THPT,,2024,https://github.com/HTNam1710/ADS_Final/blob/main/Data/diem_chuan_2024_final.csv
LPS,7380109,Luật thương mại quốc tế,A01; D01; D66; D84,26.1,Điểm thi THPT,,2024,https://github.com/HTNam1710/ADS_Final/blob/main/Data/diem_chuan_2024_final.csv
DDF,7140231,Sư phạm tiếng Anh,D01,27.24,Điểm thi THPT,,2024,https://github.com/HTNam1710/ADS_Final/blob/main/Data/diem_chuan_2024_final.csv
DDF,7140233,Sư phạm tiếng Pháp,D01; D03; D96; D78,23.07,Điểm thi THPT,,2024,https://github.com/HTNam1710/ADS_Final/blob/main/Data/diem_chuan_2024_final.csv
DDF,7140234,Sư phạm tiếng Trung Quốc,D01; D04; D96; D78,26.09,Điểm thi THPT,,2024,https://github.com/HTNam1710/ADS_Final/blob/main/Data/diem_chuan_2024_final.csv
DDF,7220201,Ngôn ngữ Anh,D01; A01; D96; D78,23.58,Điểm thi THPT,,2024,https://github.com/HTNam1710/ADS_Final/blob/main/Data/diem_chuan_2024_final.csv
DDF,7220201KT,Ngôn ngữ Anh (Đào tạo 2 năm đầu tại Kon Tum),D01; A01; D96; D78,17.13,Điểm thi THPT,,2024,https://github.com/HTNam1710/ADS_Final/blob/main/Data/diem_chuan_2024_final.csv
DDF,7220202,Ngôn ngữ Nga,D01; D02; D96; D78,18.38,Điểm thi THPT,,2024,https://github.com/HTNam1710/ADS_Final/blob/main/Data/diem_chuan_2024_final.csv
DDF,7220203,Ngôn ngữ Pháp,D01; D03; D96; D78,21.09,Điểm thi THPT,,2024,https://github.com/HTNam1710/ADS_Final/blob/main/Data/diem_chuan_2024_final.csv
DDF,7220204,Ngôn ngữ Trung Quốc,D01; D04; D83; D78,25.11,Điểm thi THPT,,2024,https://github.com/HTNam1710/ADS_Final/blob/main/Data/diem_chuan_2024_final.csv
DDF,7220209,Ngôn ngữ Nhật,D01; D06,22.6,Điểm thi THPT,,2024,https://github.com/HTNam1710/ADS_Final/blob/main/Data/diem_chuan_2024_final.csv
DDF,7220210,Ngôn ngữ Hàn Quốc,D01; Đ2; D96; D78,25.07,Điểm thi THPT,,2024,https://github.com/HTNam1710/ADS_Final/blob/main/Data/diem_chuan_2024_final.csv
DDF,7220214,Ngôn ngữ Thái Lan,D01; D15; D96; D78,22.09,Điểm thi THPT,,2024,https://github.com/HTNam1710/ADS_Final/blob/main/Data/diem_chuan_2024_final.csv
DDF,7310601,Quốc tế học,D01; D09; D96; D78,22.05,Điểm thi THPT,,2024,https://github.com/HTNam1710/ADS_Final/blob/main/Data/diem_chuan_2024_final.csv
DDF,7310608,Đông phương học,D01; D06; D96; D78,20.88,Điểm thi THPT,,2024,https://github.com/HTNam1710/ADS_Final/blob/main/Data/diem_chuan_2024_final.csv
DDF,7310614,Hàn Quốc học,D01; A01; D96; D78,22.38,Điểm thi THPT,,2024,https://github.com/HTNam1710/ADS_Final/blob/main/Data/diem_chuan_2024_final.csv
KSA,7220201,Tiếng Anh thương mại,D01; D96,26.3,Điểm thi THPT,,2024,https://github.com/HTNam1710/ADS_Final/blob/main/Data/diem_chuan_2024_final.csv
KSA,7310101,Kinh tế,A00; A01; D01; D07,26.3,Điểm thi THPT,,2024,https://github.com/HTNam1710/ADS_Final/blob/main/Data/diem_chuan_2024_final.csv
KSA,7310102,Kinh tế chính trị,A00; A01; D01; D07,24.9,Điểm thi THPT,,2024,https://github.com/HTNam1710/ADS_Final/blob/main/Data/diem_chuan_2024_final.csv
KSA,7310104_01,Kinh tế đầu tư,A00; A01; D01; D07,26.1,Điểm thi THPT,,2024,https://github.com/HTNam1710/ADS_Final/blob/main/Data/diem_chuan_2024_final.csv
KSA,7310104_02,Thẩm định giá và quản trị tài sản,A00; A01; D01; D07,24.8,Điểm thi THPT,,2024,https://github.com/HTNam1710/ADS_Final/blob/main/Data/diem_chuan_2024_final.csv
KSA,7310107,Thống kê kinh doanh,A00; A01; D01; D07,26.01,Điểm thi THPT,,2024,https://github.com/HTNam1710/ADS_Final/blob/main/Data/diem_chuan_2024_final.csv
KSA,7310108_01,Toán tài chính,A00; A01; D01; D07,25.72,Điểm thi THPT,,2024,https://github.com/HTNam1710/ADS_Final/blob/main/Data/diem_chuan_2024_final.csv
KSA,7310108_02,Phân tích rủi ro và định phí bảo hiểm,A00; A01; D01; D07,25,Điểm thi THPT,,2024,https://github.com/HTNam1710/ADS_Final/blob/main/Data/diem_chuan_2024_final.csv
KSA,7320106,Truyền thông số và thiết kế đa phương tiện,A00; A01; D01; V00,26.6,Điểm thi THPT,,2024,https://github.com/HTNam1710/ADS_Final/blob/main/Data/diem_chuan_2024_final.csv
KSA,7340101_01,Quản trị kinh doanh,A00; A01; D01; D07,25.8,Điểm thi THPT,,2024,https://github.com/HTNam1710/ADS_Final/blob/main/Data/diem_chuan_2024_final.csv
KSA,7340101_02,Kinh doanh số,A00; A01; D01; D07,26.41,Điểm thi THPT,,2024,https://github.com/HTNam1710/ADS_Final/blob/main/Data/diem_chuan_2024_final.csv
KSA,7340101_03,Quản trị bệnh viện,A00; A01; D01; D07,24.1,Điểm thi THPT,,2024,https://github.com/HTNam1710/ADS_Final/blob/main/Data/diem_chuan_2024_final.csv
KSA,7340115_01,Marketing,A00; A01; D01; D07,26.8,Điểm thi THPT,,2024,https://github.com/HTNam1710/ADS_Final/blob/main/Data/diem_chuan_2024_final.csv
KSA,7340115_02,Công nghệ marketing,A00; A01; D01; D07,27.2,Điểm thi THPT,,2024,https://github.com/HTNam1710/ADS_Final/blob/main/Data/diem_chuan_2024_final.csv
KSA,7340116,Bất động sản,A00; A01; D01; D07,24.5,Điểm thi THPT,,2024,https://github.com/HTNam1710/ADS_Final/blob/main/Data/diem_chuan_2024_final.csv
KSA,7340120,Kinh doanh quốc tế,A00; A01; D01; D07,26.72,Điểm thi THPT,,2024,https://github.com/HTNam1710/ADS_Final/blob/main/Data/diem_chuan_2024_final.csv
KSA,7340121,Kinh doanh thương mại,A00; A01; D01; D07,26.54,Điểm thi THPT,,2024,https://github.com/HTNam1710/ADS_Final/blob/main/Data/diem_chuan_2024_final.csv
KSA,7340122,Thương mại điện tử,A00; A01; D01; D07,26.5,Điểm thi THPT,,2024,https://github.com/HTNam1710/ADS_Final/blob/main/Data/diem_chuan_2024_final.csv
KSA,7340201_01,Tài chính công,A00; A01; D01; D07,25.5,Điểm thi THPT,,2024,https://github.com/HTNam1710/ADS_Final/blob/main/Data/diem_chuan_2024_final.csv
KSA,7340201_02,Thuế,A00; A01; D01; D07,25.2,Điểm thi THPT,,2024,https://github.com/HTNam1710/ADS_Final/blob/main/Data/diem_chuan_2024_final.csv
KSA,7340201_03,Ngân hàng,A00; A01; D01; D07,25.6,Điểm thi THPT,,2024,https://github.com/HTNam1710/ADS_Final/blob/main/Data/diem_chuan_2024_final.csv
KSA,7340201_04,Thị trường chứng khoán,A00; A01; D01; D07,25,Điểm thi THPT,,2024,https://github.com/HTNam1710/ADS_Final/blob/main/Data/diem_chuan_2024_final.csv
KSA,7340201_05,Tài chính,A00; A01; D01; D07,26.03,Điểm thi THPT,,2024,https://github.com/HTNam1710/ADS_Final/blob/main/Data/diem_chuan_2024_final.csv
KSA,7340201_06,Đầu tư tài chính,A00; A01; D01; D07,26.03,Điểm thi THPT,,2024,https://github.com/HTNam1710/ADS_Final/blob/main/Data/diem_chuan_2024_final.csv
KSA,7340201_07,Quản trị Hải quan - Ngoại thương,A00; A01; D01; D07,25.8,Điểm thi THPT,,2024,https://github.com/HTNam1710/ADS_Final/blob/main/Data/diem_chuan_2024_final.csv
KSA,7340204,Bảo hiểm,A00; A01; D01; D07,24.5,Điểm thi THPT,,2024,https://github.com/HTNam1710/ADS_Final/blob/main/Data/diem_chuan_2024_final.csv
KSA,7340205,Công nghệ tài chính,A00; A01; D01; D07,26.5,Điểm thi THPT,,2024,https://github.com/HTNam1710/ADS_Final/blob/main/Data/diem_chuan_2024_final.csv
KSA,7340206,Tài chính quốc tế,A00; A01; D01; D07,26.5,Điểm thi THPT,,2024,https://github.com/HTNam1710/ADS_Final/blob/main/Data/diem_chuan_2024_final.csv
KSA,7340301_01,Chương trình Kế toán tích hợp chứng chỉ nghề nghiệp quốc tế (của tổ chức nghề nghiệp ICAEW và ACCA),A00; A01; D01; D07,25.2,Điểm thi THPT,,2024,https://github.com/HTNam1710/ADS_Final/blob/main/Data/diem_chuan_2024_final.csv
KSA,7340301_02,Kế toán công,A00; A01; D01; D07,25.5,Điểm thi THPT,,2024,https://github.com/HTNam1710/ADS_Final/blob/main/Data/diem_chuan_2024_final.csv
KSA,7340301_03,Kế toán doanh nghiệp,A00; A01; D01; D07,25.4,Điểm thi THPT,,2024,https://github.com/HTNam1710/ADS_Final/blob/main/Data/diem_chuan_2024_final.csv
KSA,7340302,Kiểm toán,A00; A01; D01; D07,26.5,Điểm thi THPT,,2024,https://github.com/HTNam1710/ADS_Final/blob/main/Data/diem_chuan_2024_final.csv
KSA,7340403,Quản lý công,A00; A01; D01; D07,24.93,Điểm thi THPT,,2024,https://github.com/HTNam1710/ADS_Final/blob/main/Data/diem_chuan_2024_final.csv
KSA,7340404,Quản trị nhân lực,A00; A01; D01; D07,26,Điểm thi THPT,,2024,https://github.com/HTNam1710/ADS_Final/blob/main/Data/diem_chuan_2024_final.csv
KSA,7340405_01,Hệ thống thông tin kinh doanh,A00; A01; D01; D07,26.1,Điểm thi THPT,,2024,https://github.com/HTNam1710/ADS_Final/blob/main/Data/diem_chuan_2024_final.csv
KSA,7340405_02,Hệ thống hoạch định nguồn lực doanh nghiệp,A00; A01; D01; D07,25.51,Điểm thi THPT,,2024,https://github.com/HTNam1710/ADS_Final/blob/main/Data/diem_chuan_2024_final.csv
KSA,7380101,Luật kinh doanh quốc tế,A00; A01; D01; D96,25.8,Điểm thi THPT,,2024,https://github.com/HTNam1710/ADS_Final/blob/main/Data/diem_chuan_2024_final.csv
KSA,7380107,Luật kinh tế,A00; A01; D01; D96,25.6,Điểm thi THPT,,2024,https://github.com/HTNam1710/ADS_Final/blob/main/Data/diem_chuan_2024_final.csv
KSA,7460108,Khoa học dữ liệu,A00; A01; D01; D07,26.3,Điểm thi THPT,,2024,https://github.com/HTNam1710/ADS_Final/blob/main/Data/diem_chuan_2024_final.csv
KSA,7480101,Khoa học máy tính,A00; A01; D01; D07,25,Điểm thi THPT,,2024,https://github.com/HTNam1710/ADS_Final/blob/main/Data/diem_chuan_2024_final.csv
KSA,7480103,Kỹ thuật phần mềm,A00; A01; D01; D07,25.43,Điểm thi THPT,,2024,https://github.com/HTNam1710/ADS_Final/blob/main/Data/diem_chuan_2024_final.csv
KSA,7480107_01,Robot và Trí tuệ nhân tạo (hệ kỹ sư),A00; A01; D01; D07,24.7,Điểm thi THPT,,2024,https://github.com/HTNam1710/ADS_Final/blob/main/Data/diem_chuan_2024_final.csv
KSA,7480107_02,Điều khiển thông minh và tự động hóa,A00; A01; D01; D07,23.8,Điểm thi THPT,,2024,https://github.com/HTNam1710/ADS_Final/blob/main/Data/diem_chuan_2024_final.csv
KSA,7480201_01,Công nghệ thông tin,A00; A01; D01; D07,25.4,Điểm thi THPT,,2024,https://github.com/HTNam1710/ADS_Final/blob/main/Data/diem_chuan_2024_final.csv
KSA,7480201_02,Công nghệ nghệ thuật (Arttech),A00; A01; D01; D07,26.23,Điểm thi THPT,,2024,https://github.com/HTNam1710/ADS_Final/blob/main/Data/diem_chuan_2024_final.csv
KSA,7480201_03,Công nghệ và đổi mới sáng tạo,A00; A01; D01; D07,25.5,Điểm thi THPT,,2024,https://github.com/HTNam1710/ADS_Final/blob/main/Data/diem_chuan_2024_final.csv
KSA,7480202,An toàn thông tin,A00; A01; D01; D07,24.8,Điểm thi THPT,,2024,https://github.com/HTNam1710/ADS_Final/blob/main/Data/diem_chuan_2024_final.csv
KSA,7510605_01,Logistics và Quản lý chuỗi cung ứng,A00; A01; D01; D07,27.1,Điểm thi THPT,,2024,https://github.com/HTNam1710/ADS_Final/blob/main/Data/diem_chuan_2024_final.csv
KSA,7510605_02,Công nghệ Logistics (hệ kỹ sư),A00; A01; D01; D07,26.3,Điểm thi THPT,,2024,https://github.com/HTNam1710/ADS_Final/blob/main/Data/diem_chuan_2024_final.csv
KSA,7580104,Kiến trúc và thiết kế đô thị thông minh,A00; A01; D01; V00,24.7,Điểm thi THPT,,2024,https://github.com/HTNam1710/ADS_Final/blob/main/Data/diem_chuan_2024_final.csv
KSA,7620114,Kinh doanh nông nghiệp,A00; A01; D01; D07,25.35,Điểm thi THPT,,2024,https://github.com/HTNam1710/ADS_Final/blob/main/Data/diem_chuan_2024_final.csv
KSA,7810103,Quản trị dịch vụ du lịch và lữ hành,A00; A01; D01; D07,25.2,Điểm thi THPT,,2024,https://github.com/HTNam1710/ADS_Final/blob/main/Data/diem_chuan_2024_final.csv
KSA,7810201_01,Quản trị khách sạn,A00; A01; D01; D07,25.5,Điểm thi THPT,,2024,https://github.com/HTNam1710/ADS_Final/blob/main/Data/diem_chuan_2024_final.csv
KSA,7810201_02,Quản trị sự kiện và dịch vụ giải trí,A00; A01; D01; D07,26.1,Điểm thi THPT,,2024,https://github.com/HTNam1710/ADS_Final/blob/main/Data/diem_chuan_2024_final.csv
KSA,ASA_Co-op,Cử nhân ISB ASEAN Co-op,A00; A01; D01; D07,25.3,Điểm thi THPT,Chương trình Cử nhân tài năng; Asean Co-op,2024,https://github.com/HTNam1710/ADS_Final/blob/main/Data/diem_chuan_2024_final.csv
KSA,ISB_CNTN,Cử nhân Tài năng ISB BBus,A00; A01; D01; D07,27.15,Điểm thi THPT,Chương trình Cử nhân tài năng; Asean Co-op,2024,https://github.com/HTNam1710/ADS_Final/blob/main/Data/diem_chuan_2024_final.csv
QHY,7720101,Y khoa,B00,27.15,Điểm thi THPT,,2024,https://github.com/HTNam1710/ADS_Final/blob/main/Data/diem_chuan_2024_final.csv
QHY,7720201,Dược học,A00,25.1,Điểm thi THPT,,2024,https://github.com/HTNam1710/ADS_Final/blob/main/Data/diem_chuan_2024_final.csv
QHY,7720301,Điều dưỡng,B00,24.49,Điểm thi THPT,,2024,https://github.com/HTNam1710/ADS_Final/blob/main/Data/diem_chuan_2024_final.csv
QHY,7720501,Răng Hàm Mặt,B00,27,Điểm thi THPT,,2024,https://github.com/HTNam1710/ADS_Final/blob/main/Data/diem_chuan_2024_final.csv
QHY,7720601,Kĩ thuật Xét nghiệm y học,B00,24.83,Điểm thi THPT,,2024,https://github.com/HTNam1710/ADS_Final/blob/main/Data/diem_chuan_2024_final.csv
QHY,7720602,Kĩ thuật Hình ảnh y học,B00,24.49,Điểm thi THPT,,2024,https://github.com/HTNam1710/ADS_Final/blob/main/Data/diem_chuan_2024_final.csv
DDK,7420201,Công nghệ sinh học,A00; D07; B00,23.1,Điểm thi THPT,,2024,https://github.com/HTNam1710/ADS_Final/blob/main/Data/diem_chuan_2024_final.csv
DDK,7420201A,"Công nghệ sinh học, chuyên ngành Công nghệ sinh học Y Dược",A00; D07; B00,23.5,Điểm thi THPT,,2024,https://github.com/HTNam1710/ADS_Final/blob/main/Data/diem_chuan_2024_final.csv
DDK,7480106,Kỹ thuật máy tính,A00; A01,25.82,Điểm thi THPT,,2024,https://github.com/HTNam1710/ADS_Final/blob/main/Data/diem_chuan_2024_final.csv
DDK,7480118VM,Chương trình tiên tiến Việt-Mỹ ngành Hệ thống Nhúng và IoT,A01; D07,23.8,Điểm thi THPT,,2024,https://github.com/HTNam1710/ADS_Final/blob/main/Data/diem_chuan_2024_final.csv
DDK,7480201,Công nghệ thông tin (Đặc thù - Hợp tác doanh nghiệp),A00; A01,26.1,Điểm thi THPT,,2024,https://github.com/HTNam1710/ADS_Final/blob/main/Data/diem_chuan_2024_final.csv
DDK,7480201A,Công nghệ thông tin (ngoại ngữ Nhật),A00; A01; D28,25.55,Điểm thi THPT,,2024,https://github.com/HTNam1710/ADS_Final/blob/main/Data/diem_chuan_2024_final.csv
DDK,7480201B,"Công nghệ thông tin (Đặc thù - Hợp tác doanh nghiệp), chuyên ngành Khoa học dữ liệu và Trí tuệ nhân tạo",A00; A01,27.11,Điểm thi THPT,,2024,https://github.com/HTNam1710/ADS_Final/blob/main/Data/diem_chuan_2024_final.csv
DDK,7510105,Công nghệ kỹ thuật vật liệu xây dựng,A00; A01,17.25,Điểm thi THPT,,2024,https://github.com/HTNam1710/ADS_Final/blob/main/Data/diem_chuan_2024_final.csv
DDK,7510202,Công nghệ chế tạo máy,A00; A01,23.85,Điểm thi THPT,,2024,https://github.com/HTNam1710/ADS_Final/blob/main/Data/diem_chuan_2024_final.csv
DDK,7510601,Quản lý công nghiệp,A00; A01,23.25,Điểm thi THPT,,2024,https://github.com/HTNam1710/ADS_Final/blob/main/Data/diem_chuan_2024_final.csv
DDK,7510701,Công nghệ dầu khí và khai thác dầu,A00; D07,22.8,Điểm thi THPT,,2024,https://github.com/HTNam1710/ADS_Final/blob/main/Data/diem_chuan_2024_final.csv
DDK,7520103A,"Kỹ thuật Cơ khí, chuyên ngành Cơ khí động lực",A00; A01,24.1,Điểm thi THPT,,2024,https://github.com/HTNam1710/ADS_Final/blob/main/Data/diem_chuan_2024_final.csv
DDK,7520103B,"Kỹ thuật Cơ khí, chuyên ngành Cơ khí hàng không",A00; A01,24.85,Điểm thi THPT,,2024,https://github.com/HTNam1710/ADS_Final/blob/main/Data/diem_chuan_2024_final.csv
DDK,7520114,Kỹ thuật Cơ điện tử,A00; A01,25.35,Điểm thi THPT,,2024,https://github.com/HTNam1710/ADS_Final/blob/main/Data/diem_chuan_2024_final.csv
DDK,7520115,Kỹ thuật nhiệt,A00; A01,22.25,Điểm thi THPT,,2024,https://github.com/HTNam1710/ADS_Final/blob/main/Data/diem_chuan_2024_final.csv
DDK,7520118,Kỹ thuật hệ thống công nghiệp,A00; A01,20,Điểm thi THPT,,2024,https://github.com/HTNam1710/ADS_Final/blob/main/Data/diem_chuan_2024_final.csv
DDK,7520122,Kỹ thuật Tàu thủy,A00; A01,20.15,Điểm thi THPT,,2024,https://github.com/HTNam1710/ADS_Final/blob/main/Data/diem_chuan_2024_final.csv
DDK,7520130,Kỹ thuật ô tô,A00; A01,25.36,Điểm thi THPT,,2024,https://github.com/HTNam1710/ADS_Final/blob/main/Data/diem_chuan_2024_final.csv
DDK,7520201,Kỹ thuật Điện,A00; A01,24.25,Điểm thi THPT,,2024,https://github.com/HTNam1710/ADS_Final/blob/main/Data/diem_chuan_2024_final.csv
DDK,7520207,Kỹ thuật điện tử - viễn thông,A00; A01,25.14,Điểm thi THPT,,2024,https://github.com/HTNam1710/ADS_Final/blob/main/Data/diem_chuan_2024_final.csv
DDK,7520207A,"Kỹ thuật điện tử - viễn thông, chuyên ngành vi điện tử - thiết kế vi mạch",A00; A01,26.31,Điểm thi THPT,,2024,https://github.com/HTNam1710/ADS_Final/blob/main/Data/diem_chuan_2024_final.csv
DDK,7520207VM,Chương trình tiên tiến Việt - Mỹ ngành Kỹ thuật Điện tử viễn thông,A01; D07,23,Điểm thi THPT,,2024,https://github.com/HTNam1710/ADS_Final/blob/main/Data/diem_chuan_2024_final.csv
DDK,7520216,Kỹ thuật Điều khiển và Tự động hóa,A00; A01,26,Điểm thi THPT,,2024,https://github.com/HTNam1710/ADS_Final/blob/main/Data/diem_chuan_2024_final.csv
DDK,7520301,Kỹ thuật hóa học,A00; D07,23.05,Điểm thi THPT,,2024,https://github.com/HTNam1710/ADS_Final/blob/main/Data/diem_chuan_2024_final.csv
DDK,7520320,Kỹ thuật môi trường,A00; D07; B00,18,Điểm thi THPT,,2024,https://github.com/HTNam1710/ADS_Final/blob/main/Data/diem_chuan_2024_final.csv
DDK,7540101,Công nghệ thực phẩm,A00; D07; B00,22.4,Điểm thi THPT,,2024,https://github.com/HTNam1710/ADS_Final/blob/main/Data/diem_chuan_2024_final.csv
DDK,7580101,Kiến trúc,V00; V01; V02,22.1,Điểm thi THPT,,2024,https://github.com/HTNam1710/ADS_Final/blob/main/Data/diem_chuan_2024_final.csv
DDK,7580201,"Kỹ thuật xây dựng, chuyên ngành Xây dựng dân dụng và công nghiệp",A00; A01,18.5,Điểm thi THPT,,2024,https://github.com/HTNam1710/ADS_Final/blob/main/Data/diem_chuan_2024_final.csv
DDK,7580201A,"Kỹ thuật xây dựng, chuyên ngành Tin học xây dựng",A00; A01,17.05,Điểm thi THPT,,2024,https://github.com/HTNam1710/ADS_Final/blob/main/Data/diem_chuan_2024_final.csv
DDK,7580201B,"Kỹ thuật xây dựng, chuyên ngành Kỹ thuật và quản lý xây dựng đô thị thông minh",A00; A01,17.05,Điểm thi THPT,,2024,https://github.com/HTNam1710/ADS_Final/blob/main/Data/diem_chuan_2024_final.csv
DDK,7580201C,"Kỹ thuật xây dựng, chuyên ngành Mô hình thông tin và trí tuệ nhân tạo trong xây dựng",A00; A01,17.2,Điểm thi THPT,,2024,https://github.com/HTNam1710/ADS_Final/blob/main/Data/diem_chuan_2024_final.csv
DDK,7580202,Kỹ thuật xây dựng công trình thủy,A00; A01,17.65,Điểm thi THPT,,2024,https://github.com/HTNam1710/ADS_Final/blob/main/Data/diem_chuan_2024_final.csv
DDK,7580205,Kỹ thuật xây dựng công trình giao thông,A00; A01,18.35,Điểm thi THPT,,2024,https://github.com/HTNam1710/ADS_Final/blob/main/Data/diem_chuan_2024_final.csv
DDK,7580210,Kỹ thuật cơ sở hạ tầng,A00; A01,17.95,Điểm thi THPT,,2024,https://github.com/HTNam1710/ADS_Final/blob/main/Data/diem_chuan_2024_final.csv
DDK,7580301,Kinh tế xây dựng,A00; A01,21.6,Điểm thi THPT,,2024,https://github.com/HTNam1710/ADS_Final/blob/main/Data/diem_chuan_2024_final.csv
DDK,7850101,Quản lý tài nguyên và môi trường,A00; D07; B00,18.45,Điểm thi THPT,,2024,https://github.com/HTNam1710/ADS_Final/blob/main/Data/diem_chuan_2024_final.csv
DDK,PFIEV,Chương trình đào tạo kỹ sư chất lượng cao Việt - Pháp (PFIEV),A00; A01,22.35,Điểm thi THPT,,2024,https://github.com/HTNam1710/ADS_Final/blob/main/Data/diem_chuan_2024_final.csv
DHF,7140231,Sư phạm Tiếng Anh,D01; D14; D15,27.1,Điểm thi THPT,,2024,https://github.com/HTNam1710/ADS_Final/blob/main/Data/diem_chuan_2024_final.csv
DHF,7140233,Sư phạm Tiếng Pháp,D03; D01; D44,19,Điểm thi THPT,,2024,https://github.com/HTNam1710/ADS_Final/blob/main/Data/diem_chuan_2024_final.csv
DHF,7140234,Sư phạm Tiếng Trung Quốc,D04; D01; D45; D15,26.5,Điểm thi THPT,,2024,https://github.com/HTNam1710/ADS_Final/blob/main/Data/diem_chuan_2024_final.csv
DHF,7220201,Ngôn ngữ Anh,D01; D14; D15,21.5,Điểm thi THPT,,2024,https://github.com/HTNam1710/ADS_Final/blob/main/Data/diem_chuan_2024_final.csv
DHF,7220202,Ngôn ngữ Nga,D02; D01; D42; D15,15,Điểm thi THPT,,2024,https://github.com/HTNam1710/ADS_Final/blob/main/Data/diem_chuan_2024_final.csv
DHF,7220203,Ngôn ngữ Pháp,D03; D01; D44; D15,15,Điểm thi THPT,,2024,https://github.com/HTNam1710/ADS_Final/blob/main/Data/diem_chuan_2024_final.csv
DHF,7220204,Ngôn ngữ Trung Quốc,D04; D01; D45; D15,24.5,Điểm thi THPT,,2024,https://github.com/HTNam1710/ADS_Final/blob/main/Data/diem_chuan_2024_final.csv
DHF,7220209,Ngôn ngữ Nhật,D06; D01; D43; D15,20.5,Điểm thi THPT,,2024,https://github.com/HTNam1710/ADS_Final/blob/main/Data/diem_chuan_2024_final.csv
DHF,7220210,Ngôn ngữ Hàn Quốc,D01; D14; D15,24.5,Điểm thi THPT,,2024,https://github.com/HTNam1710/ADS_Final/blob/main/Data/diem_chuan_2024_final.csv
DHF,7310401,Quốc tế học,D01; D14; D15,15,Điểm thi THPT,,2024,https://github.com/HTNam1710/ADS_Final/blob/main/Data/diem_chuan_2024_final.csv
DHF,7310630,Việt Nam học,D01; D14; D15,15,Điểm thi THPT,,2024,https://github.com/HTNam1710/ADS_Final/blob/main/Data/diem_chuan_2024_final.csv
DMS,7220201,Ngôn ngữ Anh,D01; D72; D78; D96,24.5,Điểm thi THPT,,2024,https://github.com/HTNam1710/ADS_Final/blob/main/Data/diem_chuan_2024_final.csv
DMS,7310101,Kinh tế,A00; A01; D01; D96,25,Điểm thi THPT,,2024,https://github.com/HTNam1710/ADS_Final/blob/main/Data/diem_chuan_2024_final.csv
DMS,7310108,Toán kinh tế,A00; A01; D01; D96,24.2,Điểm thi THPT,,2024,https://github.com/HTNam1710/ADS_Final/blob/main/Data/diem_chuan_2024_final.csv
DMS,7340101,Quản trị kinh doanh,A00; A01; D01; D96,24.2,Điểm thi THPT,,2024,https://github.com/HTNam1710/ADS_Final/blob/main/Data/diem_chuan_2024_final.csv
DMS,7340101_TATP,Quản trị kinh doanh,A00; A01; D01; D96,22,Điểm thi THPT,CT tiếng Anh toàn phần,2024,https://github.com/HTNam1710/ADS_Final/blob/main/Data/diem_chuan_2024_final.csv
DMS,7340101_TH,Quản trị kinh doanh,A00; A01; D01; D96,22,Điểm thi THPT,CT tích hợp,2024,https://github.com/HTNam1710/ADS_Final/blob/main/Data/diem_chuan_2024_final.csv
DMS,7340115,Marketing,A00; A01; D01; D96,25.9,Điểm thi THPT,,2024,https://github.com/HTNam1710/ADS_Final/blob/main/Data/diem_chuan_2024_final.csv
DMS,7340115_TATP,Marketing,A00; A01; D01; D96,23.5,Điểm thi THPT,CT tiếng Anh toàn phần,2024,https://github.com/HTNam1710/ADS_Final/blob/main/Data/diem_chuan_2024_final.csv
DMS,7340115_TH,Marketing,A00; A01; D01; D96,23.8,Điểm thi THPT,CT tích hợp,2024,https://github.com/HTNam1710/ADS_Final/blob/main/Data/diem_chuan_2024_final.csv
DMS,7340116,Bất động sản,A00; A01; D01; D96,23.3,Điểm thi THPT,,2024,https://github.com/HTNam1710/ADS_Final/blob/main/Data/diem_chuan_2024_final.csv
DMS,7340120,Kinh doanh quốc tế,A00; A01; D01; D96,25.3,Điểm thi THPT,,2024,https://github.com/HTNam1710/ADS_Final/blob/main/Data/diem_chuan_2024_final.csv
DMS,7340120_TATP,Kinh doanh quốc tế,A00; A01; D01; D96,22,Điểm thi THPT,CT tiếng Anh toàn phần,2024,https://github.com/HTNam1710/ADS_Final/blob/main/Data/diem_chuan_2024_final.csv
DMS,7340120_TH,Kinh doanh quốc tế,A00; A01; D01; D96,22.2,Điểm thi THPT,CT tích hợp,2024,https://github.com/HTNam1710/ADS_Final/blob/main/Data/diem_chuan_2024_final.csv
DMS,7340201,Tài chính - Ngân hàng,A00; A01; D01; D96,24.6,Điểm thi THPT,,2024,https://github.com/HTNam1710/ADS_Final/blob/main/Data/diem_chuan_2024_final.csv
DMS,7340201_TH,Tài chính - Ngân hàng,A00; A01; D01; D96,22.5,Điểm thi THPT,CT tích hợp,2024,https://github.com/HTNam1710/ADS_Final/blob/main/Data/diem_chuan_2024_final.csv
DMS,7340205,Công nghệ tài chính,A00; A01; D01; D96,24.4,Điểm thi THPT,,2024,https://github.com/HTNam1710/ADS_Final/blob/main/Data/diem_chuan_2024_final.csv
DMS,7340301,Kế toán,A00; A01; D01; D96,25,Điểm thi THPT,,2024,https://github.com/HTNam1710/ADS_Final/blob/main/Data/diem_chuan_2024_final.csv
DMS,7340301_TH,Kế toán,A00; A01; D01; D96,22.5,Điểm thi THPT,CT tích hợp,2024,https://github.com/HTNam1710/ADS_Final/blob/main/Data/diem_chuan_2024_final.csv
DMS,7340405,Hệ thống thông tin quản lý,A00; A01; D01; D96,25,Điểm thi THPT,,2024,https://github.com/HTNam1710/ADS_Final/blob/main/Data/diem_chuan_2024_final.csv
DMS,7380107,Luật kinh tế,A00; A0l; D0l; D96,24.4,Điểm thi THPT,,2024,https://github.com/HTNam1710/ADS_Final/blob/main/Data/diem_chuan_2024_final.csv
DMS,7810103_DT,Quản trị dịch vụ du lịch và lữ hành,D01; D72; D78; D96,24.2,Điểm thi THPT,CT đặc thù,2024,https://github.com/HTNam1710/ADS_Final/blob/main/Data/diem_chuan_2024_final.csv
DMS,7810201_DT,Quản trị khách sạn,D01; D72; D78; D96,23.5,Điểm thi THPT,CT đặc thù,2024,https://github.com/HTNam1710/ADS_Final/blob/main/Data/diem_chuan_2024_final.csv
DMS,7810202_DT,Quản trị nhà hàng và dịch vụ ăn uống,D01; D72; D78; D96,23,Điểm thi THPT,CT đặc thù,2024,https://github.com/HTNam1710/ADS_Final/blob/main/Data/diem_chuan_2024_final.csv
GSA,7340101,Quản trị kinh doanh,A00; A01; D01; C01,23.56,Điểm thi THPT,,2024,https://github.com/HTNam1710/ADS_Final/blob/main/Data/diem_chuan_2024_final.csv
GSA,7340120,Kinh doanh quốc tế,A00; A01; D01; C01,24.59,Điểm thi THPT,,2024,https://github.com/HTNam1710/ADS_Final/blob/main/Data/diem_chuan_2024_final.csv
GSA,7340201,Tài chính - Ngân hàng,A00; A01; D01; C01,24.07,Điểm thi THPT,,2024,https://github.com/HTNam1710/ADS_Final/blob/main/Data/diem_chuan_2024_final.csv
GSA,7340301,Kế toán,A00; A01; D01; C01,23.95,Điểm thi THPT,,2024,https://github.com/HTNam1710/ADS_Final/blob/main/Data/diem_chuan_2024_final.csv
GSA,7480201,Công nghệ thông tin,A00; A01; D07,24.73,Điểm thi THPT,,2024,https://github.com/HTNam1710/ADS_Final/blob/main/Data/diem_chuan_2024_final.csv
GSA,7510605,Logistics và quản lý chuỗi cung ứng,A00; A01; D01; C01,25.86,Điểm thi THPT,,2024,https://github.com/HTNam1710/ADS_Final/blob/main/Data/diem_chuan_2024_final.csv
GSA,7520114,Kỹ thuật cơ điện tử,A00; A01; D01; D07,24.45,Điểm thi THPT,,2024,https://github.com/HTNam1710/ADS_Final/blob/main/Data/diem_chuan_2024_final.csv
GSA,7520116,Kỹ thuật cơ khí động lực,A00; A01; D01; D07,23.81,Điểm thi THPT,,2024,https://github.com/HTNam1710/ADS_Final/blob/main/Data/diem_chuan_2024_final.csv
GSA,7520130,Kỹ thuật ô tô,A00; A01; D01; D07,24.49,Điểm thi THPT,,2024,https://github.com/HTNam1710/ADS_Final/blob/main/Data/diem_chuan_2024_final.csv
GSA,7520201,Kỹ thuật điện,A00; A01; D01; C01,24.06,Điểm thi THPT,,2024,https://github.com/HTNam1710/ADS_Final/blob/main/Data/diem_chuan_2024_final.csv
GSA,7520207,Kỹ thuật điện tử - viễn thông,A00; A01; D01; C01,24.35,Điểm thi THPT,,2024,https://github.com/HTNam1710/ADS_Final/blob/main/Data/diem_chuan_2024_final.csv
GSA,7520216,Kỹ thuật điều khiển và tự động hoá,A00; A01; D01; C01,24.87,Điểm thi THPT,,2024,https://github.com/HTNam1710/ADS_Final/blob/main/Data/diem_chuan_2024_final.csv
GSA,7580101,Kiến trúc,A00; A01; V00; V01,22.05,Điểm thi THPT,,2024,https://github.com/HTNam1710/ADS_Final/blob/main/Data/diem_chuan_2024_final.csv
GSA,7580201,Kỹ thuật xây dựng,A00; A01; D01; D07,21.25,Điểm thi THPT,,2024,https://github.com/HTNam1710/ADS_Final/blob/main/Data/diem_chuan_2024_final.csv
GSA,7580205,Kỹ thuật xây dựng công trình giao thông,A00; A01; D01; D07,20,Điểm thi THPT,,2024,https://github.com/HTNam1710/ADS_Final/blob/main/Data/diem_chuan_2024_final.csv
GSA,7580301,Kinh tế xây dựng,A00; A01; D01; C01,22.75,Điểm thi THPT,,2024,https://github.com/HTNam1710/ADS_Final/blob/main/Data/diem_chuan_2024_final.csv
GSA,7580302,Quán lý xây dựng,A00; A01; D01; C01,22.15,Điểm thi THPT,,2024,https://github.com/HTNam1710/ADS_Final/blob/main/Data/diem_chuan_2024_final.csv
GSA,7810103,Quản trị dịch vụ du lịch và lữ hành,A00; A01; D01; C01,22.85,Điểm thi THPT,,2024,https://github.com/HTNam1710/ADS_Final/blob/main/Data/diem_chuan_2024_final.csv
GSA,7840101,Khai thác vận tải,A00; A01; D01; C01,25.33,Điểm thi THPT,,2024,https://github.com/HTNam1710/ADS_Final/blob/main/Data/diem_chuan_2024_final.csv
TSN,7220201,Ngôn ngữ Anh (04 chuyên ngành: Biên - phiên dịch; Tiếng Anh du lịch; Giảng dạy Tiếng Anh; Song ngữ Anh -Trung),D01; D14; D15; D96,23,Điểm thi THPT,,2024,https://github.com/HTNam1710/ADS_Final/blob/main/Data/diem_chuan_2024_final.csv
TSN,7310101,Kinh tế (02 chuyên ngành: Kinh tế thủy sản; Quản lý kinh tế),D01; D14; D15; D96,21,Điểm thi THPT,,2024,https://github.com/HTNam1710/ADS_Final/blob/main/Data/diem_chuan_2024_final.csv
TSN,7310105,Kinh tế phát triển,D01; D14; D15; D96,21,Điểm thi THPT,,2024,https://github.com/HTNam1710/ADS_Final/blob/main/Data/diem_chuan_2024_final.csv
TSN,7340101,Quản trị kinh doanh,D01; D14; D15; D96,21,Điểm thi THPT,,2024,https://github.com/HTNam1710/ADS_Final/blob/main/Data/diem_chuan_2024_final.csv
TSN,7340101A,Quản trị kinh doanh (Chương trình đặc biệt),A01; D01; D07; D96,20,Điểm thi THPT,,2024,https://github.com/HTNam1710/ADS_Final/blob/main/Data/diem_chuan_2024_final.csv
TSN,7340115,Marketing,D01; D14; D15; D96,23,Điểm thi THPT,,2024,https://github.com/HTNam1710/ADS_Final/blob/main/Data/diem_chuan_2024_final.csv
TSN,7340121,Kinh doanh thương mại,D01; D14; D15; D96,22,Điểm thi THPT,,2024,https://github.com/HTNam1710/ADS_Final/blob/main/Data/diem_chuan_2024_final.csv
TSN,7340201,Tài chính - Ngân hàng (02 chuyên ngành: Tài chính - Ngân hàng; Công nghệ tài chính),D01; D14; D15; D96,21,Điểm thi THPT,,2024,https://github.com/HTNam1710/ADS_Final/blob/main/Data/diem_chuan_2024_final.csv
TSN,7340301,Kế toán,D01; D14; D15; D96,20,Điểm thi THPT,,2024,https://github.com/HTNam1710/ADS_Final/blob/main/Data/diem_chuan_2024_final.csv
TSN,7340301A,Kế toán (Chương trình đặc biệt),A01; D01; D07; D96,20,Điểm thi THPT,,2024,https://github.com/HTNam1710/ADS_Final/blob/main/Data/diem_chuan_2024_final.csv
TSN,7340302,Kiểm toán,D01; D14; D15; D96,20,Điểm thi THPT,,2024,https://github.com/HTNam1710/ADS_Final/blob/main/Data/diem_chuan_2024_final.csv
TSN,7340405,Hệ thống thông tin quản lý,A01; D01; D07; D96,17,Điểm thi THPT,,2024,https://github.com/HTNam1710/ADS_Final/blob/main/Data/diem_chuan_2024_final.csv
TSN,7380101,Luật (02 chuyên ngành: Luật; Luật kinh tế),D01; D14; D15; D96,21,Điểm thi THPT,,2024,https://github.com/HTNam1710/ADS_Final/blob/main/Data/diem_chuan_2024_final.csv
TSN,7420201,Công nghệ sinh học,A00; A01; B00; D08,16,Điểm thi THPT,,2024,https://github.com/HTNam1710/ADS_Final/blob/main/Data/diem_chuan_2024_final.csv
TSN,7420201MP,Công nghệ sinh học (Chương trình Minh Phú -NTU),A00; A01; B00; D08,17,Điểm thi THPT,,2024,https://github.com/HTNam1710/ADS_Final/blob/main/Data/diem_chuan_2024_final.csv
TSN,7480101,Khoa học máy tính (02 chuyên ngành: Trí tuệ nhân tạo; Khoa học dữ liệu),A01; D01; D07; D90,20,Điểm thi THPT,,2024,https://github.com/HTNam1710/ADS_Final/blob/main/Data/diem_chuan_2024_final.csv
TSN,7480201,Công nghệ thông tin (03 chuyên ngành: Công nghệ phần mềm; Hệ thống thông tin; Truyền thông và Mạng máy tính),A01; D01; D07; D90,21,Điểm thi THPT,,2024,https://github.com/HTNam1710/ADS_Final/blob/main/Data/diem_chuan_2024_final.csv
TSN,7480201A,Công nghệ thông tin (Chương trình đặc biệt),A01; D01; D07; D90,20,Điểm thi THPT,,2024,https://github.com/HTNam1710/ADS_Final/blob/main/Data/diem_chuan_2024_final.csv
TSN,7510202,Công nghệ chế tạo máy,A00; A01; C01; D07,16,Điểm thi THPT,,2024,https://github.com/HTNam1710/ADS_Final/blob/main/Data/diem_chuan_2024_final.csv
TSN,7520103,Kỹ thuật cơ khí (02 chuyên ngành: Kỹ thuật cơ khí; Thiết kế và chế tạo số),A00; A01; C01; D07,17.5,Điểm thi THPT,,2024,https://github.com/HTNam1710/ADS_Final/blob/main/Data/diem_chuan_2024_final.csv
TSN,7520114,Kỹ thuật cơ điện tử,A00; A01; C01; D07,17,Điểm thi THPT,,2024,https://github.com/HTNam1710/ADS_Final/blob/main/Data/diem_chuan_2024_final.csv
TSN,7520115,Kỹ thuật nhiệt,A00; A01; C01; D07,17,Điểm thi THPT,,2024,https://github.com/HTNam1710/ADS_Final/blob/main/Data/diem_chuan_2024_final.csv
TSN,7520116,Kỹ thuật cơ khí động lực,A00; A01; C01; D90,16.5,Điểm thi THPT,,2024,https://github.com/HTNam1710/ADS_Final/blob/main/Data/diem_chuan_2024_final.csv
TSN,7520122,Kỹ thuật tàu thủy,A00; A01; C01; D90,16.5,Điểm thi THPT,,2024,https://github.com/HTNam1710/ADS_Final/blob/main/Data/diem_chuan_2024_final.csv
TSN,7520130,Kỹ thuật ô tô,A01; D01; D07; D90,21,Điểm thi THPT,,2024,https://github.com/HTNam1710/ADS_Final/blob/main/Data/diem_chuan_2024_final.csv
TSN,7520201,Kỳ thuật điện (chuyên ngành Kỹ thuật điện; điện tử),A01; D01; D07; D90,18.5,Điểm thi THPT,,2024,https://github.com/HTNam1710/ADS_Final/blob/main/Data/diem_chuan_2024_final.csv
TSN,7520206,Kỹ thuật biển,A00; A01; C01; D90,16.5,Điểm thi THPT,,2024,https://github.com/HTNam1710/ADS_Final/blob/main/Data/diem_chuan_2024_final.csv
TSN,7520216,Kỹ thuật điều khiến và tự động hóa,A01; D01; D07; D90,17,Điểm thi THPT,,2024,https://github.com/HTNam1710/ADS_Final/blob/main/Data/diem_chuan_2024_final.csv
TSN,7520301,Kỹ thuật hoá học,A00; A01; B00; D07,16,Điểm thi THPT,,2024,https://github.com/HTNam1710/ADS_Final/blob/main/Data/diem_chuan_2024_final.csv
TSN,7520320,Kỹ thuật môi trường (02 chuyên ngành: Kỹ thuật mỏi trường; Quản lý môi trường và an toàn vệ sinh lao động),A00; A01; B00; D08,16,Điểm thi THPT,,2024,https://github.com/HTNam1710/ADS_Final/blob/main/Data/diem_chuan_2024_final.csv
TSN,7540101,Công nghệ thực phẩm (03 chuyên ngành: Công nghệ thực phẩm; Đảm bảo chất lượng và an toàn thực phẩm; Khoa học dinh dưỡng và ẩm thực),A01; D01; D07; D90,17.5,Điểm thi THPT,,2024,https://github.com/HTNam1710/ADS_Final/blob/main/Data/diem_chuan_2024_final.csv
TSN,7540105,Công nghệ chế biến thuỷ sản (02 chuyên ngành: Công nghệ chế biến thủy sản; Công nghệ sau thu hoạch),A01; B00; D01; D07,16,Điểm thi THPT,,2024,https://github.com/HTNam1710/ADS_Final/blob/main/Data/diem_chuan_2024_final.csv
TSN,7540105MP,Công nghệ chế biến thuỷ sản (Chương trình Minh Phú - NTU),A01; B00; D01; D07,17,Điểm thi THPT,,2024,https://github.com/HTNam1710/ADS_Final/blob/main/Data/diem_chuan_2024_final.csv
TSN,7580201,Kỹ thuật xây dựng (02 chuyên ngành: Kỹ thuật xây dựng; Quản lý xây dựng),A01; D01; D07; D90,17,Điểm thi THPT,,2024,https://github.com/HTNam1710/ADS_Final/blob/main/Data/diem_chuan_2024_final.csv
TSN,7580205,Kỹ thuật xây dựng công trình giao thông,A01; D01; D07; D90,16,Điểm thi THPT,,2024,https://github.com/HTNam1710/ADS_Final/blob/main/Data/diem_chuan_2024_final.csv
TSN,7620301,Nuôi trồng thuỷ sản,A01; B00; D01; D07,16,Điểm thi THPT,,2024,https://github.com/HTNam1710/ADS_Final/blob/main/Data/diem_chuan_2024_final.csv
TSN,7620301MP,Nuôi trồng thuỷ sản (Chương trình Minh Phú - NTU),A01; B00; D01; D07,17,Điểm thi THPT,,2024,https://github.com/HTNam1710/ADS_Final/blob/main/Data/diem_chuan_2024_final.csv
TSN,7620303,Khoa hoc thủy sản (02 chuyên ngành: Khoa hoc thủy sản; Khai thác thủy sản),A00; A01; B00; D07,16,Điểm thi THPT,,2024,https://github.com/HTNam1710/ADS_Final/blob/main/Data/diem_chuan_2024_final.csv
TSN,7620305,Quản lý thuỷ sản,A00; A01; B00; D07,16,Điểm thi THPT,,2024,https://github.com/HTNam1710/ADS_Final/blob/main/Data/diem_chuan_2024_final.csv
TSN,7810103,Quản trị dịch vụ du lịch và lữ hành,D01; D14; D15; D96,21,Điểm thi THPT,,2024,https://github.com/HTNam1710/ADS_Final/blob/main/Data/diem_chuan_2024_final.csv
TSN,7810103A,Quản trị dịch vụ du lịch lữ hành (Chương trình đặc biệt),A01; D01; D07; D96,20,Điểm thi THPT,,2024,https://github.com/HTNam1710/ADS_Final/blob/main/Data/diem_chuan_2024_final.csv
TSN,7810103P,Quản trị dịch vụ du lịch và lữ hành (Chương trình song ngữ Pháp-Việt),D01; D03; D96; D97,17,Điểm thi THPT,,2024,https://github.com/HTNam1710/ADS_Final/blob/main/Data/diem_chuan_2024_final.csv
TSN,7810201,Quản trị khách sạn,D01; D14; D15; D96,21,Điểm thi THPT,,2024,https://github.com/HTNam1710/ADS_Final/blob/main/Data/diem_chuan_2024_final.csv
TSN,7810201A,Quản trị khách sạn (Chương trình đặc biệt),A01; D01; D07; D96,20,Điểm thi THPT,,2024,https://github.com/HTNam1710/ADS_Final/blob/main/Data/diem_chuan_2024_final.csv
TSN,7840106,Khoa học hàng hải (02 chuyên ngành: Khoa học hàng hải; Quản lý hàng hải và Logistics),A01; D01; D07; D90,21,Điểm thi THPT,,2024,https://github.com/HTNam1710/ADS_Final/blob/main/Data/diem_chuan_2024_final.csv
LBH,7860201,Ngành Chỉ huy tham mưu Lục quân,A00; A01,23.89,Điểm thi THPT,TS nam Quân khu 7,2024,https://github.com/HTNam1710/ADS_Final/blob/main/Data/diem_chuan_2024_final.csv
BVS,7329001,Công nghệ đa phương tiện,A00; A01; D01,23.95,Điểm thi THPT,TTNV<=3,2024,https://github.com/HTNam1710/ADS_Final/blob/main/Data/diem_chuan_2024_final.csv
BVS,7340101,Quản trị kinh doanh,A00; A01; D01,18.4,Điểm thi THPT,TTNV<=3,2024,https://github.com/HTNam1710/ADS_Final/blob/main/Data/diem_chuan_2024_final.csv
BVS,7340115,Marketing,A00; A01; D01,24.24,Điểm thi THPT,TTNV<=5,2024,https://github.com/HTNam1710/ADS_Final/blob/main/Data/diem_chuan_2024_final.csv
BVS,7340115_CLC,Marketing chất lượng cao,A00; A01; D01,18,Điểm thi THPT,TTNV<=5,2024,https://github.com/HTNam1710/ADS_Final/blob/main/Data/diem_chuan_2024_final.csv
BVS,7340301,Kế toán,A00; A01; D01,20.95,Điểm thi THPT,TTNV<=23,2024,https://github.com/HTNam1710/ADS_Final/blob/main/Data/diem_chuan_2024_final.csv
BVS,7480201,Công nghệ thông tin,A00; A01,25.17,Điểm thi THPT,TTNV<=8,2024,https://github.com/HTNam1710/ADS_Final/blob/main/Data/diem_chuan_2024_final.csv
BVS,7480201_CLC,Công nghệ thông tin chất lượng cao,A00; A01,23.25,Điểm thi THPT,TTNV<=3,2024,https://github.com/HTNam1710/ADS_Final/blob/main/Data/diem_chuan_2024_final.csv
BVS,7480202,An toàn thông tin,A00; A01,24.68,Điểm thi THPT,TTNV<=11,2024,https://github.com/HTNam1710/ADS_Final/blob/main/Data/diem_chuan_2024_final.csv
BVS,7510301,"Công nghệ Kỹ thuật Điện, điện tử",A00; A01,20.85,Điểm thi THPT,TTNV<=4,2024,https://github.com/HTNam1710/ADS_Final/blob/main/Data/diem_chuan_2024_final.csv
BVS,7520207,Kỹ thuật Điện tử viễn thông,A00; A01,23.23,Điểm thi THPT,TTNV<=7,2024,https://github.com/HTNam1710/ADS_Final/blob/main/Data/diem_chuan_2024_final.csv
BVS,7520208,Công nghệ Inernet vạn vật (IoT),A00; A01,18,Điểm thi THPT,TTNV<=3,2024,https://github.com/HTNam1710/ADS_Final/blob/main/Data/diem_chuan_2024_final.csv
BVS,7520216,Kỹ thuật Điều khiển và tự động hóa,A00; A01,19.65,Điểm thi THPT,TTNV<=6,2024,https://github.com/HTNam1710/ADS_Final/blob/main/Data/diem_chuan_2024_final.csv
YKV,7720101,Y khoa,B00,24.85,Điểm thi THPT,,2024,https://github.com/HTNam1710/ADS_Final/blob/main/Data/diem_chuan_2024_final.csv
YKV,7720110,Y học dự phòng,B00,19,Điểm thi THPT,,2024,https://github.com/HTNam1710/ADS_Final/blob/main/Data/diem_chuan_2024_final.csv
YKV,7720201,Dược học,A00; B00,23,Điểm thi THPT,,2024,https://github.com/HTNam1710/ADS_Final/blob/main/Data/diem_chuan_2024_final.csv
YKV,7720301,Điều dưỡng,B00,19,Điểm thi THPT,,2024,https://github.com/HTNam1710/ADS_Final/blob/main/Data/diem_chuan_2024_final.csv
YKV,7720601,Kỹ thuật xét nghiệm y học,B00,19,Điểm thi THPT,,2024,https://github.com/HTNam1710/ADS_Final/blob/main/Data/diem_chuan_2024_final.csv
YDN,7720101,Y khoa,B00; B08; A00; D07,25.47,Điểm thi THPT,,2024,https://github.com/HTNam1710/ADS_Final/blob/main/Data/diem_chuan_2024_final.csv
YDN,7720201,Dược học,B00; B08; A00; D07,23.6,Điểm thi THPT,,2024,https://github.com/HTNam1710/ADS_Final/blob/main/Data/diem_chuan_2024_final.csv
YDN,7720301A,Điều dưỡng đa khoa,B00; B08; A00; D07,20.9,Điểm thi THPT,,2024,https://github.com/HTNam1710/ADS_Final/blob/main/Data/diem_chuan_2024_final.csv
YDN,7720301B,Điều dưỡng nha khoa,B00; B08; A00; D07,20.6,Điểm thi THPT,,2024,https://github.com/HTNam1710/ADS_Final/blob/main/Data/diem_chuan_2024_final.csv
YDN,7720301C,Điều dưỡng gây mê hồi sức,B00; B08; A00; D07,20,Điểm thi THPT,,2024,https://github.com/HTNam1710/ADS_Final/blob/main/Data/diem_chuan_2024_final.csv
YDN,7720601,Kỹ thuật xét nghiệm y học,B00; B08; A00; D07,20.6,Điểm thi THPT,,2024,https://github.com/HTNam1710/ADS_Final/blob/main/Data/diem_chuan_2024_final.csv
YDN,7720602,Kỹ thuật hình ảnh y học,B00; B08; A00; D07,19,Điểm thi THPT,,2024,https://github.com/HTNam1710/ADS_Final/blob/main/Data/diem_chuan_2024_final.csv
YDN,7720603,Kỹ thuật phục hồi chức năng,B00; B08; A00; D07,21,Điểm thi THPT,,2024,https://github.com/HTNam1710/ADS_Final/blob/main/Data/diem_chuan_2024_final.csv
DTY,7720101,Y khoa,B00; D07; D08,26.25,Điểm thi THPT,,2024,https://github.com/HTNam1710/ADS_Final/blob/main/Data/diem_chuan_2024_final.csv
DTY,7720110,Y học dự phòng,B00; D07; D08,21,Điểm thi THPT,,2024,https://github.com/HTNam1710/ADS_Final/blob/main/Data/diem_chuan_2024_final.csv
DTY,7720201,Dược học,B00; D07; A00,24.75,Điểm thi THPT,,2024,https://github.com/HTNam1710/ADS_Final/blob/main/Data/diem_chuan_2024_final.csv
DTY,7720301,Điều dưỡng,B00; D07; D08,21.8,Điểm thi THPT,,2024,https://github.com/HTNam1710/ADS_Final/blob/main/Data/diem_chuan_2024_final.csv
DTY,7720302,Hộ sinh,B00; D07; D08,19.5,Điểm thi THPT,,2024,https://github.com/HTNam1710/ADS_Final/blob/main/Data/diem_chuan_2024_final.csv
DTY,7720501,Răng - Hàm - Mặt,B00; D07; D08,26.35,Điểm thi THPT,,2024,https://github.com/HTNam1710/ADS_Final/blob/main/Data/diem_chuan_2024_final.csv
DTY,7720601,Kỹ thuật xét nghiệm y học,B00; D07; D08,24,Điểm thi THPT,,2024,https://github.com/HTNam1710/ADS_Final/blob/main/Data/diem_chuan_2024_final.csv
DTY,7720602,Kỹ thuật hình ảnh y học,B00; D07; D08,20,Điểm thi THPT,,2024,https://github.com/HTNam1710/ADS_Final/blob/main/Data/diem_chuan_2024_final.csv
DTY,7720603,Kỹ thuật phục hồi chức năng,B00; D07; D08,20,Điểm thi THPT,,2024,https://github.com/HTNam1710/ADS_Final/blob/main/Data/diem_chuan_2024_final.csv
DHY,7720101,Y khoa,B00,26.3,Điểm thi THPT,,2024,https://github.com/HTNam1710/ADS_Final/blob/main/Data/diem_chuan_2024_final.csv
DHY,7720101_02,Y khoa (Xét kết hợp CC tiếng Anh quốc tế),B00,25.5,Điểm thi THPT,,2024,https://github.com/HTNam1710/ADS_Final/blob/main/Data/diem_chuan_2024_final.csv
DHY,7720110,Y học dự phòng,B00; B08,19,Điểm thi THPT,,2024,https://github.com/HTNam1710/ADS_Final/blob/main/Data/diem_chuan_2024_final.csv
DHY,7720115,Y học cổ truyền,B00,23.5,Điểm thi THPT,,2024,https://github.com/HTNam1710/ADS_Final/blob/main/Data/diem_chuan_2024_final.csv
DHY,7720201,Dược học,A00; B00,24.55,Điểm thi THPT,,2024,https://github.com/HTNam1710/ADS_Final/blob/main/Data/diem_chuan_2024_final.csv
DHY,7720201_02,Dược học (Xét kết hợp CC tiếng Anh quốc tế),A00; B00,22.55,Điểm thi THPT,,2024,https://github.com/HTNam1710/ADS_Final/blob/main/Data/diem_chuan_2024_final.csv
DHY,7720301,Điều dưỡng,B00; B08,19.9,Điểm thi THPT,,2024,https://github.com/HTNam1710/ADS_Final/blob/main/Data/diem_chuan_2024_final.csv
DHY,7720302,Hộ sinh,B00; B08,19,Điểm thi THPT,,2024,https://github.com/HTNam1710/ADS_Final/blob/main/Data/diem_chuan_2024_final.csv
DHY,7720401,Dinh dưỡng,B00; B08,15,Điểm thi THPT,,2024,https://github.com/HTNam1710/ADS_Final/blob/main/Data/diem_chuan_2024_final.csv
DHY,7720501,Răng - Hàm - Mặt,B00,25.95,Điểm thi THPT,,2024,https://github.com/HTNam1710/ADS_Final/blob/main/Data/diem_chuan_2024_final.csv
DHY,7720501_02,Răng - Hàm - Mặt (Xét kết hợp CC tiếng Anh quốc tế),B00,25.2,Điểm thi THPT,,2024,https://github.com/HTNam1710/ADS_Final/blob/main/Data/diem_chuan_2024_final.csv
DHY,7720601,Kỹ thuật xét nghiệm y học,B00; B08,21.7,Điểm thi THPT,,2024,https://github.com/HTNam1710/ADS_Final/blob/main/Data/diem_chuan_2024_final.csv
DHY,7720602,Kỹ thuật hình ảnh y học,A00; B00,19.8,Điểm thi THPT,,2024,https://github.com/HTNam1710/ADS_Final/blob/main/Data/diem_chuan_2024_final.csv
DHY,7720701,Y tế công cộng,B00; B08,15,Điểm thi THPT,,2024,https://github.com/HTNam1710/ADS_Final/blob/main/Data/diem_chuan_2024_final.csv
DDY,7720101,Y khoa,B00; B08,25.55,Điểm thi THPT,,2024,https://github.com/HTNam1710/ADS_Final/blob/main/Data/diem_chuan_2024_final.csv
DDY,7720201,Dược học,B00; A00; D07,24.45,Điểm thi THPT,,2024,https://github.com/HTNam1710/ADS_Final/blob/main/Data/diem_chuan_2024_final.csv
DDY,7720301,Điều dưỡng,B00; B08,22.65,Điểm thi THPT,,2024,https://github.com/HTNam1710/ADS_Final/blob/main/Data/diem_chuan_2024_final.csv
DDY,7720501,Răng - Hàm - Mặt,B00; B08,25.57,Điểm thi THPT,,2024,https://github.com/HTNam1710/ADS_Final/blob/main/Data/diem_chuan_2024_final.csv
DDY,7720601,Kỹ thuật xét nghiệm y học,B00; B08; A00,22.35,Điểm thi THPT,,2024,https://github.com/HTNam1710/ADS_Final/blob/main/Data/diem_chuan_2024_final.csv
KTS,7210110,Mỹ thuật đô thị,V00; V01; V02,22.76,Điểm thi THPT,,2024,https://github.com/HTNam1710/ADS_Final/blob/main/Data/diem_chuan_2024_final.csv
KTS,7210402,Thiết kế công nghiệp,H01; H02,24.72,Điểm thi THPT,,2024,https://github.com/HTNam1710/ADS_Final/blob/main/Data/diem_chuan_2024_final.csv
KTS,7210403,Thiết kế đồ họa,H01; H06,25.54,Điểm thi THPT,,2024,https://github.com/HTNam1710/ADS_Final/blob/main/Data/diem_chuan_2024_final.csv
KTS,7210404,Thiết kế thời trang,H01; H06,24.81,Điểm thi THPT,,2024,https://github.com/HTNam1710/ADS_Final/blob/main/Data/diem_chuan_2024_final.csv
KTS,7580101,Kiến trúc,V00; V01; V02,24.09,Điểm thi THPT,,2024,https://github.com/HTNam1710/ADS_Final/blob/main/Data/diem_chuan_2024_final.csv
KTS,7580101CLC,Kiến trúc (CLC),V00; V01; V02,23.68,Điểm thi THPT,,2024,https://github.com/HTNam1710/ADS_Final/blob/main/Data/diem_chuan_2024_final.csv
KTS,7580101CT,Kiến trúc (CT),V00; V01; V02,22.78,Điểm thi THPT,Đào tạo tại cơ sở Cần Thơ,2024,https://github.com/HTNam1710/ADS_Final/blob/main/Data/diem_chuan_2024_final.csv
KTS,7580101DL,Kiến trúc (DL),V00; V01; V02,22.15,Điểm thi THPT,Đào tạo tại cơ sở Đà Lạt,2024,https://github.com/HTNam1710/ADS_Final/blob/main/Data/diem_chuan_2024_final.csv
KTS,7580102,Kiến trúc cảnh quan,V00; V01; V02,23.4,Điểm thi THPT,,2024,https://github.com/HTNam1710/ADS_Final/blob/main/Data/diem_chuan_2024_final.csv
KTS,7580105,Quy hoạch vùng và đô thị,V00; V01; V02,23.12,Điểm thi THPT,,2024,https://github.com/HTNam1710/ADS_Final/blob/main/Data/diem_chuan_2024_final.csv
KTS,7580105CLC,Quy hoạch vùng và đô thị (CLC),V00; V01; V02,22.32,Điểm thi THPT,,2024,https://github.com/HTNam1710/ADS_Final/blob/main/Data/diem_chuan_2024_final.csv
KTS,7580108,Thiết kế nội thất,V00; V01; V02,23.91,Điểm thi THPT,,2024,https://github.com/HTNam1710/ADS_Final/blob/main/Data/diem_chuan_2024_final.csv
KTS,7580108CT,Thiết kế nội thất (CT),V00; V01; V02,21.81,Điểm thi THPT,Đào tạo tại cơ sở Cần Thơ,2024,https://github.com/HTNam1710/ADS_Final/blob/main/Data/diem_chuan_2024_final.csv
KTS,7580199,Thiết kế đô thị (CT tiên tiến),V00; V01; V02,21.39,Điểm thi THPT,,2024,https://github.com/HTNam1710/ADS_Final/blob/main/Data/diem_chuan_2024_final.csv
KTS,7580201,Kỹ thuật xây dựng,A00; A01; C01; C02,21.2,Điểm thi THPT,,2024,https://github.com/HTNam1710/ADS_Final/blob/main/Data/diem_chuan_2024_final.csv
KTS,7580201CLC,Kỹ thuật xây dựng (CLC),A00; A01; C01; C02,21.2,Điểm thi THPT,,2024,https://github.com/HTNam1710/ADS_Final/blob/main/Data/diem_chuan_2024_final.csv
KTS,7580201CT,Kỹ thuật xây dựng (CT),A00; A01; C01; C02,17.35,Điểm thi THPT,Đào tạo tại cơ sở Cần Thơ,2024,https://github.com/HTNam1710/ADS_Final/blob/main/Data/diem_chuan_2024_final.csv
KTS,7580201DL,Kỹ thuật xây dựng (DL),A00; A01; C01; C02,15.95,Điểm thi THPT,Đào tạo tại cơ sở Đà Lạt,2024,https://github.com/HTNam1710/ADS_Final/blob/main/Data/diem_chuan_2024_final.csv
KTS,7580210,Kỹ thuật cơ sở hạ tầng,A00; A01; C01; D01,18.8,Điểm thi THPT,,2024,https://github.com/HTNam1710/ADS_Final/blob/main/Data/diem_chuan_2024_final.csv
KTS,7580302,Quản lý xây dựng,A00; A01; C01; C02,22.5,Điểm thi THPT,,2024,https://github.com/HTNam1710/ADS_Final/blob/main/Data/diem_chuan_2024_final.csv
HCA,7310202,Xây dựng Đảng và chính quyền nhà nước,A01; C00; C03; D01,19.97,Điểm thi THPT,"Nam, phía Bắc (Mã bài thi CA1)",2024,https://github.com/HTNam1710/ADS_Final/blob/main/Data/diem_chuan_2024_final.csv
QSY,7720101,Y khoa,B00,26.4,Điểm thi THPT,,2024,https://github.com/HTNam1710/ADS_Final/blob/main/Data/diem_chuan_2024_final.csv
QSY,7720115,Y học cổ truyền,B00,24.24,Điểm thi THPT,,2024,https://github.com/HTNam1710/ADS_Final/blob/main/Data/diem_chuan_2024_final.csv
QSY,7720201,Dược học,A00; B00,25.31,Điểm thi THPT,,2024,https://github.com/HTNam1710/ADS_Final/blob/main/Data/diem_chuan_2024_final.csv
QSY,7720301,Điều dưỡng,B00,22.6,Điểm thi THPT,,2024,https://github.com/HTNam1710/ADS_Final/blob/main/Data/diem_chuan_2024_final.csv
QSY,7720501,Răng - Hàm - Mặt,B00,26.33,Điểm thi THPT,,2024,https://github.com/HTNam1710/ADS_Final/blob/main/Data/diem_chuan_2024_final.csv
QSQ,7220201,Ngôn ngữ Anh,D01; D09; D14; D15,34.5,Điểm thi THPT,"Thang điểm 40, TA nhân hệ số 2",2024,https://github.com/HTNam1710/ADS_Final/blob/main/Data/diem_chuan_2024_final.csv
QSQ,7220201_WE2,Ngôn ngữ Anh (Chương trình liên kết với ĐH West of England) (2+2),D01; D09; D14; D15,30,Điểm thi THPT,"Thang điểm 40, TA nhân hệ số 2",2024,https://github.com/HTNam1710/ADS_Final/blob/main/Data/diem_chuan_2024_final.csv
QSQ,7220201_WE3,Ngôn ngữ Anh (Chương trình liên kết với ĐH West of England) (3+1),D01; D09; D14; D15,30,Điểm thi THPT,"Thang điểm 40, TA nhân hệ số 2",2024,https://github.com/HTNam1710/ADS_Final/blob/main/Data/diem_chuan_2024_final.csv
QSQ,7220201_WE4,Ngôn ngữ Anh (Chương trình liên kết với ĐH West of England) (4+0),D01; D09; D14; D15,30,Điểm thi THPT,"Thang điểm 40, TA nhân hệ số 2",2024,https://github.com/HTNam1710/ADS_Final/blob/main/Data/diem_chuan_2024_final.csv
QSQ,7310101,Kinh tế (Phân tích dữ liệu trong kinh tế),A00; A01; D01; D07,23.25,Điểm thi THPT,,2024,https://github.com/HTNam1710/ADS_Final/blob/main/Data/diem_chuan_2024_final.csv
QSQ,7340101,Quản trị kinh doanh,A00; A01; D01; D07,22.5,Điểm thi THPT,,2024,https://github.com/HTNam1710/ADS_Final/blob/main/Data/diem_chuan_2024_final.csv
QSQ,7340101_AND,Quản trị kinh doanh (Chương trình liên kết với ĐH Andrews) (4+0),A00; A01; D01; D07,18,Điểm thi THPT,,2024,https://github.com/HTNam1710/ADS_Final/blob/main/Data/diem_chuan_2024_final.csv
QSQ,7340101_AU,Quản trị kinh doanh (Chương trình liên kết với ĐH Công nghệ Auckland) (1+2/1.5+1.5),A00; A01; D01; D07,18,Điểm thi THPT,,2024,https://github.com/HTNam1710/ADS_Final/blob/main/Data/diem_chuan_2024_final.csv
QSQ,7340101_LU,Quản trị kinh doanh (Chương trình liên kết với ĐH Lakehead) (2+2),A00; A01; D01; D07,18,Điểm thi THPT,,2024,https://github.com/HTNam1710/ADS_Final/blob/main/Data/diem_chuan_2024_final.csv
QSQ,7340101_NS,Quản trị kinh doanh (Chương trình liên kết với ĐH New South Wales) (2+2),A00; A01; D01; D07,18,Điểm thi THPT,,2024,https://github.com/HTNam1710/ADS_Final/blob/main/Data/diem_chuan_2024_final.csv
QSQ,7340101_SY,Quản trị kinh doanh (Chương trình liên kết với ĐH Sydney) (2+2),A00; A01; D01; D07,18,Điểm thi THPT,,2024,https://github.com/HTNam1710/ADS_Final/blob/main/Data/diem_chuan_2024_final.csv
QSQ,7340101_UH,Quản trị kinh doanh (Chương trình liên kết với ĐH Houston) (2+2),A00; A01; D01; D07,18,Điểm thi THPT,,2024,https://github.com/HTNam1710/ADS_Final/blob/main/Data/diem_chuan_2024_final.csv
QSQ,7340101_WE,Quản trị kinh doanh (Chương trình liên kết với ĐH West of England) (2+2),A00; A01; D01; D07,18,Điểm thi THPT,,2024,https://github.com/HTNam1710/ADS_Final/blob/main/Data/diem_chuan_2024_final.csv
QSQ,7340101_WE4,Quản trị kinh doanh (Chương trình liên kết với ĐH West of England) (4+0),A00; A01; D01; D07,18,Điểm thi THPT,,2024,https://github.com/HTNam1710/ADS_Final/blob/main/Data/diem_chuan_2024_final.csv
QSQ,7340115,Marketing,A00; A01; D01; D07,23,Điểm thi THPT,,2024,https://github.com/HTNam1710/ADS_Final/blob/main/Data/diem_chuan_2024_final.csv
QSQ,7340201,Tài chính – Ngân hàng,A00; A01; D01; D07,22.5,Điểm thi THPT,,2024,https://github.com/HTNam1710/ADS_Final/blob/main/Data/diem_chuan_2024_final.csv
QSQ,7340201_MQ,Tài chính (Chương trình liên kết với ĐH Macquarie) (2+1),A00; A01; D01; D07,20,Điểm thi THPT,,2024,https://github.com/HTNam1710/ADS_Final/blob/main/Data/diem_chuan_2024_final.csv
QSQ,7340301,Kế toán,A00; A01; D01; D07,22.5,Điểm thi THPT,,2024,https://github.com/HTNam1710/ADS_Final/blob/main/Data/diem_chuan_2024_final.csv
QSQ,7340301_MQ,Kế toán (Chương trình liên kết với ĐH Macquarie) (2+1),A00; A01; D01; D07,20,Điểm thi THPT,,2024,https://github.com/HTNam1710/ADS_Final/blob/main/Data/diem_chuan_2024_final.csv
QSQ,7420201,Công nghệ sinh học,A00; B00; B08; D07,20.5,Điểm thi THPT,,2024,https://github.com/HTNam1710/ADS_Final/blob/main/Data/diem_chuan_2024_final.csv
QSQ,7420201_WE2,Công nghệ sinh học (Chương trình liên kết với ĐH West of England) (2+2),A00; B00; B08; D07,18,Điểm thi THPT,,2024,https://github.com/HTNam1710/ADS_Final/blob/main/Data/diem_chuan_2024_final.csv
QSQ,7420201_WE4,Công nghệ sinh học định hướng Y Sinh (Chương trình liên kết với ĐH West of England) (4+0),A00; B00; B08; D07,18,Điểm thi THPT,,2024,https://github.com/HTNam1710/ADS_Final/blob/main/Data/diem_chuan_2024_final.csv
QSQ,7440112,Hóa học (Hóa sinh),A00; B00; B08; D07,19,Điểm thi THPT,,2024,https://github.com/HTNam1710/ADS_Final/blob/main/Data/diem_chuan_2024_final.csv
QSQ,7460108,Khoa học dữ liệu,A00; A01,24,Điểm thi THPT,,2024,https://github.com/HTNam1710/ADS_Final/blob/main/Data/diem_chuan_2024_final.csv
QSQ,7460112,Toán ứng dụng (Kỹ thuật Tài chính và Quản trị rủi ro),A00; A01,20,Điểm thi THPT,,2024,https://github.com/HTNam1710/ADS_Final/blob/main/Data/diem_chuan_2024_final.csv
QSQ,7460201,Thống kê (Thống kê ứng dụng),A00; A01,18,Điểm thi THPT,,2024,https://github.com/HTNam1710/ADS_Final/blob/main/Data/diem_chuan_2024_final.csv
QSQ,7480101,Khoa học máy tính,A00; A01,24,Điểm thi THPT,,2024,https://github.com/HTNam1710/ADS_Final/blob/main/Data/diem_chuan_2024_final.csv
QSQ,7480101_WE2,Khoa học máy tính (Chương trình liên kết với ĐH West of England) (2+2),A00; A01,21,Điểm thi THPT,,2024,https://github.com/HTNam1710/ADS_Final/blob/main/Data/diem_chuan_2024_final.csv
QSQ,7480201,Công nghệ thông tin,A00; A01,24,Điểm thi THPT,,2024,https://github.com/HTNam1710/ADS_Final/blob/main/Data/diem_chuan_2024_final.csv
QSQ,7480201_SB,Công nghệ thông tin (Chương trình liên kết với ĐH SUNY Binghamton) (2+2),A00; A01,21,Điểm thi THPT,,2024,https://github.com/HTNam1710/ADS_Final/blob/main/Data/diem_chuan_2024_final.csv
QSQ,7480201_WE4,Công nghệ thông tin (Chương trình liên kết với ĐH West of England) (4+0),A00; A01,21,Điểm thi THPT,,2024,https://github.com/HTNam1710/ADS_Final/blob/main/Data/diem_chuan_2024_final.csv
QSQ,7510605,Logistics và Quản lý chuỗi cung ứng,A00; A01; D01,24,Điểm thi THPT,,2024,https://github.com/HTNam1710/ADS_Final/blob/main/Data/diem_chuan_2024_final.csv
QSQ,7520118,Kỹ thuật hệ thống công nghiệp,A00; A01; D01,18,Điểm thi THPT,,2024,https://github.com/HTNam1710/ADS_Final/blob/main/Data/diem_chuan_2024_final.csv
QSQ,7520118_SB,Kỹ thuật hệ thống công nghiệp (Chương trình liên kết với ĐH SUNY Binghamton) (2+2),A00; A01; D01,18,Điểm thi THPT,,2024,https://github.com/HTNam1710/ADS_Final/blob/main/Data/diem_chuan_2024_final.csv
QSQ,7520121,Kỹ thuật không gian (Phân tích và ứng dụng dữ liệu lớn),A00; A01; A02; D01,21,Điểm thi THPT,,2024,https://github.com/HTNam1710/ADS_Final/blob/main/Data/diem_chuan_2024_final.csv
QSQ,7520207,Kỹ thuật điện tử – viễn thông,A00; A01; B00; D01,21,Điểm thi THPT,,2024,https://github.com/HTNam1710/ADS_Final/blob/main/Data/diem_chuan_2024_final.csv
QSQ,7520207_SB,Kỹ thuật điện tử (Chương trình liên kết với ĐH SUNY Binghamton) (2+2),A00; A01; B00; D01,18,Điểm thi THPT,,2024,https://github.com/HTNam1710/ADS_Final/blob/main/Data/diem_chuan_2024_final.csv
QSQ,7520207_WE,Kỹ thuật điện tử – viễn thông (Chương trình liên kết với ĐH West of England) (2+2),A00; A01; B00; D01,18,Điểm thi THPT,,2024,https://github.com/HTNam1710/ADS_Final/blob/main/Data/diem_chuan_2024_final.csv
QSQ,7520212,Kỹ thuật y sinh,A01; B00; B08; D07,21,Điểm thi THPT,,2024,https://github.com/HTNam1710/ADS_Final/blob/main/Data/diem_chuan_2024_final.csv
QSQ,7520216,Kỹ thuật điều khiển và tự động hóa,A00; A01; B00; D01,21.5,Điểm thi THPT,,2024,https://github.com/HTNam1710/ADS_Final/blob/main/Data/diem_chuan_2024_final.csv
QSQ,7520301,Kỹ thuật hóa học,A00; A01; B00; D07,19.5,Điểm thi THPT,,2024,https://github.com/HTNam1710/ADS_Final/blob/main/Data/diem_chuan_2024_final.csv
QSQ,7540101,Công nghệ thực phẩm,A00; A01; B00; D07,19,Điểm thi THPT,,2024,https://github.com/HTNam1710/ADS_Final/blob/main/Data/diem_chuan_2024_final.csv
QSQ,7580201,Kỹ thuật xây dựng,A00; A01; D07,18,Điểm thi THPT,,2024,https://github.com/HTNam1710/ADS_Final/blob/main/Data/diem_chuan_2024_final.csv
QSQ,7580201_DK,Kỹ thuật xây dựng (Chương trình liên kết với ĐH Deakin) (2+2),A00; A01; D07,16.5,Điểm thi THPT,,2024,https://github.com/HTNam1710/ADS_Final/blob/main/Data/diem_chuan_2024_final.csv
QSQ,7580302,Quản lý xây dựng,A00; A01; D01; D07,18,Điểm thi THPT,,2024,https://github.com/HTNam1710/ADS_Final/blob/main/Data/diem_chuan_2024_final.csv
THV,7140201,Giáo dục Mầm non,M00; M01; M07; M09,33.47,Điểm thi THPT,"Học lực lớp 12 đạt Giỏi, x2 năng khiếu",2024,https://github.com/HTNam1710/ADS_Final/blob/main/Data/diem_chuan_2024_final.csv
THV,7140202,Giáo dục Tiểu học,A00; C00; C19; D01,28.13,Điểm thi THPT,Học lực lớp 12 đạt Giỏi,2024,https://github.com/HTNam1710/ADS_Final/blob/main/Data/diem_chuan_2024_final.csv
THV,7140206,Giáo dục Thể chất,T00; T02; T05; T07,34,Điểm thi THPT,"Học lực lớp 12 đạt khá trở lên, x2 năng khiếu",2024,https://github.com/HTNam1710/ADS_Final/blob/main/Data/diem_chuan_2024_final.csv
THV,7140209,Sư phạm Toán học,A00; A01; D01; D84,26.5,Điểm thi THPT,Học lực lớp 12 đạt Giỏi,2024,https://github.com/HTNam1710/ADS_Final/blob/main/Data/diem_chuan_2024_final.csv
THV,7140217,Sư phạm Ngữ văn,C00; C19; D14; C20,28.44,Điểm thi THPT,Học lực lớp 12 đạt Giỏi,2024,https://github.com/HTNam1710/ADS_Final/blob/main/Data/diem_chuan_2024_final.csv
THV,7140221,Sư phạm Âm nhạc,N00; N01,33,Điểm thi THPT,"Học lực lớp 12 đạt khá trở lên, x2 năng khiếu",2024,https://github.com/HTNam1710/ADS_Final/blob/main/Data/diem_chuan_2024_final.csv
THV,7140231,Sư phạm Tiếng Anh,D01; D11; D14; D15,26.6,Điểm thi THPT,Học lực lớp 12 đạt Giỏi,2024,https://github.com/HTNam1710/ADS_Final/blob/main/Data/diem_chuan_2024_final.csv
THV,7220201,Ngôn ngữ Anh,D01; D11; D14; D15,19,Điểm thi THPT,,2024,https://github.com/HTNam1710/ADS_Final/blob/main/Data/diem_chuan_2024_final.csv
THV,7220204,Ngôn ngữ Trung Quốc,D01; D04; D45; D15,21,Điểm thi THPT,,2024,https://github.com/HTNam1710/ADS_Final/blob/main/Data/diem_chuan_2024_final.csv
THV,7310101,Kinh tế,A00; A01; A09; D01,18,Điểm thi THPT,,2024,https://github.com/HTNam1710/ADS_Final/blob/main/Data/diem_chuan_2024_final.csv
THV,7340101,Quản trị kinh doanh,A00; A01; A09; D01,18,Điểm thi THPT,,2024,https://github.com/HTNam1710/ADS_Final/blob/main/Data/diem_chuan_2024_final.csv
THV,7340201,Tài chính - Ngân hàng,A00; A01; A09; D01,18,Điểm thi THPT,,2024,https://github.com/HTNam1710/ADS_Final/blob/main/Data/diem_chuan_2024_final.csv
THV,7340301,Kế toán,A00; A01; A09; D01,18,Điểm thi THPT,,2024,https://github.com/HTNam1710/ADS_Final/blob/main/Data/diem_chuan_2024_final.csv
THV,7480201,Công nghệ thông tin,A00; A01; A10; D01,18,Điểm thi THPT,,2024,https://github.com/HTNam1710/ADS_Final/blob/main/Data/diem_chuan_2024_final.csv
THV,7510201,Công nghệ Kỹ thuật Cơ khí,A00; A01; A10; D01,18,Điểm thi THPT,,2024,https://github.com/HTNam1710/ADS_Final/blob/main/Data/diem_chuan_2024_final.csv
THV,7510301,"Công nghệ Kỹ thuật điện, điện tử",A00; A01; D01; D01,18,Điểm thi THPT,,2024,https://github.com/HTNam1710/ADS_Final/blob/main/Data/diem_chuan_2024_final.csv
THV,7640101,Thú y,A00; B00; D07; D08,18,Điểm thi THPT,,2024,https://github.com/HTNam1710/ADS_Final/blob/main/Data/diem_chuan_2024_final.csv
THV,7720301,Điều dưỡng,A00; B00; D07; D08,19,Điểm thi THPT,Học lực lớp 12 đạt khá trở lên,2024,https://github.com/HTNam1710/ADS_Final/blob/main/Data/diem_chuan_2024_final.csv
THV,7760101,Công tác xã hội,C00; C20; D01; D15,18,Điểm thi THPT,,2024,https://github.com/HTNam1710/ADS_Final/blob/main/Data/diem_chuan_2024_final.csv
THV,7810103,Quản trị dịch vụ du lịch và lữ hành,C00; C20; D01; D15,18,Điểm thi THPT,,2024,https://github.com/HTNam1710/ADS_Final/blob/main/Data/diem_chuan_2024_final.csv
THP,7140201,Giáo dục Mầm non,M00; M01; M03; M04,21.5,Điểm thi THPT,,2024,https://github.com/HTNam1710/ADS_Final/blob/main/Data/diem_chuan_2024_final.csv
THP,7140202,Giáo dục Tiểu học,A00; C01; C02; D01,24.5,Điểm thi THPT,,2024,https://github.com/HTNam1710/ADS_Final/blob/main/Data/diem_chuan_2024_final.csv
THP,7140206,Giáo dục Thể chất,T00; T01,29,Điểm thi THPT,Năng khiếu nhân 2,2024,https://github.com/HTNam1710/ADS_Final/blob/main/Data/diem_chuan_2024_final.csv
THP,7140209,Sư phạm Toán học,A00; A01; C01; D01,25.75,Điểm thi THPT,,2024,https://github.com/HTNam1710/ADS_Final/blob/main/Data/diem_chuan_2024_final.csv
THP,7140217,Sư phạm Ngữ văn,C00; D01; D14; D15,26.5,Điểm thi THPT,,2024,https://github.com/HTNam1710/ADS_Final/blob/main/Data/diem_chuan_2024_final.csv
THP,7140231,Sư phạm Tiếng Anh,A01; D01; D06; D15,33.5,Điểm thi THPT,Ngoại ngữ nhân 2,2024,https://github.com/HTNam1710/ADS_Final/blob/main/Data/diem_chuan_2024_final.csv
THP,7220201,Ngôn ngữ Anh,A01; D01; D06; D15,28.25,Điểm thi THPT,Ngoại ngữ nhân 2,2024,https://github.com/HTNam1710/ADS_Final/blob/main/Data/diem_chuan_2024_final.csv
THP,7220204,Ngôn ngữ Trung Quốc,D01; D03; D04; D06,31,Điểm thi THPT,Ngoại ngữ nhân 2,2024,https://github.com/HTNam1710/ADS_Final/blob/main/Data/diem_chuan_2024_final.csv
THP,7310101,Kinh tế,A00; A01; C01; D01,20.5,Điểm thi THPT,,2024,https://github.com/HTNam1710/ADS_Final/blob/main/Data/diem_chuan_2024_final.csv
THP,7310630,Việt Nam học,C00; D01; D06; D15,17,Điểm thi THPT,,2024,https://github.com/HTNam1710/ADS_Final/blob/main/Data/diem_chuan_2024_final.csv
THP,7340101,Quản trị kinh doanh,A00; A01; C01; D01,20,Điểm thi THPT,,2024,https://github.com/HTNam1710/ADS_Final/blob/main/Data/diem_chuan_2024_final.csv
THP,7340122,Thương mại điện tử,A00; A01; C01; D01,19,Điểm thi THPT,,2024,https://github.com/HTNam1710/ADS_Final/blob/main/Data/diem_chuan_2024_final.csv
THP,7340201,Tài chính - Ngân hàng,A00; A01; C01; D01,19.5,Điểm thi THPT,,2024,https://github.com/HTNam1710/ADS_Final/blob/main/Data/diem_chuan_2024_final.csv
THP,7340301,Kế toán,A00; A01; C01; D01,20,Điểm thi THPT,,2024,https://github.com/HTNam1710/ADS_Final/blob/main/Data/diem_chuan_2024_final.csv
THP,7380101,Luật,A00; C00; C03; D01,24.5,Điểm thi THPT,,2024,https://github.com/HTNam1710/ADS_Final/blob/main/Data/diem_chuan_2024_final.csv
THP,7480201,Công nghệ thông tin,A00; A01; C01; D01,19,Điểm thi THPT,,2024,https://github.com/HTNam1710/ADS_Final/blob/main/Data/diem_chuan_2024_final.csv
THP,7510103,Công nghệ kỹ thuật xây dựng,A00; A01; C01; D01,17,Điểm thi THPT,,2024,https://github.com/HTNam1710/ADS_Final/blob/main/Data/diem_chuan_2024_final.csv
THP,7510202,Công nghệ chế tạo máy,A00; A01; C01; D01,17,Điểm thi THPT,,2024,https://github.com/HTNam1710/ADS_Final/blob/main/Data/diem_chuan_2024_final.csv
THP,7510203,Công nghệ kỹ thuật cơ điện tử,A00; A01; C01; D01,18,Điểm thi THPT,,2024,https://github.com/HTNam1710/ADS_Final/blob/main/Data/diem_chuan_2024_final.csv
THP,7510301,"Công nghệ kỹ thuật điện, điện tử",A00; A01; A16; C01,18,Điểm thi THPT,,2024,https://github.com/HTNam1710/ADS_Final/blob/main/Data/diem_chuan_2024_final.csv
THP,7510303,Công nghệ kỹ thuật điều khiển và tự động hóa,A00; A01; A16; C01,17,Điểm thi THPT,,2024,https://github.com/HTNam1710/ADS_Final/blob/main/Data/diem_chuan_2024_final.csv
THP,7580101,Kiến trúc,A00; A01; D01; V01,17,Điểm thi THPT,,2024,https://github.com/HTNam1710/ADS_Final/blob/main/Data/diem_chuan_2024_final.csv
THP,7760101,Công tác xã hội,C00; D01; D14; D15,17,Điểm thi THPT,,2024,https://github.com/HTNam1710/ADS_Final/blob/main/Data/diem_chuan_2024_final.csv
THP,7810103,Quản trị dịch vụ du lịch và lữ hành,C00; D01; D06; D15,23.5,Điểm thi THPT,,2024,https://github.com/HTNam1710/ADS_Final/blob/main/Data/diem_chuan_2024_final.csv
HCP,7220201,Ngôn ngữ Anh,A01; D01; D07; D10,33.05,Điểm thi THPT,Thang điểm 40,2024,https://github.com/HTNam1710/ADS_Final/blob/main/Data/diem_chuan_2024_final.csv
HCP,7310101,Kinh tế,A00; A01; D01; D07,24.83,Điểm thi THPT,,2024,https://github.com/HTNam1710/ADS_Final/blob/main/Data/diem_chuan_2024_final.csv
HCP,7310105,Kinh tế phát triển,A00; A01; C02; D01,25.43,Điểm thi THPT,,2024,https://github.com/HTNam1710/ADS_Final/blob/main/Data/diem_chuan_2024_final.csv
HCP,7310106,Kinh tế quốc tế,A00; A01; D01; D07,25.01,Điểm thi THPT,,2024,https://github.com/HTNam1710/ADS_Final/blob/main/Data/diem_chuan_2024_final.csv
HCP,7310106_1,Kinh tế đối ngoại chất lượng cao giảng dạy bằng Tiếng Anh,A01; D01; D07; D10,32.85,Điểm thi THPT,Thang điểm 40,2024,https://github.com/HTNam1710/ADS_Final/blob/main/Data/diem_chuan_2024_final.csv
HCP,7310109,Kinh tế số,A00; A01; D01; D07,25.43,Điểm thi THPT,,2024,https://github.com/HTNam1710/ADS_Final/blob/main/Data/diem_chuan_2024_final.csv
HCP,7310205,Quản lý nhà nước,C00; A01; D01; D09,25.57,Điểm thi THPT,,2024,https://github.com/HTNam1710/ADS_Final/blob/main/Data/diem_chuan_2024_final.csv
HCP,7340101,Quản trị kinh doanh,A00; A01; D01; D07,24.68,Điểm thi THPT,,2024,https://github.com/HTNam1710/ADS_Final/blob/main/Data/diem_chuan_2024_final.csv
HCP,7340101_1,Quản trị kinh doanh chất lượng cao giảng dạy bằng Tiếng Anh,A01; D01; D07; D10,33.33,Điểm thi THPT,Thang điểm 40,2024,https://github.com/HTNam1710/ADS_Final/blob/main/Data/diem_chuan_2024_final.csv
HCP,7340201,Tài chính - Ngân hàng,A00; A01; D01; D07,25.26,Điểm thi THPT,,2024,https://github.com/HTNam1710/ADS_Final/blob/main/Data/diem_chuan_2024_final.csv
HCP,7340201_1,Tài chính chất lượng cao giảng dạy bằng Tiếng Anh,A01; D01; D07; D10,33.3,Điểm thi THPT,Thang điểm 40,2024,https://github.com/HTNam1710/ADS_Final/blob/main/Data/diem_chuan_2024_final.csv
HCP,7340301,Kế toán,A00; A01; D01; D07,25.84,Điểm thi THPT,,2024,https://github.com/HTNam1710/ADS_Final/blob/main/Data/diem_chuan_2024_final.csv
HCP,7380107,Luật kinh tế,C00; A01; D01; D09,27.43,Điểm thi THPT,,2024,https://github.com/HTNam1710/ADS_Final/blob/main/Data/diem_chuan_2024_final.csv
MHN,7210403,Thiết kế đồ họa,H00; H01; H06,22.38,Điểm thi THPT,,2024,https://github.com/HTNam1710/ADS_Final/blob/main/Data/diem_chuan_2024_final.csv
MHN,7210404,Thiết kế thời trang,H00; H01; H06,19.75,Điểm thi THPT,,2024,https://github.com/HTNam1710/ADS_Final/blob/main/Data/diem_chuan_2024_final.csv
MHN,7220201,Ngôn ngữ Anh,D01,32.03,Điểm thi THPT,,2024,https://github.com/HTNam1710/ADS_Final/blob/main/Data/diem_chuan_2024_final.csv
MHN,7220204,Ngôn ngữ Trung Quốc,D01; D04,33.19,Điểm thi THPT,,2024,https://github.com/HTNam1710/ADS_Final/blob/main/Data/diem_chuan_2024_final.csv
MHN,7340101,Quản trị kinh doanh,A00; A01; D01,23.52,Điểm thi THPT,,2024,https://github.com/HTNam1710/ADS_Final/blob/main/Data/diem_chuan_2024_final.csv
MHN,7340122,Thương mại điện tử,A00; A01; D01,24.91,Điểm thi THPT,,2024,https://github.com/HTNam1710/ADS_Final/blob/main/Data/diem_chuan_2024_final.csv
MHN,7340201,Tài chính - Ngân hàng,A00; A01; D01,23.48,Điểm thi THPT,,2024,https://github.com/HTNam1710/ADS_Final/blob/main/Data/diem_chuan_2024_final.csv
MHN,7340204,Bảo hiểm,A00; A01; D01,20.5,Điểm thi THPT,,2024,https://github.com/HTNam1710/ADS_Final/blob/main/Data/diem_chuan_2024_final.csv
MHN,7340301,Kế toán,A00; A01; D01,23.75,Điểm thi THPT,,2024,https://github.com/HTNam1710/ADS_Final/blob/main/Data/diem_chuan_2024_final.csv
MHN,7380101,Luật,A00; D01,23.77,Điểm thi THPT,,2024,https://github.com/HTNam1710/ADS_Final/blob/main/Data/diem_chuan_2024_final.csv
MHN,7380101,Luật,C00,25.52,Điểm thi THPT,,2024,https://github.com/HTNam1710/ADS_Final/blob/main/Data/diem_chuan_2024_final.csv
MHN,7380107,Luật kinh tế,C00,26.12,Điểm thi THPT,,2024,https://github.com/HTNam1710/ADS_Final/blob/main/Data/diem_chuan_2024_final.csv
MHN,7380107,Luật kinh tế,A00; D01,24.12,Điểm thi THPT,,2024,https://github.com/HTNam1710/ADS_Final/blob/main/Data/diem_chuan_2024_final.csv
MHN,7380108,Luật quốc tế,C00,25.24,Điểm thi THPT,,2024,https://github.com/HTNam1710/ADS_Final/blob/main/Data/diem_chuan_2024_final.csv
MHN,7380108,Luật quốc tế,A00; D01,22.99,Điểm thi THPT,,2024,https://github.com/HTNam1710/ADS_Final/blob/main/Data/diem_chuan_2024_final.csv
MHN,7420201,Công nghệ sinh học,B00; A00; D07,17,Điểm thi THPT,,2024,https://github.com/HTNam1710/ADS_Final/blob/main/Data/diem_chuan_2024_final.csv
MHN,7480201,Công nghệ thông tin,A00; A01; D01,22.95,Điểm thi THPT,,2024,https://github.com/HTNam1710/ADS_Final/blob/main/Data/diem_chuan_2024_final.csv
MHN,7510302,Công nghệ kỹ thuật điện tử - viễn thông,A00; A01; D01,22.05,Điểm thi THPT,,2024,https://github.com/HTNam1710/ADS_Final/blob/main/Data/diem_chuan_2024_final.csv
MHN,7510303,Công nghệ kỹ thuật điều khiển và tự động hóa,A00; A01; D01,22.55,Điểm thi THPT,,2024,https://github.com/HTNam1710/ADS_Final/blob/main/Data/diem_chuan_2024_final.csv
MHN,7540101,Công nghệ thực phẩm,B00; A00; D07,17,Điểm thi THPT,,2024,https://github.com/HTNam1710/ADS_Final/blob/main/Data/diem_chuan_2024_final.csv
MHN,7580101,Kiến trúc,V00; V01; V02,22.5,Điểm thi THPT,,2024,https://github.com/HTNam1710/ADS_Final/blob/main/Data/diem_chuan_2024_final.csv
MHN,7580108,Thiết kế nội thất,H00; H01; H06,20.45,Điểm thi THPT,,2024,https://github.com/HTNam1710/ADS_Final/blob/main/Data/diem_chuan_2024_final.csv
MHN,7810103,Quản trị dịch vụ du lịch và lữ hành,D01,28.53,Điểm thi THPT,,2024,https://github.com/HTNam1710/ADS_Final/blob/main/Data/diem_chuan_2024_final.csv
MHN,7810201,Quản trị khách sạn,D01,28.13,Điểm thi THPT,,2024,https://github.com/HTNam1710/ADS_Final/blob/main/Data/diem_chuan_2024_final.csv
LDA,7220201,Ngôn ngữ Anh,D01; D14; D15,33,Điểm thi THPT,Tiếng Anh nhân hệ số 2,2024,https://github.com/HTNam1710/ADS_Final/blob/main/Data/diem_chuan_2024_final.csv
LDA,7310101,Kinh tế,A00; A01; D01,23.4,Điểm thi THPT,,2024,https://github.com/HTNam1710/ADS_Final/blob/main/Data/diem_chuan_2024_final.csv
LDA,7310301,Xã hội học,A01; C00; D01,22.75,Điểm thi THPT,,2024,https://github.com/HTNam1710/ADS_Final/blob/main/Data/diem_chuan_2024_final.csv
LDA,7310630,Việt Nam học,C00; D01; D14; D15,22.5,Điểm thi THPT,,2024,https://github.com/HTNam1710/ADS_Final/blob/main/Data/diem_chuan_2024_final.csv
LDA,7340101,Quản trị kinh doanh,A00; A01; D01,22.8,Điểm thi THPT,,2024,https://github.com/HTNam1710/ADS_Final/blob/main/Data/diem_chuan_2024_final.csv
LDA,7340201,Tài chính - Ngân hàng,A00; A01; D01,23.61,Điểm thi THPT,,2024,https://github.com/HTNam1710/ADS_Final/blob/main/Data/diem_chuan_2024_final.csv
LDA,7340301,Kế toán,A00; A01; D01,23.6,Điểm thi THPT,,2024,https://github.com/HTNam1710/ADS_Final/blob/main/Data/diem_chuan_2024_final.csv
LDA,7340404,Quản trị nhân lực,A00; A01; D01,23.19,Điểm thi THPT,,2024,https://github.com/HTNam1710/ADS_Final/blob/main/Data/diem_chuan_2024_final.csv
LDA,7340408,Quan hệ lao động,A00; A01; D01,19.95,Điểm thi THPT,,2024,https://github.com/HTNam1710/ADS_Final/blob/main/Data/diem_chuan_2024_final.csv
LDA,7380101,Luật,A01; C00; D01,26.38,Điểm thi THPT,,2024,https://github.com/HTNam1710/ADS_Final/blob/main/Data/diem_chuan_2024_final.csv
LDA,7760101,Công tác xã hội,A01; C00; D01,23.75,Điểm thi THPT,,2024,https://github.com/HTNam1710/ADS_Final/blob/main/Data/diem_chuan_2024_final.csv
LDA,7810101,Du lịch,C00; D01; D14; D15,24.63,Điểm thi THPT,,2024,https://github.com/HTNam1710/ADS_Final/blob/main/Data/diem_chuan_2024_final.csv
LDA,7850201,Bảo hộ lao động,A00; A01; D01,15.2,Điểm thi THPT,,2024,https://github.com/HTNam1710/ADS_Final/blob/main/Data/diem_chuan_2024_final.csv
HHA,A403,Quản lý kinh doanh & Marketing,A01; D01; D07; D15,23.5,Điểm thi THPT,,2024,https://github.com/HTNam1710/ADS_Final/blob/main/Data/diem_chuan_2024_final.csv
HHA,A404,Quản lý kinh doanh TMĐT,A01; D01; D07; D15,22.25,Điểm thi THPT,,2024,https://github.com/HTNam1710/ADS_Final/blob/main/Data/diem_chuan_2024_final.csv
HHA,A408,Kinh tế Hàng hải,A01; D01; D07; D15,23,Điểm thi THPT,,2024,https://github.com/HTNam1710/ADS_Final/blob/main/Data/diem_chuan_2024_final.csv
HHA,A409,Kinh doanh quốc tế & Logistics,A01; D01; D07; D15,24.25,Điểm thi THPT,,2024,https://github.com/HTNam1710/ADS_Final/blob/main/Data/diem_chuan_2024_final.csv
HHA,D101,Điều khiển tàu biển,A00; A01; C01; D01,23.5,Điểm thi THPT,,2024,https://github.com/HTNam1710/ADS_Final/blob/main/Data/diem_chuan_2024_final.csv
HHA,D102,Khai thác máy tàu biển,A00; A01; C01; D01,22.5,Điểm thi THPT,,2024,https://github.com/HTNam1710/ADS_Final/blob/main/Data/diem_chuan_2024_final.csv
HHA,D103,Điện tự động giao thông vận tải,A00; A01; C01; D01,21.5,Điểm thi THPT,,2024,https://github.com/HTNam1710/ADS_Final/blob/main/Data/diem_chuan_2024_final.csv
HHA,D104,Điện tử viễn thông,A00; A01; C01; D01,23,Điểm thi THPT,,2024,https://github.com/HTNam1710/ADS_Final/blob/main/Data/diem_chuan_2024_final.csv
HHA,D105,Điện tự động công nghiệp,A00; A01; C01; D01,24.5,Điểm thi THPT,,2024,https://github.com/HTNam1710/ADS_Final/blob/main/Data/diem_chuan_2024_final.csv
HHA,D106,Máy tàu thủy,A00; A01; C01; D01,22.5,Điểm thi THPT,,2024,https://github.com/HTNam1710/ADS_Final/blob/main/Data/diem_chuan_2024_final.csv
HHA,D107,Thiết kế tàu & công trình ngoài khơi,A00; A01; C01; D01,21,Điểm thi THPT,,2024,https://github.com/HTNam1710/ADS_Final/blob/main/Data/diem_chuan_2024_final.csv
HHA,D108,Đóng tàu & công trình ngoài khơi,A00; A01; C01; D01,21,Điểm thi THPT,,2024,https://github.com/HTNam1710/ADS_Final/blob/main/Data/diem_chuan_2024_final.csv
HHA,D109,Máy & tự động hóa xếp dỡ,A00; A01; C01; D01,21.5,Điểm thi THPT,,2024,https://github.com/HTNam1710/ADS_Final/blob/main/Data/diem_chuan_2024_final.csv
HHA,D110,Xây dựng công trình thủy,A00; A01; C01; D01,20,Điểm thi THPT,,2024,https://github.com/HTNam1710/ADS_Final/blob/main/Data/diem_chuan_2024_final.csv
HHA,D111,Kỹ thuật an toàn hàng hải,A00; A01; C01; D01,21.5,Điểm thi THPT,,2024,https://github.com/HTNam1710/ADS_Final/blob/main/Data/diem_chuan_2024_final.csv
HHA,D112,Xây dựng dân dụng & công nghiệp,A00; A01; C01; D01,20.5,Điểm thi THPT,,2024,https://github.com/HTNam1710/ADS_Final/blob/main/Data/diem_chuan_2024_final.csv
HHA,D113,Công trình giao thông & cơ sở hạ tầng,A00; A01; C01; D01,20,Điểm thi THPT,,2024,https://github.com/HTNam1710/ADS_Final/blob/main/Data/diem_chuan_2024_final.csv
HHA,D114,Công nghệ thông tin,A00; A01; C01; D01,25,Điểm thi THPT,,2024,https://github.com/HTNam1710/ADS_Final/blob/main/Data/diem_chuan_2024_final.csv
HHA,D115,Kỹ thuật môi trường,A00; A01; D01; D07,21,Điểm thi THPT,,2024,https://github.com/HTNam1710/ADS_Final/blob/main/Data/diem_chuan_2024_final.csv
HHA,D116,Kỹ thuật cơ khí,A00; A01; C01; D01,22.75,Điểm thi THPT,,2024,https://github.com/HTNam1710/ADS_Final/blob/main/Data/diem_chuan_2024_final.csv
HHA,D117,Kỹ thuật cơ điện tử,A00; A01; C01; D01,24,Điểm thi THPT,,2024,https://github.com/HTNam1710/ADS_Final/blob/main/Data/diem_chuan_2024_final.csv
HHA,D118,Công nghệ phần mềm,A00; A01; C01; D01,24.25,Điểm thi THPT,,2024,https://github.com/HTNam1710/ADS_Final/blob/main/Data/diem_chuan_2024_final.csv
HHA,D119,Kỹ thuật truyền thông & mạng máy tính,A00; A01; C01; D01,23.25,Điểm thi THPT,,2024,https://github.com/HTNam1710/ADS_Final/blob/main/Data/diem_chuan_2024_final.csv
HHA,D120,Luật hàng hải,A00; A01; C01; D01,23.5,Điểm thi THPT,,2024,https://github.com/HTNam1710/ADS_Final/blob/main/Data/diem_chuan_2024_final.csv
HHA,D121,Tự động hóa hệ thống điện,A00; A01; C01; D01,23.5,Điểm thi THPT,,2024,https://github.com/HTNam1710/ADS_Final/blob/main/Data/diem_chuan_2024_final.csv
HHA,D122,Kỹ thuật ô tô,A00; A01; C01; D01,24.5,Điểm thi THPT,,2024,https://github.com/HTNam1710/ADS_Final/blob/main/Data/diem_chuan_2024_final.csv
HHA,D123,Kỹ thuật nhiệt lạnh,A00; A01; C01; D01,22.5,Điểm thi THPT,,2024,https://github.com/HTNam1710/ADS_Final/blob/main/Data/diem_chuan_2024_final.csv
HHA,D124,Tiếng Anh thương mại (TA hệ số 2),A01; D01; D10; D14,31.75,Điểm thi THPT,,2024,https://github.com/HTNam1710/ADS_Final/blob/main/Data/diem_chuan_2024_final.csv
HHA,D125,Ngôn ngữ Anh (TA hệ số 2),A01; D01; D10; D14,32,Điểm thi THPT,,2024,https://github.com/HTNam1710/ADS_Final/blob/main/Data/diem_chuan_2024_final.csv
HHA,D126,Kỹ thuật công nghệ hóa học,A00; A01; D01; D07,20.5,Điểm thi THPT,,2024,https://github.com/HTNam1710/ADS_Final/blob/main/Data/diem_chuan_2024_final.csv
HHA,D127,Kiến trúc & nội thất,A00; A01; C01; D01,19,Điểm thi THPT,,2024,https://github.com/HTNam1710/ADS_Final/blob/main/Data/diem_chuan_2024_final.csv
HHA,D128,Máy & tự động công nghiệp,A00; A01; C01; D01,22.25,Điểm thi THPT,,2024,https://github.com/HTNam1710/ADS_Final/blob/main/Data/diem_chuan_2024_final.csv
HHA,D129,Quản lý hàng hải,A00; A01; C01; D01,23.75,Điểm thi THPT,,2024,https://github.com/HTNam1710/ADS_Final/blob/main/Data/diem_chuan_2024_final.csv
HHA,D130,Quản lý công trình xây dựng,A00; A01; C01; D01,21.5,Điểm thi THPT,,2024,https://github.com/HTNam1710/ADS_Final/blob/main/Data/diem_chuan_2024_final.csv
HHA,D131,Quản lý kỹ thuật công nghiệp,A00; A01; C01; D01,22.5,Điểm thi THPT,,2024,https://github.com/HTNam1710/ADS_Final/blob/main/Data/diem_chuan_2024_final.csv
HHA,D132,Luật kinh doanh,A00; A01; C01; D01,23,Điểm thi THPT,,2024,https://github.com/HTNam1710/ADS_Final/blob/main/Data/diem_chuan_2024_final.csv
HHA,D401,Kinh tế vận tải biển,A00; A01; C01; D01,25.5,Điểm thi THPT,,2024,https://github.com/HTNam1710/ADS_Final/blob/main/Data/diem_chuan_2024_final.csv
HHA,D402,Kinh tế ngoại thương,A00; A01; C01; D01,25.75,Điểm thi THPT,,2024,https://github.com/HTNam1710/ADS_Final/blob/main/Data/diem_chuan_2024_final.csv
HHA,D403,Quản trị kinh doanh,A00; A01; C01; D01,24.5,Điểm thi THPT,,2024,https://github.com/HTNam1710/ADS_Final/blob/main/Data/diem_chuan_2024_final.csv
HHA,D404,Quản trị tài chính kế toán,A00; A01; C01; D01,24.5,Điểm thi THPT,,2024,https://github.com/HTNam1710/ADS_Final/blob/main/Data/diem_chuan_2024_final.csv
HHA,D407,Logistics & chuỗi cung ứng,A00; A01; C01; D01,26.25,Điểm thi THPT,,2024,https://github.com/HTNam1710/ADS_Final/blob/main/Data/diem_chuan_2024_final.csv
HHA,D410,Kinh tế vận tải thủy,A00; A01; C01; D01,24.75,Điểm thi THPT,,2024,https://github.com/HTNam1710/ADS_Final/blob/main/Data/diem_chuan_2024_final.csv
HHA,D411,Quản trị tài chính ngân hàng,A00; A01; C01; D01,24.25,Điểm thi THPT,,2024,https://github.com/HTNam1710/ADS_Final/blob/main/Data/diem_chuan_2024_final.csv
HHA,H105,Điện tự động công nghiệp (CLC),A00; A01; C01; D01,21.5,Điểm thi THPT,,2024,https://github.com/HTNam1710/ADS_Final/blob/main/Data/diem_chuan_2024_final.csv
HHA,H114,Công nghệ thông tin (CLC),A00; A01; C01; D01,22.5,Điểm thi THPT,,2024,https://github.com/HTNam1710/ADS_Final/blob/main/Data/diem_chuan_2024_final.csv
HHA,H401,Kinh tế vận tải biển (CLC),A00; A01; C01; D01,23.75,Điểm thi THPT,,2024,https://github.com/HTNam1710/ADS_Final/blob/main/Data/diem_chuan_2024_final.csv
HHA,H402,Kinh tế ngoại thương (CLC),A00; A01; C01; D01,24,Điểm thi THPT,,2024,https://github.com/HTNam1710/ADS_Final/blob/main/Data/diem_chuan_2024_final.csv
HHA,S101,Điều khiển tàu biển (Chọn),A00; A01; C01; D01,21.5,Điểm thi THPT,,2024,https://github.com/HTNam1710/ADS_Final/blob/main/Data/diem_chuan_2024_final.csv
HHA,S102,Khai thác máy tàu biển (Chọn),A00; A01; C01; D01,21,Điểm thi THPT,,2024,https://github.com/HTNam1710/ADS_Final/blob/main/Data/diem_chuan_2024_final.csv
KTA,7210105,Điêu khắc,H00; H02,23.23,Điểm thi THPT,,2024,https://github.com/HTNam1710/ADS_Final/blob/main/Data/diem_chuan_2024_final.csv
KTA,7210403,Thiết kế đồ họa,H00; H02,24.2,Điểm thi THPT,,2024,https://github.com/HTNam1710/ADS_Final/blob/main/Data/diem_chuan_2024_final.csv
KTA,7210404,Thiết kế thời trang,H00; H02,23.25,Điểm thi THPT,,2024,https://github.com/HTNam1710/ADS_Final/blob/main/Data/diem_chuan_2024_final.csv
KTA,7480201,Công nghệ thông tin,A00; A01; D01; D07,23.8,Điểm thi THPT,,2024,https://github.com/HTNam1710/ADS_Final/blob/main/Data/diem_chuan_2024_final.csv
KTA,7480201-1,Công nghệ thông tin (Chuyên ngành Công nghệ đa phương tiện),A00; A01; D01; D07,24.73,Điểm thi THPT,,2024,https://github.com/HTNam1710/ADS_Final/blob/main/Data/diem_chuan_2024_final.csv
KTA,7510105,Công nghệ kỹ thuật vật liệu xây dựng,A00; A01; D01; D07,22.1,Điểm thi THPT,,2024,https://github.com/HTNam1710/ADS_Final/blob/main/Data/diem_chuan_2024_final.csv
KTA,7580101,Kiến trúc,V00; V01; V02,30.2,Điểm thi THPT,Điểm Vẽ mỹ thuật nhân hệ số 2,2024,https://github.com/HTNam1710/ADS_Final/blob/main/Data/diem_chuan_2024_final.csv
KTA,75801011,Chương trình tiên tiến ngành Kiến trúc,V00; V01; V02,27.8,Điểm thi THPT,Điểm Vẽ mỹ thuật nhân hệ số 2,2024,https://github.com/HTNam1710/ADS_Final/blob/main/Data/diem_chuan_2024_final.csv
KTA,7580102,Kiến trúc cảnh quan,V00; V01; V02,28.78,Điểm thi THPT,Điểm Vẽ mỹ thuật nhân hệ số 2,2024,https://github.com/HTNam1710/ADS_Final/blob/main/Data/diem_chuan_2024_final.csv
KTA,7580105,Quy hoạch vùng và đô thị,V00; V01; V02,29.5,Điểm thi THPT,Điểm Vẽ mỹ thuật nhân hệ số 2,2024,https://github.com/HTNam1710/ADS_Final/blob/main/Data/diem_chuan_2024_final.csv
KTA,75801051,Quy hoạch vùng và đô thị (Chuyên ngành Thiết kế đô thị),V00; V01; V02,29.23,Điểm thi THPT,Điểm Vẽ mỹ thuật nhân hệ số 2,2024,https://github.com/HTNam1710/ADS_Final/blob/main/Data/diem_chuan_2024_final.csv
KTA,7580108,Thiết kế nội thất,H00; H02,23.48,Điểm thi THPT,,2024,https://github.com/HTNam1710/ADS_Final/blob/main/Data/diem_chuan_2024_final.csv
KTA,7580201,Kỹ thuật xây dựng (Chuyên ngành Xây dựng dán dụng và công nghiệp),A00; A01; D01; D07,21.85,Điểm thi THPT,,2024,https://github.com/HTNam1710/ADS_Final/blob/main/Data/diem_chuan_2024_final.csv
KTA,7580201-1,Kỹ thuật xây dựng (Chuyên ngành Xây dựng công trình ngầm đô thị),A00; A01; D01; D07,22.55,Điểm thi THPT,,2024,https://github.com/HTNam1710/ADS_Final/blob/main/Data/diem_chuan_2024_final.csv
KTA,7580201-2,Kỹ thuật xây dựng (Chuyên ngành Quản lý dự án xây dựng),A00; A01; D01; D07,22.1,Điểm thi THPT,,2024,https://github.com/HTNam1710/ADS_Final/blob/main/Data/diem_chuan_2024_final.csv
KTA,7580205,Kỳ thuật xây dựng công trình giao thông,A00; A01; D01; D07,21.15,Điểm thi THPT,,2024,https://github.com/HTNam1710/ADS_Final/blob/main/Data/diem_chuan_2024_final.csv
KTA,7580210,Kỹ thuật cơ sở hạ tầng (Chuyên ngành Kỹ thuật hạ tầng đô thị),A00; A01; D01; D07,21.15,Điểm thi THPT,,2024,https://github.com/HTNam1710/ADS_Final/blob/main/Data/diem_chuan_2024_final.csv
KTA,7580210_1,Kỹ thuật cơ sở hạ tầng (Chuyên ngành Kỹ thuật môi trường đô thị),A00; A01; D01; D07,21.15,Điểm thi THPT,,2024,https://github.com/HTNam1710/ADS_Final/blob/main/Data/diem_chuan_2024_final.csv
KTA,75802102,Kỹ thuật cơ sở hạ tầng (Chuyên ngành Công nghệ cơ điện công trình),A00; A01; D01; D07,21.15,Điểm thi THPT,,2024,https://github.com/HTNam1710/ADS_Final/blob/main/Data/diem_chuan_2024_final.csv
KTA,7580213,Kỹ thuật cấp thoát nước,A00; A01; D01; D07,21.15,Điểm thi THPT,,2024,https://github.com/HTNam1710/ADS_Final/blob/main/Data/diem_chuan_2024_final.csv
KTA,7580301,Kinh tế Xây dựng,A00; A01; C01; D01,23.6,Điểm thi THPT,,2024,https://github.com/HTNam1710/ADS_Final/blob/main/Data/diem_chuan_2024_final.csv
KTA,7580301_1,Kinh tế Xây dựng (Chuyên ngành Kinh tế đầu tư),A00; A01; C01; D01,23.56,Điểm thi THPT,,2024,https://github.com/HTNam1710/ADS_Final/blob/main/Data/diem_chuan_2024_final.csv
KTA,7580302,Quản lý xây dựng,A00; A01; C01; D01,22.15,Điểm thi THPT,,2024,https://github.com/HTNam1710/ADS_Final/blob/main/Data/diem_chuan_2024_final.csv
KTA,7580302-1,Quản lý xây dựng (Chuyên ngành Quản lý bất động sản),A00; A01; C01; D01,23.14,Điểm thi THPT,,2024,https://github.com/HTNam1710/ADS_Final/blob/main/Data/diem_chuan_2024_final.csv
KTA,7580302-2,Quản lý xây dựng (Chuyên ngành Quản lý vận tải và Logistics),A00; A01; C01; D01,24.63,Điểm thi THPT,,2024,https://github.com/HTNam1710/ADS_Final/blob/main/Data/diem_chuan_2024_final.csv
KTA,7580302-3,Quản lý xây dựng (Chuyên ngành Kinh tề phát triển),A00; A01; C01; D01,23.4,Điểm thi THPT,,2024,https://github.com/HTNam1710/ADS_Final/blob/main/Data/diem_chuan_2024_final.csv
TDV,7140114,Quản lý Giáo dục,C00; D01; A00; A01,24,Điểm thi THPT,,2024,https://github.com/HTNam1710/ADS_Final/blob/main/Data/diem_chuan_2024_final.csv
TDV,7140202,Giáo dục Tiểu học,C00; D01; A00; A01,28.12,Điểm thi THPT,,2024,https://github.com/HTNam1710/ADS_Final/blob/main/Data/diem_chuan_2024_final.csv
TDV,7140205,Giáo dục Chính trị,C00; D66; C19; C20,27.8,Điểm thi THPT,,2024,https://github.com/HTNam1710/ADS_Final/blob/main/Data/diem_chuan_2024_final.csv
TDV,7140208,Giáo dục Quốc phòng -An ninh,C00; D01; A00; C19,26.5,Điểm thi THPT,,2024,https://github.com/HTNam1710/ADS_Final/blob/main/Data/diem_chuan_2024_final.csv
TDV,7140209,Sư phạm Toán học,A00; A01; B00; D01,26.2,Điểm thi THPT,Toán hệ số 2,2024,https://github.com/HTNam1710/ADS_Final/blob/main/Data/diem_chuan_2024_final.csv
TDV,7140209C,Sư phạm Toán học (lớp tài năng),A00; A01; B00; D01,26.5,Điểm thi THPT,Toán hệ số 2,2024,https://github.com/HTNam1710/ADS_Final/blob/main/Data/diem_chuan_2024_final.csv
TDV,7140210,Sư phạm Tin học,A00; A01; D01; D07,24.45,Điểm thi THPT,,2024,https://github.com/HTNam1710/ADS_Final/blob/main/Data/diem_chuan_2024_final.csv
TDV,7140211,Sư phạm Vật lý,A00; A01; B00; D07,25.9,Điểm thi THPT,Vật lý hệ số 2,2024,https://github.com/HTNam1710/ADS_Final/blob/main/Data/diem_chuan_2024_final.csv
TDV,7140212,Sư phạm Hóa học,A00; B00; D07; C02,26.4,Điểm thi THPT,Hóa học hệ số 2,2024,https://github.com/HTNam1710/ADS_Final/blob/main/Data/diem_chuan_2024_final.csv
TDV,7140213,Sư phạm Sinh học,B00; B03; B08; A02,25.25,Điểm thi THPT,Sinh học hệ số 2,2024,https://github.com/HTNam1710/ADS_Final/blob/main/Data/diem_chuan_2024_final.csv
TDV,7140217,Sư phạm Ngữ văn,C00; D01; D15; C20,28.46,Điểm thi THPT,Ngữ văn hệ số 2,2024,https://github.com/HTNam1710/ADS_Final/blob/main/Data/diem_chuan_2024_final.csv
TDV,7140218,Sư phạm Lịch sử,C00; C19; C20; D14,28.71,Điểm thi THPT,Lịch sử hệ số 2,2024,https://github.com/HTNam1710/ADS_Final/blob/main/Data/diem_chuan_2024_final.csv
TDV,7140219,Sư phạm Địa lý,C00; C04; C20; D15,28.5,Điểm thi THPT,Địa lý hệ số 2,2024,https://github.com/HTNam1710/ADS_Final/blob/main/Data/diem_chuan_2024_final.csv
TDV,7140231,Sư phạm Tiếng Anh,D01; D14; D15; A01,26.46,Điểm thi THPT,Tiếng Anh hệ số 2,2024,https://github.com/HTNam1710/ADS_Final/blob/main/Data/diem_chuan_2024_final.csv
TDV,7140231C,Sư phạm Tiếng Anh (lớp tài năng),D01; D14; D15; A01,27.25,Điểm thi THPT,Tiếng Anh hệ số 2,2024,https://github.com/HTNam1710/ADS_Final/blob/main/Data/diem_chuan_2024_final.csv
TDV,7140247,Sư phạm Khoa học tự nhiên,A00; A02; B00,25.3,Điểm thi THPT,,2024,https://github.com/HTNam1710/ADS_Final/blob/main/Data/diem_chuan_2024_final.csv
TDV,7140249,Sư phạm Lịch sừ - Địa lý,C00; C19; C20; D14,28.25,Điểm thi THPT,,2024,https://github.com/HTNam1710/ADS_Final/blob/main/Data/diem_chuan_2024_final.csv
TDV,7220201,Ngôn ngữ Anh,D01; D14; D15; A01,24.8,Điểm thi THPT,Tiếng Anh hệ số 2,2024,https://github.com/HTNam1710/ADS_Final/blob/main/Data/diem_chuan_2024_final.csv
TDV,7229042,Quán lý văn hóa,C00; D01; A00; A01,18,Điểm thi THPT,,2024,https://github.com/HTNam1710/ADS_Final/blob/main/Data/diem_chuan_2024_final.csv
TDV,7310101,Kinh tế (Chuyên ngành Kình tế đầu tư và chuyên ngành Quán lý kinh tế),A00; A01; D01; B00,18.5,Điểm thi THPT,,2024,https://github.com/HTNam1710/ADS_Final/blob/main/Data/diem_chuan_2024_final.csv
TDV,7310109,Kinh tế số (chuyên ngành Kinh tế và Kinh doanh so),A00; A01; D01; B00,18.5,Điểm thi THPT,,2024,https://github.com/HTNam1710/ADS_Final/blob/main/Data/diem_chuan_2024_final.csv
TDV,7310201,Chính trị học,C00; D01; C19; A01,18,Điểm thi THPT,,2024,https://github.com/HTNam1710/ADS_Final/blob/main/Data/diem_chuan_2024_final.csv
TDV,7310205,Quán lý nhà nước,C00; D01; A00; A01,18,Điểm thi THPT,,2024,https://github.com/HTNam1710/ADS_Final/blob/main/Data/diem_chuan_2024_final.csv
TDV,7310403,Tâm lý học giáo dục,C00; D01; A00; A01,22,Điểm thi THPT,,2024,https://github.com/HTNam1710/ADS_Final/blob/main/Data/diem_chuan_2024_final.csv
TDV,7310601,Quốc tế học,D01; D14; D15; D66,18,Điểm thi THPT,,2024,https://github.com/HTNam1710/ADS_Final/blob/main/Data/diem_chuan_2024_final.csv
TDV,7310630,Việt Nam học (Chuyên ngành Du lịch),C00; D01; A00; A01,18,Điểm thi THPT,,2024,https://github.com/HTNam1710/ADS_Final/blob/main/Data/diem_chuan_2024_final.csv
TDV,7340101,Quản trị kinh doanh,A00; A01; D01; D07,19,Điểm thi THPT,,2024,https://github.com/HTNam1710/ADS_Final/blob/main/Data/diem_chuan_2024_final.csv
TDV,7340101C,Quản trị kinh doanh (Chương trình đào tạo bằng tiếng Anh),A00; A01; D01; D07,21,Điểm thi THPT,,2024,https://github.com/HTNam1710/ADS_Final/blob/main/Data/diem_chuan_2024_final.csv
TDV,7340122,Thương mại điện tử,A00; A01; D01; D07,18.5,Điểm thi THPT,,2024,https://github.com/HTNam1710/ADS_Final/blob/main/Data/diem_chuan_2024_final.csv
TDV,7340201,Tài chính ngân hàng (Chuyên ngành Tài chính doanh nghiệp; chuyên ngành Ngân hàng thương mại),A00; A01; D01; D07,18.5,Điểm thi THPT,,2024,https://github.com/HTNam1710/ADS_Final/blob/main/Data/diem_chuan_2024_final.csv
TDV,7340301,Kế toán,A00; A01; D01; D07,20,Điểm thi THPT,,2024,https://github.com/HTNam1710/ADS_Final/blob/main/Data/diem_chuan_2024_final.csv
TDV,7380101,Luật,C00; D01; A00; A01,18,Điểm thi THPT,,2024,https://github.com/HTNam1710/ADS_Final/blob/main/Data/diem_chuan_2024_final.csv
TDV,7380107,Luật kinh tế,C00; D01; A00; A01,18,Điểm thi THPT,,2024,https://github.com/HTNam1710/ADS_Final/blob/main/Data/diem_chuan_2024_final.csv
TDV,7420201,Công nghệ sinh học,B00; A01; A02; B08,17,Điểm thi THPT,,2024,https://github.com/HTNam1710/ADS_Final/blob/main/Data/diem_chuan_2024_final.csv
TDV,7480101,Khoa học máy tính,A00; A01; D01; D07,18,Điểm thi THPT,,2024,https://github.com/HTNam1710/ADS_Final/blob/main/Data/diem_chuan_2024_final.csv
TDV,7480201,Công nghệ thông tin,A00; A01; D01; D07,19,Điểm thi THPT,,2024,https://github.com/HTNam1710/ADS_Final/blob/main/Data/diem_chuan_2024_final.csv
TDV,7480201C,Công nghệ thông tin (Chương trình đào tạo bằng tiếng Anh),A00; A01; D01; D07,21,Điểm thi THPT,,2024,https://github.com/HTNam1710/ADS_Final/blob/main/Data/diem_chuan_2024_final.csv
TDV,7510205,Công nghệ kỹ thuật ô tô,A00; B00; D01; A01,19,Điểm thi THPT,,2024,https://github.com/HTNam1710/ADS_Final/blob/main/Data/diem_chuan_2024_final.csv
TDV,7510206,Công nghệ kỹ thuật nhiệt,A00; B00; D01; A01,17,Điểm thi THPT,,2024,https://github.com/HTNam1710/ADS_Final/blob/main/Data/diem_chuan_2024_final.csv
TDV,7510301,Công nghệ kỹ thuật điện; điện tử,A00; B00; D01; A01,17,Điểm thi THPT,,2024,https://github.com/HTNam1710/ADS_Final/blob/main/Data/diem_chuan_2024_final.csv
TDV,7520207,Kỹ thuật điện tử - viễn thông,A00; B00; D01; A01,17,Điểm thi THPT,,2024,https://github.com/HTNam1710/ADS_Final/blob/main/Data/diem_chuan_2024_final.csv
TDV,7520216,Kỹ thuật điều khiển và tự động hóa,A00; B00; D01; A01,19,Điểm thi THPT,,2024,https://github.com/HTNam1710/ADS_Final/blob/main/Data/diem_chuan_2024_final.csv
TDV,7540101,Công nghệ thực phẩm,A00; B00; A01; D07,17,Điểm thi THPT,,2024,https://github.com/HTNam1710/ADS_Final/blob/main/Data/diem_chuan_2024_final.csv
TDV,7580201,Kỹ thuật xây dựng (chuyên ngành: Xây dựng công trình dân dụng và công nghiệp; Kết cấu công trình; Công nghệ kỹ thuật xây dựng),A00; B00; D01; A01,16,Điểm thi THPT,,2024,https://github.com/HTNam1710/ADS_Final/blob/main/Data/diem_chuan_2024_final.csv
TDV,7580205,Kỹ thuật xây dựng công trình giao thông (chuyên ngành: Kỹ thuật xây dựng cầu đường; Kỹ thuật xây dựng công trình ngầm; Kỹ thuật hạ tầng đô thị),A00; B00; D01; A01,16,Điểm thi THPT,,2024,https://github.com/HTNam1710/ADS_Final/blob/main/Data/diem_chuan_2024_final.csv
TDV,7580301,Kinh tế xây dựng (Chuyên ngành : Kinh tế đầu tư xây dựng; Kinh tế vận tải và logistic; Quản lý dự án công trình xây dựng),A00; B00; D01; A01,16,Điểm thi THPT,,2024,https://github.com/HTNam1710/ADS_Final/blob/main/Data/diem_chuan_2024_final.csv
TDV,7620105,Chăn nuôi,A00; B00; D01; B08,16,Điểm thi THPT,,2024,https://github.com/HTNam1710/ADS_Final/blob/main/Data/diem_chuan_2024_final.csv
TDV,7620109,Nông học,A00; B00; D01; B08,16,Điểm thi THPT,,2024,https://github.com/HTNam1710/ADS_Final/blob/main/Data/diem_chuan_2024_final.csv
TDV,7620110,Khoa học cây trồng,A00; B00; D01; B08,16,Điểm thi THPT,,2024,https://github.com/HTNam1710/ADS_Final/blob/main/Data/diem_chuan_2024_final.csv
TDV,7620301,Nuôi trồng thủy sản,A00; B00; D01; B08,16,Điểm thi THPT,,2024,https://github.com/HTNam1710/ADS_Final/blob/main/Data/diem_chuan_2024_final.csv
TDV,7640101,Thú y,A00; B00; D01; B08,16,Điểm thi THPT,,2024,https://github.com/HTNam1710/ADS_Final/blob/main/Data/diem_chuan_2024_final.csv
TDV,7720301,Điều dưỡng,B00; C08; D08; D13,20,Điểm thi THPT,,2024,https://github.com/HTNam1710/ADS_Final/blob/main/Data/diem_chuan_2024_final.csv
TDV,7760101,Công tác xã hội,C00; D01; A00; A01,18,Điểm thi THPT,,2024,https://github.com/HTNam1710/ADS_Final/blob/main/Data/diem_chuan_2024_final.csv
TDV,7850101,Quản lý tài nguyên và môi trường,A00; B00; D01; B08,16,Điểm thi THPT,,2024,https://github.com/HTNam1710/ADS_Final/blob/main/Data/diem_chuan_2024_final.csv
TDV,7850103,Quản lý đất đai (Chuyên ngành: Quản lý đất đai; Quản lý phát triển đô thị và bất động sán),A00; B00; D01; B08,16,Điểm thi THPT,,2024,https://github.com/HTNam1710/ADS_Final/blob/main/Data/diem_chuan_2024_final.csv
QSA,7140201,Giáo dục Mầm non,M00; M01; M10; M13,22.79,Điểm thi THPT,,2024,https://github.com/HTNam1710/ADS_Final/blob/main/Data/diem_chuan_2024_final.csv
QSA,7140202,Giáo dục Tiểu học,A00; A01; C00; D01,26.63,Điểm thi THPT,,2024,https://github.com/HTNam1710/ADS_Final/blob/main/Data/diem_chuan_2024_final.csv
QSA,7140205,Giáo dục Chính trị,C00; C19; D01; D66,26.99,Điểm thi THPT,,2024,https://github.com/HTNam1710/ADS_Final/blob/main/Data/diem_chuan_2024_final.csv
QSA,7140209,Sư phạm Toán học,A00; A01; C01; D01,26.18,Điểm thi THPT,,2024,https://github.com/HTNam1710/ADS_Final/blob/main/Data/diem_chuan_2024_final.csv
QSA,7140211,Sư phạm Vât lý,A00; A01; A17; C01,25.57,Điểm thi THPT,,2024,https://github.com/HTNam1710/ADS_Final/blob/main/Data/diem_chuan_2024_final.csv
QSA,7140212,Sư phạm Hóa học,A00; B00; C02; D07,25.81,Điểm thi THPT,,2024,https://github.com/HTNam1710/ADS_Final/blob/main/Data/diem_chuan_2024_final.csv
QSA,7140213,Sư phạm Sinh học,B00; B03; B04; D08,24.98,Điểm thi THPT,,2024,https://github.com/HTNam1710/ADS_Final/blob/main/Data/diem_chuan_2024_final.csv
QSA,7140217,Sư phạm Ngữ văn,C00; D01; D14; D15,27.44,Điểm thi THPT,,2024,https://github.com/HTNam1710/ADS_Final/blob/main/Data/diem_chuan_2024_final.csv
QSA,7140218,Sư phạm Lịch sử,A08; C00; C19; D14,27.91,Điểm thi THPT,,2024,https://github.com/HTNam1710/ADS_Final/blob/main/Data/diem_chuan_2024_final.csv
QSA,7140219,Sư phạm Địa lý,A09; C00; C20; D10,27.91,Điểm thi THPT,,2024,https://github.com/HTNam1710/ADS_Final/blob/main/Data/diem_chuan_2024_final.csv
QSA,7140231,Sư phạm Tiếng Anh,A01; D01; D09; D14,25.61,Điểm thi THPT,,2024,https://github.com/HTNam1710/ADS_Final/blob/main/Data/diem_chuan_2024_final.csv
QSA,7140247,Sư phạm Khoa học tự nhiên,A00; A01; A02; B00,24.66,Điểm thi THPT,,2024,https://github.com/HTNam1710/ADS_Final/blob/main/Data/diem_chuan_2024_final.csv
QSA,7220201,Ngôn ngữ Anh,A01; D01; D09; D14,21.71,Điểm thi THPT,,2024,https://github.com/HTNam1710/ADS_Final/blob/main/Data/diem_chuan_2024_final.csv
QSA,7229001,Triết học,A01; C00; C01; D01,23.47,Điểm thi THPT,,2024,https://github.com/HTNam1710/ADS_Final/blob/main/Data/diem_chuan_2024_final.csv
QSA,7229030,Văn học,C00; D01; D14; D15,24.91,Điểm thi THPT,,2024,https://github.com/HTNam1710/ADS_Final/blob/main/Data/diem_chuan_2024_final.csv
QSA,7310106,Kinh tế quốc tế,A00; A01; C15; D01,21.4,Điểm thi THPT,,2024,https://github.com/HTNam1710/ADS_Final/blob/main/Data/diem_chuan_2024_final.csv
QSA,7310630,Việt Nam học,A01; C00; C04; D01,23.95,Điểm thi THPT,,2024,https://github.com/HTNam1710/ADS_Final/blob/main/Data/diem_chuan_2024_final.csv
QSA,7340101,Quản trị kinh doanh,A00; A01; C15; D01,21.52,Điểm thi THPT,,2024,https://github.com/HTNam1710/ADS_Final/blob/main/Data/diem_chuan_2024_final.csv
QSA,7340115,Marketing,A00; A01; C15; D01,23.17,Điểm thi THPT,,2024,https://github.com/HTNam1710/ADS_Final/blob/main/Data/diem_chuan_2024_final.csv
QSA,7340201,Tài chính - Ngân hàng,A00; A01; C15; D01,22.56,Điểm thi THPT,,2024,https://github.com/HTNam1710/ADS_Final/blob/main/Data/diem_chuan_2024_final.csv
QSA,7340301,Kế toán,A00; A01; C15; D01,23.02,Điểm thi THPT,,2024,https://github.com/HTNam1710/ADS_Final/blob/main/Data/diem_chuan_2024_final.csv
QSA,7380101,Luật,A00; A01; C15; D01,25.1,Điểm thi THPT,,2024,https://github.com/HTNam1710/ADS_Final/blob/main/Data/diem_chuan_2024_final.csv
QSA,7420201,Công nghệ sinh học,A00; B00; C15; D01,16,Điểm thi THPT,,2024,https://github.com/HTNam1710/ADS_Final/blob/main/Data/diem_chuan_2024_final.csv
QSA,7480103,Kỹ thuật phần mềm,A00; A01; C01; D01,19.4,Điểm thi THPT,,2024,https://github.com/HTNam1710/ADS_Final/blob/main/Data/diem_chuan_2024_final.csv
QSA,7480201,Công nghệ thông tin,A00; A01; C01; D01,20.72,Điểm thi THPT,,2024,https://github.com/HTNam1710/ADS_Final/blob/main/Data/diem_chuan_2024_final.csv
QSA,7510401,Công nghệ kỹ thuật hoá học,A00; B00; C05; C08,16.2,Điểm thi THPT,,2024,https://github.com/HTNam1710/ADS_Final/blob/main/Data/diem_chuan_2024_final.csv
QSA,7510406,Công nghệ kỹ thuật môi trường,A16; B03; C15; D01,16.2,Điểm thi THPT,,2024,https://github.com/HTNam1710/ADS_Final/blob/main/Data/diem_chuan_2024_final.csv
QSA,7540101,Công nghệ thực phẩm,A00; B00; C05; D07,16,Điểm thi THPT,,2024,https://github.com/HTNam1710/ADS_Final/blob/main/Data/diem_chuan_2024_final.csv
QSA,7540104,Công nghệ sau thu hoạch,A00; B00; C05; D01,16,Điểm thi THPT,,2024,https://github.com/HTNam1710/ADS_Final/blob/main/Data/diem_chuan_2024_final.csv
QSA,7540106,Đảm bảo chất lượng và an toàn thực phẩm,A00; B00; C05; D07,16,Điểm thi THPT,,2024,https://github.com/HTNam1710/ADS_Final/blob/main/Data/diem_chuan_2024_final.csv
QSA,7620105,Chăn nuôi,A02; B00; C15; D08,18.2,Điểm thi THPT,,2024,https://github.com/HTNam1710/ADS_Final/blob/main/Data/diem_chuan_2024_final.csv
QSA,7620110,Khoa học cây trồng,A00; B00; C15; D01,16,Điểm thi THPT,,2024,https://github.com/HTNam1710/ADS_Final/blob/main/Data/diem_chuan_2024_final.csv
QSA,7620112,Bảo vệ thực vật,A00; B00; C15; D01,21.9,Điểm thi THPT,,2024,https://github.com/HTNam1710/ADS_Final/blob/main/Data/diem_chuan_2024_final.csv
QSA,7620116,Phát triển nông thôn,A00; B00; C00; D01,22.08,Điểm thi THPT,,2024,https://github.com/HTNam1710/ADS_Final/blob/main/Data/diem_chuan_2024_final.csv
QSA,7620301,Nuôi trồng thủy sản,A00; B00; D01; D10,16.15,Điểm thi THPT,,2024,https://github.com/HTNam1710/ADS_Final/blob/main/Data/diem_chuan_2024_final.csv
QSA,7640101,Thú y,A02; B00; C08; D08,19.58,Điểm thi THPT,,2024,https://github.com/HTNam1710/ADS_Final/blob/main/Data/diem_chuan_2024_final.csv
QSA,7850101,Quản lý tài nguyên và môi trường,A00; B00; C15; D01,21.41,Điểm thi THPT,,2024,https://github.com/HTNam1710/ADS_Final/blob/main/Data/diem_chuan_2024_final.csv
HCH,7220201,Ngôn ngữ Anh,D01; D14; D15,26.5,Điểm thi THPT,Đào tạo tại Hà Nội,2024,https://github.com/HTNam1710/ADS_Final/blob/main/Data/diem_chuan_2024_final.csv
HCH,7229040,Văn hóa học,C00,26.8,Điểm thi THPT,Đào tạo tại Hà Nội,2024,https://github.com/HTNam1710/ADS_Final/blob/main/Data/diem_chuan_2024_final.csv
HCH,7229040,Văn hóa học,D01; D14; D15,24.8,Điểm thi THPT,Đào tạo tại Hà Nội,2024,https://github.com/HTNam1710/ADS_Final/blob/main/Data/diem_chuan_2024_final.csv
HCH,7229042,Quản lý văn hóa,D01; D14; D15,24.3,Điểm thi THPT,Đào tạo tại Hà Nội,2024,https://github.com/HTNam1710/ADS_Final/blob/main/Data/diem_chuan_2024_final.csv
HCH,7229042,Quản lý văn hóa,C00,26.3,Điểm thi THPT,Đào tạo tại Hà Nội,2024,https://github.com/HTNam1710/ADS_Final/blob/main/Data/diem_chuan_2024_final.csv
HCH,7310101,Kinh tế,A00; A01; A07; D01,24.6,Điểm thi THPT,Đào tạo tại Hà Nội,2024,https://github.com/HTNam1710/ADS_Final/blob/main/Data/diem_chuan_2024_final.csv
HCH,7310201,Chính trị học,C00,26.05,Điểm thi THPT,Đào tạo tại Hà Nội,2024,https://github.com/HTNam1710/ADS_Final/blob/main/Data/diem_chuan_2024_final.csv
HCH,7310201,Chính trị học,C14; C20,27.05,Điểm thi THPT,Đào tạo tại Hà Nội,2024,https://github.com/HTNam1710/ADS_Final/blob/main/Data/diem_chuan_2024_final.csv
HCH,7310201,Chính trị học,D01,24.05,Điểm thi THPT,Đào tạo tại Hà Nội,2024,https://github.com/HTNam1710/ADS_Final/blob/main/Data/diem_chuan_2024_final.csv
HCH,7310202,Xây dựng Đảng và chính quyền nhà nước,D01; D14,24.9,Điểm thi THPT,Đào tạo tại Hà Nội,2024,https://github.com/HTNam1710/ADS_Final/blob/main/Data/diem_chuan_2024_final.csv
HCH,7310202,Xây dựng Đảng và chính quyền nhà nước,C00,26.9,Điểm thi THPT,Đào tạo tại Hà Nội,2024,https://github.com/HTNam1710/ADS_Final/blob/main/Data/diem_chuan_2024_final.csv
HCH,7310202,Xây dựng Đảng và chính quyền nhà nước,C19,27.9,Điểm thi THPT,Đào tạo tại Hà Nội,2024,https://github.com/HTNam1710/ADS_Final/blob/main/Data/diem_chuan_2024_final.csv
HCH,7310205,Quản lý nhà nước,D01; D15; C00,22,Điểm thi THPT,Phân hiệu tại tỉnh Quảng Nam,2024,https://github.com/HTNam1710/ADS_Final/blob/main/Data/diem_chuan_2024_final.csv
HCH,7310205,Quản lý nhà nước,C20,23,Điểm thi THPT,Phân hiệu tại tỉnh Quảng Nam,2024,https://github.com/HTNam1710/ADS_Final/blob/main/Data/diem_chuan_2024_final.csv
HCH,7310205,Quản lý nhà nước,A01; D01; D15,24.4,Điểm thi THPT,Đào tạo tại Hà Nội,2024,https://github.com/HTNam1710/ADS_Final/blob/main/Data/diem_chuan_2024_final.csv
HCH,7310205,Quản lý nhà nước,C00,26.4,Điểm thi THPT,Đào tạo tại Hà Nội,2024,https://github.com/HTNam1710/ADS_Final/blob/main/Data/diem_chuan_2024_final.csv
HCH,7320201,Thông tin – thư viện,A01; D01,23.6,Điểm thi THPT,Đào tạo tại Hà Nội,2024,https://github.com/HTNam1710/ADS_Final/blob/main/Data/diem_chuan_2024_final.csv
HCH,7320201,Thông tin – thư viện,C00,25.6,Điểm thi THPT,Đào tạo tại Hà Nội,2024,https://github.com/HTNam1710/ADS_Final/blob/main/Data/diem_chuan_2024_final.csv
HCH,7320201,Thông tin – thư viện,C20,26.6,Điểm thi THPT,Đào tạo tại Hà Nội,2024,https://github.com/HTNam1710/ADS_Final/blob/main/Data/diem_chuan_2024_final.csv
HCH,7320303,Lưu trữ học,D01,23.25,Điểm thi THPT,Đào tạo tại Hà Nội,2024,https://github.com/HTNam1710/ADS_Final/blob/main/Data/diem_chuan_2024_final.csv
HCH,7320303,Lưu trữ học,C00,25.25,Điểm thi THPT,Đào tạo tại Hà Nội,2024,https://github.com/HTNam1710/ADS_Final/blob/main/Data/diem_chuan_2024_final.csv
HCH,7320303,Lưu trữ học,C19; C20,26.25,Điểm thi THPT,Đào tạo tại Hà Nội,2024,https://github.com/HTNam1710/ADS_Final/blob/main/Data/diem_chuan_2024_final.csv
HCH,7340404,Quản trị nhân lực,A00; A01; D01,24.8,Điểm thi THPT,Đào tạo tại Hà Nội,2024,https://github.com/HTNam1710/ADS_Final/blob/main/Data/diem_chuan_2024_final.csv
HCH,7340404,Quản trị nhân lực,A00; D01; C00,22.5,Điểm thi THPT,Phân hiệu tại tỉnh Quảng Nam,2024,https://github.com/HTNam1710/ADS_Final/blob/main/Data/diem_chuan_2024_final.csv
HCH,7340404,Quản trị nhân lực,C00,27.8,Điểm thi THPT,Đào tạo tại Hà Nội,2024,https://github.com/HTNam1710/ADS_Final/blob/main/Data/diem_chuan_2024_final.csv
HCH,7340404,Quản trị nhân lực,C20,23.5,Điểm thi THPT,Phân hiệu tại tỉnh Quảng Nam,2024,https://github.com/HTNam1710/ADS_Final/blob/main/Data/diem_chuan_2024_final.csv
HCH,7340406,Quản trị văn phòng,A01; D01; D14,25.1,Điểm thi THPT,Đào tạo tại Hà Nội,2024,https://github.com/HTNam1710/ADS_Final/blob/main/Data/diem_chuan_2024_final.csv
HCH,7340406,Quản trị văn phòng,A00; D01; C00,20.5,Điểm thi THPT,Phân hiệu tại tỉnh Quảng Nam,2024,https://github.com/HTNam1710/ADS_Final/blob/main/Data/diem_chuan_2024_final.csv
HCH,7340406,Quản trị văn phòng,C00,27.1,Điểm thi THPT,Đào tạo tại Hà Nội,2024,https://github.com/HTNam1710/ADS_Final/blob/main/Data/diem_chuan_2024_final.csv
HCH,7340406,Quản trị văn phòng,C20,21.5,Điểm thi THPT,Phân hiệu tại tỉnh Quảng Nam,2024,https://github.com/HTNam1710/ADS_Final/blob/main/Data/diem_chuan_2024_final.csv
HCH,7380101,Luật,A00; A01; D01,24.8,Điểm thi THPT,Đào tạo tại Hà Nội,2024,https://github.com/HTNam1710/ADS_Final/blob/main/Data/diem_chuan_2024_final.csv
HCH,7380101,Luật,A00; D01; C00,22.45,Điểm thi THPT,Phân hiệu tại tỉnh Quảng Nam,2024,https://github.com/HTNam1710/ADS_Final/blob/main/Data/diem_chuan_2024_final.csv
HCH,7380101,Luật,C00,27.8,Điểm thi THPT,Đào tạo tại Hà Nội,2024,https://github.com/HTNam1710/ADS_Final/blob/main/Data/diem_chuan_2024_final.csv
HCH,7380101,Luật,C20,23.45,Điểm thi THPT,Phân hiệu tại tỉnh Quảng Nam,2024,https://github.com/HTNam1710/ADS_Final/blob/main/Data/diem_chuan_2024_final.csv
HCH,7480104,Hệ thống thông tin,A00; A01; D01; D10,23.9,Điểm thi THPT,Đào tạo tại Hà Nội,2024,https://github.com/HTNam1710/ADS_Final/blob/main/Data/diem_chuan_2024_final.csv
HCH,7810103,Quản trị dịch vụ du lịch và lữ hành,D01; D14; D15,25.2,Điểm thi THPT,Đào tạo tại Hà Nội,2024,https://github.com/HTNam1710/ADS_Final/blob/main/Data/diem_chuan_2024_final.csv
HCH,7810103,Quản trị dịch vụ du lịch và lữ hành,C00,27.2,Điểm thi THPT,Đào tạo tại Hà Nội,2024,https://github.com/HTNam1710/ADS_Final/blob/main/Data/diem_chuan_2024_final.csv
SPD,7140201,Giáo dục Mầm non (Cao đẳng),M00; M05; C19; C20,25.8,Điểm thi THPT,,2024,https://github.com/HTNam1710/ADS_Final/blob/main/Data/diem_chuan_2024_final.csv
SPD,7140202,Giáo dục Tiểu học,C01; C03; C04; D01,25.27,Điểm thi THPT,,2024,https://github.com/HTNam1710/ADS_Final/blob/main/Data/diem_chuan_2024_final.csv
SPD,7140204,Giáo dục Công dân,C00; C19; D01; D14,26.98,Điểm thi THPT,,2024,https://github.com/HTNam1710/ADS_Final/blob/main/Data/diem_chuan_2024_final.csv
SPD,7140205,Giáo dục Chính trị,C00; C19; D01; D14,26.8,Điểm thi THPT,,2024,https://github.com/HTNam1710/ADS_Final/blob/main/Data/diem_chuan_2024_final.csv
SPD,7140206,Giáo dục Thể chất,T00; T05; T06; T07,25.7,Điểm thi THPT,,2024,https://github.com/HTNam1710/ADS_Final/blob/main/Data/diem_chuan_2024_final.csv
SPD,7140209,Sư phạm Toán học - Chương trình đại trà - Chương trình Toán Tiếng Anh,A00; A01; A02; D90,26.33,Điểm thi THPT,,2024,https://github.com/HTNam1710/ADS_Final/blob/main/Data/diem_chuan_2024_final.csv
SPD,7140210,Sư phạm Tin học,A00; A01; A02; D90,23.76,Điểm thi THPT,,2024,https://github.com/HTNam1710/ADS_Final/blob/main/Data/diem_chuan_2024_final.csv
SPD,7140211,Sư phạm Vật lý,A00; A01; A02; D90,25.8,Điểm thi THPT,,2024,https://github.com/HTNam1710/ADS_Final/blob/main/Data/diem_chuan_2024_final.csv
SPD,7140212,Sư phạm Hóa học,A00; B00; D07; D90,25.94,Điểm thi THPT,,2024,https://github.com/HTNam1710/ADS_Final/blob/main/Data/diem_chuan_2024_final.csv
SPD,7140213,Sư phạm Sinh học,A02; B00; D08; D90,24.86,Điểm thi THPT,,2024,https://github.com/HTNam1710/ADS_Final/blob/main/Data/diem_chuan_2024_final.csv
SPD,7140217,Sư phạm Ngữ văn,C00; C19; D14; D15,27.31,Điểm thi THPT,,2024,https://github.com/HTNam1710/ADS_Final/blob/main/Data/diem_chuan_2024_final.csv
SPD,7140218,Sư phạm Lịch sử,C00; C19; D14; D09,27.84,Điểm thi THPT,,2024,https://github.com/HTNam1710/ADS_Final/blob/main/Data/diem_chuan_2024_final.csv
SPD,7140219,Sư phạm Địa lý,C00; C04; D10; A07,27.43,Điểm thi THPT,,2024,https://github.com/HTNam1710/ADS_Final/blob/main/Data/diem_chuan_2024_final.csv
SPD,7140221,Sư phạm Âm nhạc,N00; N01,25.3,Điểm thi THPT,,2024,https://github.com/HTNam1710/ADS_Final/blob/main/Data/diem_chuan_2024_final.csv
SPD,7140222,Sư phạm Mỹ thuật,H00; H07,22.5,Điểm thi THPT,,2024,https://github.com/HTNam1710/ADS_Final/blob/main/Data/diem_chuan_2024_final.csv
SPD,7140231,Sư phạm Tiếng Anh,D01; D14; D15; D13,25.43,Điểm thi THPT,,2024,https://github.com/HTNam1710/ADS_Final/blob/main/Data/diem_chuan_2024_final.csv
SPD,7140246,Sư phạm Công nghệ,A00; A01; A02; D90,24.1,Điểm thi THPT,,2024,https://github.com/HTNam1710/ADS_Final/blob/main/Data/diem_chuan_2024_final.csv
SPD,7140247,Sư phạm Khoa học tự nhiên,A00; A02; B00,24.63,Điểm thi THPT,,2024,https://github.com/HTNam1710/ADS_Final/blob/main/Data/diem_chuan_2024_final.csv
SPD,7140249,Sư phạm Lịch sử và Địa lý,C00; D14; D15; A07,26.98,Điểm thi THPT,,2024,https://github.com/HTNam1710/ADS_Final/blob/main/Data/diem_chuan_2024_final.csv
SPD,7220201,Ngôn ngữ Anh - Biên - phiên dịch - Tiếng Anh kinh doanh - Tiếng Anh du lịch,D01; D14; D15; D13,22.51,Điểm thi THPT,,2024,https://github.com/HTNam1710/ADS_Final/blob/main/Data/diem_chuan_2024_final.csv
SPD,7220204,Ngôn ngữ Trung Quốc - Ngôn ngữ Trung - Anh,C00; D01; D14; D15,23.7,Điểm thi THPT,,2024,https://github.com/HTNam1710/ADS_Final/blob/main/Data/diem_chuan_2024_final.csv
SPD,7229042,Quản lý văn hóa (Sự kiện và truyền thông),C00; C19; C20; D14,23.48,Điểm thi THPT,,2024,https://github.com/HTNam1710/ADS_Final/blob/main/Data/diem_chuan_2024_final.csv
SPD,7310403,Tâm lý học giáo dục,A00; C00; C19; D01,24.2,Điểm thi THPT,,2024,https://github.com/HTNam1710/ADS_Final/blob/main/Data/diem_chuan_2024_final.csv
SPD,7310501,Địa lý học (Địa lý du lịch),A07; C00; D14; D15,25.2,Điểm thi THPT,,2024,https://github.com/HTNam1710/ADS_Final/blob/main/Data/diem_chuan_2024_final.csv
SPD,7310630,Việt Nam học (Hướng dẫn viên du lịch; Quản lý Nhà hàng và Khách sạn),C00; C19; C20; D01,23.93,Điểm thi THPT,,2024,https://github.com/HTNam1710/ADS_Final/blob/main/Data/diem_chuan_2024_final.csv
SPD,7340101,Quản trị kinh doanh,A00; A01; D01; D10,16.5,Điểm thi THPT,,2024,https://github.com/HTNam1710/ADS_Final/blob/main/Data/diem_chuan_2024_final.csv
SPD,7340120,Kinh doanh quốc tế,A00; A01; D01; D10,15,Điểm thi THPT,,2024,https://github.com/HTNam1710/ADS_Final/blob/main/Data/diem_chuan_2024_final.csv
SPD,7340201,Tài chính - Ngân hàng,A00; A01; D01; D10,19.5,Điểm thi THPT,,2024,https://github.com/HTNam1710/ADS_Final/blob/main/Data/diem_chuan_2024_final.csv
SPD,7340301,Kế toán,A00; A01; D01; D10,19.1,Điểm thi THPT,,2024,https://github.com/HTNam1710/ADS_Final/blob/main/Data/diem_chuan_2024_final.csv
SPD,7340403,Quản lý công,A00; A01; C15; D01,19.6,Điểm thi THPT,,2024,https://github.com/HTNam1710/ADS_Final/blob/main/Data/diem_chuan_2024_final.csv
SPD,7380101,Luật,A00; C00; C14; D01,24.21,Điểm thi THPT,,2024,https://github.com/HTNam1710/ADS_Final/blob/main/Data/diem_chuan_2024_final.csv
SPD,7420201,Công nghệ sinh học,A00; A02; B00; D08,15,Điểm thi THPT,,2024,https://github.com/HTNam1710/ADS_Final/blob/main/Data/diem_chuan_2024_final.csv
SPD,7440301,Khoa học môi trường (Môi trường; An toàn sức khỏe môi trường),A00; B00; D07; D08,15,Điểm thi THPT,,2024,https://github.com/HTNam1710/ADS_Final/blob/main/Data/diem_chuan_2024_final.csv
SPD,7480101,Khoa học Máy tính (Công nghệ phần mềm; Mạng máy tính và an ninh),A00; A01; A02; D90,15,Điểm thi THPT,,2024,https://github.com/HTNam1710/ADS_Final/blob/main/Data/diem_chuan_2024_final.csv
SPD,7480201,Công nghệ thông tin,A00; A01; A02; D90,16,Điểm thi THPT,,2024,https://github.com/HTNam1710/ADS_Final/blob/main/Data/diem_chuan_2024_final.csv
SPD,7510605,Logistics và Quản lý chuỗi cung ứng,A00; A01; D01; D10,19.21,Điểm thi THPT,,2024,https://github.com/HTNam1710/ADS_Final/blob/main/Data/diem_chuan_2024_final.csv
SPD,7540101,Công nghệ thực phẩm,A00; B00; D07; D08,18.3,Điểm thi THPT,,2024,https://github.com/HTNam1710/ADS_Final/blob/main/Data/diem_chuan_2024_final.csv
SPD,7580201,Kỹ thuật xây dựng,A00; A01; C01; D01,15,Điểm thi THPT,,2024,https://github.com/HTNam1710/ADS_Final/blob/main/Data/diem_chuan_2024_final.csv
SPD,7620109,Nông học (Bảo vệ thực vật; Trồng trọt; Chăn nuôi thú y và thủy sản),A00; B00; D07; D08,15,Điểm thi THPT,,2024,https://github.com/HTNam1710/ADS_Final/blob/main/Data/diem_chuan_2024_final.csv
SPD,7620301,Nuôi trồng thủy sản,A00; B00; D07; D08,15,Điểm thi THPT,,2024,https://github.com/HTNam1710/ADS_Final/blob/main/Data/diem_chuan_2024_final.csv
SPD,7760101,Công tác xã hội,C00; C19; C20; D14,23.23,Điểm thi THPT,,2024,https://github.com/HTNam1710/ADS_Final/blob/main/Data/diem_chuan_2024_final.csv
SPD,7850101,Quản lý tài nguyên và môi trường,A00; B00; D07; D08,15,Điểm thi THPT,,2024,https://github.com/HTNam1710/ADS_Final/blob/main/Data/diem_chuan_2024_final.csv
SPD,7850103,Quản lý đất đai,A00; A01; B00; D07,15,Điểm thi THPT,,2024,https://github.com/HTNam1710/ADS_Final/blob/main/Data/diem_chuan_2024_final.csv
QHK,7349001,Quản trị thương hiệu,D04,25.29,Điểm thi THPT,,2024,https://github.com/HTNam1710/ADS_Final/blob/main/Data/diem_chuan_2024_final.csv
QHK,7349001,Quản trị thương hiệu,A00,25.15,Điểm thi THPT,,2024,https://github.com/HTNam1710/ADS_Final/blob/main/Data/diem_chuan_2024_final.csv
QHK,7349001,Quản trị thương hiệu,A01,25.05,Điểm thi THPT,,2024,https://github.com/HTNam1710/ADS_Final/blob/main/Data/diem_chuan_2024_final.csv
QHK,7349001,Quản trị thương hiệu,C00,27.83,Điểm thi THPT,,2024,https://github.com/HTNam1710/ADS_Final/blob/main/Data/diem_chuan_2024_final.csv
QHK,7349001,Quản trị thương hiệu,D01,25.36,Điểm thi THPT,,2024,https://github.com/HTNam1710/ADS_Final/blob/main/Data/diem_chuan_2024_final.csv
QHK,7349001,Quản trị thương hiệu,D03,25.15,Điểm thi THPT,,2024,https://github.com/HTNam1710/ADS_Final/blob/main/Data/diem_chuan_2024_final.csv
QHK,7349002,Quản lý giải trí và sự kiện,A00,25.1,Điểm thi THPT,,2024,https://github.com/HTNam1710/ADS_Final/blob/main/Data/diem_chuan_2024_final.csv
QHK,7349002,Quản lý giải trí và sự kiện,A01,25.01,Điểm thi THPT,,2024,https://github.com/HTNam1710/ADS_Final/blob/main/Data/diem_chuan_2024_final.csv
QHK,7349002,Quản lý giải trí và sự kiện,C00,27.58,Điểm thi THPT,,2024,https://github.com/HTNam1710/ADS_Final/blob/main/Data/diem_chuan_2024_final.csv
QHK,7349002,Quản lý giải trí và sự kiện,D01,25.36,Điểm thi THPT,,2024,https://github.com/HTNam1710/ADS_Final/blob/main/Data/diem_chuan_2024_final.csv
QHK,7349002,Quản lý giải trí và sự kiện,D03,25.68,Điểm thi THPT,,2024,https://github.com/HTNam1710/ADS_Final/blob/main/Data/diem_chuan_2024_final.csv
QHK,7349002,Quản lý giải trí và sự kiện,D04,25.36,Điểm thi THPT,,2024,https://github.com/HTNam1710/ADS_Final/blob/main/Data/diem_chuan_2024_final.csv
QHK,7900204,Quản trị đô thị thông minh và bền vững,D01,24.07,Điểm thi THPT,,2024,https://github.com/HTNam1710/ADS_Final/blob/main/Data/diem_chuan_2024_final.csv
QHK,7900204,Quản trị đô thị thông minh và bền vững,A00,23.14,Điểm thi THPT,,2024,https://github.com/HTNam1710/ADS_Final/blob/main/Data/diem_chuan_2024_final.csv
QHK,7900204,Quản trị đô thị thông minh và bền vững,D03,23.5,Điểm thi THPT,,2024,https://github.com/HTNam1710/ADS_Final/blob/main/Data/diem_chuan_2024_final.csv
QHK,7900204,Quản trị đô thị thông minh và bền vững,A01,23.47,Điểm thi THPT,,2024,https://github.com/HTNam1710/ADS_Final/blob/main/Data/diem_chuan_2024_final.csv
QHK,7900204,Quản trị đô thị thông minh và bền vững,D04,24.4,Điểm thi THPT,,2024,https://github.com/HTNam1710/ADS_Final/blob/main/Data/diem_chuan_2024_final.csv
QHK,7900204,Quản trị đô thị thông minh và bền vững,D07,23.1,Điểm thi THPT,,2024,https://github.com/HTNam1710/ADS_Final/blob/main/Data/diem_chuan_2024_final.csv
QHK,7900205,Quản trị tài nguyên di sản,A01,24.1,Điểm thi THPT,,2024,https://github.com/HTNam1710/ADS_Final/blob/main/Data/diem_chuan_2024_final.csv
QHK,7900205,Quản trị tài nguyên di sản,C00,26.38,Điểm thi THPT,,2024,https://github.com/HTNam1710/ADS_Final/blob/main/Data/diem_chuan_2024_final.csv
QHK,7900205,Quản trị tài nguyên di sản,D01,24.12,Điểm thi THPT,,2024,https://github.com/HTNam1710/ADS_Final/blob/main/Data/diem_chuan_2024_final.csv
QHK,7900205,Quản trị tài nguyên di sản,D03,24.3,Điểm thi THPT,,2024,https://github.com/HTNam1710/ADS_Final/blob/main/Data/diem_chuan_2024_final.csv
QHK,7900205,Quản trị tài nguyên di sản,D04,24.3,Điểm thi THPT,,2024,https://github.com/HTNam1710/ADS_Final/blob/main/Data/diem_chuan_2024_final.csv
QHK,7900205,Quản trị tài nguyên di sản,D78,25.01,Điểm thi THPT,,2024,https://github.com/HTNam1710/ADS_Final/blob/main/Data/diem_chuan_2024_final.csv
TTN,7140201,Giáo dục Mầm non,M01; M09,21.25,Điểm thi THPT,,2024,https://github.com/HTNam1710/ADS_Final/blob/main/Data/diem_chuan_2024_final.csv
TTN,7140202,Giáo dục Tiểu học,A00; C00; C03; D01,26.4,Điểm thi THPT,,2024,https://github.com/HTNam1710/ADS_Final/blob/main/Data/diem_chuan_2024_final.csv
TTN,7140202JR,Giáo dục Tiểu học – Tiếng Jrai,A00; C00; C03; D01,25.21,Điểm thi THPT,,2024,https://github.com/HTNam1710/ADS_Final/blob/main/Data/diem_chuan_2024_final.csv
TTN,7140205,Giáo dục Chính trị,C00; C19; D01; D66,26.36,Điểm thi THPT,,2024,https://github.com/HTNam1710/ADS_Final/blob/main/Data/diem_chuan_2024_final.csv
TTN,7140206,Giáo dục Thể chất,T01; T20,25.31,Điểm thi THPT,,2024,https://github.com/HTNam1710/ADS_Final/blob/main/Data/diem_chuan_2024_final.csv
TTN,7140209,Sư phạm Toán học,A00; A01; A02; B00,25.91,Điểm thi THPT,,2024,https://github.com/HTNam1710/ADS_Final/blob/main/Data/diem_chuan_2024_final.csv
TTN,7140211,Sư phạm Vật lý,A00; A01; A02; C01,25.45,Điểm thi THPT,,2024,https://github.com/HTNam1710/ADS_Final/blob/main/Data/diem_chuan_2024_final.csv
TTN,7140212,Sư phạm Hoá học,A00; B00; D07,25.32,Điểm thi THPT,,2024,https://github.com/HTNam1710/ADS_Final/blob/main/Data/diem_chuan_2024_final.csv
TTN,7140213,Sư phạm Sinh học,A02; B00; B03; B08,24.05,Điểm thi THPT,,2024,https://github.com/HTNam1710/ADS_Final/blob/main/Data/diem_chuan_2024_final.csv
TTN,7140217,Sư phạm Ngữ văn,C00; C19; C20; D14,27.58,Điểm thi THPT,,2024,https://github.com/HTNam1710/ADS_Final/blob/main/Data/diem_chuan_2024_final.csv
TTN,7140231,Sư phạm Tiếng Anh,D01; D14; D15; D66,26.62,Điểm thi THPT,,2024,https://github.com/HTNam1710/ADS_Final/blob/main/Data/diem_chuan_2024_final.csv
TTN,7140247,Sư phạm Khoa học tự nhiên,A00; A02; A16; D90,24.34,Điểm thi THPT,,2024,https://github.com/HTNam1710/ADS_Final/blob/main/Data/diem_chuan_2024_final.csv
TTN,7220201,Ngôn ngữ Anh,D01; D14; D15; D66,20.1,Điểm thi THPT,,2024,https://github.com/HTNam1710/ADS_Final/blob/main/Data/diem_chuan_2024_final.csv
TTN,7229001,Triết học,C00; C19; D01; D66,15,Điểm thi THPT,,2024,https://github.com/HTNam1710/ADS_Final/blob/main/Data/diem_chuan_2024_final.csv
TTN,7229030,Văn học,C00; C19; C20,23.48,Điểm thi THPT,,2024,https://github.com/HTNam1710/ADS_Final/blob/main/Data/diem_chuan_2024_final.csv
TTN,7310101,Kinh tế,A00; A01; D01; D07,17.55,Điểm thi THPT,,2024,https://github.com/HTNam1710/ADS_Final/blob/main/Data/diem_chuan_2024_final.csv
TTN,7310105,Kinh tế phát triển,A00; A01; D01; D07,15.65,Điểm thi THPT,,2024,https://github.com/HTNam1710/ADS_Final/blob/main/Data/diem_chuan_2024_final.csv
TTN,7310403,Tâm lý học giáo dục,C00; C03; D01; D14,23.25,Điểm thi THPT,,2024,https://github.com/HTNam1710/ADS_Final/blob/main/Data/diem_chuan_2024_final.csv
TTN,7340101,Quản trị kinh doanh,A00; A01; D01; D07,18.35,Điểm thi THPT,,2024,https://github.com/HTNam1710/ADS_Final/blob/main/Data/diem_chuan_2024_final.csv
TTN,7340121,Kinh doanh thương mại,A00; A01; D01; D07,20.35,Điểm thi THPT,,2024,https://github.com/HTNam1710/ADS_Final/blob/main/Data/diem_chuan_2024_final.csv
TTN,7340201,Tài chính – Ngân hàng,A00; A01; D01; D07,20.55,Điểm thi THPT,,2024,https://github.com/HTNam1710/ADS_Final/blob/main/Data/diem_chuan_2024_final.csv
TTN,7340205,Công nghệ tài chính,A00; A01; D01; D07,15,Điểm thi THPT,,2024,https://github.com/HTNam1710/ADS_Final/blob/main/Data/diem_chuan_2024_final.csv
TTN,7340301,Kế toán,A00; A01; D01; D07,18.55,Điểm thi THPT,,2024,https://github.com/HTNam1710/ADS_Final/blob/main/Data/diem_chuan_2024_final.csv
TTN,7420201,Công nghệ sinh học,A00; A02; B00; B08,15,Điểm thi THPT,,2024,https://github.com/HTNam1710/ADS_Final/blob/main/Data/diem_chuan_2024_final.csv
TTN,7420201YD,Công nghệ sinh học Y Dược,A00; A02; B00; B08,15,Điểm thi THPT,,2024,https://github.com/HTNam1710/ADS_Final/blob/main/Data/diem_chuan_2024_final.csv
TTN,7480201,Công nghệ thông tin,A00; A01,16.85,Điểm thi THPT,,2024,https://github.com/HTNam1710/ADS_Final/blob/main/Data/diem_chuan_2024_final.csv
TTN,7540101,Công nghệ thực phẩm,A00; A02; B00; B08,15,Điểm thi THPT,,2024,https://github.com/HTNam1710/ADS_Final/blob/main/Data/diem_chuan_2024_final.csv
TTN,7620105,Chăn nuôi,A02; B00; B08; D13,15,Điểm thi THPT,,2024,https://github.com/HTNam1710/ADS_Final/blob/main/Data/diem_chuan_2024_final.csv
TTN,7620110,Khoa học cây trồng,A00; A02; B00; B08,15,Điểm thi THPT,,2024,https://github.com/HTNam1710/ADS_Final/blob/main/Data/diem_chuan_2024_final.csv
TTN,7620112,Bảo vệ thực vật,A00; A02; B00; B08,15,Điểm thi THPT,,2024,https://github.com/HTNam1710/ADS_Final/blob/main/Data/diem_chuan_2024_final.csv
TTN,7620115,Kinh tế nông nghiệp,A00; A01; D01; D07,15,Điểm thi THPT,,2024,https://github.com/HTNam1710/ADS_Final/blob/main/Data/diem_chuan_2024_final.csv
TTN,7620205,Lâm sinh,A00; A02; B00; B08,15,Điểm thi THPT,,2024,https://github.com/HTNam1710/ADS_Final/blob/main/Data/diem_chuan_2024_final.csv
TTN,7640101,Thú y,A02; B00; B08; D13,18.15,Điểm thi THPT,,2024,https://github.com/HTNam1710/ADS_Final/blob/main/Data/diem_chuan_2024_final.csv
TTN,7720101,Y khoa,B00,25.01,Điểm thi THPT,,2024,https://github.com/HTNam1710/ADS_Final/blob/main/Data/diem_chuan_2024_final.csv
TTN,7720301,Điều dưỡng,B00,20.85,Điểm thi THPT,,2024,https://github.com/HTNam1710/ADS_Final/blob/main/Data/diem_chuan_2024_final.csv
TTN,7720601,Kỹ thuật xét nghiệm y học,B00,21.55,Điểm thi THPT,,2024,https://github.com/HTNam1710/ADS_Final/blob/main/Data/diem_chuan_2024_final.csv
TTN,7850103,Quản lý đất đai,A00; A01; A02; B00,15,Điểm thi THPT,,2024,https://github.com/HTNam1710/ADS_Final/blob/main/Data/diem_chuan_2024_final.csv
DQN,7140114,Quản lý Giáo dục,A00; A01; C00; D01,22.5,Điểm thi THPT,,2024,https://github.com/HTNam1710/ADS_Final/blob/main/Data/diem_chuan_2024_final.csv
DQN,7140201,Giáo dục Mầm non,M00,23.1,Điểm thi THPT,,2024,https://github.com/HTNam1710/ADS_Final/blob/main/Data/diem_chuan_2024_final.csv
DQN,7140202,Giáo dục Tiểu học,A00; C00; D01,26.95,Điểm thi THPT,,2024,https://github.com/HTNam1710/ADS_Final/blob/main/Data/diem_chuan_2024_final.csv
DQN,7140203,Giáo dục Chính trị,C00; C19; C20; D01,26.65,Điểm thi THPT,,2024,https://github.com/HTNam1710/ADS_Final/blob/main/Data/diem_chuan_2024_final.csv
DQN,7140206,Giáo dục Thể chất,T00; T02; T03; T05,26.5,Điểm thi THPT,,2024,https://github.com/HTNam1710/ADS_Final/blob/main/Data/diem_chuan_2024_final.csv
DQN,7140209,Sư phạm Toán học,A00; A01,26.5,Điểm thi THPT,,2024,https://github.com/HTNam1710/ADS_Final/blob/main/Data/diem_chuan_2024_final.csv
DQN,7140210,Sư phạm Tin học,A00; A01; D07,22.85,Điểm thi THPT,,2024,https://github.com/HTNam1710/ADS_Final/blob/main/Data/diem_chuan_2024_final.csv
DQN,7140211,Sư phạm Vật lý,A00; A01; A02,25.75,Điểm thi THPT,,2024,https://github.com/HTNam1710/ADS_Final/blob/main/Data/diem_chuan_2024_final.csv
DQN,7140213,Sư phạm Sinh học,B00; B08; A02,23.9,Điểm thi THPT,,2024,https://github.com/HTNam1710/ADS_Final/blob/main/Data/diem_chuan_2024_final.csv
DQN,7140217,Sư phạm Ngữ văn,C00; D14; D15,27.35,Điểm thi THPT,,2024,https://github.com/HTNam1710/ADS_Final/blob/main/Data/diem_chuan_2024_final.csv
DQN,7140218,Sư phạm Lịch sử,C00; C19; D14,27.45,Điểm thi THPT,,2024,https://github.com/HTNam1710/ADS_Final/blob/main/Data/diem_chuan_2024_final.csv
DQN,7140219,Sư phạm Địa lý,C00; C20; D15,27.3,Điểm thi THPT,,2024,https://github.com/HTNam1710/ADS_Final/blob/main/Data/diem_chuan_2024_final.csv
DQN,7140231,Sư phạm Tiếng Anh,D01,25.92,Điểm thi THPT,,2024,https://github.com/HTNam1710/ADS_Final/blob/main/Data/diem_chuan_2024_final.csv
DQN,7140247,Sư phạm Khoa học tự nhiên,A00; A01; A02; B00,25.65,Điểm thi THPT,,2024,https://github.com/HTNam1710/ADS_Final/blob/main/Data/diem_chuan_2024_final.csv
DQN,7140249,Sư phạm Lịch sử Địa lý,C00; C19; C20,27.15,Điểm thi THPT,,2024,https://github.com/HTNam1710/ADS_Final/blob/main/Data/diem_chuan_2024_final.csv
DQN,7220201,Ngôn ngữ Anh,A01; D01; D14; D15,22,Điểm thi THPT,,2024,https://github.com/HTNam1710/ADS_Final/blob/main/Data/diem_chuan_2024_final.csv
DQN,7220204,Ngôn ngữ Trung Quốc,A01; D01; D14; D15,23.5,Điểm thi THPT,,2024,https://github.com/HTNam1710/ADS_Final/blob/main/Data/diem_chuan_2024_final.csv
DQN,7229030,Văn học,C00; C19; D14; D15,23.5,Điểm thi THPT,,2024,https://github.com/HTNam1710/ADS_Final/blob/main/Data/diem_chuan_2024_final.csv
DQN,7310101,Kinh tế,A00; A01; D01,18,Điểm thi THPT,,2024,https://github.com/HTNam1710/ADS_Final/blob/main/Data/diem_chuan_2024_final.csv
DQN,7310205,Quản lý nhà nước,A00; C00; C19; D01,23.15,Điểm thi THPT,,2024,https://github.com/HTNam1710/ADS_Final/blob/main/Data/diem_chuan_2024_final.csv
DQN,7310403,Tâm lý học giáo dục,A00; C00; C19; D01,23,Điểm thi THPT,,2024,https://github.com/HTNam1710/ADS_Final/blob/main/Data/diem_chuan_2024_final.csv
DQN,7310608,Đông phương học,C00; C19; D14; D15,15,Điểm thi THPT,,2024,https://github.com/HTNam1710/ADS_Final/blob/main/Data/diem_chuan_2024_final.csv
DQN,7310630,Việt Nam học,C00; C19; D14; D15,18,Điểm thi THPT,,2024,https://github.com/HTNam1710/ADS_Final/blob/main/Data/diem_chuan_2024_final.csv
DQN,7340101,Quản trị kinh doanh,A00; A01; D01,17,Điểm thi THPT,,2024,https://github.com/HTNam1710/ADS_Final/blob/main/Data/diem_chuan_2024_final.csv
DQN,7340201,Tài chính - Ngân hàng,A00; A01; D01,20.25,Điểm thi THPT,,2024,https://github.com/HTNam1710/ADS_Final/blob/main/Data/diem_chuan_2024_final.csv
DQN,7340301,Kế toán,A00; A01; D01,17.75,Điểm thi THPT,,2024,https://github.com/HTNam1710/ADS_Final/blob/main/Data/diem_chuan_2024_final.csv
DQN,7340301CLC,Kế toán CLC,A00; A01; D01,18,Điểm thi THPT,,2024,https://github.com/HTNam1710/ADS_Final/blob/main/Data/diem_chuan_2024_final.csv
DQN,7340302,Kiểm toán,A00; A01; D01,18.75,Điểm thi THPT,,2024,https://github.com/HTNam1710/ADS_Final/blob/main/Data/diem_chuan_2024_final.csv
DQN,7380101,Luật,A00; C00; C19; D01,23.65,Điểm thi THPT,,2024,https://github.com/HTNam1710/ADS_Final/blob/main/Data/diem_chuan_2024_final.csv
DQN,7440112,Hóa học,A00; B00; D07; D12,15,Điểm thi THPT,,2024,https://github.com/HTNam1710/ADS_Final/blob/main/Data/diem_chuan_2024_final.csv
DQN,7440122,Khoa học vật liệu,A00; A01; A02,15,Điểm thi THPT,,2024,https://github.com/HTNam1710/ADS_Final/blob/main/Data/diem_chuan_2024_final.csv
DQN,7460108,Khoa học dữ liệu,A00; A01; D07; D90,15,Điểm thi THPT,,2024,https://github.com/HTNam1710/ADS_Final/blob/main/Data/diem_chuan_2024_final.csv
DQN,7460112,Toán ứng dụng,A00; A01; D07; D90,15,Điểm thi THPT,,2024,https://github.com/HTNam1710/ADS_Final/blob/main/Data/diem_chuan_2024_final.csv
DQN,7480103,Kỹ thuật phần mềm,A00; A01,15,Điểm thi THPT,,2024,https://github.com/HTNam1710/ADS_Final/blob/main/Data/diem_chuan_2024_final.csv
DQN,7480107,Trí tuệ nhân tạo,A00; A01; D07; D90,15,Điểm thi THPT,,2024,https://github.com/HTNam1710/ADS_Final/blob/main/Data/diem_chuan_2024_final.csv
DQN,7480201,Công nghệ thông tin,A00; A01; D01,16.5,Điểm thi THPT,,2024,https://github.com/HTNam1710/ADS_Final/blob/main/Data/diem_chuan_2024_final.csv
DQN,7510205,Công nghệ kỹ thuật ô tô,A00; A01,16,Điểm thi THPT,,2024,https://github.com/HTNam1710/ADS_Final/blob/main/Data/diem_chuan_2024_final.csv
DQN,7510401,Công nghệ kỹ thuật hóa học,A00; B00; C02; D07,15,Điểm thi THPT,,2024,https://github.com/HTNam1710/ADS_Final/blob/main/Data/diem_chuan_2024_final.csv
DQN,7510605,Logistics và quản lý chuỗi cung ứng,A00; A01; D01,21,Điểm thi THPT,,2024,https://github.com/HTNam1710/ADS_Final/blob/main/Data/diem_chuan_2024_final.csv
DQN,7520201,Kỹ thuật điện,A00; A01; D07,16,Điểm thi THPT,,2024,https://github.com/HTNam1710/ADS_Final/blob/main/Data/diem_chuan_2024_final.csv
DQN,7520207,Kỹ thuật điện tử - viễn thông,A00; A01; D07,15,Điểm thi THPT,,2024,https://github.com/HTNam1710/ADS_Final/blob/main/Data/diem_chuan_2024_final.csv
DQN,7520216,Kỹ thuật điều khiển và Tự động hóa,A00; A01; D07,15,Điểm thi THPT,,2024,https://github.com/HTNam1710/ADS_Final/blob/main/Data/diem_chuan_2024_final.csv
DQN,7540101,Công nghệ thực phẩm,A00; B00; C02; D07,15,Điểm thi THPT,,2024,https://github.com/HTNam1710/ADS_Final/blob/main/Data/diem_chuan_2024_final.csv
DQN,7580201,Kỹ thuật xây dựng,A00; A01; D07,15,Điểm thi THPT,,2024,https://github.com/HTNam1710/ADS_Final/blob/main/Data/diem_chuan_2024_final.csv
DQN,7620109,Nông học,B00; B03; B04; C08,15,Điểm thi THPT,,2024,https://github.com/HTNam1710/ADS_Final/blob/main/Data/diem_chuan_2024_final.csv
DQN,7760101,Công tác xã hội,C00; D01; D14,20.25,Điểm thi THPT,,2024,https://github.com/HTNam1710/ADS_Final/blob/main/Data/diem_chuan_2024_final.csv
DQN,7810103,Quản trị dịch vụ du lịch và lữ hành,A00; A01; D01; DI4,19.85,Điểm thi THPT,,2024,https://github.com/HTNam1710/ADS_Final/blob/main/Data/diem_chuan_2024_final.csv
DQN,7810201,Quản trị khách sạn,A00; A01; D01,18.35,Điểm thi THPT,,2024,https://github.com/HTNam1710/ADS_Final/blob/main/Data/diem_chuan_2024_final.csv
DQN,7850101,Quản lý tài nguyên và môi trường,A00; B00; C04; D01,15,Điểm thi THPT,,2024,https://github.com/HTNam1710/ADS_Final/blob/main/Data/diem_chuan_2024_final.csv
DQN,7850103,Quản lý đất đai,A00; B00; C04; D01,15,Điểm thi THPT,,2024,https://github.com/HTNam1710/ADS_Final/blob/main/Data/diem_chuan_2024_final.csv
DHC,7140206,Giáo dục thể chất,T00; T02; T05; T07,27.1,Điểm thi THPT,,2024,https://github.com/HTNam1710/ADS_Final/blob/main/Data/diem_chuan_2024_final.csv
GNT,7140221,Sư phạm Âm nhạc,N00,34.5,Điểm thi THPT,Điểm năng khiếu nhân hệ số 2,2024,https://github.com/HTNam1710/ADS_Final/blob/main/Data/diem_chuan_2024_final.csv
GNT,7140222,Sư phạm Mỹ thuật,H00,34,Điểm thi THPT,Điểm năng khiếu nhân hệ số 2,2024,https://github.com/HTNam1710/ADS_Final/blob/main/Data/diem_chuan_2024_final.csv
GNT,7210103,Hội họa,H00,37,Điểm thi THPT,Điểm năng khiếu nhân hệ số 2,2024,https://github.com/HTNam1710/ADS_Final/blob/main/Data/diem_chuan_2024_final.csv
GNT,7210205,Thanh nhạc,N00,35,Điểm thi THPT,Điểm năng khiếu nhân hệ số 2,2024,https://github.com/HTNam1710/ADS_Final/blob/main/Data/diem_chuan_2024_final.csv
GNT,7210208,Piano,N00,34.5,Điểm thi THPT,Điểm năng khiếu nhân hệ số 2,2024,https://github.com/HTNam1710/ADS_Final/blob/main/Data/diem_chuan_2024_final.csv
GNT,7210234,Diễn viên Kịch - Điện ảnh liên thông,S00,5,Điểm thi THPT,,2024,https://github.com/HTNam1710/ADS_Final/blob/main/Data/diem_chuan_2024_final.csv
GNT,7210403,Thiết kế đồ họa,H00,37.5,Điểm thi THPT,Điểm năng khiếu nhân hệ số 2,2024,https://github.com/HTNam1710/ADS_Final/blob/main/Data/diem_chuan_2024_final.csv
GNT,7210404,Thiết kế thời trang,H00,33.5,Điểm thi THPT,Điểm năng khiếu nhân hệ số 2,2024,https://github.com/HTNam1710/ADS_Final/blob/main/Data/diem_chuan_2024_final.csv
GNT,7229042,Quản lý Văn hóa,N00,31,Điểm thi THPT,Điểm năng khiếu nhân hệ số 2,2024,https://github.com/HTNam1710/ADS_Final/blob/main/Data/diem_chuan_2024_final.csv
GNT,7229042,Quản lý Văn hóa,C00,22.25,Điểm thi THPT,Điểm năng khiếu nhân hệ số 2,2024,https://github.com/HTNam1710/ADS_Final/blob/main/Data/diem_chuan_2024_final.csv
GNT,7229042,Quản lý Văn hóa,H00,30,Điểm thi THPT,Điểm năng khiếu nhân hệ số 2,2024,https://github.com/HTNam1710/ADS_Final/blob/main/Data/diem_chuan_2024_final.csv
GNT,7540204,Công nghệ may,A00,18,Điểm thi THPT,Điểm năng khiếu nhân hệ số 2,2024,https://github.com/HTNam1710/ADS_Final/blob/main/Data/diem_chuan_2024_final.csv
GNT,7540204,Công nghệ may,D01,18,Điểm thi THPT,Điểm năng khiếu nhân hệ số 2,2024,https://github.com/HTNam1710/ADS_Final/blob/main/Data/diem_chuan_2024_final.csv
GNT,7540204,Công nghệ may,H00,30,Điểm thi THPT,Điểm năng khiếu nhân hệ số 2,2024,https://github.com/HTNam1710/ADS_Final/blob/main/Data/diem_chuan_2024_final.csv
GNT,7760101,Công tác xã hội,C00; C03; C04; D00,18,Điểm thi THPT,,2024,https://github.com/HTNam1710/ADS_Final/blob/main/Data/diem_chuan_2024_final.csv
GNT,7810101,Du lịch,C00; C03; C04; D00,20,Điểm thi THPT,,2024,https://github.com/HTNam1710/ADS_Final/blob/main/Data/diem_chuan_2024_final.csv
DDQ,7310101,Kinh tế,A00; A01; D01; D90,24.5,Điểm thi THPT,,2024,https://github.com/HTNam1710/ADS_Final/blob/main/Data/diem_chuan_2024_final.csv
DDQ,7310107,Thống kê kinh tế,A00; A01; D01; D90,24.25,Điểm thi THPT,,2024,https://github.com/HTNam1710/ADS_Final/blob/main/Data/diem_chuan_2024_final.csv
DDQ,7310205,Quản lý nhà nước,A00; A01; D01; D96,23.75,Điểm thi THPT,,2024,https://github.com/HTNam1710/ADS_Final/blob/main/Data/diem_chuan_2024_final.csv
DDQ,7340101,Quản trị kinh doanh,A00; A01; D01; D90,25,Điểm thi THPT,,2024,https://github.com/HTNam1710/ADS_Final/blob/main/Data/diem_chuan_2024_final.csv
DDQ,7340115,Marketing,A00; A01; D01; D90,26,Điểm thi THPT,,2024,https://github.com/HTNam1710/ADS_Final/blob/main/Data/diem_chuan_2024_final.csv
DDQ,7340120,Kinh doanh quốc tế,A00; A01; D01; D90,27,Điểm thi THPT,,2024,https://github.com/HTNam1710/ADS_Final/blob/main/Data/diem_chuan_2024_final.csv
DDQ,7340121,Kinh doanh thương mại,A00; A01; D01; D90,25.75,Điểm thi THPT,,2024,https://github.com/HTNam1710/ADS_Final/blob/main/Data/diem_chuan_2024_final.csv
DDQ,7340122,Thương mại điện tử,A00; A01; D01; D90,26,Điểm thi THPT,,2024,https://github.com/HTNam1710/ADS_Final/blob/main/Data/diem_chuan_2024_final.csv
DDQ,7340201,Tài chính ngân hàng,A00; A01; D01; D90,25,Điểm thi THPT,,2024,https://github.com/HTNam1710/ADS_Final/blob/main/Data/diem_chuan_2024_final.csv
DDQ,7340205,Công nghệ tài chính,A00; A01; D01; D90,25.5,Điểm thi THPT,,2024,https://github.com/HTNam1710/ADS_Final/blob/main/Data/diem_chuan_2024_final.csv
DDQ,7340301,Kế toán,A00; A01; D01; D90,24.25,Điểm thi THPT,,2024,https://github.com/HTNam1710/ADS_Final/blob/main/Data/diem_chuan_2024_final.csv
DDQ,7340302,Kiểm toán,A00; A01; D01; D90,25.25,Điểm thi THPT,,2024,https://github.com/HTNam1710/ADS_Final/blob/main/Data/diem_chuan_2024_final.csv
DDQ,7340404,Quản trị nhân lực,A00; A01; D01; D90,26,Điểm thi THPT,,2024,https://github.com/HTNam1710/ADS_Final/blob/main/Data/diem_chuan_2024_final.csv
DDQ,7340405,Hệ thống thông tin quản lý,A00; A01; D01; D90,24,Điểm thi THPT,,2024,https://github.com/HTNam1710/ADS_Final/blob/main/Data/diem_chuan_2024_final.csv
DDQ,7380101,Luật,A00; A01; D01; D96,24.25,Điểm thi THPT,,2024,https://github.com/HTNam1710/ADS_Final/blob/main/Data/diem_chuan_2024_final.csv
DDQ,7380107,Luật kinh tế,A00; A01; D01; D96,24.5,Điểm thi THPT,,2024,https://github.com/HTNam1710/ADS_Final/blob/main/Data/diem_chuan_2024_final.csv
DDQ,7460108,Khoa học dữ liệu,A00; A01; D01; D90,24.75,Điểm thi THPT,,2024,https://github.com/HTNam1710/ADS_Final/blob/main/Data/diem_chuan_2024_final.csv
DDQ,7810103,Quản trị dịch vụ du lịch và lữ hành,A00; A01; D01; D90,25.75,Điểm thi THPT,,2024,https://github.com/HTNam1710/ADS_Final/blob/main/Data/diem_chuan_2024_final.csv
DDQ,7810201,Quản trị khách sạn,A00; A01; D01; D90,24.25,Điểm thi THPT,,2024,https://github.com/HTNam1710/ADS_Final/blob/main/Data/diem_chuan_2024_final.csv
VKU,7320106,Công nghệ truyền thông (cử nhân),A00; A01; D01; D90,23.7,Điểm thi THPT,,2024,https://github.com/HTNam1710/ADS_Final/blob/main/Data/diem_chuan_2024_final.csv
VKU,7320106DA,Công nghệ truyền thông - Chuyên ngành Thiết kế Mỹ thuật số (cử nhân),A00; A01; D01; D90,23.52,Điểm thi THPT,,2024,https://github.com/HTNam1710/ADS_Final/blob/main/Data/diem_chuan_2024_final.csv
VKU,7340101,Quản trị kinh doanh,A00; A01; D01; D90,23.28,Điểm thi THPT,,2024,https://github.com/HTNam1710/ADS_Final/blob/main/Data/diem_chuan_2024_final.csv
VKU,7340101EF,Quản trị kinh doanh - Chuyên ngành Quản trị tài chính số,A00; A01; D01; D90,23.28,Điểm thi THPT,,2024,https://github.com/HTNam1710/ADS_Final/blob/main/Data/diem_chuan_2024_final.csv
VKU,7340101EL,Quản trị kinh doanh - Chuyên ngành Quản trị Logistics và chuỗi cung ứng số,A00; A01; D01; D90,24,Điểm thi THPT,,2024,https://github.com/HTNam1710/ADS_Final/blob/main/Data/diem_chuan_2024_final.csv
VKU,7340101ET,Quản trị kinh doanh - Chuyên ngành Quản trị dịch vụ du lịch và lữ hành số,A00; A01; D01; D90,23.5,Điểm thi THPT,,2024,https://github.com/HTNam1710/ADS_Final/blob/main/Data/diem_chuan_2024_final.csv
VKU,7340101IM,Quản trị kinh doanh - Chuyên ngành Quản trị dự án Công nghệ thông tin,A00; A01; D01; D90,22.5,Điểm thi THPT,,2024,https://github.com/HTNam1710/ADS_Final/blob/main/Data/diem_chuan_2024_final.csv
VKU,7340115,Marketing,A00; A01; D01; D90,24.01,Điểm thi THPT,,2024,https://github.com/HTNam1710/ADS_Final/blob/main/Data/diem_chuan_2024_final.csv
VKU,7480107,Trí tuệ nhân tạo (kỹ sư),A00; A01; D01; D90,23,Điểm thi THPT,,2024,https://github.com/HTNam1710/ADS_Final/blob/main/Data/diem_chuan_2024_final.csv
VKU,7480108,Công nghệ kỹ thuật máy tính (kỹ sư),A00; A01; D01; D90,22.5,Điểm thi THPT,,2024,https://github.com/HTNam1710/ADS_Final/blob/main/Data/diem_chuan_2024_final.csv
VKU,7480108B,Công nghệ kỹ thuật máy tính (cử nhân),A00; A01; D01; D90,22,Điểm thi THPT,,2024,https://github.com/HTNam1710/ADS_Final/blob/main/Data/diem_chuan_2024_final.csv
VKU,7480108IC,Công nghệ kỹ thuật máy tính - chuyên ngành Thiết kế vi mạch bán dẫn (kỹ sư),A00; A01; D01; D90,27,Điểm thi THPT,,2024,https://github.com/HTNam1710/ADS_Final/blob/main/Data/diem_chuan_2024_final.csv
VKU,7480201,Công nghệ thông tin (kỹ sư),A00; A01; D01; D90,23,Điểm thi THPT,,2024,https://github.com/HTNam1710/ADS_Final/blob/main/Data/diem_chuan_2024_final.csv
VKU,7480201B,Công nghệ thông tin (cử nhân),A00; A01; D01; D90,22.5,Điểm thi THPT,,2024,https://github.com/HTNam1710/ADS_Final/blob/main/Data/diem_chuan_2024_final.csv
VKU,7480201DT,Công nghệ thông tin (cử nhân - Hựp tác doanh nghiệp),A00; A01; D01; D90,22,Điểm thi THPT,,2024,https://github.com/HTNam1710/ADS_Final/blob/main/Data/diem_chuan_2024_final.csv
VKU,7480202,An toàn thông tin (kỹ sư),A00; A01; D01; D90,23,Điểm thi THPT,,2024,https://github.com/HTNam1710/ADS_Final/blob/main/Data/diem_chuan_2024_final.csv
DTF,7140231,Sư phạm Tiếng Anh,A01; D01; D15; D66,26.95,Điểm thi THPT,,2024,https://github.com/HTNam1710/ADS_Final/blob/main/Data/diem_chuan_2024_final.csv
DTF,7140234,Sư phạm Tiếng Trung Quốc,A01; D01; D04; D66,26.65,Điểm thi THPT,,2024,https://github.com/HTNam1710/ADS_Final/blob/main/Data/diem_chuan_2024_final.csv
DTF,7220201,Ngôn ngữ Anh,A01; D01; D15; D66,23.7,Điểm thi THPT,,2024,https://github.com/HTNam1710/ADS_Final/blob/main/Data/diem_chuan_2024_final.csv
DTF,7220203,Ngôn ngữ Pháp,A01; D01; D03; D66,16,Điểm thi THPT,,2024,https://github.com/HTNam1710/ADS_Final/blob/main/Data/diem_chuan_2024_final.csv
DTF,7220204,Ngôn ngữ Trung Quốc,A01; D01; D04; D66,24.5,Điểm thi THPT,,2024,https://github.com/HTNam1710/ADS_Final/blob/main/Data/diem_chuan_2024_final.csv
HLU,51140201,Giáo dục Mầm non,A09; C00; C14; C20,25,Điểm thi THPT,Hệ đào tạo Cao Đẳng,2024,https://github.com/HTNam1710/ADS_Final/blob/main/Data/diem_chuan_2024_final.csv
HLU,7140201,Giáo dục Mầm non,A09; C00; C14; C20,26.6,Điểm thi THPT,,2024,https://github.com/HTNam1710/ADS_Final/blob/main/Data/diem_chuan_2024_final.csv
HLU,7140202,Giáo dục Tiểu học,C04; D01; D10; D15,25.95,Điểm thi THPT,,2024,https://github.com/HTNam1710/ADS_Final/blob/main/Data/diem_chuan_2024_final.csv
HLU,7140210,Sư phạm Tin học,A00; A01; D01; D07,19,Điểm thi THPT,,2024,https://github.com/HTNam1710/ADS_Final/blob/main/Data/diem_chuan_2024_final.csv
HLU,7140217,Sư phạm Ngữ văn,C00; C04; D01; D15,26.9,Điểm thi THPT,,2024,https://github.com/HTNam1710/ADS_Final/blob/main/Data/diem_chuan_2024_final.csv
HLU,7140231,Sư phạm Tiếng Anh,A01; D01; D15; D78,25.2,Điểm thi THPT,,2024,https://github.com/HTNam1710/ADS_Final/blob/main/Data/diem_chuan_2024_final.csv
HLU,7140247,Sư phạm Khoa học tự nhiên,A00; A01; B00; D07,19.5,Điểm thi THPT,,2024,https://github.com/HTNam1710/ADS_Final/blob/main/Data/diem_chuan_2024_final.csv
HLU,7210403,Thiết kế đồ hoạ,A00; C01; C14; D01,15,Điểm thi THPT,,2024,https://github.com/HTNam1710/ADS_Final/blob/main/Data/diem_chuan_2024_final.csv
HLU,7220201,Ngôn ngữ Anh,A01; D01; D15; D78,15,Điểm thi THPT,,2024,https://github.com/HTNam1710/ADS_Final/blob/main/Data/diem_chuan_2024_final.csv
HLU,7220204,Ngôn ngữ Trung Quốc,A01; D01; D04; D78,22.5,Điểm thi THPT,,2024,https://github.com/HTNam1710/ADS_Final/blob/main/Data/diem_chuan_2024_final.csv
HLU,7220209,Ngôn ngữ Nhật,A01; D01; D06; D78,15,Điểm thi THPT,,2024,https://github.com/HTNam1710/ADS_Final/blob/main/Data/diem_chuan_2024_final.csv
HLU,7220210,Ngôn ngữ Hàn Quốc,AH1; A01; D01; D78,15,Điểm thi THPT,,2024,https://github.com/HTNam1710/ADS_Final/blob/main/Data/diem_chuan_2024_final.csv
HLU,7229030,Văn học (CN Văn báo chí truyền thông),C00; C04; D01; D15,15,Điểm thi THPT,,2024,https://github.com/HTNam1710/ADS_Final/blob/main/Data/diem_chuan_2024_final.csv
HLU,7229042,Quản lý văn hóa,C00; C04; D01; D15,17,Điểm thi THPT,,2024,https://github.com/HTNam1710/ADS_Final/blob/main/Data/diem_chuan_2024_final.csv
HLU,7340101,Quản trị kinh doanh,A00; A01; D01; D10,15,Điểm thi THPT,,2024,https://github.com/HTNam1710/ADS_Final/blob/main/Data/diem_chuan_2024_final.csv
HLU,7340301,Kế toán,A00; A01; D01; D10,15,Điểm thi THPT,,2024,https://github.com/HTNam1710/ADS_Final/blob/main/Data/diem_chuan_2024_final.csv
HLU,7480101,Khoa học máy tính,A00; A01; D01; D07,15,Điểm thi THPT,,2024,https://github.com/HTNam1710/ADS_Final/blob/main/Data/diem_chuan_2024_final.csv
HLU,7480201,Công nghệ thông tin,A00; A01; D01; D07,15,Điểm thi THPT,,2024,https://github.com/HTNam1710/ADS_Final/blob/main/Data/diem_chuan_2024_final.csv
HLU,7620301,Nuôi trồng thủy sản,A00; A01; B00; D01,15,Điểm thi THPT,,2024,https://github.com/HTNam1710/ADS_Final/blob/main/Data/diem_chuan_2024_final.csv
HLU,7810103,Quản trị dịch vụ du lịch và lữ hành,A00; A01; D01; D10,15,Điểm thi THPT,,2024,https://github.com/HTNam1710/ADS_Final/blob/main/Data/diem_chuan_2024_final.csv
HLU,7810201,Quản trị khách sạn,A00; A01; D01; D10,15,Điểm thi THPT,,2024,https://github.com/HTNam1710/ADS_Final/blob/main/Data/diem_chuan_2024_final.csv
HLU,7810202,Quản trị nhà hàng và dịch vụ ăn uống,A01; C00; D01; D15,15,Điểm thi THPT,,2024,https://github.com/HTNam1710/ADS_Final/blob/main/Data/diem_chuan_2024_final.csv
HLU,7850101,Quản lý tài nguyên và môi trường,A00; B00; D01; D10,15,Điểm thi THPT,,2024,https://github.com/HTNam1710/ADS_Final/blob/main/Data/diem_chuan_2024_final.csv
DKT,51140201,Giáo dục Mầm non (CĐ),C00; C19; C20; D01,21,Điểm thi THPT,,2024,https://github.com/HTNam1710/ADS_Final/blob/main/Data/diem_chuan_2024_final.csv
DKT,7140201,Giáo dục Mầm non (trình độ đại học),C00; C19; C20; D01,26.4,Điểm thi THPT,,2024,https://github.com/HTNam1710/ADS_Final/blob/main/Data/diem_chuan_2024_final.csv
DKT,7140202,Giáo dục Tiểu học,A00; A01; C00; D01,26.5,Điểm thi THPT,,2024,https://github.com/HTNam1710/ADS_Final/blob/main/Data/diem_chuan_2024_final.csv
DKT,7140205,Sư phạm Giáo dục Chính trị,D01; C00; C14; C20,24.15,Điểm thi THPT,,2024,https://github.com/HTNam1710/ADS_Final/blob/main/Data/diem_chuan_2024_final.csv
DKT,7140209,Sư phạm Toán học,A00; A01; A02; D01,25.11,Điểm thi THPT,,2024,https://github.com/HTNam1710/ADS_Final/blob/main/Data/diem_chuan_2024_final.csv
DKT,7140210,Sư phạm Tin học,A00; A01; D01,20.7,Điểm thi THPT,,2024,https://github.com/HTNam1710/ADS_Final/blob/main/Data/diem_chuan_2024_final.csv
DKT,7140217,Sư phạm Ngữ Văn,C00; C03; D01; D14,26.62,Điểm thi THPT,,2024,https://github.com/HTNam1710/ADS_Final/blob/main/Data/diem_chuan_2024_final.csv
DKT,7140218,Sư phạm Lịch Sử,C00; C03; D14,26.35,Điểm thi THPT,,2024,https://github.com/HTNam1710/ADS_Final/blob/main/Data/diem_chuan_2024_final.csv
DKT,7140219,Sư phạm Địa lí,D01; C00; C20; C04,26.85,Điểm thi THPT,,2024,https://github.com/HTNam1710/ADS_Final/blob/main/Data/diem_chuan_2024_final.csv
DKT,7140231,Sư phạm tiếng Anh,D01; D14; D15,25.25,Điểm thi THPT,,2024,https://github.com/HTNam1710/ADS_Final/blob/main/Data/diem_chuan_2024_final.csv
DKT,7140247,Sư phạm Khoa học tự nhiên,A00; A02; B00; D01,23.7,Điểm thi THPT,,2024,https://github.com/HTNam1710/ADS_Final/blob/main/Data/diem_chuan_2024_final.csv
DKT,7220201,Ngôn ngữ Anh,D01; D09; D10; A01,15,Điểm thi THPT,,2024,https://github.com/HTNam1710/ADS_Final/blob/main/Data/diem_chuan_2024_final.csv
DKT,7310101,Kinh tế,A00; A01; D01,15,Điểm thi THPT,,2024,https://github.com/HTNam1710/ADS_Final/blob/main/Data/diem_chuan_2024_final.csv
DKT,7340101,Quản trị kinh doanh,A00; A01; D01,15,Điểm thi THPT,,2024,https://github.com/HTNam1710/ADS_Final/blob/main/Data/diem_chuan_2024_final.csv
DKT,7340115,Marketing,A00; A01; D01,15,Điểm thi THPT,,2024,https://github.com/HTNam1710/ADS_Final/blob/main/Data/diem_chuan_2024_final.csv
DKT,7340201,Tài chính - Ngân hàng,A00; A01; D01,15,Điểm thi THPT,,2024,https://github.com/HTNam1710/ADS_Final/blob/main/Data/diem_chuan_2024_final.csv
DKT,7340301,Kế toán,A00; A01; D01,15,Điểm thi THPT,,2024,https://github.com/HTNam1710/ADS_Final/blob/main/Data/diem_chuan_2024_final.csv
DKT,7340406,Quản trị văn phòng,A00; A01; D01; C00,15,Điểm thi THPT,,2024,https://github.com/HTNam1710/ADS_Final/blob/main/Data/diem_chuan_2024_final.csv
DKT,7480201,Công nghệ thông tin,A00; A01; D01,15,Điểm thi THPT,,2024,https://github.com/HTNam1710/ADS_Final/blob/main/Data/diem_chuan_2024_final.csv
DKT,7510302,Công nghệ kỹ thuật điện tử - viễn thông,A00; A01; D01,15,Điểm thi THPT,,2024,https://github.com/HTNam1710/ADS_Final/blob/main/Data/diem_chuan_2024_final.csv
DKT,7520201,Kỹ thuật điện,A00; A01; D01,15,Điểm thi THPT,,2024,https://github.com/HTNam1710/ADS_Final/blob/main/Data/diem_chuan_2024_final.csv
DKT,7760103,Hỗ trợ giáo dục người khuyết tật,B03; C00; D01,15,Điểm thi THPT,,2024,https://github.com/HTNam1710/ADS_Final/blob/main/Data/diem_chuan_2024_final.csv
DQB,7140201,Giáo dục Mầm non,M05; M06; M07; M14,23.05,Điểm thi THPT,,2024,https://github.com/HTNam1710/ADS_Final/blob/main/Data/diem_chuan_2024_final.csv
DQB,7140202,Giáo dục Tiểu học,A00; C00; C14; D01,26.61,Điểm thi THPT,,2024,https://github.com/HTNam1710/ADS_Final/blob/main/Data/diem_chuan_2024_final.csv
DQB,7140206,Giáo dục Thể chất,T00; T02; T05; T07,21.5,Điểm thi THPT,,2024,https://github.com/HTNam1710/ADS_Final/blob/main/Data/diem_chuan_2024_final.csv
DQB,7140247,Sư phạm Khoa học tự nhiên,A00; A02; B00; D90,23.24,Điểm thi THPT,,2024,https://github.com/HTNam1710/ADS_Final/blob/main/Data/diem_chuan_2024_final.csv
DQB,7140249,Sư phạm Lịch sử - Địa lý,C00; C19; C20; D01,26.5,Điểm thi THPT,,2024,https://github.com/HTNam1710/ADS_Final/blob/main/Data/diem_chuan_2024_final.csv
DQB,7220201,Ngôn ngữ Anh,D01; D09; D14; D15,15,Điểm thi THPT,,2024,https://github.com/HTNam1710/ADS_Final/blob/main/Data/diem_chuan_2024_final.csv
DQB,7220204,Ngôn ngữ Trung Quốc,D01; D09; D14; D15,15,Điểm thi THPT,,2024,https://github.com/HTNam1710/ADS_Final/blob/main/Data/diem_chuan_2024_final.csv
DQB,7340101,Quản trị kinh doanh,A01; A03; C03; D01,15,Điểm thi THPT,,2024,https://github.com/HTNam1710/ADS_Final/blob/main/Data/diem_chuan_2024_final.csv
DQB,7340301,Kế toán,A01; A09; C02; D01,15,Điểm thi THPT,,2024,https://github.com/HTNam1710/ADS_Final/blob/main/Data/diem_chuan_2024_final.csv
DQB,7480201,Công nghệ thông tin,A00; A01; A02; D01,15,Điểm thi THPT,,2024,https://github.com/HTNam1710/ADS_Final/blob/main/Data/diem_chuan_2024_final.csv
DQB,7620101,Nông nghiệp,A00; B03; A09; C13,15,Điểm thi THPT,,2024,https://github.com/HTNam1710/ADS_Final/blob/main/Data/diem_chuan_2024_final.csv
DQB,7810103,Quản trị dịch vụ du lịch và lữ hành,C00; C03; D01; D15,15,Điểm thi THPT,,2024,https://github.com/HTNam1710/ADS_Final/blob/main/Data/diem_chuan_2024_final.csv
DQB,7850101,Quản lý tài nguyên và môi trường,A00; B03; C04; D01,15,Điểm thi THPT,,2024,https://github.com/HTNam1710/ADS_Final/blob/main/Data/diem_chuan_2024_final.csv
DPQ,51140201,Giáo dục Mầm non,M01; M02,24,Điểm thi THPT,,2024,https://github.com/HTNam1710/ADS_Final/blob/main/Data/diem_chuan_2024_final.csv
DPQ,7140202,Giáo dục Tiểu học,A00; A01; C00; D01,25.7,Điểm thi THPT,,2024,https://github.com/HTNam1710/ADS_Final/blob/main/Data/diem_chuan_2024_final.csv
DPQ,7140209,Sư phạm Toán học,A00; A01; D01; D90,24.4,Điểm thi THPT,,2024,https://github.com/HTNam1710/ADS_Final/blob/main/Data/diem_chuan_2024_final.csv
DPQ,7140210,Sư phạm Tin học,A00; A01; D01; D90,22.4,Điểm thi THPT,,2024,https://github.com/HTNam1710/ADS_Final/blob/main/Data/diem_chuan_2024_final.csv
DPQ,7140211,Sư phạm Vật lý,A00; A01; D01; D90,23.6,Điểm thi THPT,,2024,https://github.com/HTNam1710/ADS_Final/blob/main/Data/diem_chuan_2024_final.csv
DPQ,7140217,Sư phạm Ngữ văn,C00; D78; C19; C20,26.6,Điểm thi THPT,,2024,https://github.com/HTNam1710/ADS_Final/blob/main/Data/diem_chuan_2024_final.csv
DPQ,7140231,Sư phạm Tiếng Anh,D01; D78; D84; D90,24.5,Điểm thi THPT,,2024,https://github.com/HTNam1710/ADS_Final/blob/main/Data/diem_chuan_2024_final.csv
DPQ,7140247,Sư phạm Khoa học Tự nhiên,A00; B00; D01; D90,23.5,Điểm thi THPT,,2024,https://github.com/HTNam1710/ADS_Final/blob/main/Data/diem_chuan_2024_final.csv
DPQ,7310105,Kinh tế phát triển,C04; C20; D01; D10,15,Điểm thi THPT,,2024,https://github.com/HTNam1710/ADS_Final/blob/main/Data/diem_chuan_2024_final.csv
DPQ,7340101,Quản trị kinh doanh,C04; C20; D01; D10,15,Điểm thi THPT,,2024,https://github.com/HTNam1710/ADS_Final/blob/main/Data/diem_chuan_2024_final.csv
DPQ,7340115,Marketing,C04; C20; D01; D10,15,Điểm thi THPT,,2024,https://github.com/HTNam1710/ADS_Final/blob/main/Data/diem_chuan_2024_final.csv
DPQ,7480201,Công nghệ Thông tin,A00; A01; D01; D90,15,Điểm thi THPT,,2024,https://github.com/HTNam1710/ADS_Final/blob/main/Data/diem_chuan_2024_final.csv
DPQ,7510201,Công nghệ kỹ thuật Cơ khí,A00; A01; D01; D90,15,Điểm thi THPT,,2024,https://github.com/HTNam1710/ADS_Final/blob/main/Data/diem_chuan_2024_final.csv
DPQ,7520114,Kỹ thuật Cơ - Điện tử,A00; A01; D01; D90,15,Điểm thi THPT,,2024,https://github.com/HTNam1710/ADS_Final/blob/main/Data/diem_chuan_2024_final.csv
HHT,7140202,Giáo dục Tiểu học,C04; C14; B03; D01,26.59,Điểm thi THPT,,2024,https://github.com/HTNam1710/ADS_Final/blob/main/Data/diem_chuan_2024_final.csv
HHT,7220201,Ngôn ngữ Anh,D01; D14; D15; D66,15,Điểm thi THPT,,2024,https://github.com/HTNam1710/ADS_Final/blob/main/Data/diem_chuan_2024_final.csv
HHT,7220204,Ngôn ngữ Trung Quốc,D04; C20; D01; D66,15,Điểm thi THPT,,2024,https://github.com/HTNam1710/ADS_Final/blob/main/Data/diem_chuan_2024_final.csv
HHT,7310201,Chính trị học,A00; C00; C14; D01,15,Điểm thi THPT,,2024,https://github.com/HTNam1710/ADS_Final/blob/main/Data/diem_chuan_2024_final.csv
HHT,7340101,Quản trị kinh doanh,A00; C04; C14; D01,15,Điểm thi THPT,,2024,https://github.com/HTNam1710/ADS_Final/blob/main/Data/diem_chuan_2024_final.csv
HHT,7340201,Tài chính - Ngân hàng,A00; C04; C14; D01,15,Điểm thi THPT,,2024,https://github.com/HTNam1710/ADS_Final/blob/main/Data/diem_chuan_2024_final.csv
HHT,7340301,Kế toán,A00; C04; C14; D01,15,Điểm thi THPT,,2024,https://github.com/HTNam1710/ADS_Final/blob/main/Data/diem_chuan_2024_final.csv
HHT,7380101,Luật,A00; C00; C14; D01,15,Điểm thi THPT,,2024,https://github.com/HTNam1710/ADS_Final/blob/main/Data/diem_chuan_2024_final.csv
HHT,7440301,Khoa học môi trường,A00; B00; B03; D07,15,Điểm thi THPT,,2024,https://github.com/HTNam1710/ADS_Final/blob/main/Data/diem_chuan_2024_final.csv
HHT,7480201,Công nghệ thông tin,A00; A01; A02; A09,15,Điểm thi THPT,,2024,https://github.com/HTNam1710/ADS_Final/blob/main/Data/diem_chuan_2024_final.csv
HHT,7580201,Kỹ thuật xây dựng,A00; A01; A02; A09,15,Điểm thi THPT,,2024,https://github.com/HTNam1710/ADS_Final/blob/main/Data/diem_chuan_2024_final.csv
HHT,7620110,Khoa học cây trồng,A00; B00; B03; D07,15,Điểm thi THPT,,2024,https://github.com/HTNam1710/ADS_Final/blob/main/Data/diem_chuan_2024_final.csv
HHT,7620115,Kinh tế nông nghiệp,A00; C14; D01,15,Điểm thi THPT,,2024,https://github.com/HTNam1710/ADS_Final/blob/main/Data/diem_chuan_2024_final.csv
HHT,7640101,Thú y,A00; A09; B00; D07,15,Điểm thi THPT,,2024,https://github.com/HTNam1710/ADS_Final/blob/main/Data/diem_chuan_2024_final.csv
HHT,7810103,QTDV Du lịch và Lữ hành,A00; C14; C04; D01,15,Điểm thi THPT,,2024,https://github.com/HTNam1710/ADS_Final/blob/main/Data/diem_chuan_2024_final.csv
DMT,7220201,Ngôn ngữ Anh,A01; D01; D07; D15,24,Điểm thi THPT,,2024,https://github.com/HTNam1710/ADS_Final/blob/main/Data/diem_chuan_2024_final.csv
DMT,7340101,Quản trị kinh doanh,A00; A01; C00; D01,25.75,Điểm thi THPT,,2024,https://github.com/HTNam1710/ADS_Final/blob/main/Data/diem_chuan_2024_final.csv
DMT,7340115,Marketing,A00; A01; C00; D01,26.5,Điểm thi THPT,,2024,https://github.com/HTNam1710/ADS_Final/blob/main/Data/diem_chuan_2024_final.csv
DMT,7340116,Bất động sản,A00; A01; C00; D01,24.75,Điểm thi THPT,,2024,https://github.com/HTNam1710/ADS_Final/blob/main/Data/diem_chuan_2024_final.csv
DMT,7340301,Kế toán,A00; A01; A07; D01,24.25,Điểm thi THPT,,2024,https://github.com/HTNam1710/ADS_Final/blob/main/Data/diem_chuan_2024_final.csv
DMT,7340301PH,Kế toán,A00; A01; A07; D01,15,Điểm thi THPT,Phân hiệu tại Thanh Hóa,2024,https://github.com/HTNam1710/ADS_Final/blob/main/Data/diem_chuan_2024_final.csv
DMT,7380101,Luật,A00; A01; C00; D01,25.45,Điểm thi THPT,,2024,https://github.com/HTNam1710/ADS_Final/blob/main/Data/diem_chuan_2024_final.csv
DMT,7420203,Sinh học ứng dụng,A01; B00; D01; D08,15,Điểm thi THPT,,2024,https://github.com/HTNam1710/ADS_Final/blob/main/Data/diem_chuan_2024_final.csv
DMT,7440222,Khí tượng và Khí hậu học,A00; A01; B00; D01,15,Điểm thi THPT,,2024,https://github.com/HTNam1710/ADS_Final/blob/main/Data/diem_chuan_2024_final.csv
DMT,7440224,Thủy văn học,A00; A01; B00; D01,15,Điểm thi THPT,,2024,https://github.com/HTNam1710/ADS_Final/blob/main/Data/diem_chuan_2024_final.csv
DMT,7440298,Biến đổi khí hậu và Phát triển bền vững,A00; C00; D01; D15,15,Điểm thi THPT,,2024,https://github.com/HTNam1710/ADS_Final/blob/main/Data/diem_chuan_2024_final.csv
DMT,7480201,Công nghệ thông tin,A00; A01; B00; D01,22.75,Điểm thi THPT,,2024,https://github.com/HTNam1710/ADS_Final/blob/main/Data/diem_chuan_2024_final.csv
DMT,7480201PH,Công nghệ thông tin,A00; A01; B00; D01,15,Điểm thi THPT,Phân hiệu tại Thanh Hóa,2024,https://github.com/HTNam1710/ADS_Final/blob/main/Data/diem_chuan_2024_final.csv
DMT,7510406,Công nghệ kỹ thuật môi trường,A00; A01; B00; D01,15,Điểm thi THPT,,2024,https://github.com/HTNam1710/ADS_Final/blob/main/Data/diem_chuan_2024_final.csv
DMT,7510605,Logistics và Quản lý chuỗi cung ứng,A00; A01; C00; D01,26.25,Điểm thi THPT,,2024,https://github.com/HTNam1710/ADS_Final/blob/main/Data/diem_chuan_2024_final.csv
DMT,7520501,Kỹ thuật địa chất,A00; A01; D01; D15,15,Điểm thi THPT,,2024,https://github.com/HTNam1710/ADS_Final/blob/main/Data/diem_chuan_2024_final.csv
DMT,7520503,Kỹ thuật Trắc địa - Bản đồ,A00; A01; D01; D15,15,Điểm thi THPT,,2024,https://github.com/HTNam1710/ADS_Final/blob/main/Data/diem_chuan_2024_final.csv
DMT,7520503PH,Kỹ thuật Trắc địa -Bản đồ,A00; A01; D01; D15,15,Điểm thi THPT,Phân hiệu tại Thanh Hóa,2024,https://github.com/HTNam1710/ADS_Final/blob/main/Data/diem_chuan_2024_final.csv
DMT,7540106,Đảm bảo chất lượng và An toàn thực phẩm,A00; B00; D01; D07,15,Điểm thi THPT,,2024,https://github.com/HTNam1710/ADS_Final/blob/main/Data/diem_chuan_2024_final.csv
DMT,75I0406PH,Công nghệ kỹ thuật môi trường,A00; A01; B00; D01,15,Điểm thi THPT,Phân hiệu tại Thanh Hóa,2024,https://github.com/HTNam1710/ADS_Final/blob/main/Data/diem_chuan_2024_final.csv
DMT,7810103,Quản trị dịch vụ du lịch và Lữ hành,A00; A01; C00; D01,26,Điểm thi THPT,,2024,https://github.com/HTNam1710/ADS_Final/blob/main/Data/diem_chuan_2024_final.csv
DMT,7810103PH,Quản trị dịch vụ du lịch và Lữ hành,A00; A01; C00; D01,15,Điểm thi THPT,Phân hiệu tại Thanh Hóa,2024,https://github.com/HTNam1710/ADS_Final/blob/main/Data/diem_chuan_2024_final.csv
DMT,7810201,Quản trị khách sạn,A00; A01; C00; D01,25.45,Điểm thi THPT,,2024,https://github.com/HTNam1710/ADS_Final/blob/main/Data/diem_chuan_2024_final.csv
DMT,7850101,Quản lý tài nguyên và Môi trường,A00; B00; D01; D15,15,Điểm thi THPT,,2024,https://github.com/HTNam1710/ADS_Final/blob/main/Data/diem_chuan_2024_final.csv
DMT,7850101PH,Quản lý tài nguyên và Môi trường,A00; B00; D01; D15,15,Điểm thi THPT,Phân hiệu tại Thanh Hóa,2024,https://github.com/HTNam1710/ADS_Final/blob/main/Data/diem_chuan_2024_final.csv
DMT,7850102,Kinh tế Tài nguyên thiên nhiên,A00; A01; A07; D01,15,Điểm thi THPT,,2024,https://github.com/HTNam1710/ADS_Final/blob/main/Data/diem_chuan_2024_final.csv
DMT,7850103,Quản lý đất đai,A00; B00; C00; D01,22.5,Điểm thi THPT,,2024,https://github.com/HTNam1710/ADS_Final/blob/main/Data/diem_chuan_2024_final.csv
DMT,7850103PH,Quản lý đất đai,A00; B00; C00; D01,15,Điểm thi THPT,Phân hiệu tại Thanh Hóa,2024,https://github.com/HTNam1710/ADS_Final/blob/main/Data/diem_chuan_2024_final.csv
DMT,7850198,Quản lý tài nguyên nước,A00; A01; B00; D01,15,Điểm thi THPT,,2024,https://github.com/HTNam1710/ADS_Final/blob/main/Data/diem_chuan_2024_final.csv
DMT,7850199,Quản lý biển,A00; A01; B00; D01,15,Điểm thi THPT,,2024,https://github.com/HTNam1710/ADS_Final/blob/main/Data/diem_chuan_2024_final.csv
HCS,7310101,Kinh tế,A00; A01; A07; D01,21.5,Điểm thi THPT,,2024,https://github.com/HTNam1710/ADS_Final/blob/main/Data/diem_chuan_2024_final.csv
HCS,7310205,Quản lý nhà nước,A00; D01; D15; C00,25.35,Điểm thi THPT,,2024,https://github.com/HTNam1710/ADS_Final/blob/main/Data/diem_chuan_2024_final.csv
HCS,7320303,Lưu trữ học,C19,24.75,Điểm thi THPT,,2024,https://github.com/HTNam1710/ADS_Final/blob/main/Data/diem_chuan_2024_final.csv
HCS,7320303,Lưu trữ học,D14; C00; C03,23.75,Điểm thi THPT,,2024,https://github.com/HTNam1710/ADS_Final/blob/main/Data/diem_chuan_2024_final.csv
HCS,7340406,Quản trị văn phòng,A01; D01; D15; C00,24.25,Điểm thi THPT,,2024,https://github.com/HTNam1710/ADS_Final/blob/main/Data/diem_chuan_2024_final.csv
HCS,7380101,Luật,A00; A01; D01; C00,26.45,Điểm thi THPT,,2024,https://github.com/HTNam1710/ADS_Final/blob/main/Data/diem_chuan_2024_final.csv
NHS,7220201,Ngôn ngữ Anh,A01; D01; D14; D15,25.05,Điểm thi THPT,,2024,https://github.com/HTNam1710/ADS_Final/blob/main/Data/diem_chuan_2024_final.csv
NHS,7220201_DB,Ngôn ngữ Anh (Đặc biệt),A01; D01; D14; D15,24.05,Điểm thi THPT,,2024,https://github.com/HTNam1710/ADS_Final/blob/main/Data/diem_chuan_2024_final.csv
NHS,7310106,Kinh tế quốc tế,A00; A01; D01; D07,25.5,Điểm thi THPT,,2024,https://github.com/HTNam1710/ADS_Final/blob/main/Data/diem_chuan_2024_final.csv
NHS,7340002,Quốc tế cấp song bằng ngành Quản trị kinh doanh,A00; A01; D01; D07,24.5,Điểm thi THPT,,2024,https://github.com/HTNam1710/ADS_Final/blob/main/Data/diem_chuan_2024_final.csv
NHS,7340101,Quản trị kinh doanh,A00; A01; D01; D07,24.8,Điểm thi THPT,,2024,https://github.com/HTNam1710/ADS_Final/blob/main/Data/diem_chuan_2024_final.csv
NHS,7340101_TABP,Quản trị kinh doanh (Tiếng Anh bán phần),A00; A01; D01; D07,20.45,Điểm thi THPT,,2024,https://github.com/HTNam1710/ADS_Final/blob/main/Data/diem_chuan_2024_final.csv
NHS,7340115,Marketing,A00; A01; D01; D07,26.1,Điểm thi THPT,,2024,https://github.com/HTNam1710/ADS_Final/blob/main/Data/diem_chuan_2024_final.csv
NHS,7340120,Kinh doanh quốc tế,A00; A01; D01; D07,26.36,Điểm thi THPT,,2024,https://github.com/HTNam1710/ADS_Final/blob/main/Data/diem_chuan_2024_final.csv
NHS,7340201,Tài chính ngân hàng,A00; A01; D01; D07,25.47,Điểm thi THPT,,2024,https://github.com/HTNam1710/ADS_Final/blob/main/Data/diem_chuan_2024_final.csv
NHS,7340201_TABP,Tài chính ngân hàng (Tiếng Anh bán phần),A00; A01; D01; D07,24.1,Điểm thi THPT,,2024,https://github.com/HTNam1710/ADS_Final/blob/main/Data/diem_chuan_2024_final.csv
NHS,7340205,Công nghệ tài chính,A00; A01; D01; D07,25.43,Điểm thi THPT,,2024,https://github.com/HTNam1710/ADS_Final/blob/main/Data/diem_chuan_2024_final.csv
NHS,7340301,Kế toán,A00; A01; D01; D07,25.29,Điểm thi THPT,,2024,https://github.com/HTNam1710/ADS_Final/blob/main/Data/diem_chuan_2024_final.csv
NHS,7340301_TABP,Kế Toán (Tiếng Anh bán phần),A00; A01; D01; D07,23.65,Điểm thi THPT,,2024,https://github.com/HTNam1710/ADS_Final/blob/main/Data/diem_chuan_2024_final.csv
NHS,7340405,Hệ thống thông tin quản lý,A00; A01; D01; D07,25.24,Điểm thi THPT,,2024,https://github.com/HTNam1710/ADS_Final/blob/main/Data/diem_chuan_2024_final.csv
NHS,7340405_TABP,Hệ thống thông tin quản lý (Tiếng Anh bán phần),A00; A01; D01; D07,24.55,Điểm thi THPT,,2024,https://github.com/HTNam1710/ADS_Final/blob/main/Data/diem_chuan_2024_final.csv
NHS,7380107,Luật kinh tế,A00; A01; C00; D01,24.35,Điểm thi THPT,,2024,https://github.com/HTNam1710/ADS_Final/blob/main/Data/diem_chuan_2024_final.csv
NHS,746108,Khoa học dữ liệu,A00; A01; D01; D07,24.75,Điểm thi THPT,,2024,https://github.com/HTNam1710/ADS_Final/blob/main/Data/diem_chuan_2024_final.csv
NHS,7510605,Logistics và quản lý chuỗi cung ứng,A00; A01; D01; D07,25.8,Điểm thi THPT,,2024,https://github.com/HTNam1710/ADS_Final/blob/main/Data/diem_chuan_2024_final.csv
DLX,7220201,Ngôn ngữ Anh,A01; D01; D07; D14,24.06,Điểm thi THPT,,2024,https://github.com/HTNam1710/ADS_Final/blob/main/Data/diem_chuan_2024_final.csv
DLX,7310101,Kinh tế,A00; A01; D01,23.55,Điểm thi THPT,,2024,https://github.com/HTNam1710/ADS_Final/blob/main/Data/diem_chuan_2024_final.csv
DLX,7310401,Tâm lý học,A00; A01; D01; C00,26.33,Điểm thi THPT,,2024,https://github.com/HTNam1710/ADS_Final/blob/main/Data/diem_chuan_2024_final.csv
DLX,7340101,Quản trị kinh doanh,A00; A01; D01,22.5,Điểm thi THPT,,2024,https://github.com/HTNam1710/ADS_Final/blob/main/Data/diem_chuan_2024_final.csv
DLX,7340201,Tài chính - Ngân hàng,A00; A01; D01,23.14,Điểm thi THPT,,2024,https://github.com/HTNam1710/ADS_Final/blob/main/Data/diem_chuan_2024_final.csv
DLX,7340204,Bảo hiểm,A00; A01; D01,17,Điểm thi THPT,,2024,https://github.com/HTNam1710/ADS_Final/blob/main/Data/diem_chuan_2024_final.csv
DLX,7340207,Bảo hiểm - Tài chính,A00; A01; D01,21.75,Điểm thi THPT,,2024,https://github.com/HTNam1710/ADS_Final/blob/main/Data/diem_chuan_2024_final.csv
DLX,7340301,Kế toán,A00; A01; D01,22.65,Điểm thi THPT,,2024,https://github.com/HTNam1710/ADS_Final/blob/main/Data/diem_chuan_2024_final.csv
DLX,7340302,Kiểm toán,A00; A01; D01,23.45,Điểm thi THPT,,2024,https://github.com/HTNam1710/ADS_Final/blob/main/Data/diem_chuan_2024_final.csv
DLX,7340404,Quản trị nhân lực,A00; A01; D01,23.7,Điểm thi THPT,,2024,https://github.com/HTNam1710/ADS_Final/blob/main/Data/diem_chuan_2024_final.csv
DLX,7340405,Hệ thống thông tin quản lý,A00; A01; D01,23.09,Điểm thi THPT,,2024,https://github.com/HTNam1710/ADS_Final/blob/main/Data/diem_chuan_2024_final.csv
DLX,7380107,Luật kinh tế,A00; A01; D01,23.7,Điểm thi THPT,,2024,https://github.com/HTNam1710/ADS_Final/blob/main/Data/diem_chuan_2024_final.csv
DLX,7480201,Công nghệ thông tin,A00; A01; D01,22.4,Điểm thi THPT,,2024,https://github.com/HTNam1710/ADS_Final/blob/main/Data/diem_chuan_2024_final.csv
DLX,7760101,Công tác xã hội,A00; A01; D01; C00,25.25,Điểm thi THPT,,2024,https://github.com/HTNam1710/ADS_Final/blob/main/Data/diem_chuan_2024_final.csv
DLX,7810103,Quản trị dịch vụ du lịch và lữ hành,A00; A01; D01,23.04,Điểm thi THPT,,2024,https://github.com/HTNam1710/ADS_Final/blob/main/Data/diem_chuan_2024_final.csv
DBL,51140201,Cao đẳng giáo dục Mầm non,M00,20.7,Điểm thi THPT,,2024,https://github.com/HTNam1710/ADS_Final/blob/main/Data/diem_chuan_2024_final.csv
DBL,7140202,Giáo dục tiểu học,C00; C03; D01; D78,26.2,Điểm thi THPT,,2024,https://github.com/HTNam1710/ADS_Final/blob/main/Data/diem_chuan_2024_final.csv
DBL,7220101,Tiếng việt và văn hóa Việt Nam,C00; C03; D01; D78,15,Điểm thi THPT,,2024,https://github.com/HTNam1710/ADS_Final/blob/main/Data/diem_chuan_2024_final.csv
DBL,7220201,Ngôn ngữ Anh,D01; D09; D14; D78,15,Điểm thi THPT,,2024,https://github.com/HTNam1710/ADS_Final/blob/main/Data/diem_chuan_2024_final.csv
DBL,7340101,Quản trị kinh doanh,A00; A01; D01; D90,15,Điểm thi THPT,,2024,https://github.com/HTNam1710/ADS_Final/blob/main/Data/diem_chuan_2024_final.csv
DBL,7340201,Tài chính - ngân hàng,A00; A01; D01; D90,15,Điểm thi THPT,,2024,https://github.com/HTNam1710/ADS_Final/blob/main/Data/diem_chuan_2024_final.csv
DBL,7340301,Kế toán,A00; A01; D01; D90,15,Điểm thi THPT,,2024,https://github.com/HTNam1710/ADS_Final/blob/main/Data/diem_chuan_2024_final.csv
DBL,7440301,Khoa học môi trường,A00; B00; D07; D90,15,Điểm thi THPT,,2024,https://github.com/HTNam1710/ADS_Final/blob/main/Data/diem_chuan_2024_final.csv
DBL,7480201,Công nghệ thông tin,A00; A01; D07; D90,15,Điểm thi THPT,,2024,https://github.com/HTNam1710/ADS_Final/blob/main/Data/diem_chuan_2024_final.csv
DBL,7620105,Chăn nuôi,A00; B00; D07; D90,15,Điểm thi THPT,,2024,https://github.com/HTNam1710/ADS_Final/blob/main/Data/diem_chuan_2024_final.csv
DBL,7620112,Bảo vệ thực vật,A00; B00; D07; D90,15,Điểm thi THPT,,2024,https://github.com/HTNam1710/ADS_Final/blob/main/Data/diem_chuan_2024_final.csv
DBL,7620301,Nuôi trồng thủy sản,A00; B00; D07; D90,15,Điểm thi THPT,,2024,https://github.com/HTNam1710/ADS_Final/blob/main/Data/diem_chuan_2024_final.csv
DQU,7140201,Giáo dục Mầm non,M00; M01; M02; M03,24.26,Điểm thi THPT,,2024,https://github.com/HTNam1710/ADS_Final/blob/main/Data/diem_chuan_2024_final.csv
DQU,7140202,Giáo dục Tiểu học,A00; C00; C14; D01,25.8,Điểm thi THPT,,2024,https://github.com/HTNam1710/ADS_Final/blob/main/Data/diem_chuan_2024_final.csv
DQU,7140209,Sư phạm Toán,A00; A01; C14; D01,24.25,Điểm thi THPT,,2024,https://github.com/HTNam1710/ADS_Final/blob/main/Data/diem_chuan_2024_final.csv
DQU,7140211,Sư phạm Vật lý,A00; A01; A02; D11,23.5,Điểm thi THPT,,2024,https://github.com/HTNam1710/ADS_Final/blob/main/Data/diem_chuan_2024_final.csv
DQU,7140213,Sư phạm Sinh,A02; B00; D08; D13,21.75,Điểm thi THPT,,2024,https://github.com/HTNam1710/ADS_Final/blob/main/Data/diem_chuan_2024_final.csv
DQU,7140217,Sư phạm Ngữ văn,C00; C19; C20; D14,25.74,Điểm thi THPT,,2024,https://github.com/HTNam1710/ADS_Final/blob/main/Data/diem_chuan_2024_final.csv
DQU,7140231,Sư phạm Tiếng Anh,A01; D01; D14; D15,23.94,Điểm thi THPT,,2024,https://github.com/HTNam1710/ADS_Final/blob/main/Data/diem_chuan_2024_final.csv
DQU,7220201,Ngôn ngữ Anh,A01; D01; D11; D66,14,Điểm thi THPT,,2024,https://github.com/HTNam1710/ADS_Final/blob/main/Data/diem_chuan_2024_final.csv
DQU,7229010,Lịch sử,A08; C00; C19; D14,23,Điểm thi THPT,,2024,https://github.com/HTNam1710/ADS_Final/blob/main/Data/diem_chuan_2024_final.csv
DQU,7310630,Việt Nam học (Văn hóa - Du lịch),A09; C00; C20; D01,14,Điểm thi THPT,,2024,https://github.com/HTNam1710/ADS_Final/blob/main/Data/diem_chuan_2024_final.csv
DQU,7340101,Quản trị Kinh doanh,D01; A00; D84; D96,14,Điểm thi THPT,,2024,https://github.com/HTNam1710/ADS_Final/blob/main/Data/diem_chuan_2024_final.csv
DQU,7480201,Công nghệ Thông tin,A00; A01; C14; D01,14,Điểm thi THPT,,2024,https://github.com/HTNam1710/ADS_Final/blob/main/Data/diem_chuan_2024_final.csv
DQU,7620112,Bảo vệ thực vật,A02; B00; D08; D13,14,Điểm thi THPT,,2024,https://github.com/HTNam1710/ADS_Final/blob/main/Data/diem_chuan_2024_final.csv
DLS,7220201,Ngôn ngữ Anh,A01; D01; D07; D14,23,Điểm thi THPT,,2024,https://github.com/HTNam1710/ADS_Final/blob/main/Data/diem_chuan_2024_final.csv
DLS,7310101,Kinh tế,A00; A01; D01,21.6,Điểm thi THPT,,2024,https://github.com/HTNam1710/ADS_Final/blob/main/Data/diem_chuan_2024_final.csv
DLS,7310401,Tâm lý học,A00; A01; D01; C00,25.8,Điểm thi THPT,,2024,https://github.com/HTNam1710/ADS_Final/blob/main/Data/diem_chuan_2024_final.csv
DLS,7340101,Quản trị kinh doanh,A00; A01; D01,20.75,Điểm thi THPT,,2024,https://github.com/HTNam1710/ADS_Final/blob/main/Data/diem_chuan_2024_final.csv
DLS,7340201,Tài chính - Ngân hàng,A00; A01; D01,22.6,Điểm thi THPT,,2024,https://github.com/HTNam1710/ADS_Final/blob/main/Data/diem_chuan_2024_final.csv
DLS,7340207,Bảo hiểm - Tài chính,A00; A01; D01,20,Điểm thi THPT,,2024,https://github.com/HTNam1710/ADS_Final/blob/main/Data/diem_chuan_2024_final.csv
DLS,7340301,Kế toán,A00; A01; D01,21.9,Điểm thi THPT,,2024,https://github.com/HTNam1710/ADS_Final/blob/main/Data/diem_chuan_2024_final.csv
DLS,7340404,Quản trị nhân lực,A00; A01; D01,23,Điểm thi THPT,,2024,https://github.com/HTNam1710/ADS_Final/blob/main/Data/diem_chuan_2024_final.csv
DLS,7340405,Hệ thống thông tin quản lý,A00; A01; D01,20,Điểm thi THPT,,2024,https://github.com/HTNam1710/ADS_Final/blob/main/Data/diem_chuan_2024_final.csv
DLS,7380107,Luật kinh tế,A00; A01; D01,21.75,Điểm thi THPT,,2024,https://github.com/HTNam1710/ADS_Final/blob/main/Data/diem_chuan_2024_final.csv
DLS,7760101,Công tác xã hội,A00; A01; D01; C00,23.5,Điểm thi THPT,,2024,https://github.com/HTNam1710/ADS_Final/blob/main/Data/diem_chuan_2024_final.csv
DPY,7140201,Giáo dục Mầm non,M01; M09,24.4,Điểm thi THPT,,2024,https://github.com/HTNam1710/ADS_Final/blob/main/Data/diem_chuan_2024_final.csv
DPY,7140202,Giáo dục Tiểu học,A00; A01; C00; D01,25.75,Điểm thi THPT,,2024,https://github.com/HTNam1710/ADS_Final/blob/main/Data/diem_chuan_2024_final.csv
DPY,7140209,Sư phạm Toán học,A00; A01; B00; D01,25.7,Điểm thi THPT,,2024,https://github.com/HTNam1710/ADS_Final/blob/main/Data/diem_chuan_2024_final.csv
DPY,7140217,Sư phạm Ngữ văn,C00; D01; D14; D15,25.73,Điểm thi THPT,,2024,https://github.com/HTNam1710/ADS_Final/blob/main/Data/diem_chuan_2024_final.csv
DPY,7140247,Sư phạm Khoa học tự nhiên,A00; A02; B00,24.02,Điểm thi THPT,,2024,https://github.com/HTNam1710/ADS_Final/blob/main/Data/diem_chuan_2024_final.csv
DDP,7140201,Giáo dục mầm non,A00; D01; B03; C00,25.25,Điểm thi THPT,,2024,https://github.com/HTNam1710/ADS_Final/blob/main/Data/diem_chuan_2024_final.csv
DDP,7140202,Giáo dục tiểu học,A00; D01; B03; C00,25.73,Điểm thi THPT,,2024,https://github.com/HTNam1710/ADS_Final/blob/main/Data/diem_chuan_2024_final.csv
DDP,7310205,Quản lý nhà nước,A00; A09; D01; C00,22.7,Điểm thi THPT,,2024,https://github.com/HTNam1710/ADS_Final/blob/main/Data/diem_chuan_2024_final.csv
DDP,7340101,Quản trị kinh doanh,A00; A09; D01; C00,15,Điểm thi THPT,,2024,https://github.com/HTNam1710/ADS_Final/blob/main/Data/diem_chuan_2024_final.csv
DDP,7340301,Kế toán,A00; A09; D01; C00,15,Điểm thi THPT,,2024,https://github.com/HTNam1710/ADS_Final/blob/main/Data/diem_chuan_2024_final.csv
DDP,7380107,Luật kinh tế,A00; A09; D01; C00,18.75,Điểm thi THPT,,2024,https://github.com/HTNam1710/ADS_Final/blob/main/Data/diem_chuan_2024_final.csv
DDP,7480201,Công nghệ thông tin,A00; A01; D07; D01,15,Điểm thi THPT,,2024,https://github.com/HTNam1710/ADS_Final/blob/main/Data/diem_chuan_2024_final.csv
TDH,7140208,Giáo dục Quốc phòng và An ninh,C00; C19; C20; D66,36.03,Điểm thi THPT,,2024,https://github.com/HTNam1710/ADS_Final/blob/main/Data/diem_chuan_2024_final.csv
KCC,7220201,Ngôn ngữ Anh,D01; D14; D15; D66,25.14,Điểm thi THPT,,2024,https://github.com/HTNam1710/ADS_Final/blob/main/Data/diem_chuan_2024_final.csv
KCC,7340101,Quản trị kinh doanh,A00; C01; C02; D01,23.43,Điểm thi THPT,,2024,https://github.com/HTNam1710/ADS_Final/blob/main/Data/diem_chuan_2024_final.csv
KCC,7340201,Tài chính - Ngân hàng,A00; C01; C02; D01,21.35,Điểm thi THPT,,2024,https://github.com/HTNam1710/ADS_Final/blob/main/Data/diem_chuan_2024_final.csv
KCC,7340301,Kế toán,A00; C01; C02; D01,23.19,Điểm thi THPT,,2024,https://github.com/HTNam1710/ADS_Final/blob/main/Data/diem_chuan_2024_final.csv
KCC,7380101,Luật,C00; D01; D14; D15,25.25,Điểm thi THPT,,2024,https://github.com/HTNam1710/ADS_Final/blob/main/Data/diem_chuan_2024_final.csv
KCC,7420201,Công nghệ sinh học,A02; B00; C02; D01,15.45,Điểm thi THPT,,2024,https://github.com/HTNam1710/ADS_Final/blob/main/Data/diem_chuan_2024_final.csv
KCC,7460108,Khoa học dữ liệu,A00; A01; C01; D01,21.95,Điểm thi THPT,,2024,https://github.com/HTNam1710/ADS_Final/blob/main/Data/diem_chuan_2024_final.csv
KCC,7480101,Khoa học máy tính,A00; A01; C01; D01,23.05,Điểm thi THPT,,2024,https://github.com/HTNam1710/ADS_Final/blob/main/Data/diem_chuan_2024_final.csv
KCC,7480103,Kỹ thuật phần mềm,A00; A01; C01; D01,21.9,Điểm thi THPT,,2024,https://github.com/HTNam1710/ADS_Final/blob/main/Data/diem_chuan_2024_final.csv
KCC,7480104,Hệ thống thông tin,A00; A01; C01; D01,23.3,Điểm thi THPT,,2024,https://github.com/HTNam1710/ADS_Final/blob/main/Data/diem_chuan_2024_final.csv
KCC,7480201,Công nghệ thông tin,A00; A01; C01; D01,23,Điểm thi THPT,,2024,https://github.com/HTNam1710/ADS_Final/blob/main/Data/diem_chuan_2024_final.csv
KCC,7510102,Công nghệ kỹ thuật công trình xây dựng,A00; A02; C01; D01,22.3,Điểm thi THPT,,2024,https://github.com/HTNam1710/ADS_Final/blob/main/Data/diem_chuan_2024_final.csv
KCC,7510203,Công nghệ kỳ thuật cơ điện tử,A00; A01; A02; C01,22.1,Điểm thi THPT,,2024,https://github.com/HTNam1710/ADS_Final/blob/main/Data/diem_chuan_2024_final.csv
KCC,7510301,"Công nghệ kỹ thuật điện, điện tử",A00; A01; A02; C01,21.75,Điểm thi THPT,,2024,https://github.com/HTNam1710/ADS_Final/blob/main/Data/diem_chuan_2024_final.csv
KCC,7510303,Công nghệ kỹ thuật điều khiển và tự động hóa,A00; A01; A02; C01,23.75,Điểm thi THPT,,2024,https://github.com/HTNam1710/ADS_Final/blob/main/Data/diem_chuan_2024_final.csv
KCC,7510401,Công nghệ kỹ thuật hóa học,A00; A11; B00; C02,19.8,Điểm thi THPT,,2024,https://github.com/HTNam1710/ADS_Final/blob/main/Data/diem_chuan_2024_final.csv
KCC,7510403,Công nghệ kỹ thuật năng lượng,A00; A01; A02; C01,18.9,Điểm thi THPT,,2024,https://github.com/HTNam1710/ADS_Final/blob/main/Data/diem_chuan_2024_final.csv
KCC,7510601,Quản lý công nghiệp,A00; C01; C02; D01,22.3,Điểm thi THPT,,2024,https://github.com/HTNam1710/ADS_Final/blob/main/Data/diem_chuan_2024_final.csv
KCC,7510605,Logistics và quản lý chuỗi cung ứng,A00; C01; C02; D01,22.15,Điểm thi THPT,,2024,https://github.com/HTNam1710/ADS_Final/blob/main/Data/diem_chuan_2024_final.csv
KCC,7520118,Kỹ thuật hệ thống công nghiệp,A00; C01; C02; D01,20.35,Điểm thi THPT,,2024,https://github.com/HTNam1710/ADS_Final/blob/main/Data/diem_chuan_2024_final.csv
KCC,7540101,Công nghệ thực phẩm,A00; B00; C02; D01,20,Điểm thi THPT,,2024,https://github.com/HTNam1710/ADS_Final/blob/main/Data/diem_chuan_2024_final.csv
KCC,7580302,Quản lý xây dựng,A00; C01; C02; D01,21.25,Điểm thi THPT,,2024,https://github.com/HTNam1710/ADS_Final/blob/main/Data/diem_chuan_2024_final.csv
QHQ,QHQ01,Kinh doanh quốc tế,A00; A01; D01; D03; D06; D96; D97; DD0,23.5,Điểm thi THPT,,2024,https://github.com/HTNam1710/ADS_Final/blob/main/Data/diem_chuan_2024_final.csv
QHQ,QHQ02,"Kế toán, Phân tích và Kiểm toán",A00; A01; D01; D03; D06; D96; D97; DD0,22.75,Điểm thi THPT,,2024,https://github.com/HTNam1710/ADS_Final/blob/main/Data/diem_chuan_2024_final.csv
QHQ,QHQ03,Hệ thống thông tin quản lý,A00; A01; D01; D03; D06; D96; D97; DD0,22.35,Điểm thi THPT,,2024,https://github.com/HTNam1710/ADS_Final/blob/main/Data/diem_chuan_2024_final.csv
QHQ,QHQ04,Tin học và Kỹ thuật máy tính,A00; A01; D01; D03; D06; D07; D23; D24,21,Điểm thi THPT,,2024,https://github.com/HTNam1710/ADS_Final/blob/main/Data/diem_chuan_2024_final.csv
QHQ,QHQ05,Phân tích dữ liệu kinh doanh,A00; A01; D01; D03; D06; D07; D23; D24,24.05,Điểm thi THPT,,2024,https://github.com/HTNam1710/ADS_Final/blob/main/Data/diem_chuan_2024_final.csv
QHQ,QHQ06,"Marketing (song bằng VNU-HELP, Malaysia)",A00; A01; D01; D03; D06; D96; D97; DD0,21.5,Điểm thi THPT,,2024,https://github.com/HTNam1710/ADS_Final/blob/main/Data/diem_chuan_2024_final.csv
QHQ,QHQ08,Tự động hóa và Tin học (Kỹ sư),A00; A01; D01; D03; D06; D07; D23; D24,21.5,Điểm thi THPT,,2024,https://github.com/HTNam1710/ADS_Final/blob/main/Data/diem_chuan_2024_final.csv
QHQ,QHQ09,Ngôn ngữ Anh,A01; D01; D78; D90,25.15,Điểm thi THPT,,2024,https://github.com/HTNam1710/ADS_Final/blob/main/Data/diem_chuan_2024_final.csv
QHQ,QHQ10,Công nghệ thông tin ứng dụng,A00; A01; D01; D03; D06; D07; D23; D24,22.75,Điểm thi THPT,,2024,https://github.com/HTNam1710/ADS_Final/blob/main/Data/diem_chuan_2024_final.csv
QHQ,QHQ11,Công nghệ tài chính và kinh doanh số,A00; A01; D01; D03; D06; D07; D23; D24,23.3,Điểm thi THPT,,2024,https://github.com/HTNam1710/ADS_Final/blob/main/Data/diem_chuan_2024_final.csv
QHQ,QHQ12,Kỹ thuật hệ thống công nghiệp và Logistics,A00; A01; D01; D03; D06; D07; D23; D24,23.35,Điểm thi THPT,,2024,https://github.com/HTNam1710/ADS_Final/blob/main/Data/diem_chuan_2024_final.csv
KCN,7420201,Công nghệ Sinh học – Phát triển thuốc,A00; A02; B00; D08,21.6,Điểm thi THPT,,2024,https://github.com/HTNam1710/ADS_Final/blob/main/Data/diem_chuan_2024_final.csv
KCN,7440112,Hóa học,A00; A06; B00; D07,21.75,Điểm thi THPT,,2024,https://github.com/HTNam1710/ADS_Final/blob/main/Data/diem_chuan_2024_final.csv
KCN,7440122,Khoa học Vật liệu tiên tiến và Công nghệ Nano,A00; A02; B00; D07,22,Điểm thi THPT,,2024,https://github.com/HTNam1710/ADS_Final/blob/main/Data/diem_chuan_2024_final.csv
KCN,7440301,Khoa học Môi trường ứng dụng,A00; A02; B00; D07,18.65,Điểm thi THPT,,2024,https://github.com/HTNam1710/ADS_Final/blob/main/Data/diem_chuan_2024_final.csv
KCN,7460108,Khoa học dữ liệu,A00; A01; A02; D08,22.05,Điểm thi THPT,,2024,https://github.com/HTNam1710/ADS_Final/blob/main/Data/diem_chuan_2024_final.csv
KCN,7460112,Toán ứng dụng,A00; A01; B00; D07,21.15,Điểm thi THPT,,2024,https://github.com/HTNam1710/ADS_Final/blob/main/Data/diem_chuan_2024_final.csv
KCN,7480201,Công nghệ thông tin – Truyền thông,A00; A01; A02; D07,22.5,Điểm thi THPT,,2024,https://github.com/HTNam1710/ADS_Final/blob/main/Data/diem_chuan_2024_final.csv
KCN,7480202,An toàn thông tin,A00; A01; A02; D07,23,Điểm thi THPT,,2024,https://github.com/HTNam1710/ADS_Final/blob/main/Data/diem_chuan_2024_final.csv
KCN,7510203,Công nghệ Kỹ thuật Cơ điện tử,A00; A01; A02; D07,23.51,Điểm thi THPT,,2024,https://github.com/HTNam1710/ADS_Final/blob/main/Data/diem_chuan_2024_final.csv
KCN,7520121,Khoa học Vũ trụ và Công nghệ Vệ tinh,A00; A01; B00; D07,21.65,Điểm thi THPT,,2024,https://github.com/HTNam1710/ADS_Final/blob/main/Data/diem_chuan_2024_final.csv
KCN,7520130,Kỹ thuật ô tô,A00; A01; A02; D07,22,Điểm thi THPT,,2024,https://github.com/HTNam1710/ADS_Final/blob/main/Data/diem_chuan_2024_final.csv
KCN,7520201,Kỹ thuật điện và Năng lượng tái tạo,A00; A01; A02; D07,20.8,Điểm thi THPT,,2024,https://github.com/HTNam1710/ADS_Final/blob/main/Data/diem_chuan_2024_final.csv
KCN,7520401,Công nghệ vi mạch bán dẫn,A00; A01; A02; D07,25.01,Điểm thi THPT,,2024,https://github.com/HTNam1710/ADS_Final/blob/main/Data/diem_chuan_2024_final.csv
KCN,7540101,Khoa học và Công nghệ thực phẩm,A00; A02; B00; D07,20.35,Điểm thi THPT,,2024,https://github.com/HTNam1710/ADS_Final/blob/main/Data/diem_chuan_2024_final.csv
KCN,7720201,Dược học,A00; A02; B00; D07,23.57,Điểm thi THPT,,2024,https://github.com/HTNam1710/ADS_Final/blob/main/Data/diem_chuan_2024_final.csv
KCN,7720601,Khoa học và Công nghệ y khoa,A00; A01; B00; D07,21.1,Điểm thi THPT,,2024,https://github.com/HTNam1710/ADS_Final/blob/main/Data/diem_chuan_2024_final.csv
DCV,7340301,Kế toán,A00; A01; D01; D07,20,Điểm thi THPT,,2024,https://github.com/HTNam1710/ADS_Final/blob/main/Data/diem_chuan_2024_final.csv
DCV,7480201,Công nghệ thông tin,A00; A01; D01; D07,20,Điểm thi THPT,,2024,https://github.com/HTNam1710/ADS_Final/blob/main/Data/diem_chuan_2024_final.csv
DCV,7510301,Công nghệ kỹ thuật Điện - Điện tử,A00; A01; D01; D07,20,Điểm thi THPT,,2024,https://github.com/HTNam1710/ADS_Final/blob/main/Data/diem_chuan_2024_final.csv
DCV,7510303,Công nghệ kỹ thuật Điều khiển và Tự động hóa,A00; A01; D01; D07,23,Điểm thi THPT,,2024,https://github.com/HTNam1710/ADS_Final/blob/main/Data/diem_chuan_2024_final.csv
DCV,7810103,Quản trị dịch vụ du lịch và lữ hành,A00; D01; C00; D15,25,Điểm thi THPT,,2024,https://github.com/HTNam1710/ADS_Final/blob/main/Data/diem_chuan_2024_final.csv
DCV,7810201,Quản trị khách sạn,A00; D01; C00; D15,25,Điểm thi THPT,,2024,https://github.com/HTNam1710/ADS_Final/blob/main/Data/diem_chuan_2024_final.csv
DVT,7210201,Âm nhạc học,N00,15,Điểm thi THPT,,2024,https://github.com/HTNam1710/ADS_Final/blob/main/Data/diem_chuan_2024_final.csv
DVT,7210210,Biểu diễn nhạc cụ truyền thống,N00,15,Điểm thi THPT,,2024,https://github.com/HTNam1710/ADS_Final/blob/main/Data/diem_chuan_2024_final.csv
DVT,7220106,Ngôn ngữ Khmer,C00; D01; D14,15,Điểm thi THPT,,2024,https://github.com/HTNam1710/ADS_Final/blob/main/Data/diem_chuan_2024_final.csv
DVT,7220201,Ngôn ngữ Anh,D01; D09; D14; DH1,15,Điểm thi THPT,,2024,https://github.com/HTNam1710/ADS_Final/blob/main/Data/diem_chuan_2024_final.csv
DVT,7220204,Ngôn ngữ Trung Quốc,D01; D09; D14; DH1,18.25,Điểm thi THPT,,2024,https://github.com/HTNam1710/ADS_Final/blob/main/Data/diem_chuan_2024_final.csv
DVT,7229040,Văn hoá học,C00; D14,15,Điểm thi THPT,,2024,https://github.com/HTNam1710/ADS_Final/blob/main/Data/diem_chuan_2024_final.csv
DVT,7310101,Kinh tế,A00; A01; C01; D01,15,Điểm thi THPT,,2024,https://github.com/HTNam1710/ADS_Final/blob/main/Data/diem_chuan_2024_final.csv
DVT,7310201,Chính trị học,C00; D01; C19; C20,15,Điểm thi THPT,,2024,https://github.com/HTNam1710/ADS_Final/blob/main/Data/diem_chuan_2024_final.csv
DVT,7310205,Quản lý nhà nước,C00; C04; D01; D14,15,Điểm thi THPT,,2024,https://github.com/HTNam1710/ADS_Final/blob/main/Data/diem_chuan_2024_final.csv
DVT,7340101,Quản trị kinh doanh,A00; A01; C01; D01,15,Điểm thi THPT,,2024,https://github.com/HTNam1710/ADS_Final/blob/main/Data/diem_chuan_2024_final.csv
DVT,7340122,Thương mại điện tử,A00; A01; C14; C15,15,Điểm thi THPT,,2024,https://github.com/HTNam1710/ADS_Final/blob/main/Data/diem_chuan_2024_final.csv
DVT,7340201,Tài chính - Ngân hàng,A00; A01; C01; D01,15,Điểm thi THPT,,2024,https://github.com/HTNam1710/ADS_Final/blob/main/Data/diem_chuan_2024_final.csv
DVT,7340301,Kế toán,A00; A01; C01; D01,15,Điểm thi THPT,,2024,https://github.com/HTNam1710/ADS_Final/blob/main/Data/diem_chuan_2024_final.csv
DVT,7340406,Quản trị văn phòng,C00; C04; D01; D14,15,Điểm thi THPT,,2024,https://github.com/HTNam1710/ADS_Final/blob/main/Data/diem_chuan_2024_final.csv
DVT,7380101,"Luật (Luật dân sự, Luật thương mại và Luật hình sự)",A00; A01; C01; D01,15,Điểm thi THPT,,2024,https://github.com/HTNam1710/ADS_Final/blob/main/Data/diem_chuan_2024_final.csv
DVT,7420201,Công nghệ sinh học,A00; B00; B08; D90,15,Điểm thi THPT,,2024,https://github.com/HTNam1710/ADS_Final/blob/main/Data/diem_chuan_2024_final.csv
DVT,7480107,Trí tuệ nhân tạo,A00; A01; C01; D07,15,Điểm thi THPT,,2024,https://github.com/HTNam1710/ADS_Final/blob/main/Data/diem_chuan_2024_final.csv
DVT,7480201,Công nghệ thông tin,A00; A01; C01; D07,15,Điểm thi THPT,,2024,https://github.com/HTNam1710/ADS_Final/blob/main/Data/diem_chuan_2024_final.csv
DVT,7510102,Công nghệ kỹ thuật công trình xây dựng,A00; A01; C01; D01,15,Điểm thi THPT,,2024,https://github.com/HTNam1710/ADS_Final/blob/main/Data/diem_chuan_2024_final.csv
DVT,7510201,Công nghệ kỹ thuật cơ khí,A00; A01; C01; D01,15,Điểm thi THPT,,2024,https://github.com/HTNam1710/ADS_Final/blob/main/Data/diem_chuan_2024_final.csv
DVT,7510205,Công nghệ kỹ thuật ô tô,A00; A01; C01; D01,18,Điểm thi THPT,,2024,https://github.com/HTNam1710/ADS_Final/blob/main/Data/diem_chuan_2024_final.csv
DVT,7510301,"Công nghệ kỹ thuật điện, điện tử (Hệ thống điện, Điện công nghiệp)",A00; A01; C01; D90,15,Điểm thi THPT,,2024,https://github.com/HTNam1710/ADS_Final/blob/main/Data/diem_chuan_2024_final.csv
DVT,7510303,Công nghệ kỹ thuật điều khiển và tự động hoá,A00; A01; C01; D90,15,Điểm thi THPT,,2024,https://github.com/HTNam1710/ADS_Final/blob/main/Data/diem_chuan_2024_final.csv
DVT,7510401,Công nghệ kỹ thuật hóa học,A00; B00; D07,15,Điểm thi THPT,,2024,https://github.com/HTNam1710/ADS_Final/blob/main/Data/diem_chuan_2024_final.csv
DVT,7510605,Logistics và quản lý chuỗi cung ứng,A00; C14; D01; D84,18,Điểm thi THPT,,2024,https://github.com/HTNam1710/ADS_Final/blob/main/Data/diem_chuan_2024_final.csv
DVT,7520320,Kỹ thuật môi trường,A01; A02; B00; B08,15,Điểm thi THPT,,2024,https://github.com/HTNam1710/ADS_Final/blob/main/Data/diem_chuan_2024_final.csv
DVT,7540101,Công nghệ thực phẩm,A00; B00; D07; D90,15,Điểm thi THPT,,2024,https://github.com/HTNam1710/ADS_Final/blob/main/Data/diem_chuan_2024_final.csv
DVT,7580205,Kỹ thuật xây dựng công trình giao thông,A00; A01; C01; D01,15,Điểm thi THPT,,2024,https://github.com/HTNam1710/ADS_Final/blob/main/Data/diem_chuan_2024_final.csv
DVT,7620101,Nông nghiệp,A00; B00; B08; D90,15,Điểm thi THPT,,2024,https://github.com/HTNam1710/ADS_Final/blob/main/Data/diem_chuan_2024_final.csv
DVT,7620112,Bảo vệ thực vật,A02; B00; B08; D90,15,Điểm thi THPT,,2024,https://github.com/HTNam1710/ADS_Final/blob/main/Data/diem_chuan_2024_final.csv
DVT,7620301,Nuôi trồng thuỷ sản,A02; B00; B08; D90,15,Điểm thi THPT,,2024,https://github.com/HTNam1710/ADS_Final/blob/main/Data/diem_chuan_2024_final.csv
DVT,7640101,Thú y,A02; B00; B08; D90,15,Điểm thi THPT,,2024,https://github.com/HTNam1710/ADS_Final/blob/main/Data/diem_chuan_2024_final.csv
DVT,7720101,Y khoa,B00; B08,25,Điểm thi THPT,,2024,https://github.com/HTNam1710/ADS_Final/blob/main/Data/diem_chuan_2024_final.csv
DVT,7720110,Y học dự phòng,B00; B08,19,Điểm thi THPT,,2024,https://github.com/HTNam1710/ADS_Final/blob/main/Data/diem_chuan_2024_final.csv
DVT,7720201,Dược học,A00; B00,21,Điểm thi THPT,,2024,https://github.com/HTNam1710/ADS_Final/blob/main/Data/diem_chuan_2024_final.csv
DVT,7720203,Hóa dược,A00; B00,15,Điểm thi THPT,,2024,https://github.com/HTNam1710/ADS_Final/blob/main/Data/diem_chuan_2024_final.csv
DVT,7720301,Điều dưỡng,B00; B08,19,Điểm thi THPT,,2024,https://github.com/HTNam1710/ADS_Final/blob/main/Data/diem_chuan_2024_final.csv
DVT,7720501,Răng - Hàm - Mặt,B00; B08,24.62,Điểm thi THPT,,2024,https://github.com/HTNam1710/ADS_Final/blob/main/Data/diem_chuan_2024_final.csv
DVT,7720601,Kỹ thuật xét nghiệm y học,A00; B00,19,Điểm thi THPT,,2024,https://github.com/HTNam1710/ADS_Final/blob/main/Data/diem_chuan_2024_final.csv
DVT,7720602,Kỹ thuật hình ảnh y học,A00; B00,19,Điểm thi THPT,,2024,https://github.com/HTNam1710/ADS_Final/blob/main/Data/diem_chuan_2024_final.csv
DVT,7720603,Kỹ thuật phục hồi chức năng,A00; B00,19,Điểm thi THPT,,2024,https://github.com/HTNam1710/ADS_Final/blob/main/Data/diem_chuan_2024_final.csv
DVT,7720701,Y tế công cộng,A00; B00,15,Điểm thi THPT,,2024,https://github.com/HTNam1710/ADS_Final/blob/main/Data/diem_chuan_2024_final.csv
DVT,7760101,Công tác xã hội,C00; D78; D66; C04,15,Điểm thi THPT,,2024,https://github.com/HTNam1710/ADS_Final/blob/main/Data/diem_chuan_2024_final.csv
DVT,7810103,Quản trị dịch vụ du lịch và lữ hành,C00; C04; D01; D15,15,Điểm thi THPT,,2024,https://github.com/HTNam1710/ADS_Final/blob/main/Data/diem_chuan_2024_final.csv
DVT,7810301,Quản lý thể dục thể thao,C00; C14; C19; D78,20,Điểm thi THPT,,2024,https://github.com/HTNam1710/ADS_Final/blob/main/Data/diem_chuan_2024_final.csv
DVT,7850101,Quản lý tài nguyên và môi trường,A00; B00; B02; B08,15,Điểm thi THPT,,2024,https://github.com/HTNam1710/ADS_Final/blob/main/Data/diem_chuan_2024_final.csv
DVT,TA7340101,"Quản trị kinh doanh (Quản trị kinh doanh tổng hợp, dạy và học bằng Tiếng Anh)",A00; A01; C01; D01,15,Điểm thi THPT,,2024,https://github.com/HTNam1710/ADS_Final/blob/main/Data/diem_chuan_2024_final.csv
DVT,TA7480201,Công nghệ thông tin (dạy và học bằng Tiếng Anh),A00; A01; C01; D07,15,Điểm thi THPT,,2024,https://github.com/HTNam1710/ADS_Final/blob/main/Data/diem_chuan_2024_final.csv
NLS,7140215,Sư phạm Kỹ thuật nông nghiệp,A00; A01; B00; D08,22.5,Điểm thi THPT,,2024,https://github.com/HTNam1710/ADS_Final/blob/main/Data/diem_chuan_2024_final.csv
NLS,7220201,Ngôn ngữ Anh,A01; D01; D14; D15,23.75,Điểm thi THPT,,2024,https://github.com/HTNam1710/ADS_Final/blob/main/Data/diem_chuan_2024_final.csv
NLS,7310101,Kinh tế,A00; A01; D01,22.5,Điểm thi THPT,,2024,https://github.com/HTNam1710/ADS_Final/blob/main/Data/diem_chuan_2024_final.csv
NLS,7340101,Quản trị kinh doanh,A00; A01; D01,22.75,Điểm thi THPT,,2024,https://github.com/HTNam1710/ADS_Final/blob/main/Data/diem_chuan_2024_final.csv
NLS,7340101C,Quản trị kinh doanh (CTNC),A00; A01; D01,22.75,Điểm thi THPT,Chương trình nâng cao,2024,https://github.com/HTNam1710/ADS_Final/blob/main/Data/diem_chuan_2024_final.csv
NLS,7340116,Bất động sản,A00; A01; A04; D01,19.75,Điểm thi THPT,,2024,https://github.com/HTNam1710/ADS_Final/blob/main/Data/diem_chuan_2024_final.csv
NLS,7340301,Kế toán,A00; A01; D01,23,Điểm thi THPT,,2024,https://github.com/HTNam1710/ADS_Final/blob/main/Data/diem_chuan_2024_final.csv
NLS,7420201,Công nghệ sinh học,A00; A02; B00,23.25,Điểm thi THPT,,2024,https://github.com/HTNam1710/ADS_Final/blob/main/Data/diem_chuan_2024_final.csv
NLS,7420201C,Công nghệ sinh học (CTNC),A01; D07; D08,23.25,Điểm thi THPT,Chương trình nâng cao,2024,https://github.com/HTNam1710/ADS_Final/blob/main/Data/diem_chuan_2024_final.csv
NLS,7440301,Khoa học môi trường,A00; A01; B00; D07,17.25,Điểm thi THPT,,2024,https://github.com/HTNam1710/ADS_Final/blob/main/Data/diem_chuan_2024_final.csv
NLS,7480104,Hệ thống thông tin,A00; A01; D07,21.25,Điểm thi THPT,,2024,https://github.com/HTNam1710/ADS_Final/blob/main/Data/diem_chuan_2024_final.csv
NLS,7480201,Công nghệ thông tin,A00; A01; D07,22.25,Điểm thi THPT,,2024,https://github.com/HTNam1710/ADS_Final/blob/main/Data/diem_chuan_2024_final.csv
NLS,7510201,Công nghệ kỹ thuật cơ khí,A00; A01; A02; D90,22.5,Điểm thi THPT,,2024,https://github.com/HTNam1710/ADS_Final/blob/main/Data/diem_chuan_2024_final.csv
NLS,7510201C,Công nghệ kỹ thuật cơ khí (CTNC),A00; A01; A02; D90,22.5,Điểm thi THPT,Chương trình nâng cao,2024,https://github.com/HTNam1710/ADS_Final/blob/main/Data/diem_chuan_2024_final.csv
NLS,7510203,Công nghệ kỹ thuật cơ - điện tử,A00; A01; A02; D90,23.75,Điểm thi THPT,,2024,https://github.com/HTNam1710/ADS_Final/blob/main/Data/diem_chuan_2024_final.csv
NLS,7510205,Công nghệ kỹ thuật ô tô,A00; A01; A02; D90,23.75,Điểm thi THPT,,2024,https://github.com/HTNam1710/ADS_Final/blob/main/Data/diem_chuan_2024_final.csv
NLS,7510206,Công nghệ kỹ thuật nhiệt,A00; A01; A02; D90,21.75,Điểm thi THPT,,2024,https://github.com/HTNam1710/ADS_Final/blob/main/Data/diem_chuan_2024_final.csv
NLS,7510401,Công nghệ kỹ thuật hóa học,A00; A01; B00; D07,23.25,Điểm thi THPT,,2024,https://github.com/HTNam1710/ADS_Final/blob/main/Data/diem_chuan_2024_final.csv
NLS,7510401C,Công nghệ kỹ thuật hóa học (CTNC),A00; A01; B00; D07,23.25,Điểm thi THPT,Chương trình nâng cao,2024,https://github.com/HTNam1710/ADS_Final/blob/main/Data/diem_chuan_2024_final.csv
NLS,7519007,Công nghệ Kỹ thuật năng lượng tái tạo,A00; A01; A02; D90,19.5,Điểm thi THPT,,2024,https://github.com/HTNam1710/ADS_Final/blob/main/Data/diem_chuan_2024_final.csv
NLS,7520216,Kỹ thuật điều khiển và tự động hoá,A00; A01; A02; D90,23.5,Điểm thi THPT,,2024,https://github.com/HTNam1710/ADS_Final/blob/main/Data/diem_chuan_2024_final.csv
NLS,7520320,Kỹ thuật môi trường,A00; A01; B00; D07,16,Điểm thi THPT,,2024,https://github.com/HTNam1710/ADS_Final/blob/main/Data/diem_chuan_2024_final.csv
NLS,7540101,Công nghệ thực phẩm,A00; A01; B00; D08,22.5,Điểm thi THPT,,2024,https://github.com/HTNam1710/ADS_Final/blob/main/Data/diem_chuan_2024_final.csv
NLS,7540101C,Công nghệ thực phẩm (CTNC),A00; A01; B00; D08,22.5,Điểm thi THPT,Chương trình nâng cao,2024,https://github.com/HTNam1710/ADS_Final/blob/main/Data/diem_chuan_2024_final.csv
NLS,7540101T,Công nghệ thực phẩm (CTTT),A00; A01; B00; D08,22.5,Điểm thi THPT,Chương trình tiên tiến,2024,https://github.com/HTNam1710/ADS_Final/blob/main/Data/diem_chuan_2024_final.csv
NLS,7540105,Công nghệ chế biến thuỷ sản,A00; B00; D07; D08,16,Điểm thi THPT,,2024,https://github.com/HTNam1710/ADS_Final/blob/main/Data/diem_chuan_2024_final.csv
NLS,7549001,Công nghệ chế biến lâm sản,A00; A01; B00; D01,16,Điểm thi THPT,,2024,https://github.com/HTNam1710/ADS_Final/blob/main/Data/diem_chuan_2024_final.csv
NLS,7620105,Chăn nuôi,A00; B00; D07; D08,16,Điểm thi THPT,,2024,https://github.com/HTNam1710/ADS_Final/blob/main/Data/diem_chuan_2024_final.csv
NLS,7620105C,Chăn nuôi (CTNC),A00; B00; D07; D08,16,Điểm thi THPT,Chương trình nâng cao,2024,https://github.com/HTNam1710/ADS_Final/blob/main/Data/diem_chuan_2024_final.csv
NLS,7620109,Nông học,A00; B00; D07; D08,17,Điểm thi THPT,,2024,https://github.com/HTNam1710/ADS_Final/blob/main/Data/diem_chuan_2024_final.csv
NLS,7620112,Bảo vệ thực vật,A00; B00; D07; D08,17,Điểm thi THPT,,2024,https://github.com/HTNam1710/ADS_Final/blob/main/Data/diem_chuan_2024_final.csv
NLS,7620114,Kinh doanh nông nghiệp,A00; A01; D01,18,Điểm thi THPT,,2024,https://github.com/HTNam1710/ADS_Final/blob/main/Data/diem_chuan_2024_final.csv
NLS,7620116,Phát triển nông thôn,A00; A01; D01,16,Điểm thi THPT,,2024,https://github.com/HTNam1710/ADS_Final/blob/main/Data/diem_chuan_2024_final.csv
NLS,7620201,Lâm học,A00; B00; D01; D08,16,Điểm thi THPT,,2024,https://github.com/HTNam1710/ADS_Final/blob/main/Data/diem_chuan_2024_final.csv
NLS,7620202,Lâm nghiệp đô thị,A00; B00; D01; D08,16,Điểm thi THPT,,2024,https://github.com/HTNam1710/ADS_Final/blob/main/Data/diem_chuan_2024_final.csv
NLS,7620211,Quản lý tài nguyên rừng,A00; B00; D01; D08,16,Điểm thi THPT,,2024,https://github.com/HTNam1710/ADS_Final/blob/main/Data/diem_chuan_2024_final.csv
NLS,7620301,Nuôi trồng thuỷ sản,A00; B00; D07; D08,16,Điểm thi THPT,,2024,https://github.com/HTNam1710/ADS_Final/blob/main/Data/diem_chuan_2024_final.csv
NLS,7640101,Thú y,A00; B00; D07; D08,24.5,Điểm thi THPT,,2024,https://github.com/HTNam1710/ADS_Final/blob/main/Data/diem_chuan_2024_final.csv
NLS,7640101T,Thú y (CTTT),A00; B00; D07; D08,25,Điểm thi THPT,Chương trình tiên tiến,2024,https://github.com/HTNam1710/ADS_Final/blob/main/Data/diem_chuan_2024_final.csv
NLS,7850101,Quản lý tài nguyên và môi trường,A00; A01; B00; D07,20,Điểm thi THPT,,2024,https://github.com/HTNam1710/ADS_Final/blob/main/Data/diem_chuan_2024_final.csv
NLS,7850103,Quản lý đất đai,A00; A01; A04; D01,21.25,Điểm thi THPT,,2024,https://github.com/HTNam1710/ADS_Final/blob/main/Data/diem_chuan_2024_final.csv
NLS,7859002,Tài nguyên và du lịch sinh thái,A00; B00; D01; D08,19.5,Điểm thi THPT,,2024,https://github.com/HTNam1710/ADS_Final/blob/main/Data/diem_chuan_2024_final.csv
NLS,7859007,Cảnh quan và kỹ thuật hoa viên,A00; B00; D07; D08,16,Điểm thi THPT,,2024,https://github.com/HTNam1710/ADS_Final/blob/main/Data/diem_chuan_2024_final.csv
HVC,7310201,Chính trị học,C00; C03; C04; C14,22,Điểm thi THPT,,2024,https://github.com/HTNam1710/ADS_Final/blob/main/Data/diem_chuan_2024_final.csv
HVC,7310202,Xây dựng Đảng & CQNN,C00; C03; C04; C14,23,Điểm thi THPT,,2024,https://github.com/HTNam1710/ADS_Final/blob/main/Data/diem_chuan_2024_final.csv
HVC,7310205,Quản lý nhà nước,A00; A01; C00; D01,23.5,Điểm thi THPT,,2024,https://github.com/HTNam1710/ADS_Final/blob/main/Data/diem_chuan_2024_final.csv
HVC,7380101,Luật,A00; A01; C00; D01,25,Điểm thi THPT,,2024,https://github.com/HTNam1710/ADS_Final/blob/main/Data/diem_chuan_2024_final.csv
HVC,7760101,Công tác xã hội,C00; C14; D01; D14,22,Điểm thi THPT,,2024,https://github.com/HTNam1710/ADS_Final/blob/main/Data/diem_chuan_2024_final.csv
XDA,7210110,Mỹ thuật đô thị,H01; H06; V00; V02,18.01,Điểm thi THPT,,2024,https://github.com/HTNam1710/ADS_Final/blob/main/Data/diem_chuan_2024_final.csv
XDA,7340409,Quản lý dự án,A00; A01; D01; D07,21,Điểm thi THPT,,2024,https://github.com/HTNam1710/ADS_Final/blob/main/Data/diem_chuan_2024_final.csv
XDA,7480101,Khoa học Máy tính,A00; A01; D01; D07,24.6,Điểm thi THPT,,2024,https://github.com/HTNam1710/ADS_Final/blob/main/Data/diem_chuan_2024_final.csv
XDA,7480101_QT,Khoa học máy tính (Chương trình đào tạo liên kết với Đại học Mississippi - Hoa Kỳ),A00; A01; D01; D07,22,Điểm thi THPT,,2024,https://github.com/HTNam1710/ADS_Final/blob/main/Data/diem_chuan_2024_final.csv
XDA,7480201,Công nghệ thông tin,A00; A01; D01; D07,24.75,Điểm thi THPT,,2024,https://github.com/HTNam1710/ADS_Final/blob/main/Data/diem_chuan_2024_final.csv
XDA,7480201_01,Công nghệ thông tin/ Công nghệ đa phương tiện,A00; A01; D01; D07,24,Điểm thi THPT,,2024,https://github.com/HTNam1710/ADS_Final/blob/main/Data/diem_chuan_2024_final.csv
XDA,7510105,Công nghệ Kỹ thuật Vật liệu xây dựng,A00; A01; B00; D07,19.75,Điểm thi THPT,,2024,https://github.com/HTNam1710/ADS_Final/blob/main/Data/diem_chuan_2024_final.csv
XDA,7510605,Logistics và Quản lý chuỗi cung ứng,A00; A01; D01; D07,24.8,Điểm thi THPT,,2024,https://github.com/HTNam1710/ADS_Final/blob/main/Data/diem_chuan_2024_final.csv
XDA,7510605_01,Logistics và Quản lý chuỗi cung ứng/ Logistics đô thị,A00; A01; D01; D07,23.9,Điểm thi THPT,,2024,https://github.com/HTNam1710/ADS_Final/blob/main/Data/diem_chuan_2024_final.csv
XDA,7520101_01,Kỹ thuật cơ khí/ Máy xây dựng,A00; A01; D07,20.75,Điểm thi THPT,,2024,https://github.com/HTNam1710/ADS_Final/blob/main/Data/diem_chuan_2024_final.csv
XDA,7520101_03,Kỹ thuật cơ khí/ Kỹ thuật cơ điện,A00; A01; D07,23.95,Điểm thi THPT,,2024,https://github.com/HTNam1710/ADS_Final/blob/main/Data/diem_chuan_2024_final.csv
XDA,7520101_04,Kỹ thuật cơ khí/ Kỹ thuật ô tô,A00; A01; D07,24.35,Điểm thi THPT,,2024,https://github.com/HTNam1710/ADS_Final/blob/main/Data/diem_chuan_2024_final.csv
XDA,7520103,Kỹ thuật cơ khí,A00; A01; D07,24,Điểm thi THPT,,2024,https://github.com/HTNam1710/ADS_Final/blob/main/Data/diem_chuan_2024_final.csv
XDA,7520201,Kỹ thuật điện,A00; A01; D01; D07,23.8,Điểm thi THPT,,2024,https://github.com/HTNam1710/ADS_Final/blob/main/Data/diem_chuan_2024_final.csv
XDA,7520309,Kỹ thuật vật liệu,A00; A01; B00; D07,21.2,Điểm thi THPT,,2024,https://github.com/HTNam1710/ADS_Final/blob/main/Data/diem_chuan_2024_final.csv
XDA,7520320,Kỹ thuật Môi trường,A00; A01; B00; D07,17,Điểm thi THPT,,2024,https://github.com/HTNam1710/ADS_Final/blob/main/Data/diem_chuan_2024_final.csv
XDA,7580101,Kiến trúc,V00; V02; V10,21.9,Điểm thi THPT,,2024,https://github.com/HTNam1710/ADS_Final/blob/main/Data/diem_chuan_2024_final.csv
XDA,7580101_01,Kiến trúc/ Kiến trúc công nghệ,V00; V02,21.3,Điểm thi THPT,,2024,https://github.com/HTNam1710/ADS_Final/blob/main/Data/diem_chuan_2024_final.csv
XDA,7580101_02,Kiến trúc nội thất,V00; V02,21.5,Điểm thi THPT,,2024,https://github.com/HTNam1710/ADS_Final/blob/main/Data/diem_chuan_2024_final.csv
XDA,7580102,Kiến trúc cảnh quan,V00; V02; V06,21.2,Điểm thi THPT,,2024,https://github.com/HTNam1710/ADS_Final/blob/main/Data/diem_chuan_2024_final.csv
XDA,7580105,Quy hoạch vùng và đô thị,V00; V01; V02,21.1,Điểm thi THPT,,2024,https://github.com/HTNam1710/ADS_Final/blob/main/Data/diem_chuan_2024_final.csv
XDA,7580201,Kỹ thuật xây dựng,A00; A01; D01; D07,21.9,Điểm thi THPT,,2024,https://github.com/HTNam1710/ADS_Final/blob/main/Data/diem_chuan_2024_final.csv
XDA,7580201_01,Kỹ thuật xây dựng/ Xây dựng Dân dụng và Công nghiệp,A00; A01; D07; D24; D29,22.5,Điểm thi THPT,,2024,https://github.com/HTNam1710/ADS_Final/blob/main/Data/diem_chuan_2024_final.csv
XDA,7580201_02,Kỹ thuật xây dựng/ Hệ thống kỹ thuật trong công trình,A00; A01; D07,22.3,Điểm thi THPT,,2024,https://github.com/HTNam1710/ADS_Final/blob/main/Data/diem_chuan_2024_final.csv
XDA,7580201_03,Kỹ thuật xây dựng/ Tin học xây dựng,A00; A01; D01; D07,23.2,Điểm thi THPT,,2024,https://github.com/HTNam1710/ADS_Final/blob/main/Data/diem_chuan_2024_final.csv
XDA,7580201_04,Kỹ thuật xây dựng/Kỹ thuật công trình thủy,A00; A01; D01; D07,17,Điểm thi THPT,,2024,https://github.com/HTNam1710/ADS_Final/blob/main/Data/diem_chuan_2024_final.csv
XDA,7580201_05,Kỹ thuật xây dựng/ Kỹ thuật công trình biển,A00; A01; D01; D07,17,Điểm thi THPT,,2024,https://github.com/HTNam1710/ADS_Final/blob/main/Data/diem_chuan_2024_final.csv
XDA,7580201_CLC,Kỹ thuật xây dựng (Chương trình đào tạo kỹ sư Việt - Pháp PFIEV),A00; A01; D01; D07,20,Điểm thi THPT,,2024,https://github.com/HTNam1710/ADS_Final/blob/main/Data/diem_chuan_2024_final.csv
XDA,7580201_QT,Kỹ thuật xây dựng (Chương trình đào tạo liên kết với Đại học Mississippi - Hoa Kỳ),A00; A01; D01; D07,22,Điểm thi THPT,,2024,https://github.com/HTNam1710/ADS_Final/blob/main/Data/diem_chuan_2024_final.csv
XDA,7580205_01,Kỹ thuật xây dựng công trình Giao thông/ Xây dựng Cầu đường,A00; A01; D01; D07,21.45,Điểm thi THPT,,2024,https://github.com/HTNam1710/ADS_Final/blob/main/Data/diem_chuan_2024_final.csv
XDA,7580205_02,Kỹ thuật Cấp thoát nước/ Kỹ thuật nước - Môi trường nước,A00; A01; B00; D07,17,Điểm thi THPT,,2024,https://github.com/HTNam1710/ADS_Final/blob/main/Data/diem_chuan_2024_final.csv
XDA,7580301,Kinh tế xây dựng,A00; A01; D01; D07,23.9,Điểm thi THPT,,2024,https://github.com/HTNam1710/ADS_Final/blob/main/Data/diem_chuan_2024_final.csv
XDA,7580302_01,Quản lý xây dựng/ Kinh tế và quản lý đô thị,A00; A01; D01; D07,23.45,Điểm thi THPT,,2024,https://github.com/HTNam1710/ADS_Final/blob/main/Data/diem_chuan_2024_final.csv
XDA,7580302_02,Quản lý xây dựng/ Kinh tế và quản lý bất động sản,A00; A01; D01; D07,23.25,Điểm thi THPT,,2024,https://github.com/HTNam1710/ADS_Final/blob/main/Data/diem_chuan_2024_final.csv
XDA,7580302_03,Quản lý xây dựng/ Quản lý hạ tầng. đất đai đô thị,A00; A01; D01; D07,22.5,Điểm thi THPT,,2024,https://github.com/HTNam1710/ADS_Final/blob/main/Data/diem_chuan_2024_final.csv
XDA,7580302_04,Quản lý xây dựng/ Kiểm toán đầu tư xây dựng,A00; A01; D01; D07,22.9,Điểm thi THPT,,2024,https://github.com/HTNam1710/ADS_Final/blob/main/Data/diem_chuan_2024_final.csv
SKH,7140231,Sư phạm tiếng Anh,A01; D01; D09; D10,24.75,Điểm thi THPT,,2024,https://github.com/HTNam1710/ADS_Final/blob/main/Data/diem_chuan_2024_final.csv
SKH,7140246,Sư phạm công nghệ,A00; A01; D01; D07,19,Điểm thi THPT,,2024,https://github.com/HTNam1710/ADS_Final/blob/main/Data/diem_chuan_2024_final.csv
SKH,7220201,Ngôn ngữ Anh,A01; D01; D09; D10,15.5,Điểm thi THPT,,2024,https://github.com/HTNam1710/ADS_Final/blob/main/Data/diem_chuan_2024_final.csv
SKH,7220204,Ngôn ngữ Trung Quốc,A01; D01; D09; D10,22,Điểm thi THPT,,2024,https://github.com/HTNam1710/ADS_Final/blob/main/Data/diem_chuan_2024_final.csv
SKH,7310101,Kinh tế,A00; A01; D01; D07,15,Điểm thi THPT,,2024,https://github.com/HTNam1710/ADS_Final/blob/main/Data/diem_chuan_2024_final.csv
SKH,7340101,Quản trị kinh doanh,A00; A01; D01; D07,16,Điểm thi THPT,,2024,https://github.com/HTNam1710/ADS_Final/blob/main/Data/diem_chuan_2024_final.csv
SKH,7340123,Kinh doanh thời trang và Dệt may,A00; A01; D01; D07,15,Điểm thi THPT,,2024,https://github.com/HTNam1710/ADS_Final/blob/main/Data/diem_chuan_2024_final.csv
SKH,7340301,Kế toán,A00; A01; D01; D07,16,Điểm thi THPT,,2024,https://github.com/HTNam1710/ADS_Final/blob/main/Data/diem_chuan_2024_final.csv
SKH,7480101,Khoa học máy tính,A00; A01; D01; D07,17,Điểm thi THPT,,2024,https://github.com/HTNam1710/ADS_Final/blob/main/Data/diem_chuan_2024_final.csv
SKH,7480103,Kỹ thuật phần mềm,A00; A01; D01; D07,17,Điểm thi THPT,,2024,https://github.com/HTNam1710/ADS_Final/blob/main/Data/diem_chuan_2024_final.csv
SKH,7480201,Công nghệ thông tin,A00; A01; D01; D07,17,Điểm thi THPT,,2024,https://github.com/HTNam1710/ADS_Final/blob/main/Data/diem_chuan_2024_final.csv
SKH,7510201,Công nghệ kỹ thuật cơ khí,A00; A01; D01; D07,15.5,Điểm thi THPT,,2024,https://github.com/HTNam1710/ADS_Final/blob/main/Data/diem_chuan_2024_final.csv
SKH,7510202,Công nghệ chế tạo máy,A00; A01; D01; D07,15.5,Điểm thi THPT,,2024,https://github.com/HTNam1710/ADS_Final/blob/main/Data/diem_chuan_2024_final.csv
SKH,7510203,Công nghệ kỹ thuật cơ điện tử,A00; A01; D01; D07,16,Điểm thi THPT,,2024,https://github.com/HTNam1710/ADS_Final/blob/main/Data/diem_chuan_2024_final.csv
SKH,7510205,Công nghệ kỹ thuật ô tô,A00; A01; D01; D07,17,Điểm thi THPT,,2024,https://github.com/HTNam1710/ADS_Final/blob/main/Data/diem_chuan_2024_final.csv
SKH,7510210,Điện lạnh và điều hòa không khí,A00; A01; D01; D07,15,Điểm thi THPT,,2024,https://github.com/HTNam1710/ADS_Final/blob/main/Data/diem_chuan_2024_final.csv
SKH,7510301,"Công nghệ kỹ thuật điện, điện tử",A00; A01; D01; D07,16,Điểm thi THPT,,2024,https://github.com/HTNam1710/ADS_Final/blob/main/Data/diem_chuan_2024_final.csv
SKH,7510303,Công nghệ kỳ thuật điều khiển và tự động hóa,A00; A01; D01; D07,16.5,Điểm thi THPT,,2024,https://github.com/HTNam1710/ADS_Final/blob/main/Data/diem_chuan_2024_final.csv
SKH,7510401,Công nghệ kỹ thuật hoá học,A00; A02; B00; D07,15,Điểm thi THPT,,2024,https://github.com/HTNam1710/ADS_Final/blob/main/Data/diem_chuan_2024_final.csv
SKH,7520118,Kỹ thuật hệ thống công nghiệp,A00; A01; D01; D07,15,Điểm thi THPT,,2024,https://github.com/HTNam1710/ADS_Final/blob/main/Data/diem_chuan_2024_final.csv
SKH,7540103,Công nghệ hóa thực phẩm,A00; A02; B00; D07,15,Điểm thi THPT,,2024,https://github.com/HTNam1710/ADS_Final/blob/main/Data/diem_chuan_2024_final.csv
SKH,7540209,Công nghệ may,A00; A01; D01; D07,15,Điểm thi THPT,,2024,https://github.com/HTNam1710/ADS_Final/blob/main/Data/diem_chuan_2024_final.csv
MBS,7220201,Ngôn ngữ Anh,A01; D01; D14; D78,24.2,Điểm thi THPT,,2024,https://github.com/HTNam1710/ADS_Final/blob/main/Data/diem_chuan_2024_final.csv
MBS,7220201C,Ngôn ngữ Anh Chất lượng cao,A01; D01; D14; D78,20,Điểm thi THPT,,2024,https://github.com/HTNam1710/ADS_Final/blob/main/Data/diem_chuan_2024_final.csv
MBS,7220204,Ngôn ngữ Trung Quốc,D01; D06; DD2; D78; D83; DH8,24,Điểm thi THPT,,2024,https://github.com/HTNam1710/ADS_Final/blob/main/Data/diem_chuan_2024_final.csv
MBS,7220204C,Ngôn ngữ Trung Quốc Chất lượng cao,D01; D06; DD2; D78; D83; DH8,24,Điểm thi THPT,,2024,https://github.com/HTNam1710/ADS_Final/blob/main/Data/diem_chuan_2024_final.csv
MBS,7220209,Ngôn ngữ Nhật,D01; D06; DD2; D78; D83; DH8,20,Điểm thi THPT,,2024,https://github.com/HTNam1710/ADS_Final/blob/main/Data/diem_chuan_2024_final.csv
MBS,7220209C,Ngôn ngữ Nhật Chất lượng cao,D01; D06; DD2; D78; D83; DH8,20,Điểm thi THPT,,2024,https://github.com/HTNam1710/ADS_Final/blob/main/Data/diem_chuan_2024_final.csv
MBS,7220210,Ngôn ngữ Hàn Quốc,D01; D06; DD2; D78; D83; DH8,22.25,Điểm thi THPT,,2024,https://github.com/HTNam1710/ADS_Final/blob/main/Data/diem_chuan_2024_final.csv
MBS,7310101,Kinh tế,A00; A01; D07; D01,20,Điểm thi THPT,,2024,https://github.com/HTNam1710/ADS_Final/blob/main/Data/diem_chuan_2024_final.csv
MBS,7310101C,Kinh tế Chất lượng cao,D07; A01; D01; D96,18,Điểm thi THPT,,2024,https://github.com/HTNam1710/ADS_Final/blob/main/Data/diem_chuan_2024_final.csv
MBS,7310301,Xã hội học,A01; C00; D01; D06; DD2; D78; D83; DH8,18,Điểm thi THPT,,2024,https://github.com/HTNam1710/ADS_Final/blob/main/Data/diem_chuan_2024_final.csv
MBS,7310401,Tâm lý học,A01; C00; D01; D06; DD2; D78; D83; DH8,23.8,Điểm thi THPT,,2024,https://github.com/HTNam1710/ADS_Final/blob/main/Data/diem_chuan_2024_final.csv
MBS,7310620,Đông Nam Á học,A01; C00; D01; D06; DD2; D78; D83; DH8,18,Điểm thi THPT,,2024,https://github.com/HTNam1710/ADS_Final/blob/main/Data/diem_chuan_2024_final.csv
MBS,7340101,Quản trị kinh doanh,A00; A01; D01; D07,20.75,Điểm thi THPT,,2024,https://github.com/HTNam1710/ADS_Final/blob/main/Data/diem_chuan_2024_final.csv
MBS,7340101C,Quản trị kinh doanh Chất lượng cao,D07; A01; D01; D96,20,Điểm thi THPT,,2024,https://github.com/HTNam1710/ADS_Final/blob/main/Data/diem_chuan_2024_final.csv
MBS,7340115,Marketing,A00; A01; D01; D07,24.5,Điểm thi THPT,,2024,https://github.com/HTNam1710/ADS_Final/blob/main/Data/diem_chuan_2024_final.csv
MBS,7340120,Kinh doanh quốc tế,A00; A01; D01; D07,23.75,Điểm thi THPT,,2024,https://github.com/HTNam1710/ADS_Final/blob/main/Data/diem_chuan_2024_final.csv
MBS,7340201,Tài chính - Ngân hàng,A00; A01; D01; D07,23.2,Điểm thi THPT,,2024,https://github.com/HTNam1710/ADS_Final/blob/main/Data/diem_chuan_2024_final.csv
MBS,7340201C,Tài chính – Ngân hàng Chất lượng cao,D07; A01; D01; D96,18,Điểm thi THPT,,2024,https://github.com/HTNam1710/ADS_Final/blob/main/Data/diem_chuan_2024_final.csv
MBS,7340204,Bảo hiểm,A00; A01; D01; D07,16,Điểm thi THPT,,2024,https://github.com/HTNam1710/ADS_Final/blob/main/Data/diem_chuan_2024_final.csv
MBS,7340205,Công nghệ tài chính,A00; A01; D01; D07,20,Điểm thi THPT,,2024,https://github.com/HTNam1710/ADS_Final/blob/main/Data/diem_chuan_2024_final.csv
MBS,7340301,Kế toán,A00; A01; D01; D07,21,Điểm thi THPT,,2024,https://github.com/HTNam1710/ADS_Final/blob/main/Data/diem_chuan_2024_final.csv
MBS,7340301C,Kế toán Chất lượng cao,D07; A01; D01; D96,18,Điểm thi THPT,,2024,https://github.com/HTNam1710/ADS_Final/blob/main/Data/diem_chuan_2024_final.csv
MBS,7340302,Kiểm toán,A00; A01; D01; D07,20,Điểm thi THPT,,2024,https://github.com/HTNam1710/ADS_Final/blob/main/Data/diem_chuan_2024_final.csv
MBS,7340302C,Kiểm toán Chất lượng cao,D07; A01; D01; D96,18,Điểm thi THPT,,2024,https://github.com/HTNam1710/ADS_Final/blob/main/Data/diem_chuan_2024_final.csv
MBS,7340403,Quản lý công,A00; A01; D01; D07,18,Điểm thi THPT,,2024,https://github.com/HTNam1710/ADS_Final/blob/main/Data/diem_chuan_2024_final.csv
MBS,7340404,Quản trị nhân lực,A00; C03; D01; A01,24,Điểm thi THPT,,2024,https://github.com/HTNam1710/ADS_Final/blob/main/Data/diem_chuan_2024_final.csv
MBS,7340405,Hệ thống thông tin quản lý,A00; A01; D01; D07,20,Điểm thi THPT,,2024,https://github.com/HTNam1710/ADS_Final/blob/main/Data/diem_chuan_2024_final.csv
MBS,7380101,Luật,A00; A01; C00; D01; D03; D05; D06,24.75,Điểm thi THPT,,2024,https://github.com/HTNam1710/ADS_Final/blob/main/Data/diem_chuan_2024_final.csv
MBS,7380107,Luật kinh tế,A00; A01; C00; D01; D03; D05; D06,24.75,Điểm thi THPT,,2024,https://github.com/HTNam1710/ADS_Final/blob/main/Data/diem_chuan_2024_final.csv
MBS,7380107C,Luật kinh tế Chất lượng cao,D07; A01; D01; D14,20.5,Điểm thi THPT,,2024,https://github.com/HTNam1710/ADS_Final/blob/main/Data/diem_chuan_2024_final.csv
MBS,7420201,Công nghệ sinh học,A00; D07; A02; B00,16,Điểm thi THPT,,2024,https://github.com/HTNam1710/ADS_Final/blob/main/Data/diem_chuan_2024_final.csv
MBS,7420201C,Công nghệ sinh học Chất lượng cao,D08; A01; B00; D07,16,Điểm thi THPT,,2024,https://github.com/HTNam1710/ADS_Final/blob/main/Data/diem_chuan_2024_final.csv
MBS,7460108,Khoa học dữ liệu,A00; A01; D01; D07,20,Điểm thi THPT,,2024,https://github.com/HTNam1710/ADS_Final/blob/main/Data/diem_chuan_2024_final.csv
MBS,7480101,Khoa học máy tính,A00; A01; D01; D07,20,Điểm thi THPT,,2024,https://github.com/HTNam1710/ADS_Final/blob/main/Data/diem_chuan_2024_final.csv
MBS,7480101C,Khoa học máy tính Chất lượng cao,A00; D01; D07; A01,20,Điểm thi THPT,,2024,https://github.com/HTNam1710/ADS_Final/blob/main/Data/diem_chuan_2024_final.csv
MBS,7480107,Trí tuệ nhân tạo,A00; A01; D01; D07,20,Điểm thi THPT,,2024,https://github.com/HTNam1710/ADS_Final/blob/main/Data/diem_chuan_2024_final.csv
MBS,7480201,Công nghệ thông tin,A00; A01; D01; D07,21,Điểm thi THPT,,2024,https://github.com/HTNam1710/ADS_Final/blob/main/Data/diem_chuan_2024_final.csv
MBS,7510102,Công nghệ kỹ thuật công trình xây dựng,A00; A01; D01; D07,16,Điểm thi THPT,,2024,https://github.com/HTNam1710/ADS_Final/blob/main/Data/diem_chuan_2024_final.csv
MBS,7510102C,Công nghệ kỹ thuật công trình xây dựng Chất lượng cao,A00; D01; D07; A01,16,Điểm thi THPT,,2024,https://github.com/HTNam1710/ADS_Final/blob/main/Data/diem_chuan_2024_final.csv
MBS,7510605,Logistics và quản lý chuỗi cung ứng,A00; A01; D01; D07,23.5,Điểm thi THPT,,2024,https://github.com/HTNam1710/ADS_Final/blob/main/Data/diem_chuan_2024_final.csv
MBS,7540101,Công nghệ thực phẩm,A00; D07; A01; B00,18,Điểm thi THPT,,2024,https://github.com/HTNam1710/ADS_Final/blob/main/Data/diem_chuan_2024_final.csv
MBS,7580302,Quản lý xây dựng,A00; A01; D01; D07,16,Điểm thi THPT,,2024,https://github.com/HTNam1710/ADS_Final/blob/main/Data/diem_chuan_2024_final.csv
MBS,7760101,Công tác xã hội,A01; C00; D01; D06; DD2; D78; D83; DH8,21.6,Điểm thi THPT,,2024,https://github.com/HTNam1710/ADS_Final/blob/main/Data/diem_chuan_2024_final.csv
MBS,7810101,Du lịch,A00; C03; D01; A01,23.4,Điểm thi THPT,,2024,https://github.com/HTNam1710/ADS_Final/blob/main/Data/diem_chuan_2024_final.csv
FBU,7220201,Ngôn ngữ Anh,A01; D01,23,Điểm thi THPT,,2024,https://github.com/HTNam1710/ADS_Final/blob/main/Data/diem_chuan_2024_final.csv
FBU,7220204,Ngôn ngữ Tiếng Trung,A01; D01; C00; D04,24.75,Điểm thi THPT,,2024,https://github.com/HTNam1710/ADS_Final/blob/main/Data/diem_chuan_2024_final.csv
FBU,7340101,Quản trị kinh doanh,A00; A01; D01; C04,23.25,Điểm thi THPT,,2024,https://github.com/HTNam1710/ADS_Final/blob/main/Data/diem_chuan_2024_final.csv
FBU,7340121,Kinh doanh thương mại,A00; A01; D01; C04,24.5,Điểm thi THPT,,2024,https://github.com/HTNam1710/ADS_Final/blob/main/Data/diem_chuan_2024_final.csv
FBU,7340201,Tài chính - Ngân hàng,A00; A01; D01; C04,23.75,Điểm thi THPT,,2024,https://github.com/HTNam1710/ADS_Final/blob/main/Data/diem_chuan_2024_final.csv
FBU,7340301,Kế toán,A00; A01; D01; C04,23.75,Điểm thi THPT,,2024,https://github.com/HTNam1710/ADS_Final/blob/main/Data/diem_chuan_2024_final.csv
FBU,7340302,Kiểm toán,A00; A01; D01; C04,23.75,Điểm thi THPT,,2024,https://github.com/HTNam1710/ADS_Final/blob/main/Data/diem_chuan_2024_final.csv
FBU,7380107,Luật kinh tế,A00; A01; D01; C04,24,Điểm thi THPT,,2024,https://github.com/HTNam1710/ADS_Final/blob/main/Data/diem_chuan_2024_final.csv
FBU,7480201,Công nghệ thông tin,A00; A01; D01; C04,22.75,Điểm thi THPT,,2024,https://github.com/HTNam1710/ADS_Final/blob/main/Data/diem_chuan_2024_final.csv
GTA,GTADCBG2,"Quản lý, khai thác và bảo trì đường cao tốc",A00; A01; D01; D07,16,Điểm thi THPT,,2024,https://github.com/HTNam1710/ADS_Final/blob/main/Data/diem_chuan_2024_final.csv
GTA,GTADCBI2,Mô hình thông tin công trình (BIM) trong dự án HTGT,A00; A01; D01; D07,16,Điểm thi THPT,,2024,https://github.com/HTNam1710/ADS_Final/blob/main/Data/diem_chuan_2024_final.csv
GTA,GTADCCD1,CNKT XD Cầu đường bộ,A00; A01; D01; D07,16,Điểm thi THPT,Cơ sở đào tạo Vĩnh Phúc,2024,https://github.com/HTNam1710/ADS_Final/blob/main/Data/diem_chuan_2024_final.csv
GTA,GTADCCD2,Công nghệ kỹ thuật XD Cầu đường bộ,A00; A01; D01; D07,16,Điểm thi THPT,,2024,https://github.com/HTNam1710/ADS_Final/blob/main/Data/diem_chuan_2024_final.csv
GTA,GTADCCH2,Hệ thống thông tin,A00; A01; D01; D07,22.2,Điểm thi THPT,,2024,https://github.com/HTNam1710/ADS_Final/blob/main/Data/diem_chuan_2024_final.csv
GTA,GTADCCN2,Công nghệ kỹ thuật cơ điện tử,A00; A01; D01; D07,23.37,Điểm thi THPT,,2024,https://github.com/HTNam1710/ADS_Final/blob/main/Data/diem_chuan_2024_final.csv
GTA,GTADCCO2,Công nghệ kỹ thuật cơ điện tử trên ô tô,A00; A01; D01; D07,22.3,Điểm thi THPT,,2024,https://github.com/HTNam1710/ADS_Final/blob/main/Data/diem_chuan_2024_final.csv
GTA,GTADCDT1,Công nghệ kỹ thuật điện tử - viễn thông,A00; A01; D01; D07,22.9,Điểm thi THPT,,2024,https://github.com/HTNam1710/ADS_Final/blob/main/Data/diem_chuan_2024_final.csv
GTA,GTADCDT2,Công nghệ kỹ thuật ô tô,A00; A01; D01; D07,23.28,Điểm thi THPT,,2024,https://github.com/HTNam1710/ADS_Final/blob/main/Data/diem_chuan_2024_final.csv
GTA,GTADCDX2,CNKT công trình XD dân dụng và công nghiệp,A00; A01; D01; D07,16,Điểm thi THPT,,2024,https://github.com/HTNam1710/ADS_Final/blob/main/Data/diem_chuan_2024_final.csv
GTA,GTADCEN2,Ngôn ngữ Anh,A00; A01; D01; D07,20,Điểm thi THPT,,2024,https://github.com/HTNam1710/ADS_Final/blob/main/Data/diem_chuan_2024_final.csv
GTA,GTADCGO2,Công nghệ kỹ thuật ô tô và giao thông thông minh,A00; A01; D01; D07,22.65,Điểm thi THPT,,2024,https://github.com/HTNam1710/ADS_Final/blob/main/Data/diem_chuan_2024_final.csv
GTA,GTADCH2,Hải quan và Logistics,A00; A01; D01; D07,23.48,Điểm thi THPT,,2024,https://github.com/HTNam1710/ADS_Final/blob/main/Data/diem_chuan_2024_final.csv
GTA,GTADCIT2,Công nghệ thông tin (tăng cường tiếng Anh),A00; A01; D01; D07,20,Điểm thi THPT,,2024,https://github.com/HTNam1710/ADS_Final/blob/main/Data/diem_chuan_2024_final.csv
GTA,GTADCKN2,Kiến trúc nội thất,A00; A01; D01; D07,22.45,Điểm thi THPT,,2024,https://github.com/HTNam1710/ADS_Final/blob/main/Data/diem_chuan_2024_final.csv
GTA,GTADCKQ2,Xây dựng và quản lý hạ tầng đô thị,A00; A01; D01; D07,16,Điểm thi THPT,,2024,https://github.com/HTNam1710/ADS_Final/blob/main/Data/diem_chuan_2024_final.csv
GTA,GTADCKT2,Kế toán doanh nghiệp,A00; A01; D01; D07,21.55,Điểm thi THPT,,2024,https://github.com/HTNam1710/ADS_Final/blob/main/Data/diem_chuan_2024_final.csv
GTA,GTADCKTI,Kế toán doanh nghiệp,A00; A01; D01; D07,16,Điểm thi THPT,Cơ sở đào tạo Vĩnh Phúc,2024,https://github.com/HTNam1710/ADS_Final/blob/main/Data/diem_chuan_2024_final.csv
GTA,GTADCKX2,Kinh tế xây dựng,A00; A01; D01; D07,20,Điểm thi THPT,,2024,https://github.com/HTNam1710/ADS_Final/blob/main/Data/diem_chuan_2024_final.csv
GTA,GTADCLA2,Luật,A00; A01; D01; D07,20,Điểm thi THPT,,2024,https://github.com/HTNam1710/ADS_Final/blob/main/Data/diem_chuan_2024_final.csv
GTA,GTADCLG2,Logistics và quản lý chuỗi cung ứng,A00; A01; D01; D07,24.54,Điểm thi THPT,,2024,https://github.com/HTNam1710/ADS_Final/blob/main/Data/diem_chuan_2024_final.csv
GTA,GTADCLH2,Logistics và hạ tầng giao thông,A00; A01; D01; D07,23.52,Điểm thi THPT,,2024,https://github.com/HTNam1710/ADS_Final/blob/main/Data/diem_chuan_2024_final.csv
GTA,GTADCMN2,Công nghệ và quản lý môi trường,A00; A01; D01; D07,16,Điểm thi THPT,,2024,https://github.com/HTNam1710/ADS_Final/blob/main/Data/diem_chuan_2024_final.csv
GTA,GTADCOTI,Công nghệ kỹ thuật Ô tô,A00; A01; D01; D07,20,Điểm thi THPT,Cơ sở đào tạo Vĩnh Phúc,2024,https://github.com/HTNam1710/ADS_Final/blob/main/Data/diem_chuan_2024_final.csv
GTA,GTADCQM2,Quản trị Marketing,A00; A01; D01; D07,23.39,Điểm thi THPT,,2024,https://github.com/HTNam1710/ADS_Final/blob/main/Data/diem_chuan_2024_final.csv
GTA,GTADCQT2,Thanh tra và quản lý công trình giao thông,A00; A01; D01; D07,16,Điểm thi THPT,,2024,https://github.com/HTNam1710/ADS_Final/blob/main/Data/diem_chuan_2024_final.csv
GTA,GTADCQX2,Quản lý và điều hành vận tải đường sắt,A00; A01; D01; D07,16,Điểm thi THPT,,2024,https://github.com/HTNam1710/ADS_Final/blob/main/Data/diem_chuan_2024_final.csv
GTA,GTADCSS2,CNKT xây dựng Đường sắt - Metro,A00; A01; D01; D07,16,Điểm thi THPT,,2024,https://github.com/HTNam1710/ADS_Final/blob/main/Data/diem_chuan_2024_final.csv
GTA,GTADCTD2,Thương mại điện tử,A00; A01; D01; D07,24.1,Điểm thi THPT,,2024,https://github.com/HTNam1710/ADS_Final/blob/main/Data/diem_chuan_2024_final.csv
GTA,GTADCTG2,Trí tuệ nhân tạo và giao thông thông minh,A00; A01; D01; D07,21.45,Điểm thi THPT,,2024,https://github.com/HTNam1710/ADS_Final/blob/main/Data/diem_chuan_2024_final.csv
GTA,GTADCTN2,Tài chính doanh nghiệp,A00; A01; D01; D07,21.5,Điểm thi THPT,,2024,https://github.com/HTNam1710/ADS_Final/blob/main/Data/diem_chuan_2024_final.csv
GTA,GTADCTQ2,Quản trị doanh nghiệp,A00; A01; D01; D07,21.1,Điểm thi THPT,,2024,https://github.com/HTNam1710/ADS_Final/blob/main/Data/diem_chuan_2024_final.csv
GTA,GTADCTTI,Công nghệ thông tin,A00; A01; D01; D07,21.35,Điểm thi THPT,Cơ sở đào tạo Vĩnh Phúc,2024,https://github.com/HTNam1710/ADS_Final/blob/main/Data/diem_chuan_2024_final.csv
GTA,GTADCVL2,Logistics và vận tải đa phương thức,A00; A01; D01; D07,23.65,Điểm thi THPT,,2024,https://github.com/HTNam1710/ADS_Final/blob/main/Data/diem_chuan_2024_final.csv
GTA,GTADCVM2,Công nghệ kỹ thuật vi mạch bán dẫn,A00; A01; D01; D07,23.28,Điểm thi THPT,,2024,https://github.com/HTNam1710/ADS_Final/blob/main/Data/diem_chuan_2024_final.csv
GTA,GTADKLG2,Logistics - Trường Đại học Tongmyong - Hàn Quốc cấp bằng,A00; A01; D01; D07,18,Điểm thi THPT,,2024,https://github.com/HTNam1710/ADS_Final/blob/main/Data/diem_chuan_2024_final.csv
GTA,GTADKTT2,Công nghệ thông tin – ĐH Công nghệ thông tin và quản lý Ba Lan - UITM cấp bằng,A00; A01; D01; D07,18,Điểm thi THPT,,2024,https://github.com/HTNam1710/ADS_Final/blob/main/Data/diem_chuan_2024_final.csv
GTA,GTADNCD2,"Công nghệ kỹ thuật xây dựng Cầu đường bộ (tăng cường tiếng Nhật, định hướng thực tập và làm việc tại Nhật Bản)",A00; A01; D01; D07,16,Điểm thi THPT,,2024,https://github.com/HTNam1710/ADS_Final/blob/main/Data/diem_chuan_2024_final.csv
GTA,GTADNDT2,"Công nghệ kỹ thuật Điện tử - Viễn thông (tăng cường tiếng Nhật, định hướng thực tập và làm việc tại Nhật Bản)",A00; A01; D01; D07,20,Điểm thi THPT,,2024,https://github.com/HTNam1710/ADS_Final/blob/main/Data/diem_chuan_2024_final.csv
GTA,GTADNLG2,"Logistics và quản lý chuỗi cung ứng (tăng cường tiếng Nhật, định hướng thực tập và làm việc tại Nhật Bản)",A00; A01; D01; D07,20,Điểm thi THPT,,2024,https://github.com/HTNam1710/ADS_Final/blob/main/Data/diem_chuan_2024_final.csv
MDA,7340101,Quản trị kinh doanh,A00; A01; D01; D07,23.75,Điểm thi THPT,,2024,https://github.com/HTNam1710/ADS_Final/blob/main/Data/diem_chuan_2024_final.csv
MDA,7340201,Tài chính - Ngân hàng,A00; A01; D01; D07,23.75,Điểm thi THPT,,2024,https://github.com/HTNam1710/ADS_Final/blob/main/Data/diem_chuan_2024_final.csv
MDA,7340301,Kế toán,A00; A01; D01; D07,23.75,Điểm thi THPT,,2024,https://github.com/HTNam1710/ADS_Final/blob/main/Data/diem_chuan_2024_final.csv
MDA,7440201,Địa chất học,A00; C04; D01; D07,16,Điểm thi THPT,,2024,https://github.com/HTNam1710/ADS_Final/blob/main/Data/diem_chuan_2024_final.csv
MDA,7440229,Quản lý phân tích dữ liệu khoa học trái đất,A00; A01; D07; A04,18,Điểm thi THPT,,2024,https://github.com/HTNam1710/ADS_Final/blob/main/Data/diem_chuan_2024_final.csv
MDA,7460108,Khoa học dữ liệu,A00; A01; D01; D07,21.75,Điểm thi THPT,,2024,https://github.com/HTNam1710/ADS_Final/blob/main/Data/diem_chuan_2024_final.csv
MDA,7480201,Công nghệ thông tin,A00; A01; D01; D07,23.75,Điểm thi THPT,,2024,https://github.com/HTNam1710/ADS_Final/blob/main/Data/diem_chuan_2024_final.csv
MDA,7480206,Địa tin học,A00; C04; D01; D10,17.5,Điểm thi THPT,,2024,https://github.com/HTNam1710/ADS_Final/blob/main/Data/diem_chuan_2024_final.csv
MDA,7510301,"Công nghệ Kỹ thuật điện, điện tử",A00; A01; D01; C01,23.75,Điểm thi THPT,,2024,https://github.com/HTNam1710/ADS_Final/blob/main/Data/diem_chuan_2024_final.csv
MDA,7510401,Công nghệ kỹ thuật hoá học,A00; A06; B00; D07,19,Điểm thi THPT,,2024,https://github.com/HTNam1710/ADS_Final/blob/main/Data/diem_chuan_2024_final.csv
MDA,7510601,Quản lý công nghiệp,A00; A01; D01; D07,21.25,Điểm thi THPT,,2024,https://github.com/HTNam1710/ADS_Final/blob/main/Data/diem_chuan_2024_final.csv
MDA,7520103,Kỹ thuật cơ khí,A00; A01; D01; C01,24,Điểm thi THPT,,2024,https://github.com/HTNam1710/ADS_Final/blob/main/Data/diem_chuan_2024_final.csv
MDA,7520114,Kỹ thuật cơ điện tử,A00; A01; D01; C01,24,Điểm thi THPT,,2024,https://github.com/HTNam1710/ADS_Final/blob/main/Data/diem_chuan_2024_final.csv
MDA,7520116,Kỹ thuật cơ khí động lực,A00; A01; D01; C01,24,Điểm thi THPT,,2024,https://github.com/HTNam1710/ADS_Final/blob/main/Data/diem_chuan_2024_final.csv
MDA,7520130,Kỹ thuật Ô tô,A00; A01; D01; C01,24,Điểm thi THPT,,2024,https://github.com/HTNam1710/ADS_Final/blob/main/Data/diem_chuan_2024_final.csv
MDA,7520201,Kỹ thuật điện,A00; A01; D01; C01,22.25,Điểm thi THPT,,2024,https://github.com/HTNam1710/ADS_Final/blob/main/Data/diem_chuan_2024_final.csv
MDA,7520216,Kỹ thuật điều khiển và tự động hoá,A00; A01; D01; C01,24.5,Điểm thi THPT,,2024,https://github.com/HTNam1710/ADS_Final/blob/main/Data/diem_chuan_2024_final.csv
MDA,7520218,Kỹ thuật Robot và Trí tuệ nhân tạo,A00; A01; D01; C01,23.25,Điểm thi THPT,,2024,https://github.com/HTNam1710/ADS_Final/blob/main/Data/diem_chuan_2024_final.csv
MDA,7520301,Kỹ thuật hoá học Chương trình tiên tiến,A00; A01; B00; D07,19,Điểm thi THPT,,2024,https://github.com/HTNam1710/ADS_Final/blob/main/Data/diem_chuan_2024_final.csv
MDA,7520320,Kỹ thuật môi trường,A00; B00; C04; D01,16,Điểm thi THPT,,2024,https://github.com/HTNam1710/ADS_Final/blob/main/Data/diem_chuan_2024_final.csv
MDA,7520501,Kỹ thuật địa chất,A00; A01; C04; D01,15,Điểm thi THPT,,2024,https://github.com/HTNam1710/ADS_Final/blob/main/Data/diem_chuan_2024_final.csv
MDA,7520502,Kỹ thuật địa vật lý,A00; A01; D07; A04,16,Điểm thi THPT,,2024,https://github.com/HTNam1710/ADS_Final/blob/main/Data/diem_chuan_2024_final.csv
MDA,7520503,Kỹ thuật trắc địa - bản đồ,A00; C04; D01; D10,15.5,Điểm thi THPT,,2024,https://github.com/HTNam1710/ADS_Final/blob/main/Data/diem_chuan_2024_final.csv
MDA,7520505,Đá quý Đá mỹ nghệ,A00; C04; D01; D10,15,Điểm thi THPT,,2024,https://github.com/HTNam1710/ADS_Final/blob/main/Data/diem_chuan_2024_final.csv
MDA,7520601,Kỹ thuật mỏ,A00; A01; D01; C01,17,Điểm thi THPT,,2024,https://github.com/HTNam1710/ADS_Final/blob/main/Data/diem_chuan_2024_final.csv
MDA,7520604,Kỹ thuật dầu khí,A00; A01; D01; D07,19,Điểm thi THPT,,2024,https://github.com/HTNam1710/ADS_Final/blob/main/Data/diem_chuan_2024_final.csv
MDA,7520605,Kỹ thuật khí thiên nhiên,A00; A01; D01; D07,16,Điểm thi THPT,,2024,https://github.com/HTNam1710/ADS_Final/blob/main/Data/diem_chuan_2024_final.csv
MDA,7520606,Công nghệ số trong thăm dò và khai thác tài nguyên thiên,A00; A01; D01; D07,16,Điểm thi THPT,,2024,https://github.com/HTNam1710/ADS_Final/blob/main/Data/diem_chuan_2024_final.csv
MDA,7520607,Kỹ thuật tuyển khoáng,A00; D07; B00; A06,18,Điểm thi THPT,,2024,https://github.com/HTNam1710/ADS_Final/blob/main/Data/diem_chuan_2024_final.csv
MDA,7580109,Quản lý phát triển đô thị và Bất động sản,A00; C04; D01; D10,24.1,Điểm thi THPT,,2024,https://github.com/HTNam1710/ADS_Final/blob/main/Data/diem_chuan_2024_final.csv
MDA,7580201,Kỹ thuật xây dựng,A00; A01; D01; C04,20.5,Điểm thi THPT,,2024,https://github.com/HTNam1710/ADS_Final/blob/main/Data/diem_chuan_2024_final.csv
MDA,7580204,Xây dựng công trình ngắm thành phố và Hệ thống tàu điện,A00; A01; D01; C04,16,Điểm thi THPT,,2024,https://github.com/HTNam1710/ADS_Final/blob/main/Data/diem_chuan_2024_final.csv
MDA,7580205,Kỹ thuật xây dựng công trình giao thông,A00; A01; D01; C04,17,Điểm thi THPT,,2024,https://github.com/HTNam1710/ADS_Final/blob/main/Data/diem_chuan_2024_final.csv
MDA,7580211,Địa kỹ thuật xây dựng,A00; A01; C04; D01,16,Điểm thi THPT,,2024,https://github.com/HTNam1710/ADS_Final/blob/main/Data/diem_chuan_2024_final.csv
MDA,7580212,Kỹ thuật tài nguyên nước,A00; A01; C04; D01,15,Điểm thi THPT,,2024,https://github.com/HTNam1710/ADS_Final/blob/main/Data/diem_chuan_2024_final.csv
MDA,7580302,Quản lý xây dựng,A00; A01; D01; C04,19.5,Điểm thi THPT,,2024,https://github.com/HTNam1710/ADS_Final/blob/main/Data/diem_chuan_2024_final.csv
MDA,7720203,Hóa dược,A00; B00; D07; A06,19,Điểm thi THPT,,2024,https://github.com/HTNam1710/ADS_Final/blob/main/Data/diem_chuan_2024_final.csv
MDA,7810105,Du lịch địa chất,D01; D10; C04; D07,20,Điểm thi THPT,,2024,https://github.com/HTNam1710/ADS_Final/blob/main/Data/diem_chuan_2024_final.csv
MDA,7850101,Quản lý tài nguyên và môi trường,A00; B00; C04; D01,21.5,Điểm thi THPT,,2024,https://github.com/HTNam1710/ADS_Final/blob/main/Data/diem_chuan_2024_final.csv
MDA,7850103,Quản lý đất đai,A00; C04; D01; A01,23.1,Điểm thi THPT,,2024,https://github.com/HTNam1710/ADS_Final/blob/main/Data/diem_chuan_2024_final.csv
MDA,7850202,"An toàn, Vệ sinh lao động",A00; A01; D01; B00,18,Điểm thi THPT,,2024,https://github.com/HTNam1710/ADS_Final/blob/main/Data/diem_chuan_2024_final.csv
DDL,7340101,Quản trị kinh doanh,A00; A01; D07; D01,22.35,Điểm thi THPT,,2024,https://github.com/HTNam1710/ADS_Final/blob/main/Data/diem_chuan_2024_final.csv
DDL,7340122,Thương mại điện tử,A00; A01; D07; D01,24,Điểm thi THPT,,2024,https://github.com/HTNam1710/ADS_Final/blob/main/Data/diem_chuan_2024_final.csv
DDL,7340201,Tài chính - Ngân hàng,A00; A01; D07; D01,22.35,Điểm thi THPT,,2024,https://github.com/HTNam1710/ADS_Final/blob/main/Data/diem_chuan_2024_final.csv
DDL,7340301,Kế toán,A00; A01; D07; D01,22.35,Điểm thi THPT,,2024,https://github.com/HTNam1710/ADS_Final/blob/main/Data/diem_chuan_2024_final.csv
DDL,7340302,Kiểm toán,A00; A01; D07; D01,21.5,Điểm thi THPT,,2024,https://github.com/HTNam1710/ADS_Final/blob/main/Data/diem_chuan_2024_final.csv
DDL,7480201,Công nghệ thông tin,A00; A01; D07; D01,23,Điểm thi THPT,,2024,https://github.com/HTNam1710/ADS_Final/blob/main/Data/diem_chuan_2024_final.csv
DDL,7510102,Công nghệ kỹ thuật công trình xây dựng,A00; A01; D07; D01,21,Điểm thi THPT,,2024,https://github.com/HTNam1710/ADS_Final/blob/main/Data/diem_chuan_2024_final.csv
DDL,7510201,Công nghệ kỹ thuật cơ khí,A00; A01; D07; D01,23.25,Điểm thi THPT,,2024,https://github.com/HTNam1710/ADS_Final/blob/main/Data/diem_chuan_2024_final.csv
DDL,7510203,Công nghệ kỹ thuật cơ - điện tử,A00; A01; D07; D01,24,Điểm thi THPT,,2024,https://github.com/HTNam1710/ADS_Final/blob/main/Data/diem_chuan_2024_final.csv
DDL,7510301,"Công nghệ kỹ thuật điện, điện tử",A00; A01; D07; D01,23.5,Điểm thi THPT,,2024,https://github.com/HTNam1710/ADS_Final/blob/main/Data/diem_chuan_2024_final.csv
DDL,7510302,Công nghệ kỹ thuật điện tử - viễn thông,A00; A01; D07; D01,22.75,Điểm thi THPT,,2024,https://github.com/HTNam1710/ADS_Final/blob/main/Data/diem_chuan_2024_final.csv
DDL,7510303,Công nghệ kỹ thuật điều khiển và tự động hóa,A00; A01; D07; D01,23.5,Điểm thi THPT,,2024,https://github.com/HTNam1710/ADS_Final/blob/main/Data/diem_chuan_2024_final.csv
DDL,7510403,Công nghệ kỹ thuật năng lượng,A00; A01; D07; D01,22,Điểm thi THPT,,2024,https://github.com/HTNam1710/ADS_Final/blob/main/Data/diem_chuan_2024_final.csv
DDL,7510406,Công nghệ kỹ thuật môi trường,A00; A01; D07; D01,19.5,Điểm thi THPT,,2024,https://github.com/HTNam1710/ADS_Final/blob/main/Data/diem_chuan_2024_final.csv
DDL,7510601,Quản lý công nghiệp,A00; A01; D07; D01,22.7,Điểm thi THPT,,2024,https://github.com/HTNam1710/ADS_Final/blob/main/Data/diem_chuan_2024_final.csv
DDL,7510602,Quản lý năng lượng,A00; A01; D07; D01,21.5,Điểm thi THPT,,2024,https://github.com/HTNam1710/ADS_Final/blob/main/Data/diem_chuan_2024_final.csv
DDL,7510605,Logistics và Quản lý chuỗi cung ứng,A00; A01; D07; D01,23.7,Điểm thi THPT,,2024,https://github.com/HTNam1710/ADS_Final/blob/main/Data/diem_chuan_2024_final.csv
DDL,7520115,Kỹ thuật nhiệt,A00; A01; D07; D01,21.9,Điểm thi THPT,,2024,https://github.com/HTNam1710/ADS_Final/blob/main/Data/diem_chuan_2024_final.csv
DDL,7810103,Quản trị dịch vụ du lịch và lữ hành,A00; A01; D07; D01,21.8,Điểm thi THPT,,2024,https://github.com/HTNam1710/ADS_Final/blob/main/Data/diem_chuan_2024_final.csv
TDS,7729001,Y sinh học thể dục thể thao,T00; T04; T05; T06,24,Điểm thi THPT,Điểm thi TN THPT kết hợp với năng khiếu,2024,https://github.com/HTNam1710/ADS_Final/blob/main/Data/diem_chuan_2024_final.csv
TDS,7810301,Quản lý thể dục thể thao,T00; T04; T05; T06,24,Điểm thi THPT,Điểm thi TN THPT kết hợp với năng khiếu,2024,https://github.com/HTNam1710/ADS_Final/blob/main/Data/diem_chuan_2024_final.csv
TDS,7810302,Huấn luyện thể thao,T00; T04; T05; T06,24,Điểm thi THPT,Điểm thi TN THPT kết hợp với năng khiếu,2024,https://github.com/HTNam1710/ADS_Final/blob/main/Data/diem_chuan_2024_final.csv
DPD,7220201,Ngôn ngữ Anh,D01,18,Điểm thi THPT,,2024,https://github.com/HTNam1710/ADS_Final/blob/main/Data/diem_chuan_2024_final.csv
DPD,7220204,Ngôn ngữ Trung Quốc,D01; D04,24,Điểm thi THPT,,2024,https://github.com/HTNam1710/ADS_Final/blob/main/Data/diem_chuan_2024_final.csv
DPD,7220209,Ngôn ngữ Nhật,D01; D06,15,Điểm thi THPT,,2024,https://github.com/HTNam1710/ADS_Final/blob/main/Data/diem_chuan_2024_final.csv
DPD,7320104,Truyền thông đa phương tiện,A01; C03; D01; D09,20,Điểm thi THPT,,2024,https://github.com/HTNam1710/ADS_Final/blob/main/Data/diem_chuan_2024_final.csv
DPD,7340101,Quản trị kinh doanh,A00; A01; D01,16,Điểm thi THPT,,2024,https://github.com/HTNam1710/ADS_Final/blob/main/Data/diem_chuan_2024_final.csv
DPD,7340122,Thương mại điện tử,A00; A01; C01; D01,16,Điểm thi THPT,,2024,https://github.com/HTNam1710/ADS_Final/blob/main/Data/diem_chuan_2024_final.csv
DPD,7340201,Tài chính ngân hàng,A00; A01; D01,16,Điểm thi THPT,,2024,https://github.com/HTNam1710/ADS_Final/blob/main/Data/diem_chuan_2024_final.csv
DPD,7340301,Kế toán,A00; A01; D01,16,Điểm thi THPT,,2024,https://github.com/HTNam1710/ADS_Final/blob/main/Data/diem_chuan_2024_final.csv
DPD,7340406,Quản trị văn phòng,A00; A01; C00; D01,15,Điểm thi THPT,,2024,https://github.com/HTNam1710/ADS_Final/blob/main/Data/diem_chuan_2024_final.csv
DPD,7480201,Công nghệ thông tin,A00; A01; C01; D01,16,Điểm thi THPT,,2024,https://github.com/HTNam1710/ADS_Final/blob/main/Data/diem_chuan_2024_final.csv
DPD,7510203,Công nghệ kỹ thuật cơ điện tử,A00; A01; C01; D01,15,Điểm thi THPT,,2024,https://github.com/HTNam1710/ADS_Final/blob/main/Data/diem_chuan_2024_final.csv
DPD,7510301,Công nghệ kỹ thuật điện - điện tử,A00; A01; C01; D01,15,Điểm thi THPT,,2024,https://github.com/HTNam1710/ADS_Final/blob/main/Data/diem_chuan_2024_final.csv
DPD,7580101,Kiến trúc,H00; V00,15,Điểm thi THPT,,2024,https://github.com/HTNam1710/ADS_Final/blob/main/Data/diem_chuan_2024_final.csv
DPD,7580101,Kiến trúc,V01; V02,20,Điểm thi THPT,Môn vẽ mỹ thuật hệ số 2,2024,https://github.com/HTNam1710/ADS_Final/blob/main/Data/diem_chuan_2024_final.csv
DPD,7580201,Kỹ thuật xây dựng,A00; A01; C01; D01,15,Điểm thi THPT,,2024,https://github.com/HTNam1710/ADS_Final/blob/main/Data/diem_chuan_2024_final.csv
DPD,7580301,Kinh tế xây dựng,A00; A01; C01; D01,15,Điểm thi THPT,,2024,https://github.com/HTNam1710/ADS_Final/blob/main/Data/diem_chuan_2024_final.csv
DPD,7810103,Quản trị dịch vụ du lịch và lữ hành,A00; A01; C00; D01,16,Điểm thi THPT,,2024,https://github.com/HTNam1710/ADS_Final/blob/main/Data/diem_chuan_2024_final.csv
VLU,7140101,Giáo dục học,A01; D01; C00; C19,15,Điểm thi THPT,,2024,https://github.com/HTNam1710/ADS_Final/blob/main/Data/diem_chuan_2024_final.csv
VLU,7140246,Sư phạm công nghệ,A01; D01; C04; C14,24,Điểm thi THPT,,2024,https://github.com/HTNam1710/ADS_Final/blob/main/Data/diem_chuan_2024_final.csv
VLU,7310101,Kinh tế,A00; A01; D01; C04,15,Điểm thi THPT,,2024,https://github.com/HTNam1710/ADS_Final/blob/main/Data/diem_chuan_2024_final.csv
VLU,7310101_CLC,Kinh tế,A00; A01; D01; C04,15,Điểm thi THPT,Chương trình CLC,2024,https://github.com/HTNam1710/ADS_Final/blob/main/Data/diem_chuan_2024_final.csv
VLU,7320104,Truyền thông đa phương tiện,A00; A01; D01; C04,15,Điểm thi THPT,,2024,https://github.com/HTNam1710/ADS_Final/blob/main/Data/diem_chuan_2024_final.csv
VLU,7340120,Kinh doanh quốc tế,A00; A01; D01; C04,15,Điểm thi THPT,,2024,https://github.com/HTNam1710/ADS_Final/blob/main/Data/diem_chuan_2024_final.csv
VLU,7340122,Thương mại điện tử,A00; A01; D01; C04,15,Điểm thi THPT,,2024,https://github.com/HTNam1710/ADS_Final/blob/main/Data/diem_chuan_2024_final.csv
VLU,7380101,Luật,A01; D01; C00; C19,15,Điểm thi THPT,,2024,https://github.com/HTNam1710/ADS_Final/blob/main/Data/diem_chuan_2024_final.csv
VLU,7420201,Công nghệ sinh học,B00; A01; D01; C04,15,Điểm thi THPT,,2024,https://github.com/HTNam1710/ADS_Final/blob/main/Data/diem_chuan_2024_final.csv
VLU,7420201_NB,Công nghệ sinh học,B00; A01; D01; C04,15,Điểm thi THPT,Chương trình đào tạo kỹ sư làm việc Nhật Bản,2024,https://github.com/HTNam1710/ADS_Final/blob/main/Data/diem_chuan_2024_final.csv
VLU,7480101,Khoa học máy tính,A00; A01; D01; C04,15,Điểm thi THPT,,2024,https://github.com/HTNam1710/ADS_Final/blob/main/Data/diem_chuan_2024_final.csv
VLU,7480101_CLC,Khoa học máy tính,A00; A01; D01; C04,15,Điểm thi THPT,Chương trình CLC,2024,https://github.com/HTNam1710/ADS_Final/blob/main/Data/diem_chuan_2024_final.csv
VLU,7480201,Công nghệ thông tin,A00; A01; D01; C04,15,Điểm thi THPT,,2024,https://github.com/HTNam1710/ADS_Final/blob/main/Data/diem_chuan_2024_final.csv
VLU,7480201_CLC,Công nghệ thông tin,A00; A01; D01; C04,15,Điểm thi THPT,Chương trình CLC,2024,https://github.com/HTNam1710/ADS_Final/blob/main/Data/diem_chuan_2024_final.csv
VLU,7510102,Công nghệ kỹ thuật công trình xây dựng,A00; A01; D01; C04,15,Điểm thi THPT,,2024,https://github.com/HTNam1710/ADS_Final/blob/main/Data/diem_chuan_2024_final.csv
VLU,7510102_NB,CN kỹ thuật công trình xây dựng,A00; A01; D01; C04,15,Điểm thi THPT,Chương trình đào tạo kỹ sư làm việc Nhật Bản,2024,https://github.com/HTNam1710/ADS_Final/blob/main/Data/diem_chuan_2024_final.csv
VLU,7510201,Công nghệ kỹ thuật cơ khí,A00; A01; D01; C04,15,Điểm thi THPT,,2024,https://github.com/HTNam1710/ADS_Final/blob/main/Data/diem_chuan_2024_final.csv
VLU,7510201_CLC,Công nghệ kỹ thuật cơ khí,A00; A01; D01; C04,15,Điểm thi THPT,Chương trình CLC,2024,https://github.com/HTNam1710/ADS_Final/blob/main/Data/diem_chuan_2024_final.csv
VLU,7510201_NB,Công nghệ kỹ thuật cơ khí,A00; A01; D01; C04,15,Điểm thi THPT,Chương trình đào tạo kỹ sư làm việc Nhật Bản,2024,https://github.com/HTNam1710/ADS_Final/blob/main/Data/diem_chuan_2024_final.csv
VLU,7510202,Công nghệ chế tạo máy,A00; A01; D01; C04,15,Điểm thi THPT,,2024,https://github.com/HTNam1710/ADS_Final/blob/main/Data/diem_chuan_2024_final.csv
VLU,7510202_NB,Công nghệ chế tạo máy,A00; A01; D01; C04,15,Điểm thi THPT,Chương trình đào tạo kỹ sư làm việc Nhật Bản,2024,https://github.com/HTNam1710/ADS_Final/blob/main/Data/diem_chuan_2024_final.csv
VLU,7510203,Công nghệ kỹ thuật cơ điện tử,A00; A01; D01; C04,15,Điểm thi THPT,,2024,https://github.com/HTNam1710/ADS_Final/blob/main/Data/diem_chuan_2024_final.csv
VLU,7510203_CLC,Công nghệ kỹ thuật cơ điện tử,A00; A01; D01; C04,15,Điểm thi THPT,Chương trình CLC,2024,https://github.com/HTNam1710/ADS_Final/blob/main/Data/diem_chuan_2024_final.csv
VLU,7510205,Công nghệ kỹ thuật ô tô,A00; A01; D01; C04,15,Điểm thi THPT,,2024,https://github.com/HTNam1710/ADS_Final/blob/main/Data/diem_chuan_2024_final.csv
VLU,7510205_CLC,Công nghệ kỹ thuật ô tô,A00; A01; D01; C04,15,Điểm thi THPT,Chương trình CLC,2024,https://github.com/HTNam1710/ADS_Final/blob/main/Data/diem_chuan_2024_final.csv
VLU,7510205_NB,Công nghệ kỹ thuât ô tô,A00; A01; D01; C04,15,Điểm thi THPT,Chương trình đào tạo kỹ sư làm việc Nhật Bản,2024,https://github.com/HTNam1710/ADS_Final/blob/main/Data/diem_chuan_2024_final.csv
VLU,7510206,Công nghệ kỹ thuật nhiệt (Điện lạnh),A00; A01; D01; C04,15,Điểm thi THPT,,2024,https://github.com/HTNam1710/ADS_Final/blob/main/Data/diem_chuan_2024_final.csv
VLU,7510301,"Công nghệ kỹ thuật điện, điện tử",A00; A01; D01; C04,15,Điểm thi THPT,,2024,https://github.com/HTNam1710/ADS_Final/blob/main/Data/diem_chuan_2024_final.csv
VLU,7510301_CLC,"Công nghệ kỹ thuật điện, điện tử",A00; A01; D01; C04,15,Điểm thi THPT,Chương trình CLC,2024,https://github.com/HTNam1710/ADS_Final/blob/main/Data/diem_chuan_2024_final.csv
VLU,7510301_NB,"Công nghệ kỹ thuật điện, điện tử",A00; A01; D01; C04,15,Điểm thi THPT,Chương trình đào tạo kỹ sư làm việc Nhật Bản,2024,https://github.com/HTNam1710/ADS_Final/blob/main/Data/diem_chuan_2024_final.csv
VLU,7510303,Công nghệ kỹ thuật điều khiển và TĐH,A00; A01; D01; C04,15,Điểm thi THPT,,2024,https://github.com/HTNam1710/ADS_Final/blob/main/Data/diem_chuan_2024_final.csv
VLU,7510303_CLC,Công nghệ kỹ thuật điều khiển và TĐH,A00; A01; D01; C04,15,Điểm thi THPT,Chương trình CLC,2024,https://github.com/HTNam1710/ADS_Final/blob/main/Data/diem_chuan_2024_final.csv
VLU,7510303_NB,Công nghệ kỹ thuật điều khiển và TĐH,A00; A01; D01; C04,15,Điểm thi THPT,Chương trình đào tạo kỹ sư làm việc Nhật Bản,2024,https://github.com/HTNam1710/ADS_Final/blob/main/Data/diem_chuan_2024_final.csv
VLU,7510605,Logistics và quản lý chuỗi cung ứng,A00; A01; D01; C04,15,Điểm thi THPT,,2024,https://github.com/HTNam1710/ADS_Final/blob/main/Data/diem_chuan_2024_final.csv
VLU,7510605_CLC,Logistics và quản lý chuỗi cung ứng,A00; A01; D01; C04,15,Điểm thi THPT,Chương trình CLC,2024,https://github.com/HTNam1710/ADS_Final/blob/main/Data/diem_chuan_2024_final.csv
VLU,7520116,Kỹ thuật cơ khí động lực,A00; A01; D01; C04,15,Điểm thi THPT,,2024,https://github.com/HTNam1710/ADS_Final/blob/main/Data/diem_chuan_2024_final.csv
VLU,7520116_CLC,Kỹ thuật cơ khí động lực,A00; A01; D01; C04,15,Điểm thi THPT,Chương trình CLC,2024,https://github.com/HTNam1710/ADS_Final/blob/main/Data/diem_chuan_2024_final.csv
VLU,7520116_NB,Kỹ thuật cơ khí động lực,A00; A01; D01; C04,15,Điểm thi THPT,Chương trình đào tạo kỹ sư làm việc Nhật Bản,2024,https://github.com/HTNam1710/ADS_Final/blob/main/Data/diem_chuan_2024_final.csv
VLU,7520130,Kỹ thuật ô tô,A00; A01; D01; C04,15,Điểm thi THPT,,2024,https://github.com/HTNam1710/ADS_Final/blob/main/Data/diem_chuan_2024_final.csv
VLU,7520301,Kỹ thuật hóa học,B00; A01; D01; C04,15,Điểm thi THPT,,2024,https://github.com/HTNam1710/ADS_Final/blob/main/Data/diem_chuan_2024_final.csv
VLU,7540101,Công nghệ thực phẩm,B00; A01; D01; C04,15,Điểm thi THPT,,2024,https://github.com/HTNam1710/ADS_Final/blob/main/Data/diem_chuan_2024_final.csv
VLU,7540101_CLC,Công nghệ thực phẩm,B00; A01; D01; C04,15,Điểm thi THPT,Chương trình CLC,2024,https://github.com/HTNam1710/ADS_Final/blob/main/Data/diem_chuan_2024_final.csv
VLU,7540101_NB,Công nghệ thực phẩm,B00; A01; D01; C04,15,Điểm thi THPT,Chương trình đào tạo kỹ sư làm việc Nhật Bản,2024,https://github.com/HTNam1710/ADS_Final/blob/main/Data/diem_chuan_2024_final.csv
VLU,7640101,Thú y,B00; A01; D01; C04,15,Điểm thi THPT,,2024,https://github.com/HTNam1710/ADS_Final/blob/main/Data/diem_chuan_2024_final.csv
VLU,7760101,Công tác xã hội,A01; D01; C00; C19,15,Điểm thi THPT,,2024,https://github.com/HTNam1710/ADS_Final/blob/main/Data/diem_chuan_2024_final.csv
VLU,7810101,Du lịch,A01; D01; C00; C19,15,Điểm thi THPT,,2024,https://github.com/HTNam1710/ADS_Final/blob/main/Data/diem_chuan_2024_final.csv
VLU,7810101_CLC,Du lịch,A01; D01; C00; C19,15,Điểm thi THPT,Chương trình CLC,2024,https://github.com/HTNam1710/ADS_Final/blob/main/Data/diem_chuan_2024_final.csv
VLU,7810103,Quản trị dịch vụ du lịch và lữ hành,A01; D01; C00; C19,15,Điểm thi THPT,,2024,https://github.com/HTNam1710/ADS_Final/blob/main/Data/diem_chuan_2024_final.csv
KTD,7210403,Thiết kế đồ họa,V00; V01; V02; H00; 5K1; 121,23,Điểm thi THPT,,2024,https://github.com/HTNam1710/ADS_Final/blob/main/Data/diem_chuan_2024_final.csv
KTD,7220201,Ngôn ngữ Anh,D01; A01; D14; D15,19.5,Điểm thi THPT,,2024,https://github.com/HTNam1710/ADS_Final/blob/main/Data/diem_chuan_2024_final.csv
KTD,7220204,Ngôn ngữ Trung Quốc,D01; A01; D14; D15,24,Điểm thi THPT,,2024,https://github.com/HTNam1710/ADS_Final/blob/main/Data/diem_chuan_2024_final.csv
KTD,7340101,Quản trị kinh doanh,A00; A01; B00; D01,19.5,Điểm thi THPT,,2024,https://github.com/HTNam1710/ADS_Final/blob/main/Data/diem_chuan_2024_final.csv
KTD,7340201,Tài chính - ngân hàng,A00; A01; B00; D01,19.5,Điểm thi THPT,,2024,https://github.com/HTNam1710/ADS_Final/blob/main/Data/diem_chuan_2024_final.csv
KTD,7340301,Kế toán,A00; A01; B00; D01,19.5,Điểm thi THPT,,2024,https://github.com/HTNam1710/ADS_Final/blob/main/Data/diem_chuan_2024_final.csv
KTD,7480201,Công nghệ thông tin,A00; A01; B00; D01,23,Điểm thi THPT,,2024,https://github.com/HTNam1710/ADS_Final/blob/main/Data/diem_chuan_2024_final.csv
KTD,7510605,Logistic và quản lý chuỗi cung ứng,A00; A01; B00; D01,19.5,Điểm thi THPT,,2024,https://github.com/HTNam1710/ADS_Final/blob/main/Data/diem_chuan_2024_final.csv
KTD,7580101,Kiến trúc,V00; V01; V02; 5K1; 121; A01,21,Điểm thi THPT,,2024,https://github.com/HTNam1710/ADS_Final/blob/main/Data/diem_chuan_2024_final.csv
KTD,7580105,Quy hoạch vùng và đô thị,V00; V01; V02; 5K1; 121; A01,21,Điểm thi THPT,,2024,https://github.com/HTNam1710/ADS_Final/blob/main/Data/diem_chuan_2024_final.csv
KTD,7580108,Thiết kế nội thất,V00; V01; V02; 5K1; 121; A01,21,Điểm thi THPT,,2024,https://github.com/HTNam1710/ADS_Final/blob/main/Data/diem_chuan_2024_final.csv
KTD,7580201,Kỹ thuật xây dựng,A00; A01; B00; D01,19.5,Điểm thi THPT,,2024,https://github.com/HTNam1710/ADS_Final/blob/main/Data/diem_chuan_2024_final.csv
KTD,7580205,Kỹ thuật xây dựng công trình giao thông,A00; A01; B00; D01,19.5,Điểm thi THPT,,2024,https://github.com/HTNam1710/ADS_Final/blob/main/Data/diem_chuan_2024_final.csv
KTD,7580210,Kỹ thuật cơ sở hạ tầng,A00; A01; B00; D01,19.5,Điểm thi THPT,,2024,https://github.com/HTNam1710/ADS_Final/blob/main/Data/diem_chuan_2024_final.csv
KTD,7580301,"Công nghệ kỹ thuật điện, điện tử",A00; A01; B00; D01,19.5,Điểm thi THPT,,2024,https://github.com/HTNam1710/ADS_Final/blob/main/Data/diem_chuan_2024_final.csv
KTD,7580302,Quản lý xây dựng,A00; A01; B00; D01,19.5,Điểm thi THPT,,2024,https://github.com/HTNam1710/ADS_Final/blob/main/Data/diem_chuan_2024_final.csv
KTD,7810103,Quản trị dịch vụ du lịch và lữ hành,A00; A01; B00; D01,19.5,Điểm thi THPT,,2024,https://github.com/HTNam1710/ADS_Final/blob/main/Data/diem_chuan_2024_final.csv
KTD,7810201,Quản trị khách sạn,A00; A01; B00; D01,19.5,Điểm thi THPT,,2024,https://github.com/HTNam1710/ADS_Final/blob/main/Data/diem_chuan_2024_final.csv
DQK,7210403,Thiết kế đồ họa,H00; H01; H06; H08,19,Điểm thi THPT,,2024,https://github.com/HTNam1710/ADS_Final/blob/main/Data/diem_chuan_2024_final.csv
DQK,7220201,Ngôn ngữ Anh,D01; D09; D66; C00,19,Điểm thi THPT,,2024,https://github.com/HTNam1710/ADS_Final/blob/main/Data/diem_chuan_2024_final.csv
DQK,7220202,Ngôn ngữ Nga,D01; D09; D66; C00,19,Điểm thi THPT,,2024,https://github.com/HTNam1710/ADS_Final/blob/main/Data/diem_chuan_2024_final.csv
DQK,7220204,Ngôn ngữ Trung Quốc,D01; D14; D15; C00,24,Điểm thi THPT,,2024,https://github.com/HTNam1710/ADS_Final/blob/main/Data/diem_chuan_2024_final.csv
DQK,7310101,Kinh tế,A00; A01; A08; D01,21,Điểm thi THPT,,2024,https://github.com/HTNam1710/ADS_Final/blob/main/Data/diem_chuan_2024_final.csv
DQK,7310205,Quản lý nhà nước,D01; C00; C19; D66,19,Điểm thi THPT,,2024,https://github.com/HTNam1710/ADS_Final/blob/main/Data/diem_chuan_2024_final.csv
DQK,7340101,Quản trị kinh doanh,A00; A01; A08; D01,22.5,Điểm thi THPT,,2024,https://github.com/HTNam1710/ADS_Final/blob/main/Data/diem_chuan_2024_final.csv
DQK,7340120,Kinh doanh quốc tế,A00; A09; C04; D01,21,Điểm thi THPT,,2024,https://github.com/HTNam1710/ADS_Final/blob/main/Data/diem_chuan_2024_final.csv
DQK,7340201,Tài chính - Ngân hàng,A00; A01; D10; C14,21,Điểm thi THPT,,2024,https://github.com/HTNam1710/ADS_Final/blob/main/Data/diem_chuan_2024_final.csv
DQK,7340301,Kế toán,A00; A08; C03; D01,21.5,Điểm thi THPT,,2024,https://github.com/HTNam1710/ADS_Final/blob/main/Data/diem_chuan_2024_final.csv
DQK,7380107,Luật kinh tế,A00; C00; C14; D01,22.5,Điểm thi THPT,,2024,https://github.com/HTNam1710/ADS_Final/blob/main/Data/diem_chuan_2024_final.csv
DQK,7480201,Công nghệ thông tin,A00; A01; D10; D01,22,Điểm thi THPT,,2024,https://github.com/HTNam1710/ADS_Final/blob/main/Data/diem_chuan_2024_final.csv
DQK,7510203,Công nghệ kỹ thuật cơ - điện tử,A00; A02; A09; D01,23,Điểm thi THPT,,2024,https://github.com/HTNam1710/ADS_Final/blob/main/Data/diem_chuan_2024_final.csv
DQK,7510205,Công nghệ kỹ thuật ô tô,A00; A01; B03; C01,21,Điểm thi THPT,,2024,https://github.com/HTNam1710/ADS_Final/blob/main/Data/diem_chuan_2024_final.csv
DQK,7510301,"Công nghệ kỹ thuật điện, điện tử",A00; A01; A09; D01,23,Điểm thi THPT,,2024,https://github.com/HTNam1710/ADS_Final/blob/main/Data/diem_chuan_2024_final.csv
DQK,7510406,Công nghệ kỹ thuật môi trường,B00; A00; B03; C02,19,Điểm thi THPT,,2024,https://github.com/HTNam1710/ADS_Final/blob/main/Data/diem_chuan_2024_final.csv
DQK,7580101,Kiến trúc,V00; V01; V02; H06,19,Điểm thi THPT,,2024,https://github.com/HTNam1710/ADS_Final/blob/main/Data/diem_chuan_2024_final.csv
DQK,7580106,Quản lý đô thị và công trình,A00; A01; C00; D01,19,Điểm thi THPT,,2024,https://github.com/HTNam1710/ADS_Final/blob/main/Data/diem_chuan_2024_final.csv
DQK,7580108,Thiết kế nội thất,H00; H01; H06; H08,19,Điểm thi THPT,,2024,https://github.com/HTNam1710/ADS_Final/blob/main/Data/diem_chuan_2024_final.csv
DQK,7580201,Kỹ thuật xây dựng,A00; A01; B08; C14,19,Điểm thi THPT,,2024,https://github.com/HTNam1710/ADS_Final/blob/main/Data/diem_chuan_2024_final.csv
DQK,7720101,Y Khoa,A00; A02; B00; D08,22.5,Điểm thi THPT,,2024,https://github.com/HTNam1710/ADS_Final/blob/main/Data/diem_chuan_2024_final.csv
DQK,7720201,Dược học,A00; A02; B00; D07,21,Điểm thi THPT,,2024,https://github.com/HTNam1710/ADS_Final/blob/main/Data/diem_chuan_2024_final.csv
DQK,7720301,Điều dưỡng,A00; A02; B00; D07,19,Điểm thi THPT,,2024,https://github.com/HTNam1710/ADS_Final/blob/main/Data/diem_chuan_2024_final.csv
DQK,7720501,Răng - Hàm - Mặt,A00; A02; B00; D08,24,Điểm thi THPT,,2024,https://github.com/HTNam1710/ADS_Final/blob/main/Data/diem_chuan_2024_final.csv
DQK,7810103,Quản trị dịch vụ du lịch và lữ hành,A00; A07; C00; D66,22.5,Điểm thi THPT,,2024,https://github.com/HTNam1710/ADS_Final/blob/main/Data/diem_chuan_2024_final.csv
DQK,7850101,Quản lý tài nguyên và môi trường,A00; B00; C00; D01,19,Điểm thi THPT,,2024,https://github.com/HTNam1710/ADS_Final/blob/main/Data/diem_chuan_2024_final.csv
DTK,7220201,Ngôn ngữ Anh,A00; A01; D01; D07,17,Điểm thi THPT,,2024,https://github.com/HTNam1710/ADS_Final/blob/main/Data/diem_chuan_2024_final.csv
DTK,7480106,Kỹ thuật máy tính,A00; A01; D01; D07,17,Điểm thi THPT,,2024,https://github.com/HTNam1710/ADS_Final/blob/main/Data/diem_chuan_2024_final.csv
DTK,7510201,Công nghệ kỹ thuật cơ khí,A00; A01; D01; D07,17,Điểm thi THPT,,2024,https://github.com/HTNam1710/ADS_Final/blob/main/Data/diem_chuan_2024_final.csv
DTK,7510202,Công nghệ chế tạo máy,A00; A01; D01; D07,16,Điểm thi THPT,,2024,https://github.com/HTNam1710/ADS_Final/blob/main/Data/diem_chuan_2024_final.csv
DTK,7510205,Công nghệ kỹ thuật ô tô,A00; A01; D01; D07,19,Điểm thi THPT,,2024,https://github.com/HTNam1710/ADS_Final/blob/main/Data/diem_chuan_2024_final.csv
DTK,7510301,"Công nghệ kỹ thuật điện, điện tử",A00; A01; D01; D07,17,Điểm thi THPT,,2024,https://github.com/HTNam1710/ADS_Final/blob/main/Data/diem_chuan_2024_final.csv
DTK,7510303,Công nghệ kỹ thuật điều khiển và tự động hóa,A00; A01; D01; D07,19,Điểm thi THPT,,2024,https://github.com/HTNam1710/ADS_Final/blob/main/Data/diem_chuan_2024_final.csv
DTK,7510601,Quản lý công nghiệp (Chuyên ngành: Nghiệp vụ ngoại thương - Giảng dạy bằng tiếng Anh),A00; A01; D01; D07,16,Điểm thi THPT,,2024,https://github.com/HTNam1710/ADS_Final/blob/main/Data/diem_chuan_2024_final.csv
DTK,7510604,Kinh tế công nghiệp,A00; A01; D01; D07,16,Điểm thi THPT,,2024,https://github.com/HTNam1710/ADS_Final/blob/main/Data/diem_chuan_2024_final.csv
DTK,7520103,Kỹ thuật cơ khí,A00; A01; D01; D07,16,Điểm thi THPT,,2024,https://github.com/HTNam1710/ADS_Final/blob/main/Data/diem_chuan_2024_final.csv
DTK,7520107,Kỹ thuật Robot,A00; A01; D01; D07,17,Điểm thi THPT,,2024,https://github.com/HTNam1710/ADS_Final/blob/main/Data/diem_chuan_2024_final.csv
DTK,7520114,Kỹ thuật cơ điện tử,A00; A01; D01; D07,17,Điểm thi THPT,,2024,https://github.com/HTNam1710/ADS_Final/blob/main/Data/diem_chuan_2024_final.csv
DTK,7520116,Kỹ thuật cơ khí động lực,A00; A01; D01; D07,16,Điểm thi THPT,,2024,https://github.com/HTNam1710/ADS_Final/blob/main/Data/diem_chuan_2024_final.csv
DTK,7520201,Kỹ thuật điện,A00; A01; D01; D07,16,Điểm thi THPT,,2024,https://github.com/HTNam1710/ADS_Final/blob/main/Data/diem_chuan_2024_final.csv
DTK,7520207,Kỹ thuật điện tử - viễn thông,A00; A01; D01; D07,16,Điểm thi THPT,,2024,https://github.com/HTNam1710/ADS_Final/blob/main/Data/diem_chuan_2024_final.csv
DTK,7520216,Kỹ thuật điều khiển và tự động hoá,A00; A01,19,Điểm thi THPT,,2024,https://github.com/HTNam1710/ADS_Final/blob/main/Data/diem_chuan_2024_final.csv
DTK,7520309,Kỹ thuật vật liệu,A00; A01; D01; D07,16,Điểm thi THPT,,2024,https://github.com/HTNam1710/ADS_Final/blob/main/Data/diem_chuan_2024_final.csv
DTK,7520320,Kỹ thuật môi trường,A00; B00; D01; D07,16,Điểm thi THPT,,2024,https://github.com/HTNam1710/ADS_Final/blob/main/Data/diem_chuan_2024_final.csv
DTK,7580101,Kiến trúc,A01,16,Điểm thi THPT,,2024,https://github.com/HTNam1710/ADS_Final/blob/main/Data/diem_chuan_2024_final.csv
DTK,7580201,Kỹ thuật xây dựng,A00; A01; D01; D07,16,Điểm thi THPT,,2024,https://github.com/HTNam1710/ADS_Final/blob/main/Data/diem_chuan_2024_final.csv
DTK,7905218,Kỹ thuật cơ khí - Chương trình tiên tiến,A00; A01; D01; D07,18,Điểm thi THPT,,2024,https://github.com/HTNam1710/ADS_Final/blob/main/Data/diem_chuan_2024_final.csv
DTK,7905228,Kỹ thuật điện - Chương trình tiên tiến,A00; A01; D01; D07,18,Điểm thi THPT,,2024,https://github.com/HTNam1710/ADS_Final/blob/main/Data/diem_chuan_2024_final.csv
STS,7140206,Giáo dục thể chất,T00; T02; T05; T08,23.75,Điểm thi THPT,Kết hợp điểm thi TN THPT với năng khiếu,2024,https://github.com/HTNam1710/ADS_Final/blob/main/Data/diem_chuan_2024_final.csv
UKH,7220201,Ngôn ngữ Anh,D01; A01; D14; D15,19.5,Điểm thi THPT,,2024,https://github.com/HTNam1710/ADS_Final/blob/main/Data/diem_chuan_2024_final.csv
UKH,7220201A,Ngôn ngữ Anh (Tiếng Anh du lịch),D01; A01; D14; D15,16.6,Điểm thi THPT,,2024,https://github.com/HTNam1710/ADS_Final/blob/main/Data/diem_chuan_2024_final.csv
UKH,7229020,Ngôn ngữ học (Tiếng Trung Quốc),D01; D04; D14; D15,22,Điểm thi THPT,,2024,https://github.com/HTNam1710/ADS_Final/blob/main/Data/diem_chuan_2024_final.csv
UKH,7229030,Văn học (Báo chí - Truyền thông),C00; C19; C20; D01,23.7,Điểm thi THPT,,2024,https://github.com/HTNam1710/ADS_Final/blob/main/Data/diem_chuan_2024_final.csv
UKH,7229040,Văn hóa học (Văn hóa - Truyền thông),C00; C19; C20; D01,20.1,Điểm thi THPT,,2024,https://github.com/HTNam1710/ADS_Final/blob/main/Data/diem_chuan_2024_final.csv
UKH,7310630A,Việt Nam học (Văn hoá Du lịch),C00; C19; C20; D01,20.2,Điểm thi THPT,,2024,https://github.com/HTNam1710/ADS_Final/blob/main/Data/diem_chuan_2024_final.csv
UKH,7340101,Quản trị kinh doanh,D01; A01; D14; D15,16.2,Điểm thi THPT,,2024,https://github.com/HTNam1710/ADS_Final/blob/main/Data/diem_chuan_2024_final.csv
UKH,7340101A,Quản trị kinh doanh (Quản lí Bán lẻ),D01; A01; D14; D15,15,Điểm thi THPT,,2024,https://github.com/HTNam1710/ADS_Final/blob/main/Data/diem_chuan_2024_final.csv
UKH,7340101B,Quản trị kinh doanh (Marketing),D01; A01; D14; D15,17,Điểm thi THPT,,2024,https://github.com/HTNam1710/ADS_Final/blob/main/Data/diem_chuan_2024_final.csv
UKH,7340101C,Quản trị kinh doanh (Nhà hàng và dịch vụ ăn uống),D01; A01; D14; D15,16,Điểm thi THPT,,2024,https://github.com/HTNam1710/ADS_Final/blob/main/Data/diem_chuan_2024_final.csv
UKH,7420203A,Sinh học ứng dụng (Dược liệu),A00; B00; A01; D07,15,Điểm thi THPT,,2024,https://github.com/HTNam1710/ADS_Final/blob/main/Data/diem_chuan_2024_final.csv
UKH,7440112,Hóa học (Hóa dược - Sản phẩm thiên nhiên),A00; B00; A01; D07,15,Điểm thi THPT,,2024,https://github.com/HTNam1710/ADS_Final/blob/main/Data/diem_chuan_2024_final.csv
UKH,7810101,Du lịch,C00; D01; D14; D15,15.1,Điểm thi THPT,,2024,https://github.com/HTNam1710/ADS_Final/blob/main/Data/diem_chuan_2024_final.csv
UKH,7810103,Quản trị dịch vụ du lịch và lữ hành,D01; A01; D14; D15,17.5,Điểm thi THPT,,2024,https://github.com/HTNam1710/ADS_Final/blob/main/Data/diem_chuan_2024_final.csv
UKH,7810201,Quản trị khách sạn,D01; A01; D14; D15,17.4,Điểm thi THPT,,2024,https://github.com/HTNam1710/ADS_Final/blob/main/Data/diem_chuan_2024_final.csv
DSK,7140214,Sư phạm Kỹ thuật công nghiệp (chuyên ngành Công nghệ thông tin),A00; A01; C01; D01,21.95,Điểm thi THPT,,2024,https://github.com/HTNam1710/ADS_Final/blob/main/Data/diem_chuan_2024_final.csv
DSK,7480201,Công nghệ thông tin,A00; A01; C01; D01,23.35,Điểm thi THPT,,2024,https://github.com/HTNam1710/ADS_Final/blob/main/Data/diem_chuan_2024_final.csv
DSK,7510101,Công nghệ kỹ thuật kiến trúc,V00; V01; A00; D01,17.55,Điểm thi THPT,,2024,https://github.com/HTNam1710/ADS_Final/blob/main/Data/diem_chuan_2024_final.csv
DSK,7510103,Công nghệ kỹ thuật xây dựng (chuyên ngành Xây dựng dân dụng và Công nghiệp),A00; A01; C01; D01,16,Điểm thi THPT,,2024,https://github.com/HTNam1710/ADS_Final/blob/main/Data/diem_chuan_2024_final.csv
DSK,7510104,Công nghệ kỹ thuật giao thông (chuyên ngành Xây dựng cầu đường),A00; A01; C01; D01,18.5,Điểm thi THPT,,2024,https://github.com/HTNam1710/ADS_Final/blob/main/Data/diem_chuan_2024_final.csv
DSK,7510201,Công nghệ kỹ thuật cơ khí (chuyên ngành Cơ khí chế tạo),A00; A01; C01; D01,21.6,Điểm thi THPT,,2024,https://github.com/HTNam1710/ADS_Final/blob/main/Data/diem_chuan_2024_final.csv
DSK,7510203,Công nghệ kỹ thuật cơ điện tử,A00; A01; C01; D01,22.05,Điểm thi THPT,,2024,https://github.com/HTNam1710/ADS_Final/blob/main/Data/diem_chuan_2024_final.csv
DSK,7510205,Công nghệ kỹ thuật ô tô,A00; A01; C01; D01,23.4,Điểm thi THPT,,2024,https://github.com/HTNam1710/ADS_Final/blob/main/Data/diem_chuan_2024_final.csv
DSK,7510205A,Công nghệ kỹ thuật ô tô (chuyên ngành Ô tô điện),A00; A01; C01; D01,22.85,Điểm thi THPT,,2024,https://github.com/HTNam1710/ADS_Final/blob/main/Data/diem_chuan_2024_final.csv
DSK,7510205KT,Công nghệ kỹ thuật ô tô (đào tạo 2 năm đầu tại Kon Tum),A00; A01; C01; D01,20.3,Điểm thi THPT,,2024,https://github.com/HTNam1710/ADS_Final/blob/main/Data/diem_chuan_2024_final.csv
DSK,7510206,Công nghệ kỹ thuật nhiệt (chuyên ngành Nhiệt - Điện lạnh),A00; A01; C01; D01,21.2,Điểm thi THPT,,2024,https://github.com/HTNam1710/ADS_Final/blob/main/Data/diem_chuan_2024_final.csv
DSK,7510301A,"Công nghệ kỹ thuật điện, điện tử (chuyên ngành Công nghệ kỹ thuật điện tử)",A00; A01; C01; D01,21.95,Điểm thi THPT,,2024,https://github.com/HTNam1710/ADS_Final/blob/main/Data/diem_chuan_2024_final.csv
DSK,7510301B,"Công nghệ kỹ thuật điện, điện tử (chuyên ngành Công nghệ kỹ thuật điện)",A00; A01; C01; D01,20.9,Điểm thi THPT,,2024,https://github.com/HTNam1710/ADS_Final/blob/main/Data/diem_chuan_2024_final.csv
DSK,7510302,Công nghệ kỹ thuật điện tử - viễn thông,A00; A01; C01; D01,22.35,Điểm thi THPT,,2024,https://github.com/HTNam1710/ADS_Final/blob/main/Data/diem_chuan_2024_final.csv
DSK,7510302A,Công nghệ kỹ thuật điện tử - viễn thông (chuyên ngành Thiết kế vi mạch bán dẫn),A00; A01; C01; D01,23.55,Điểm thi THPT,,2024,https://github.com/HTNam1710/ADS_Final/blob/main/Data/diem_chuan_2024_final.csv
DSK,7510303,Công nghệ kỹ thuật điều khiển và tự động hóa,A00; A01; C01; D01,23.19,Điểm thi THPT,,2024,https://github.com/HTNam1710/ADS_Final/blob/main/Data/diem_chuan_2024_final.csv
DSK,7510303KT,Công nghệ kỹ thuật điều khiển và tự động hóa (đào tạo 2 năm đầu tại Kon Tum),A00; A01; C01; D01,16.3,Điểm thi THPT,,2024,https://github.com/HTNam1710/ADS_Final/blob/main/Data/diem_chuan_2024_final.csv
DSK,7510401,Công nghệ kỹ thuật hóa học,A00; A01; B00; D01,21.6,Điểm thi THPT,,2024,https://github.com/HTNam1710/ADS_Final/blob/main/Data/diem_chuan_2024_final.csv
DSK,7510402,Công nghệ vật liệu (chuyên ngành Hóa học Vật liệu mới),A00; A01; B00; D01,15.4,Điểm thi THPT,,2024,https://github.com/HTNam1710/ADS_Final/blob/main/Data/diem_chuan_2024_final.csv
DSK,7510406,Công nghệ kỹ thuật môi trường,A00; A01; B00; D01,17.05,Điểm thi THPT,,2024,https://github.com/HTNam1710/ADS_Final/blob/main/Data/diem_chuan_2024_final.csv
DSK,7540102,Kỹ thuật thực phẩm,A00; A01; B00; D01,18.4,Điểm thi THPT,,2024,https://github.com/HTNam1710/ADS_Final/blob/main/Data/diem_chuan_2024_final.csv
DSK,7540102A,Kỹ thuật thực phẩm (chuyên ngành Kỹ thuật sinh học thực phẩm),A00; A01; B00; D01,15.9,Điểm thi THPT,,2024,https://github.com/HTNam1710/ADS_Final/blob/main/Data/diem_chuan_2024_final.csv
DSK,7580210,Kỹ thuật cơ sở hạ tầng (chuyên ngành Xây dựng hạ tầng đô thị),A00; A01; C01; D01,18.45,Điểm thi THPT,,2024,https://github.com/HTNam1710/ADS_Final/blob/main/Data/diem_chuan_2024_final.csv
NHB,ACT02,Kế toán,A00; A01; D01; D07,23.3,Điểm thi THPT,,2024,https://github.com/HTNam1710/ADS_Final/blob/main/Data/diem_chuan_2024_final.csv
NHB,BANK02,Ngân hàng,A00; A01; D01; D07,22.85,Điểm thi THPT,,2024,https://github.com/HTNam1710/ADS_Final/blob/main/Data/diem_chuan_2024_final.csv
NHB,FIN02,Tài chính,A00; A01; D01; D07,23.2,Điểm thi THPT,,2024,https://github.com/HTNam1710/ADS_Final/blob/main/Data/diem_chuan_2024_final.csv
DHI,7310206,Quan hệ Quốc tế,C00; D01; D14; D15,20,Điểm thi THPT,,2024,https://github.com/HTNam1710/ADS_Final/blob/main/Data/diem_chuan_2024_final.csv
DHI,7320104,Truyền thông đa phương tiện,C00; D01; D14; D15,23,Điểm thi THPT,,2024,https://github.com/HTNam1710/ADS_Final/blob/main/Data/diem_chuan_2024_final.csv
DHI,7850102,Kinh tế tài nguyên thiên nhiên,A00; A01; C00; D01,17,Điểm thi THPT,,2024,https://github.com/HTNam1710/ADS_Final/blob/main/Data/diem_chuan_2024_final.csv
CMC,BA,Quản trị Kinh doanh,A00; A01; C00; D01,22.5,Điểm thi THPT,,2024,https://github.com/HTNam1710/ADS_Final/blob/main/Data/diem_chuan_2024_final.csv
CMC,CS,Khoa học Máy tính,A00; A01; D01; D90,23,Điểm thi THPT,,2024,https://github.com/HTNam1710/ADS_Final/blob/main/Data/diem_chuan_2024_final.csv
CMC,EC,Công nghệ kỹ thuật Điện tử - Viễn thông,A00; A01; D01; D90,23,Điểm thi THPT,,2024,https://github.com/HTNam1710/ADS_Final/blob/main/Data/diem_chuan_2024_final.csv
CMC,GD,Thiết kế Đồ hoạ,A00; A01; C01; D90,22,Điểm thi THPT,,2024,https://github.com/HTNam1710/ADS_Final/blob/main/Data/diem_chuan_2024_final.csv
CMC,IT,Công nghệ Thông tin,A00; A01; D01; D90,23,Điểm thi THPT,,2024,https://github.com/HTNam1710/ADS_Final/blob/main/Data/diem_chuan_2024_final.csv
CMC,IT-VJ,Công nghệ Thông tin Việt - Nhật (ngành Công nghệ Thông tin),A00; A01; D01; D90,23,Điểm thi THPT,,2024,https://github.com/HTNam1710/ADS_Final/blob/main/Data/diem_chuan_2024_final.csv
CMC,IT-VK,Công nghệ Thông tin Việt - Hàn (ngành Công nghệ Thông tin),A00; A01; D01; D90,23,Điểm thi THPT,,2024,https://github.com/HTNam1710/ADS_Final/blob/main/Data/diem_chuan_2024_final.csv
CMC,JL,Ngôn ngữ Nhật,A01; C00; D01; D06,21,Điểm thi THPT,,2024,https://github.com/HTNam1710/ADS_Final/blob/main/Data/diem_chuan_2024_final.csv
CMC,KL,Ngôn ngữ Hàn Quốc,A01; C00; D01; D10,21,Điểm thi THPT,,2024,https://github.com/HTNam1710/ADS_Final/blob/main/Data/diem_chuan_2024_final.csv
CMC,MK,Marketing,A00; A01; C00; D01,22.5,Điểm thi THPT,,2024,https://github.com/HTNam1710/ADS_Final/blob/main/Data/diem_chuan_2024_final.csv
NTT,7140103,Công nghệ giáo dục,A00; A01; D01,15,Điểm thi THPT,,2024,https://github.com/HTNam1710/ADS_Final/blob/main/Data/diem_chuan_2024_final.csv
NTT,7210205,Thanh Nhạc,N00,15,Điểm thi THPT,,2024,https://github.com/HTNam1710/ADS_Final/blob/main/Data/diem_chuan_2024_final.csv
NTT,7210208,Piano,N00,15,Điểm thi THPT,,2024,https://github.com/HTNam1710/ADS_Final/blob/main/Data/diem_chuan_2024_final.csv
NTT,7210234,"Diễn viên kịch, điện ảnh-truyền hình",N05,15,Điểm thi THPT,,2024,https://github.com/HTNam1710/ADS_Final/blob/main/Data/diem_chuan_2024_final.csv
NTT,7210403,Thiết kế đồ họa,D01; V01; H00; H01,15,Điểm thi THPT,,2024,https://github.com/HTNam1710/ADS_Final/blob/main/Data/diem_chuan_2024_final.csv
NTT,7210404,Thiết kế thời trang,A00; A01; D01; D14,15,Điểm thi THPT,,2024,https://github.com/HTNam1710/ADS_Final/blob/main/Data/diem_chuan_2024_final.csv
NTT,7220201,Ngôn ngữ Anh,C00; D01; D14; D15,15,Điểm thi THPT,,2024,https://github.com/HTNam1710/ADS_Final/blob/main/Data/diem_chuan_2024_final.csv
NTT,7220204,Ngôn ngữ Trung Quốc,C00; D01; D14; D15,15,Điểm thi THPT,,2024,https://github.com/HTNam1710/ADS_Final/blob/main/Data/diem_chuan_2024_final.csv
NTT,7310206,Quan hệ quốc tế,A01; D01; D14; D15,15,Điểm thi THPT,,2024,https://github.com/HTNam1710/ADS_Final/blob/main/Data/diem_chuan_2024_final.csv
NTT,7310401,Tâm lý học,B00; C00; D01; D14,15,Điểm thi THPT,,2024,https://github.com/HTNam1710/ADS_Final/blob/main/Data/diem_chuan_2024_final.csv
NTT,7310608,Đông Phương học,C00; D01; D14; D15,15,Điểm thi THPT,,2024,https://github.com/HTNam1710/ADS_Final/blob/main/Data/diem_chuan_2024_final.csv
NTT,7310630,Việt Nam học,C00; D01; D14; D15,15,Điểm thi THPT,,2024,https://github.com/HTNam1710/ADS_Final/blob/main/Data/diem_chuan_2024_final.csv
NTT,7320104,Truyền thông đa phương tiện,A01; C00; D01; D15,15,Điểm thi THPT,,2024,https://github.com/HTNam1710/ADS_Final/blob/main/Data/diem_chuan_2024_final.csv
NTT,7320108,Quan hệ công chúng,A01; C00; D01; D14,15,Điểm thi THPT,,2024,https://github.com/HTNam1710/ADS_Final/blob/main/Data/diem_chuan_2024_final.csv
NTT,7340101,Quản trị kinh doanh,A00; A01; D01; D07,15,Điểm thi THPT,,2024,https://github.com/HTNam1710/ADS_Final/blob/main/Data/diem_chuan_2024_final.csv
NTT,7340101_DNCN,Quản trị kinh doanh (Quản trị doanh nghiệp và công nghệ),A00; A01; C00; D01,15,Điểm thi THPT,,2024,https://github.com/HTNam1710/ADS_Final/blob/main/Data/diem_chuan_2024_final.csv
NTT,7340101_KDST,Quản trị kinh doanh (Kinh doanh sáng tạo),A00; A01; C00; D01,15,Điểm thi THPT,,2024,https://github.com/HTNam1710/ADS_Final/blob/main/Data/diem_chuan_2024_final.csv
NTT,7340101_KDTP,Quản trị kinh doanh thực phẩm,A00; A01; D01; D07,15,Điểm thi THPT,,2024,https://github.com/HTNam1710/ADS_Final/blob/main/Data/diem_chuan_2024_final.csv
NTT,7340115,Marketing,A00; A01; D01; D07,15,Điểm thi THPT,,2024,https://github.com/HTNam1710/ADS_Final/blob/main/Data/diem_chuan_2024_final.csv
NTT,7340115_DM,Marketing (Marketing số và truyền thông xã hội),A00; A01; C00; D01,15,Điểm thi THPT,,2024,https://github.com/HTNam1710/ADS_Final/blob/main/Data/diem_chuan_2024_final.csv
NTT,7340120,Kinh doanh quốc tế,A00; A01; D01; D07,15,Điểm thi THPT,,2024,https://github.com/HTNam1710/ADS_Final/blob/main/Data/diem_chuan_2024_final.csv
NTT,7340122,Thương mại điện tử,A00; A01; D01; D07,15,Điểm thi THPT,,2024,https://github.com/HTNam1710/ADS_Final/blob/main/Data/diem_chuan_2024_final.csv
NTT,7340201,Tài chính ngân hàng,A00; A01; D01; D07,15,Điểm thi THPT,,2024,https://github.com/HTNam1710/ADS_Final/blob/main/Data/diem_chuan_2024_final.csv
NTT,7340301,Kế toán,A00; A01; D01; D07,15,Điểm thi THPT,,2024,https://github.com/HTNam1710/ADS_Final/blob/main/Data/diem_chuan_2024_final.csv
NTT,7340404,Quản trị Nhân lực,A00; A01; D01; D07,15,Điểm thi THPT,,2024,https://github.com/HTNam1710/ADS_Final/blob/main/Data/diem_chuan_2024_final.csv
NTT,7380101,Luật,A00; A01; C00; D01,15,Điểm thi THPT,,2024,https://github.com/HTNam1710/ADS_Final/blob/main/Data/diem_chuan_2024_final.csv
NTT,7380107,Luật Kinh tế,A00; A01; C00; D01,15,Điểm thi THPT,,2024,https://github.com/HTNam1710/ADS_Final/blob/main/Data/diem_chuan_2024_final.csv
NTT,7420201,Công nghệ sinh học,A00; B00; D07; D08,15,Điểm thi THPT,,2024,https://github.com/HTNam1710/ADS_Final/blob/main/Data/diem_chuan_2024_final.csv
NTT,7440122,Khoa học vật liệu (Vật liệu tiên tiến và Công nghệ nano),A00; A01; B00; D07,15,Điểm thi THPT,,2024,https://github.com/HTNam1710/ADS_Final/blob/main/Data/diem_chuan_2024_final.csv
NTT,7460108,Khoa học dữ liệu,A00; A01; D01; D07,15,Điểm thi THPT,,2024,https://github.com/HTNam1710/ADS_Final/blob/main/Data/diem_chuan_2024_final.csv
NTT,7480102,Mạng máy tính và truyền thông dữ liệu,A00; A01; D01; D07,15,Điểm thi THPT,,2024,https://github.com/HTNam1710/ADS_Final/blob/main/Data/diem_chuan_2024_final.csv
NTT,7480103,Kỹ thuật phần mềm,A00; A01; D01; D07,15,Điểm thi THPT,,2024,https://github.com/HTNam1710/ADS_Final/blob/main/Data/diem_chuan_2024_final.csv
NTT,7480107,Trí tuệ nhân tạo,A00; A01; D01; D07,15,Điểm thi THPT,,2024,https://github.com/HTNam1710/ADS_Final/blob/main/Data/diem_chuan_2024_final.csv
NTT,7480201,Công nghệ thông tin,A00; A01; D01; D07,15,Điểm thi THPT,,2024,https://github.com/HTNam1710/ADS_Final/blob/main/Data/diem_chuan_2024_final.csv
NTT,7480201_CNST,Công nghệ thông tin (Công nghệ và Đổi mới sáng tạo),A00; A01; D01; D07,15,Điểm thi THPT,,2024,https://github.com/HTNam1710/ADS_Final/blob/main/Data/diem_chuan_2024_final.csv
NTT,7480201_DLMT,Công nghệ thông tin và dữ liệu Tài nguyên môi trường,A00; B00; D07; D90,15,Điểm thi THPT,,2024,https://github.com/HTNam1710/ADS_Final/blob/main/Data/diem_chuan_2024_final.csv
NTT,7510203,Công nghệ kỹ thuật cơ điện tử,A00; A01; D01; D07,15,Điểm thi THPT,,2024,https://github.com/HTNam1710/ADS_Final/blob/main/Data/diem_chuan_2024_final.csv
NTT,7510205,Công nghệ kỹ thuật Ô tô,A00; A01; D01; D07,15,Điểm thi THPT,,2024,https://github.com/HTNam1710/ADS_Final/blob/main/Data/diem_chuan_2024_final.csv
NTT,7510301,"Kỹ thuật điện, điện tử",A00; A01; D01; D07,15,Điểm thi THPT,,2024,https://github.com/HTNam1710/ADS_Final/blob/main/Data/diem_chuan_2024_final.csv
NTT,7510401,Công nghệ kỹ thuật Hóa học,A00; B00; D07; D90,15,Điểm thi THPT,,2024,https://github.com/HTNam1710/ADS_Final/blob/main/Data/diem_chuan_2024_final.csv
NTT,7510605,Logistic và quản lý chuỗi cung ứng,A00; A01; D01; D07,15,Điểm thi THPT,,2024,https://github.com/HTNam1710/ADS_Final/blob/main/Data/diem_chuan_2024_final.csv
NTT,7520212,Kỹ thuật Y sinh,A00; A01; A02; B00,15,Điểm thi THPT,,2024,https://github.com/HTNam1710/ADS_Final/blob/main/Data/diem_chuan_2024_final.csv
NTT,7520403,Vật lý y khoa,A00; A01; A02; B00,15,Điểm thi THPT,,2024,https://github.com/HTNam1710/ADS_Final/blob/main/Data/diem_chuan_2024_final.csv
NTT,7540101,Công nghệ thực phẩm,A00; B00; D07; D90,15,Điểm thi THPT,,2024,https://github.com/HTNam1710/ADS_Final/blob/main/Data/diem_chuan_2024_final.csv
NTT,7580101,Kiến trúc,D01; V01; H00; H01,15,Điểm thi THPT,,2024,https://github.com/HTNam1710/ADS_Final/blob/main/Data/diem_chuan_2024_final.csv
NTT,7580108,Thiết kế Nội thất,D01; V01; H00; H01,15,Điểm thi THPT,,2024,https://github.com/HTNam1710/ADS_Final/blob/main/Data/diem_chuan_2024_final.csv
NTT,7580201,Kỹ thuật xây dựng,A00; A01; D01; D07,15,Điểm thi THPT,,2024,https://github.com/HTNam1710/ADS_Final/blob/main/Data/diem_chuan_2024_final.csv
NTT,7580205,Kỹ thuật xây dựng công trình giao thông,A00; A01; D01; D07,15,Điểm thi THPT,,2024,https://github.com/HTNam1710/ADS_Final/blob/main/Data/diem_chuan_2024_final.csv
NTT,7640101,Thú y,A00; B00; D07; D08,15,Điểm thi THPT,,2024,https://github.com/HTNam1710/ADS_Final/blob/main/Data/diem_chuan_2024_final.csv
NTT,7720101,Y khoa,B00,23,Điểm thi THPT,,2024,https://github.com/HTNam1710/ADS_Final/blob/main/Data/diem_chuan_2024_final.csv
NTT,7720110,Y học dự phòng,B00,19,Điểm thi THPT,,2024,https://github.com/HTNam1710/ADS_Final/blob/main/Data/diem_chuan_2024_final.csv
NTT,7720115,Y học cổ truyền,A00; A01; B00; D07,21,Điểm thi THPT,,2024,https://github.com/HTNam1710/ADS_Final/blob/main/Data/diem_chuan_2024_final.csv
NTT,7720201,Dược học,A00; A01; B00; D07,21,Điểm thi THPT,,2024,https://github.com/HTNam1710/ADS_Final/blob/main/Data/diem_chuan_2024_final.csv
NTT,7720203,Hóa Dược,A00; A01; B00; D07,15,Điểm thi THPT,,2024,https://github.com/HTNam1710/ADS_Final/blob/main/Data/diem_chuan_2024_final.csv
NTT,7720301,Diều dưỡng,A00; A01; B00; D07,19,Điểm thi THPT,,2024,https://github.com/HTNam1710/ADS_Final/blob/main/Data/diem_chuan_2024_final.csv
NTT,7720501,Răng - Hàm - Mặt,A00; A01; B00; D07,22.5,Điểm thi THPT,,2024,https://github.com/HTNam1710/ADS_Final/blob/main/Data/diem_chuan_2024_final.csv
NTT,7720601,Kỹ thuật xét nghiệm y học,A00; B00; D07; D08,19,Điểm thi THPT,,2024,https://github.com/HTNam1710/ADS_Final/blob/main/Data/diem_chuan_2024_final.csv
NTT,7720603,Kỹ thuật phục hồi chức năng,A00; A01; B00; D07,19,Điểm thi THPT,,2024,https://github.com/HTNam1710/ADS_Final/blob/main/Data/diem_chuan_2024_final.csv
NTT,7720802,Quản lý bệnh viện,B00; B03; C00; D01,15,Điểm thi THPT,,2024,https://github.com/HTNam1710/ADS_Final/blob/main/Data/diem_chuan_2024_final.csv
NTT,7810101,Du lịch,C00; D01; D14; D15,15,Điểm thi THPT,,2024,https://github.com/HTNam1710/ADS_Final/blob/main/Data/diem_chuan_2024_final.csv
NTT,7810201,Quản trị khách sạn,C00; D01; D14; D15,15,Điểm thi THPT,,2024,https://github.com/HTNam1710/ADS_Final/blob/main/Data/diem_chuan_2024_final.csv
NTT,7810202,Quản trị nhà hàng và dịch vụ ăn uống,C00; D01; D14; D15,15,Điểm thi THPT,,2024,https://github.com/HTNam1710/ADS_Final/blob/main/Data/diem_chuan_2024_final.csv
NTT,7850101,Quản lý tài nguyên và môi trường,A00; B00; D07; D90,15,Điểm thi THPT,,2024,https://github.com/HTNam1710/ADS_Final/blob/main/Data/diem_chuan_2024_final.csv
DHK,7310101,Kinh tế,A00; A01; C15; D01,17,Điểm thi THPT,,2024,https://github.com/HTNam1710/ADS_Final/blob/main/Data/diem_chuan_2024_final.csv
DHK,7310101TA,Kinh tế (ĐT bằng Tiếng Anh),A00; A01; C15; D01,18,Điểm thi THPT,,2024,https://github.com/HTNam1710/ADS_Final/blob/main/Data/diem_chuan_2024_final.csv
DHK,7310102,Kinh tế chính trị,A00; A01; C15; D01,17,Điểm thi THPT,,2024,https://github.com/HTNam1710/ADS_Final/blob/main/Data/diem_chuan_2024_final.csv
DHK,7310106,Kinh tế quốc tế,A00; A01; C15; D01,17,Điểm thi THPT,,2024,https://github.com/HTNam1710/ADS_Final/blob/main/Data/diem_chuan_2024_final.csv
DHK,7310107,Thống kê kinh tế,A00; A01; C15; D01,17,Điểm thi THPT,,2024,https://github.com/HTNam1710/ADS_Final/blob/main/Data/diem_chuan_2024_final.csv
DHK,7310109,Kinh tế số,A00; A01; C15; D01,17,Điểm thi THPT,,2024,https://github.com/HTNam1710/ADS_Final/blob/main/Data/diem_chuan_2024_final.csv
DHK,7340101,Quản trị kinh doanh,A00; A01; C15; D01,19,Điểm thi THPT,,2024,https://github.com/HTNam1710/ADS_Final/blob/main/Data/diem_chuan_2024_final.csv
DHK,7340101TA,Quản trị kinh doanh (đào tạo bằng tiếng Anh),A00; A01; C15; D01,18,Điểm thi THPT,,2024,https://github.com/HTNam1710/ADS_Final/blob/main/Data/diem_chuan_2024_final.csv
DHK,7340115,Marketing,A00; A01; C15; D01,23,Điểm thi THPT,,2024,https://github.com/HTNam1710/ADS_Final/blob/main/Data/diem_chuan_2024_final.csv
DHK,7340121,Kinh doanh thương mại,A00; A01; C15; D01,17,Điểm thi THPT,,2024,https://github.com/HTNam1710/ADS_Final/blob/main/Data/diem_chuan_2024_final.csv
DHK,7340122,Thương mại điện tử,A00; A01; C15; D01,21,Điểm thi THPT,,2024,https://github.com/HTNam1710/ADS_Final/blob/main/Data/diem_chuan_2024_final.csv
DHK,7340201,Tài chính - Ngân hàng,A00; D01; D03; D96,18,Điểm thi THPT,,2024,https://github.com/HTNam1710/ADS_Final/blob/main/Data/diem_chuan_2024_final.csv
DHK,7340301,Kế toán,A00; A01; C15; D01,19,Điểm thi THPT,,2024,https://github.com/HTNam1710/ADS_Final/blob/main/Data/diem_chuan_2024_final.csv
DHK,7340301TA,Kế toán (đào tạo bằng Tiếng Anh),A00; A01; C15; D01,18,Điểm thi THPT,,2024,https://github.com/HTNam1710/ADS_Final/blob/main/Data/diem_chuan_2024_final.csv
DHK,7340302,Kiểm toán,A00; A01; C15; D01,17,Điểm thi THPT,,2024,https://github.com/HTNam1710/ADS_Final/blob/main/Data/diem_chuan_2024_final.csv
DHK,7340404,Quản trị nhân lực,A00; A01; C15; D01,17,Điểm thi THPT,,2024,https://github.com/HTNam1710/ADS_Final/blob/main/Data/diem_chuan_2024_final.csv
DHK,7340405,Hệ thống thông tin quản lý,A00; A01; C15; D01,17,Điểm thi THPT,,2024,https://github.com/HTNam1710/ADS_Final/blob/main/Data/diem_chuan_2024_final.csv
DHK,7349001,Tài chính - Ngân hàng (Liên kết),A00; D96; D01; D03,17,Điểm thi THPT,,2024,https://github.com/HTNam1710/ADS_Final/blob/main/Data/diem_chuan_2024_final.csv
DHK,7510605,Logistics và Quản lý chuỗi cung ứng,A00; A01; C15; D01,22,Điểm thi THPT,,2024,https://github.com/HTNam1710/ADS_Final/blob/main/Data/diem_chuan_2024_final.csv
DHK,7620115,Kinh tế nông nghiệp,A00; A01; C15; D01,17,Điểm thi THPT,,2024,https://github.com/HTNam1710/ADS_Final/blob/main/Data/diem_chuan_2024_final.csv
DHK,7903124,Song ngành Kinh tế - Tài chính (CT tiên tiến),A00; A01; C15; D01,17,Điểm thi THPT,,2024,https://github.com/HTNam1710/ADS_Final/blob/main/Data/diem_chuan_2024_final.csv
DHD,7340101,Quản trị kinh doanh,A00; C00; D01; D10,17,Điểm thi THPT,,2024,https://github.com/HTNam1710/ADS_Final/blob/main/Data/diem_chuan_2024_final.csv
DHD,7810101,Du lịch,A00; C00; D01; D10,17,Điểm thi THPT,,2024,https://github.com/HTNam1710/ADS_Final/blob/main/Data/diem_chuan_2024_final.csv
DHD,7810102,Du lịch điện tử,A00; A01; D01; D10,17,Điểm thi THPT,,2024,https://github.com/HTNam1710/ADS_Final/blob/main/Data/diem_chuan_2024_final.csv
DHD,7810103,Quản trị dịch vụ du lịch và lữ hành,A00; C00; D01; D10,17,Điểm thi THPT,,2024,https://github.com/HTNam1710/ADS_Final/blob/main/Data/diem_chuan_2024_final.csv
DHD,7810104,Quản trị du lịch và khách sạn,A00; C00; D01; D10,23,Điểm thi THPT,,2024,https://github.com/HTNam1710/ADS_Final/blob/main/Data/diem_chuan_2024_final.csv
DHD,7810201,Quản trị khách sạn,A00; C00; D01; D10,17,Điểm thi THPT,,2024,https://github.com/HTNam1710/ADS_Final/blob/main/Data/diem_chuan_2024_final.csv
DHD,7810202,Quản trị nhà hàng và dịch vụ ăn uống,A00; C00; D01; D10,17,Điểm thi THPT,,2024,https://github.com/HTNam1710/ADS_Final/blob/main/Data/diem_chuan_2024_final.csv
KGH,6510304,Kỹ thuật hàng không,A00; A01,19.05,Điểm thi THPT,"Hệ cao đẳng, miền Bắc",2024,https://github.com/HTNam1710/ADS_Final/blob/main/Data/diem_chuan_2024_final.csv
KGH,7860203,Chỉ huy tham mưu không quân (Phi công quân sự),A00; A01,22.35,Điểm thi THPT,Hệ đại học,2024,https://github.com/HTNam1710/ADS_Final/blob/main/Data/diem_chuan_2024_final.csv
DTC,7210403,Thiết kế đồ họa,A00; C01; C14; D01,20.6,Điểm thi THPT,,2024,https://github.com/HTNam1710/ADS_Final/blob/main/Data/diem_chuan_2024_final.csv
DTC,7310109,Quản trị kinh doanh số,A00; C01; C14; D01,20.9,Điểm thi THPT,,2024,https://github.com/HTNam1710/ADS_Final/blob/main/Data/diem_chuan_2024_final.csv
DTC,7320104,Truyền thông đa phương tiện,A00; C01; C14; D01,21.7,Điểm thi THPT,,2024,https://github.com/HTNam1710/ADS_Final/blob/main/Data/diem_chuan_2024_final.csv
DTC,7320106,Công nghệ truyền thông,A00; C01; C14; D01,19.7,Điểm thi THPT,,2024,https://github.com/HTNam1710/ADS_Final/blob/main/Data/diem_chuan_2024_final.csv
DTC,7340122,Thương mại điện tử,A00; C01; C14; D01,21.7,Điểm thi THPT,,2024,https://github.com/HTNam1710/ADS_Final/blob/main/Data/diem_chuan_2024_final.csv
DTC,7340122_TD,Marketing số,A00; C01; C14; D01,21.5,Điểm thi THPT,,2024,https://github.com/HTNam1710/ADS_Final/blob/main/Data/diem_chuan_2024_final.csv
DTC,7340405,Quản lý logistics và chuỗi cung ứng,A00; C01; C14; D01,21.4,Điểm thi THPT,,2024,https://github.com/HTNam1710/ADS_Final/blob/main/Data/diem_chuan_2024_final.csv
DTC,7340406,Quản trị văn phòng,A00; C01; C14; D01,22,Điểm thi THPT,,2024,https://github.com/HTNam1710/ADS_Final/blob/main/Data/diem_chuan_2024_final.csv
DTC,7480101,Khoa học máy tính (AI & Big Data),A00; C01; C14; D01,22.1,Điểm thi THPT,,2024,https://github.com/HTNam1710/ADS_Final/blob/main/Data/diem_chuan_2024_final.csv
DTC,7480102,Mạng máy tính và truyền thông dữ liệu,A00; C01; C14; D01,22.8,Điểm thi THPT,,2024,https://github.com/HTNam1710/ADS_Final/blob/main/Data/diem_chuan_2024_final.csv
DTC,7480103_KNU,Kỹ thuật phần mềm liên kết quốc tế - KNU,A00; C01; C14; D01,21.1,Điểm thi THPT,,2024,https://github.com/HTNam1710/ADS_Final/blob/main/Data/diem_chuan_2024_final.csv
DTC,7480104,Hệ thống thông tin,A00; C01; C14; D01,21.7,Điểm thi THPT,,2024,https://github.com/HTNam1710/ADS_Final/blob/main/Data/diem_chuan_2024_final.csv
DTC,7480108,Kỹ thuật máy tính,A00; C01; C14; D01,21.4,Điểm thi THPT,,2024,https://github.com/HTNam1710/ADS_Final/blob/main/Data/diem_chuan_2024_final.csv
DTC,7480201,Công nghệ thông tin,A00; C01; C14; D01,20.9,Điểm thi THPT,,2024,https://github.com/HTNam1710/ADS_Final/blob/main/Data/diem_chuan_2024_final.csv
DTC,7480201_CLC,Công nghệ thông tin trọng điểm (CLC),A00; C01; C14; D01,20.7,Điểm thi THPT,,2024,https://github.com/HTNam1710/ADS_Final/blob/main/Data/diem_chuan_2024_final.csv
DTC,7480201_QT,Công nghệ thông tin quốc tế,A00; C01; C14; D01,18.7,Điểm thi THPT,,2024,https://github.com/HTNam1710/ADS_Final/blob/main/Data/diem_chuan_2024_final.csv
DTC,7480202,An toàn thông tin,A00; C01; C14; D01,19.3,Điểm thi THPT,,2024,https://github.com/HTNam1710/ADS_Final/blob/main/Data/diem_chuan_2024_final.csv
DTC,7510212,Công nghệ ô tô,A00; C01; C14; D01,19.9,Điểm thi THPT,,2024,https://github.com/HTNam1710/ADS_Final/blob/main/Data/diem_chuan_2024_final.csv
DTC,7510301,"Kỹ thuật điện, điện tử",A00; C01; C14; D01,19.6,Điểm thi THPT,,2024,https://github.com/HTNam1710/ADS_Final/blob/main/Data/diem_chuan_2024_final.csv
DTC,7510302,Điện tử - viễn thông,A00; C01; C14; D01,21.3,Điểm thi THPT,,2024,https://github.com/HTNam1710/ADS_Final/blob/main/Data/diem_chuan_2024_final.csv
DTC,7510302_V,Vi mạch bán dẫn,A00; C01; C14; D01,21.7,Điểm thi THPT,,2024,https://github.com/HTNam1710/ADS_Final/blob/main/Data/diem_chuan_2024_final.csv
DTC,7510303,Tự động hóa,A00; C01; C14; D01,18.4,Điểm thi THPT,,2024,https://github.com/HTNam1710/ADS_Final/blob/main/Data/diem_chuan_2024_final.csv
DTC,7520119,Cơ điện tử,A00; C01; C14; D01,20.1,Điểm thi THPT,,2024,https://github.com/HTNam1710/ADS_Final/blob/main/Data/diem_chuan_2024_final.csv
HGH,7860229,Ngành Chỉ huy Kỹ thuật hóa học,A00; A01,21.25,Điểm thi THPT,TS nam miền Nam,2024,https://github.com/HTNam1710/ADS_Final/blob/main/Data/diem_chuan_2024_final.csv
TGH,7860206,Ngành Chỉ huy tham mưu Tăng Thiết giáp,A00; A01,22.45,Điểm thi THPT,TS nam miền Nam,2024,https://github.com/HTNam1710/ADS_Final/blob/main/Data/diem_chuan_2024_final.csv
HVQ,7140101,Giáo dục học,A00; B00; C00; D01,15,Điểm thi THPT,,2024,https://github.com/HTNam1710/ADS_Final/blob/main/Data/diem_chuan_2024_final.csv
HVQ,7140114,Quản lý giáo dục,A00; A01; C00; D01,15,Điểm thi THPT,,2024,https://github.com/HTNam1710/ADS_Final/blob/main/Data/diem_chuan_2024_final.csv
HVQ,7220201,Ngôn ngữ Anh,A01; D01; D10; D14,22.5,Điểm thi THPT,,2024,https://github.com/HTNam1710/ADS_Final/blob/main/Data/diem_chuan_2024_final.csv
HVQ,7310101,Kinh tế,A00; A01; D01; D10,15,Điểm thi THPT,,2024,https://github.com/HTNam1710/ADS_Final/blob/main/Data/diem_chuan_2024_final.csv
HVQ,7310403,Tâm lý học giáo dục,A00; B00; C00; D01,20,Điểm thi THPT,,2024,https://github.com/HTNam1710/ADS_Final/blob/main/Data/diem_chuan_2024_final.csv
HVQ,7340101,Quản trị văn phòng,A00; A01; D01; C00,15,Điểm thi THPT,,2024,https://github.com/HTNam1710/ADS_Final/blob/main/Data/diem_chuan_2024_final.csv
DDT,7210403,Thiết kế đồ họa,A00; A16; V01; D01,16,Điểm thi THPT,,2024,https://github.com/HTNam1710/ADS_Final/blob/main/Data/diem_chuan_2024_final.csv
DDT,7210404,Thiết kế thời trang,A00; A16; V01; D01,16,Điểm thi THPT,,2024,https://github.com/HTNam1710/ADS_Final/blob/main/Data/diem_chuan_2024_final.csv
DDT,7220201,Ngôn ngữ Anh,D01; D14; D15; D72,16,Điểm thi THPT,,2024,https://github.com/HTNam1710/ADS_Final/blob/main/Data/diem_chuan_2024_final.csv
DDT,7220204,Ngôn ngữ Trung Quốc,D01; D14; D15; D72,16,Điểm thi THPT,,2024,https://github.com/HTNam1710/ADS_Final/blob/main/Data/diem_chuan_2024_final.csv
DDT,7220209,Ngôn ngữ Nhật,A01; D01; D14; D15,16,Điểm thi THPT,,2024,https://github.com/HTNam1710/ADS_Final/blob/main/Data/diem_chuan_2024_final.csv
DDT,7220210,Ngôn ngữ Hàn Quốc,D01; D13; D09; D10,16,Điểm thi THPT,,2024,https://github.com/HTNam1710/ADS_Final/blob/main/Data/diem_chuan_2024_final.csv
DDT,7229030,Văn học,C00; C15; D01; C04,16,Điểm thi THPT,,2024,https://github.com/HTNam1710/ADS_Final/blob/main/Data/diem_chuan_2024_final.csv
DDT,7310104,Kinh tế đầu tư,A00; A16; C01; D01,16,Điểm thi THPT,,2024,https://github.com/HTNam1710/ADS_Final/blob/main/Data/diem_chuan_2024_final.csv
DDT,7310206,Quan hệ quốc tế,C00; C15; D01; A01,16,Điểm thi THPT,,2024,https://github.com/HTNam1710/ADS_Final/blob/main/Data/diem_chuan_2024_final.csv
DDT,7310630,Việt Nam học,C00; C15; D01; A01,16,Điểm thi THPT,,2024,https://github.com/HTNam1710/ADS_Final/blob/main/Data/diem_chuan_2024_final.csv
DDT,7320104,Truyền thông đa phương tiện,C00; C15; D01; A00,16,Điểm thi THPT,,2024,https://github.com/HTNam1710/ADS_Final/blob/main/Data/diem_chuan_2024_final.csv
DDT,7320108,Quan hệ công chúng,C00; C15; D01; A01,16,Điểm thi THPT,,2024,https://github.com/HTNam1710/ADS_Final/blob/main/Data/diem_chuan_2024_final.csv
DDT,7340101,Quản trị kinh doanh,A00; A16; C01; D01,16,Điểm thi THPT,,2024,https://github.com/HTNam1710/ADS_Final/blob/main/Data/diem_chuan_2024_final.csv
DDT,7340115,Marketing,A00; A16; C01; D01,16,Điểm thi THPT,,2024,https://github.com/HTNam1710/ADS_Final/blob/main/Data/diem_chuan_2024_final.csv
DDT,7340121,Kinh doanh thương mại,A00; A16; C01; D01,16,Điểm thi THPT,,2024,https://github.com/HTNam1710/ADS_Final/blob/main/Data/diem_chuan_2024_final.csv
DDT,7340122,Thương mại điện tử,A00; A16; C01; D01,16,Điểm thi THPT,,2024,https://github.com/HTNam1710/ADS_Final/blob/main/Data/diem_chuan_2024_final.csv
DDT,7340201,Tài chính - Ngân hàng,A00; A16; C01; D01,16,Điểm thi THPT,,2024,https://github.com/HTNam1710/ADS_Final/blob/main/Data/diem_chuan_2024_final.csv
DDT,7340301,Kế toán,A00; A16; C01; D01,16,Điểm thi THPT,,2024,https://github.com/HTNam1710/ADS_Final/blob/main/Data/diem_chuan_2024_final.csv
DDT,7340302,Kiểm toán,A00; A16; C01; D01,16,Điểm thi THPT,,2024,https://github.com/HTNam1710/ADS_Final/blob/main/Data/diem_chuan_2024_final.csv
DDT,7340404,Quản trị nhân lực,A00; A16; C01; D01,16,Điểm thi THPT,,2024,https://github.com/HTNam1710/ADS_Final/blob/main/Data/diem_chuan_2024_final.csv
DDT,7340405,Hệ thống thông tin quản lý,A00; A16; A01; D01,16,Điểm thi THPT,,2024,https://github.com/HTNam1710/ADS_Final/blob/main/Data/diem_chuan_2024_final.csv
DDT,7340412,Quản trị sự kiện,A00; C00; C15; D01,16,Điểm thi THPT,,2024,https://github.com/HTNam1710/ADS_Final/blob/main/Data/diem_chuan_2024_final.csv
DDT,7380101,Luật,A00; C00; C15; D01,16,Điểm thi THPT,,2024,https://github.com/HTNam1710/ADS_Final/blob/main/Data/diem_chuan_2024_final.csv
DDT,7380107,Luật kinh tế,A00; C00; C15; D01,16,Điểm thi THPT,,2024,https://github.com/HTNam1710/ADS_Final/blob/main/Data/diem_chuan_2024_final.csv
DDT,7420201,Công nghệ sinh học,A00; A01; B00; B03,16,Điểm thi THPT,,2024,https://github.com/HTNam1710/ADS_Final/blob/main/Data/diem_chuan_2024_final.csv
DDT,7460108,Khoa học dữ liệu,A00; A16; A01; D01,16,Điểm thi THPT,,2024,https://github.com/HTNam1710/ADS_Final/blob/main/Data/diem_chuan_2024_final.csv
DDT,7480101,Khoa học máy tính,A00; A16; A01; D01,16,Điểm thi THPT,,2024,https://github.com/HTNam1710/ADS_Final/blob/main/Data/diem_chuan_2024_final.csv
DDT,7480102,Mạng Máy tính và Truyền thông Dữ liệu,A00; A16; A01; D01,16,Điểm thi THPT,,2024,https://github.com/HTNam1710/ADS_Final/blob/main/Data/diem_chuan_2024_final.csv
DDT,7480103,Kỹ thuật phần mềm,A00; A16; A01; D01,16,Điểm thi THPT,,2024,https://github.com/HTNam1710/ADS_Final/blob/main/Data/diem_chuan_2024_final.csv
DDT,7480107,Trí tuệ Nhân tạo,A00; A16; A01; D01,16,Điểm thi THPT,,2024,https://github.com/HTNam1710/ADS_Final/blob/main/Data/diem_chuan_2024_final.csv
DDT,7480202,An toàn Thông tin,A00; A16; A01; D01,16,Điểm thi THPT,,2024,https://github.com/HTNam1710/ADS_Final/blob/main/Data/diem_chuan_2024_final.csv
DDT,7510102,Công nghệ kỹ thuật Công trình xây dựng,A00; A16; C01; D01,16,Điểm thi THPT,,2024,https://github.com/HTNam1710/ADS_Final/blob/main/Data/diem_chuan_2024_final.csv
DDT,7510205,Công nghệ kỹ thuật ô tô,A00; A16; C01; D01,16,Điểm thi THPT,,2024,https://github.com/HTNam1710/ADS_Final/blob/main/Data/diem_chuan_2024_final.csv
DDT,7510301,"Công nghệ Kỹ thuật điện, điện tử",A00; A16; C01; D01,16,Điểm thi THPT,,2024,https://github.com/HTNam1710/ADS_Final/blob/main/Data/diem_chuan_2024_final.csv
DDT,7510406,Công nghệ kỹ thuật môi trường,A00; A16; B00; C02,16,Điểm thi THPT,,2024,https://github.com/HTNam1710/ADS_Final/blob/main/Data/diem_chuan_2024_final.csv
DDT,7510605,Logistics và quản lý chuỗi cung ứng,A00; A16; C01; D01,16,Điểm thi THPT,,2024,https://github.com/HTNam1710/ADS_Final/blob/main/Data/diem_chuan_2024_final.csv
DDT,7520201,Kỹ thuật điện,A00; A16; C01; D01,16,Điểm thi THPT,,2024,https://github.com/HTNam1710/ADS_Final/blob/main/Data/diem_chuan_2024_final.csv
DDT,7520202,Kỹ thuật Y sinh,A00; A01; B00; B03,16,Điểm thi THPT,,2024,https://github.com/HTNam1710/ADS_Final/blob/main/Data/diem_chuan_2024_final.csv
DDT,7520216,Kỹ thuật Điện và Tự động hóa,A00; A16; C01; D01,16,Điểm thi THPT,,2024,https://github.com/HTNam1710/ADS_Final/blob/main/Data/diem_chuan_2024_final.csv
DDT,7540101,Công nghệ thực phẩm,A00; A01; B00; C01,16,Điểm thi THPT,,2024,https://github.com/HTNam1710/ADS_Final/blob/main/Data/diem_chuan_2024_final.csv
DDT,7580101,Kiến trúc,V00; V01; M02; M04,22,Điểm thi THPT,Môn Vẽ nhân hệ số 2,2024,https://github.com/HTNam1710/ADS_Final/blob/main/Data/diem_chuan_2024_final.csv
DDT,7580201,Kỹ thuật xây dựng,A00; A16; C01; D01,16,Điểm thi THPT,,2024,https://github.com/HTNam1710/ADS_Final/blob/main/Data/diem_chuan_2024_final.csv
DDT,7720201,Y khoa,A16; B00; D90; D08,22.5,Điểm thi THPT,,2024,https://github.com/HTNam1710/ADS_Final/blob/main/Data/diem_chuan_2024_final.csv
DDT,7720201,Dược,A00; A16; B00; B03,21,Điểm thi THPT,,2024,https://github.com/HTNam1710/ADS_Final/blob/main/Data/diem_chuan_2024_final.csv
DDT,7720301,Điều dưỡng,A00; A16; B00; B03,19,Điểm thi THPT,,2024,https://github.com/HTNam1710/ADS_Final/blob/main/Data/diem_chuan_2024_final.csv
DDT,7720501,Bác sĩ Răng Hàm Mặt,A00; A16; B00; D90,22.5,Điểm thi THPT,,2024,https://github.com/HTNam1710/ADS_Final/blob/main/Data/diem_chuan_2024_final.csv
DDT,7810101,Du lịch,A00; C00; C15; D01,16,Điểm thi THPT,,2024,https://github.com/HTNam1710/ADS_Final/blob/main/Data/diem_chuan_2024_final.csv
DDT,7810103,Quản trị dịch vụ du lịch và lữ hành,A00; C00; C15; D01,16,Điểm thi THPT,,2024,https://github.com/HTNam1710/ADS_Final/blob/main/Data/diem_chuan_2024_final.csv
DDT,7810201,Quản trị khách sạn,A00; C00; C15; D01,16,Điểm thi THPT,,2024,https://github.com/HTNam1710/ADS_Final/blob/main/Data/diem_chuan_2024_final.csv
DDT,7810202,Quản trị nhà hàng và Dịch vụ ăn uống,A00; C00; C15; D01,16,Điểm thi THPT,,2024,https://github.com/HTNam1710/ADS_Final/blob/main/Data/diem_chuan_2024_final.csv
DDT,7810501,Kinh tế gia đình,A00; C00; C15; D01,16,Điểm thi THPT,,2024,https://github.com/HTNam1710/ADS_Final/blob/main/Data/diem_chuan_2024_final.csv
DDT,7850101,Quản lý tài nguyên và môi trường,A00; A16; B00; C15,16,Điểm thi THPT,,2024,https://github.com/HTNam1710/ADS_Final/blob/main/Data/diem_chuan_2024_final.csv
DNC,7220201,Ngôn ngữ Anh,D01; D14; D15; D66,16,Điểm thi THPT,,2024,https://github.com/HTNam1710/ADS_Final/blob/main/Data/diem_chuan_2024_final.csv
DNC,7310109,Kinh tế số,A00; A01; C04; D01,16,Điểm thi THPT,,2024,https://github.com/HTNam1710/ADS_Final/blob/main/Data/diem_chuan_2024_final.csv
DNC,7320104,Truyền thông đa phương tiện,C00; D01; D14; D15,16,Điểm thi THPT,,2024,https://github.com/HTNam1710/ADS_Final/blob/main/Data/diem_chuan_2024_final.csv
DNC,7320108,Quan hệ công chúng,C00; D01; D14; D15,16,Điểm thi THPT,,2024,https://github.com/HTNam1710/ADS_Final/blob/main/Data/diem_chuan_2024_final.csv
DNC,7340101,Quản trị kinh doanh,A00; A01; C04; D01,16,Điểm thi THPT,,2024,https://github.com/HTNam1710/ADS_Final/blob/main/Data/diem_chuan_2024_final.csv
DNC,7340115,Marketing,A00; A01; C04; D01,16,Điểm thi THPT,,2024,https://github.com/HTNam1710/ADS_Final/blob/main/Data/diem_chuan_2024_final.csv
DNC,7340116,Bất động sản,A00; B00; C05; C08,16,Điểm thi THPT,,2024,https://github.com/HTNam1710/ADS_Final/blob/main/Data/diem_chuan_2024_final.csv
DNC,7340120,Kinh doanh quốc tế,A00; A01; C04; D01,16,Điểm thi THPT,,2024,https://github.com/HTNam1710/ADS_Final/blob/main/Data/diem_chuan_2024_final.csv
DNC,7340122,Thương mại điện tử,A00; A01; C04; D01,16,Điểm thi THPT,,2024,https://github.com/HTNam1710/ADS_Final/blob/main/Data/diem_chuan_2024_final.csv
DNC,7340201,Tài chính - Ngân hàng,A00; A01; C04; D01,16,Điểm thi THPT,,2024,https://github.com/HTNam1710/ADS_Final/blob/main/Data/diem_chuan_2024_final.csv
DNC,7340301,Kế toán,A00; A01; C04; D01,16,Điểm thi THPT,,2024,https://github.com/HTNam1710/ADS_Final/blob/main/Data/diem_chuan_2024_final.csv
DNC,7380101,Luật,C00; D01; D14; D15,16,Điểm thi THPT,,2024,https://github.com/HTNam1710/ADS_Final/blob/main/Data/diem_chuan_2024_final.csv
DNC,7380107,Luật kinh tế,C00; D01; D14; D15,16,Điểm thi THPT,,2024,https://github.com/HTNam1710/ADS_Final/blob/main/Data/diem_chuan_2024_final.csv
DNC,7480101,Khoa học máy tính,A00; A01; A02; D07,16,Điểm thi THPT,,2024,https://github.com/HTNam1710/ADS_Final/blob/main/Data/diem_chuan_2024_final.csv
DNC,7480102,Mạng máy tính và truyền thông dữ liệu,A00; A01; A02; D07,16,Điểm thi THPT,,2024,https://github.com/HTNam1710/ADS_Final/blob/main/Data/diem_chuan_2024_final.csv
DNC,7480103,Kỹ thuật phần mềm,A00; A01; A02; D07,16,Điểm thi THPT,,2024,https://github.com/HTNam1710/ADS_Final/blob/main/Data/diem_chuan_2024_final.csv
DNC,7480201,Công nghệ thông tin,A00; A01; A02; D07,16,Điểm thi THPT,,2024,https://github.com/HTNam1710/ADS_Final/blob/main/Data/diem_chuan_2024_final.csv
DNC,7510205,Công nghệ kỹ thuật ô tô,A00; A01; A02; D07,16,Điểm thi THPT,,2024,https://github.com/HTNam1710/ADS_Final/blob/main/Data/diem_chuan_2024_final.csv
DNC,7510301,"Công nghệ kỹ thuật điện, điện tử",A00; A01; A02; C01,16,Điểm thi THPT,,2024,https://github.com/HTNam1710/ADS_Final/blob/main/Data/diem_chuan_2024_final.csv
DNC,7510401,Công nghệ kỹ thuật hóa học,A00; A02; B00; D07,16,Điểm thi THPT,,2024,https://github.com/HTNam1710/ADS_Final/blob/main/Data/diem_chuan_2024_final.csv
DNC,7510601,Quản lý công nghiệp,A00; A01; D01; D07,16,Điểm thi THPT,,2024,https://github.com/HTNam1710/ADS_Final/blob/main/Data/diem_chuan_2024_final.csv
DNC,7510605,Logistics và Quản lý chuỗi cung ứng,A00; A01; D01; D07,16,Điểm thi THPT,,2024,https://github.com/HTNam1710/ADS_Final/blob/main/Data/diem_chuan_2024_final.csv
DNC,7520116,Kỹ thuật cơ khí động lực,A00; A01; A02; D07,16,Điểm thi THPT,,2024,https://github.com/HTNam1710/ADS_Final/blob/main/Data/diem_chuan_2024_final.csv
DNC,7520212,Kỹ thuật y sinh,A00; A01; A02; B00,6,Điểm thi THPT,,2024,https://github.com/HTNam1710/ADS_Final/blob/main/Data/diem_chuan_2024_final.csv
DNC,7540101,Công nghệ thực phẩm,A00; A02; B00; D07,16,Điểm thi THPT,,2024,https://github.com/HTNam1710/ADS_Final/blob/main/Data/diem_chuan_2024_final.csv
DNC,7580101,Kiến trúc,A00; D01; V00; V01,6,Điểm thi THPT,,2024,https://github.com/HTNam1710/ADS_Final/blob/main/Data/diem_chuan_2024_final.csv
DNC,7580201,Kỹ thuật xây dựng,A00; A01; A02; D07,16,Điểm thi THPT,,2024,https://github.com/HTNam1710/ADS_Final/blob/main/Data/diem_chuan_2024_final.csv
DNC,7720101,Y khoa,A02; B00; D07; D08,22.5,Điểm thi THPT,,2024,https://github.com/HTNam1710/ADS_Final/blob/main/Data/diem_chuan_2024_final.csv
DNC,7720110,Y học dự phòng,A02; B00; D07; D08,19,Điểm thi THPT,,2024,https://github.com/HTNam1710/ADS_Final/blob/main/Data/diem_chuan_2024_final.csv
DNC,7720201,Dược học,A00; B00; D07; D08,21,Điểm thi THPT,,2024,https://github.com/HTNam1710/ADS_Final/blob/main/Data/diem_chuan_2024_final.csv
DNC,7720301,Điều dưỡng,A00; B00; D07; D08,19,Điểm thi THPT,,2024,https://github.com/HTNam1710/ADS_Final/blob/main/Data/diem_chuan_2024_final.csv
DNC,7720501,Răng - Hàm - Mặt,A02; B00; D07; D08,22.5,Điểm thi THPT,,2024,https://github.com/HTNam1710/ADS_Final/blob/main/Data/diem_chuan_2024_final.csv
DNC,7720601,Kỹ thuật xét nghiệm y học,A00; B00; D07; D08,19,Điểm thi THPT,,2024,https://github.com/HTNam1710/ADS_Final/blob/main/Data/diem_chuan_2024_final.csv
DNC,7720602,Kỹ thuật hình ảnh y học,A00; B00; D07; D08,19,Điểm thi THPT,,2024,https://github.com/HTNam1710/ADS_Final/blob/main/Data/diem_chuan_2024_final.csv
DNC,7720802,Quản lý bệnh viện,B00; B03; C01; C02,16,Điểm thi THPT,,2024,https://github.com/HTNam1710/ADS_Final/blob/main/Data/diem_chuan_2024_final.csv
DNC,7810103,Quản trị dịch vụ du lịch và lữ hành,A00; A01; C00; D01,16,Điểm thi THPT,,2024,https://github.com/HTNam1710/ADS_Final/blob/main/Data/diem_chuan_2024_final.csv
DNC,7810201,Quản trị khách sạn,A00; A01; C00; D01,16,Điểm thi THPT,,2024,https://github.com/HTNam1710/ADS_Final/blob/main/Data/diem_chuan_2024_final.csv
DNC,7810202,Quản trị nhà hàng và dịch vụ ăn uống,A00; A01; C00; D01,16,Điểm thi THPT,,2024,https://github.com/HTNam1710/ADS_Final/blob/main/Data/diem_chuan_2024_final.csv
DNC,7850101,Quản lý tài nguyên và môi trường,A00; A02; B00; C08,16,Điểm thi THPT,,2024,https://github.com/HTNam1710/ADS_Final/blob/main/Data/diem_chuan_2024_final.csv
DNC,7850103,Quản lý đất đai,A00; A02; B00; C08,16,Điểm thi THPT,,2024,https://github.com/HTNam1710/ADS_Final/blob/main/Data/diem_chuan_2024_final.csv
HIU,7140114,Quản lý Giáo dục,D01; A00; A01; C00,16,Điểm thi THPT,,2024,https://github.com/HTNam1710/ADS_Final/blob/main/Data/diem_chuan_2024_final.csv
HIU,7210403,Thiết kế đồ họa,A00; A01; H00; H01,15,Điểm thi THPT,,2024,https://github.com/HTNam1710/ADS_Final/blob/main/Data/diem_chuan_2024_final.csv
HIU,7220201,Ngôn ngữ Anh,A01; D01; D14; D15,15,Điểm thi THPT,,2024,https://github.com/HTNam1710/ADS_Final/blob/main/Data/diem_chuan_2024_final.csv
HIU,7220204,Ngôn ngữ Trung Quốc,A01; C00; D01; D15,15,Điểm thi THPT,,2024,https://github.com/HTNam1710/ADS_Final/blob/main/Data/diem_chuan_2024_final.csv
HIU,7220209,Ngôn ngữ Nhật,A01; D01; D14; D15,16,Điểm thi THPT,,2024,https://github.com/HTNam1710/ADS_Final/blob/main/Data/diem_chuan_2024_final.csv
HIU,7220210,Ngôn ngữ Hàn Quốc,A01; C00; D01; D15,15,Điểm thi THPT,,2024,https://github.com/HTNam1710/ADS_Final/blob/main/Data/diem_chuan_2024_final.csv
HIU,7310206,Quan hệ quốc tế,A00; A01; C00; D01,17.75,Điểm thi THPT,,2024,https://github.com/HTNam1710/ADS_Final/blob/main/Data/diem_chuan_2024_final.csv
HIU,7310401,Tâm lý học,B00; A00; C00; D01,15,Điểm thi THPT,,2024,https://github.com/HTNam1710/ADS_Final/blob/main/Data/diem_chuan_2024_final.csv
HIU,7310630,Việt Nam Học,A07; C00; D01; D78,18,Điểm thi THPT,,2024,https://github.com/HTNam1710/ADS_Final/blob/main/Data/diem_chuan_2024_final.csv
HIU,7320104,Truyền thông đa phương tiện,A01; C00; D01; D15,16.25,Điểm thi THPT,,2024,https://github.com/HTNam1710/ADS_Final/blob/main/Data/diem_chuan_2024_final.csv
HIU,7320108,Quan hệ công chúng,A00; A01; C00; D01,15,Điểm thi THPT,,2024,https://github.com/HTNam1710/ADS_Final/blob/main/Data/diem_chuan_2024_final.csv
HIU,7340101,Quản trị kinh doanh,A00; A01; C00; D01,15,Điểm thi THPT,,2024,https://github.com/HTNam1710/ADS_Final/blob/main/Data/diem_chuan_2024_final.csv
HIU,7340114,Digital Marketing,A00; A01; C00; D01,15,Điểm thi THPT,,2024,https://github.com/HTNam1710/ADS_Final/blob/main/Data/diem_chuan_2024_final.csv
HIU,7340122,Thương mại điện tử,A00; A01; C00; D01,15,Điểm thi THPT,,2024,https://github.com/HTNam1710/ADS_Final/blob/main/Data/diem_chuan_2024_final.csv
HIU,7340201,Tài chính - Ngân hàng,A00; A01; D01; C01,15,Điểm thi THPT,,2024,https://github.com/HTNam1710/ADS_Final/blob/main/Data/diem_chuan_2024_final.csv
HIU,7340301,Kế toán,A00; A01; D01; C01,15,Điểm thi THPT,,2024,https://github.com/HTNam1710/ADS_Final/blob/main/Data/diem_chuan_2024_final.csv
HIU,7340412,Quản trị sự kiện,A00; A01; C00; D01,17,Điểm thi THPT,,2024,https://github.com/HTNam1710/ADS_Final/blob/main/Data/diem_chuan_2024_final.csv
HIU,7380101,Luật,A00; A01; C00; D01,15,Điểm thi THPT,,2024,https://github.com/HTNam1710/ADS_Final/blob/main/Data/diem_chuan_2024_final.csv
HIU,7380107,Luật Kinh Tế,A00; A01; C00; D01,15,Điểm thi THPT,,2024,https://github.com/HTNam1710/ADS_Final/blob/main/Data/diem_chuan_2024_final.csv
HIU,7480201,Công nghệ thông tin,A00; A01; D01; C01,15,Điểm thi THPT,,2024,https://github.com/HTNam1710/ADS_Final/blob/main/Data/diem_chuan_2024_final.csv
HIU,7510605,Logistics và quản lý chuỗi cung ứng,A00; A01; D01; C00,15,Điểm thi THPT,,2024,https://github.com/HTNam1710/ADS_Final/blob/main/Data/diem_chuan_2024_final.csv
HIU,7580101,Kiến Trúc,A00; A01; V00; V01,15,Điểm thi THPT,,2024,https://github.com/HTNam1710/ADS_Final/blob/main/Data/diem_chuan_2024_final.csv
HIU,7720101,Y Khoa,A00; B00; D07; D08,22.5,Điểm thi THPT,,2024,https://github.com/HTNam1710/ADS_Final/blob/main/Data/diem_chuan_2024_final.csv
HIU,7720115,Y học cổ truyền,A00; B00; D07; D08,21,Điểm thi THPT,,2024,https://github.com/HTNam1710/ADS_Final/blob/main/Data/diem_chuan_2024_final.csv
HIU,7720201,Dược học,A00; B00; D07; D08,21,Điểm thi THPT,,2024,https://github.com/HTNam1710/ADS_Final/blob/main/Data/diem_chuan_2024_final.csv
HIU,7720301,Điều dưỡng,A00; B00; D07; D08,19,Điểm thi THPT,,2024,https://github.com/HTNam1710/ADS_Final/blob/main/Data/diem_chuan_2024_final.csv
HIU,7720302,Hộ Sinh,A00; B00; D07; D08,19,Điểm thi THPT,,2024,https://github.com/HTNam1710/ADS_Final/blob/main/Data/diem_chuan_2024_final.csv
HIU,7720401,Dinh dưỡng,A00; B00; D07; D08,15,Điểm thi THPT,,2024,https://github.com/HTNam1710/ADS_Final/blob/main/Data/diem_chuan_2024_final.csv
HIU,7720501,Răng hàm mặt,A00; B00; D07; D08,22.5,Điểm thi THPT,,2024,https://github.com/HTNam1710/ADS_Final/blob/main/Data/diem_chuan_2024_final.csv
HIU,7720601,Kỹ thuật xét nghiệm y học,A00; B00; D07; D08,19,Điểm thi THPT,,2024,https://github.com/HTNam1710/ADS_Final/blob/main/Data/diem_chuan_2024_final.csv
HIU,7720603,Kỹ thuật phục hồi chức năng,A00; B00; D07; D08,19,Điểm thi THPT,,2024,https://github.com/HTNam1710/ADS_Final/blob/main/Data/diem_chuan_2024_final.csv
HIU,7720701,Y tế công cộng,A00; B00; D07; D08,15,Điểm thi THPT,,2024,https://github.com/HTNam1710/ADS_Final/blob/main/Data/diem_chuan_2024_final.csv
HIU,7810103,Quản trị dịch vụ du lịch và lữ hành,A00; A01; C00; D01,15,Điểm thi THPT,,2024,https://github.com/HTNam1710/ADS_Final/blob/main/Data/diem_chuan_2024_final.csv
HIU,7810201,Quản trị khách sạn,A00; A01; C00; D01,15,Điểm thi THPT,,2024,https://github.com/HTNam1710/ADS_Final/blob/main/Data/diem_chuan_2024_final.csv
TTU,7220201,Ngôn ngữ Anh,A01; D01; D07; D08,15,Điểm thi THPT,,2024,https://github.com/HTNam1710/ADS_Final/blob/main/Data/diem_chuan_2024_final.csv
TTU,7340101,Quản trị kinh doanh,A00; A01; D01; D07,15,Điểm thi THPT,,2024,https://github.com/HTNam1710/ADS_Final/blob/main/Data/diem_chuan_2024_final.csv
TTU,7340120,Kinh doanh quốc tế,A00; A01; D01; D07,15,Điểm thi THPT,,2024,https://github.com/HTNam1710/ADS_Final/blob/main/Data/diem_chuan_2024_final.csv
TTU,7340201,Tài chính ngân hàng,A00; A01; D01; D07,15,Điểm thi THPT,,2024,https://github.com/HTNam1710/ADS_Final/blob/main/Data/diem_chuan_2024_final.csv
TTU,7340301,Kế toán,A00; A01; D01; D07,15,Điểm thi THPT,,2024,https://github.com/HTNam1710/ADS_Final/blob/main/Data/diem_chuan_2024_final.csv
TTU,7420201,Công nghệ sinh học,A02; B00; B03; B08,15,Điểm thi THPT,,2024,https://github.com/HTNam1710/ADS_Final/blob/main/Data/diem_chuan_2024_final.csv
TTU,7480101,Khoa học máy tính,A00; A01; D01; D07,15,Điểm thi THPT,,2024,https://github.com/HTNam1710/ADS_Final/blob/main/Data/diem_chuan_2024_final.csv
TTU,7720101,Y khoa (Bác sĩ Đa khoa),A02; B00; B08,22.5,Điểm thi THPT,,2024,https://github.com/HTNam1710/ADS_Final/blob/main/Data/diem_chuan_2024_final.csv
TTU,7720301,Điều dưỡng,A02; B00; B08,19,Điểm thi THPT,,2024,https://github.com/HTNam1710/ADS_Final/blob/main/Data/diem_chuan_2024_final.csv
TTU,7720601,Kỹ thuật xét nghiệm y học,A02; B00; B08,19,Điểm thi THPT,,2024,https://github.com/HTNam1710/ADS_Final/blob/main/Data/diem_chuan_2024_final.csv
TTD,7810301,Quản lý TDTT,B04; C14,22.5,Điểm thi THPT,,2024,https://github.com/HTNam1710/ADS_Final/blob/main/Data/diem_chuan_2024_final.csv
DCL,7210403,Thiết kế đồ họa,A00; A01; C04; D01,15,Điểm thi THPT,,2024,https://github.com/HTNam1710/ADS_Final/blob/main/Data/diem_chuan_2024_final.csv
DCL,7220101,Tiếng Việt & Văn hóa Việt Nam,C00; D01; D14; D15,15,Điểm thi THPT,,2024,https://github.com/HTNam1710/ADS_Final/blob/main/Data/diem_chuan_2024_final.csv
DCL,7220201,Ngôn ngữ Anh,A01; D01; D14; D15,15,Điểm thi THPT,,2024,https://github.com/HTNam1710/ADS_Final/blob/main/Data/diem_chuan_2024_final.csv
DCL,7310608,Đông phương học,A01; C00; D01; D14,15,Điểm thi THPT,,2024,https://github.com/HTNam1710/ADS_Final/blob/main/Data/diem_chuan_2024_final.csv
DCL,7340101,Quản trị kinh doanh,A00; A01; D01; C04,15,Điểm thi THPT,,2024,https://github.com/HTNam1710/ADS_Final/blob/main/Data/diem_chuan_2024_final.csv
DCL,7340121,Kinh doanh thương mại,A00; A01; D01; C04,15,Điểm thi THPT,,2024,https://github.com/HTNam1710/ADS_Final/blob/main/Data/diem_chuan_2024_final.csv
DCL,7340155,Marketing,A00; A01; D01; C04,15,Điểm thi THPT,,2024,https://github.com/HTNam1710/ADS_Final/blob/main/Data/diem_chuan_2024_final.csv
DCL,7340201,Tài chính - Ngân hàng,A00; A01; D01; C04,15,Điểm thi THPT,,2024,https://github.com/HTNam1710/ADS_Final/blob/main/Data/diem_chuan_2024_final.csv
DCL,7340301,Kế toán,A00; A01; D01; C04,15,Điểm thi THPT,,2024,https://github.com/HTNam1710/ADS_Final/blob/main/Data/diem_chuan_2024_final.csv
DCL,7380101,Luật,A00; A01; C00; D01,15,Điểm thi THPT,,2024,https://github.com/HTNam1710/ADS_Final/blob/main/Data/diem_chuan_2024_final.csv
DCL,7380107,Luật kinh tế,A00; A01; C00; D01,15,Điểm thi THPT,,2024,https://github.com/HTNam1710/ADS_Final/blob/main/Data/diem_chuan_2024_final.csv
DCL,7480201,Công nghệ thông tin,A00; A01; D01; D07,15,Điểm thi THPT,,2024,https://github.com/HTNam1710/ADS_Final/blob/main/Data/diem_chuan_2024_final.csv
DCL,7510102,Công nghệ kỹ thuật công trình xây dựng (Thiết kế kiến trúc xây dựng),A00; A01; D01; C01,15,Điểm thi THPT,,2024,https://github.com/HTNam1710/ADS_Final/blob/main/Data/diem_chuan_2024_final.csv
DCL,7510201,Công nghệ kỹ thuật cơ khí,A00; A01; D01; C01,15,Điểm thi THPT,,2024,https://github.com/HTNam1710/ADS_Final/blob/main/Data/diem_chuan_2024_final.csv
DCL,7510205,Công nghệ kỹ thuật ô tô,A00; A01; D01; C01,15,Điểm thi THPT,,2024,https://github.com/HTNam1710/ADS_Final/blob/main/Data/diem_chuan_2024_final.csv
DCL,7510301,"Công nghệ kỹ thuật điện, điện tử",A00; A01; D01; C01,15,Điểm thi THPT,,2024,https://github.com/HTNam1710/ADS_Final/blob/main/Data/diem_chuan_2024_final.csv
DCL,7520212,Kỹ thuật y sinh,A00; A01; D01; C01,15,Điểm thi THPT,,2024,https://github.com/HTNam1710/ADS_Final/blob/main/Data/diem_chuan_2024_final.csv
DCL,7540101,Công nghệ thực phẩm,A00; A01; B00; C01,15,Điểm thi THPT,,2024,https://github.com/HTNam1710/ADS_Final/blob/main/Data/diem_chuan_2024_final.csv
DCL,7580205,Kỹ thuật xây dựng công trình giao thông,A00; A01; D01; C01,15,Điểm thi THPT,,2024,https://github.com/HTNam1710/ADS_Final/blob/main/Data/diem_chuan_2024_final.csv
DCL,7620109,Nông học,A00; A01; B00; B03,15,Điểm thi THPT,,2024,https://github.com/HTNam1710/ADS_Final/blob/main/Data/diem_chuan_2024_final.csv
DCL,7620112,Bảo vệ thực vật,A00; A01; B00; B03,15,Điểm thi THPT,,2024,https://github.com/HTNam1710/ADS_Final/blob/main/Data/diem_chuan_2024_final.csv
DCL,7620301,Nuôi trồng thủy sản,A00; A01; B00; B03,15,Điểm thi THPT,,2024,https://github.com/HTNam1710/ADS_Final/blob/main/Data/diem_chuan_2024_final.csv
DCL,7640101,Thú y,A00; A01; B00; B03,15,Điểm thi THPT,,2024,https://github.com/HTNam1710/ADS_Final/blob/main/Data/diem_chuan_2024_final.csv
DCL,7720101,Y khoa,A00; A02; B00; D07,22.5,Điểm thi THPT,,2024,https://github.com/HTNam1710/ADS_Final/blob/main/Data/diem_chuan_2024_final.csv
DCL,7720201,Dược học,A00; B00; C08; D07,21,Điểm thi THPT,,2024,https://github.com/HTNam1710/ADS_Final/blob/main/Data/diem_chuan_2024_final.csv
DCL,7720301,Điều dưỡng,A02; B00; B03; D08,19,Điểm thi THPT,,2024,https://github.com/HTNam1710/ADS_Final/blob/main/Data/diem_chuan_2024_final.csv
DCL,7720302,Hộ sinh,A02; B00; B03; D07,19,Điểm thi THPT,,2024,https://github.com/HTNam1710/ADS_Final/blob/main/Data/diem_chuan_2024_final.csv
DCL,7720601,Kỹ thuật xét nghiệm y học,A00; B00; B03; D07,19,Điểm thi THPT,,2024,https://github.com/HTNam1710/ADS_Final/blob/main/Data/diem_chuan_2024_final.csv
DCL,7720602,Kỹ thuật hình ảnh y học,A00; A02; B00; D07,19,Điểm thi THPT,,2024,https://github.com/HTNam1710/ADS_Final/blob/main/Data/diem_chuan_2024_final.csv
DCL,7760101,Công tác xã hội,A01; C00; C01; D01,15,Điểm thi THPT,,2024,https://github.com/HTNam1710/ADS_Final/blob/main/Data/diem_chuan_2024_final.csv
DCL,7810103,Quản trị dịch vụ du lịch & lữ hành,A00; A01; C00; D01,15,Điểm thi THPT,,2024,https://github.com/HTNam1710/ADS_Final/blob/main/Data/diem_chuan_2024_final.csv
DVL,7210205,Thanh nhạc,N00,18,Điểm thi THPT,,2024,https://github.com/HTNam1710/ADS_Final/blob/main/Data/diem_chuan_2024_final.csv
DVL,7210208,Piano,N00,18,Điểm thi THPT,,2024,https://github.com/HTNam1710/ADS_Final/blob/main/Data/diem_chuan_2024_final.csv
DVL,7210234,"Diễn viên kịch, điện ảnh - truyền hình",S00,18,Điểm thi THPT,,2024,https://github.com/HTNam1710/ADS_Final/blob/main/Data/diem_chuan_2024_final.csv
DVL,7210235,"Đạo diễn điện ảnh, truyền hình",S00,18,Điểm thi THPT,,2024,https://github.com/HTNam1710/ADS_Final/blob/main/Data/diem_chuan_2024_final.csv
DVL,7210302,"Công nghệ điện ảnh, truyền hình",H01; H03; H04; V00,16,Điểm thi THPT,,2024,https://github.com/HTNam1710/ADS_Final/blob/main/Data/diem_chuan_2024_final.csv
DVL,7210402,Thiết kế công nghiệp,H03; H04; H05; H06,16,Điểm thi THPT,,2024,https://github.com/HTNam1710/ADS_Final/blob/main/Data/diem_chuan_2024_final.csv
DVL,7210403,Thiết kế đồ họa,H03; H04; H05; H06,16,Điểm thi THPT,,2024,https://github.com/HTNam1710/ADS_Final/blob/main/Data/diem_chuan_2024_final.csv
DVL,7210404,Thiết kế thời trang,H03; H04; H05; H06,16,Điểm thi THPT,,2024,https://github.com/HTNam1710/ADS_Final/blob/main/Data/diem_chuan_2024_final.csv
DVL,7210409,Thiết kế mỹ thuật số,H03; H04; H05; H06,16,Điểm thi THPT,,2024,https://github.com/HTNam1710/ADS_Final/blob/main/Data/diem_chuan_2024_final.csv
DVL,7220201,Ngôn ngữ Anh,D01; D08; D10,16,Điểm thi THPT,,2024,https://github.com/HTNam1710/ADS_Final/blob/main/Data/diem_chuan_2024_final.csv
DVL,7220204,Ngôn ngữ Trung Quốc,A01; D01; D04; D14,16,Điểm thi THPT,,2024,https://github.com/HTNam1710/ADS_Final/blob/main/Data/diem_chuan_2024_final.csv
DVL,7220210,Ngôn ngữ Hàn Quốc,D01; D10; D14; D66,16,Điểm thi THPT,,2024,https://github.com/HTNam1710/ADS_Final/blob/main/Data/diem_chuan_2024_final.csv
DVL,7229030,Văn học,C00; D01; D14; D66,16,Điểm thi THPT,,2024,https://github.com/HTNam1710/ADS_Final/blob/main/Data/diem_chuan_2024_final.csv
DVL,7310106,Kinh tế quốc tế,A00; A01; D01; D07,16,Điểm thi THPT,,2024,https://github.com/HTNam1710/ADS_Final/blob/main/Data/diem_chuan_2024_final.csv
DVL,7310401,Tâm lý học,B00; B03; C00; D01,16,Điểm thi THPT,,2024,https://github.com/HTNam1710/ADS_Final/blob/main/Data/diem_chuan_2024_final.csv
DVL,7310608,Đông phương học,A01; C00; D01; D04,16,Điểm thi THPT,,2024,https://github.com/HTNam1710/ADS_Final/blob/main/Data/diem_chuan_2024_final.csv
DVL,7320104,Truyền thông đa phương tiện,A00; A01; C00; D01,19,Điểm thi THPT,,2024,https://github.com/HTNam1710/ADS_Final/blob/main/Data/diem_chuan_2024_final.csv
DVL,7320106,Công nghệ truyền thông,A00; A01; C01; D01,16,Điểm thi THPT,,2024,https://github.com/HTNam1710/ADS_Final/blob/main/Data/diem_chuan_2024_final.csv
DVL,7320108,Quan hệ công chúng,A00; A01; C00; D01,19,Điểm thi THPT,,2024,https://github.com/HTNam1710/ADS_Final/blob/main/Data/diem_chuan_2024_final.csv
DVL,7340101,Quản trị kinh doanh,A00; A01; C01; D01,16,Điểm thi THPT,,2024,https://github.com/HTNam1710/ADS_Final/blob/main/Data/diem_chuan_2024_final.csv
DVL,7340115,Marketing,A00; A01; C01; D01,16,Điểm thi THPT,,2024,https://github.com/HTNam1710/ADS_Final/blob/main/Data/diem_chuan_2024_final.csv
DVL,7340116,Bất động sản,A00; A01; C04; D01,16,Điểm thi THPT,,2024,https://github.com/HTNam1710/ADS_Final/blob/main/Data/diem_chuan_2024_final.csv
DVL,7340120,Kinh doanh quốc tế,A00; A01; C01; D01,16,Điểm thi THPT,,2024,https://github.com/HTNam1710/ADS_Final/blob/main/Data/diem_chuan_2024_final.csv
DVL,7340121,Kinh doanh thương mại,A00; A01; C01; D01,16,Điểm thi THPT,,2024,https://github.com/HTNam1710/ADS_Final/blob/main/Data/diem_chuan_2024_final.csv
DVL,7340122,Thương mại điện tử,A00; A01; C01; D01,16,Điểm thi THPT,,2024,https://github.com/HTNam1710/ADS_Final/blob/main/Data/diem_chuan_2024_final.csv
DVL,7340201,Tài chính - ngân hàng,A00; A01; C04; D01,16,Điểm thi THPT,,2024,https://github.com/HTNam1710/ADS_Final/blob/main/Data/diem_chuan_2024_final.csv
DVL,7340205,Công nghệ tài chính,A00; A01; C01; D01,16,Điểm thi THPT,,2024,https://github.com/HTNam1710/ADS_Final/blob/main/Data/diem_chuan_2024_final.csv
DVL,7340301,Kế toán,A00; A01; D01; D10,16,Điểm thi THPT,,2024,https://github.com/HTNam1710/ADS_Final/blob/main/Data/diem_chuan_2024_final.csv
DVL,7380101,Luật,A00; A01; C00; D01,16,Điểm thi THPT,,2024,https://github.com/HTNam1710/ADS_Final/blob/main/Data/diem_chuan_2024_final.csv
DVL,7380107,Luật kinh tế,A00; A01; C00; D01,16,Điểm thi THPT,,2024,https://github.com/HTNam1710/ADS_Final/blob/main/Data/diem_chuan_2024_final.csv
DVL,7420201,Công nghệ sinh học,A00; A02; B00; D08,16,Điểm thi THPT,,2024,https://github.com/HTNam1710/ADS_Final/blob/main/Data/diem_chuan_2024_final.csv
DVL,7420205,Công nghệ sinh học y dược,A00; B00; D07; D08,16,Điểm thi THPT,,2024,https://github.com/HTNam1710/ADS_Final/blob/main/Data/diem_chuan_2024_final.csv
DVL,7420207,Công nghệ thẩm mỹ,A00; B00; D07; D08,16,Điểm thi THPT,,2024,https://github.com/HTNam1710/ADS_Final/blob/main/Data/diem_chuan_2024_final.csv
DVL,7460108,Khoa học dữ liệu,A00; A01; C01; D01,16,Điểm thi THPT,,2024,https://github.com/HTNam1710/ADS_Final/blob/main/Data/diem_chuan_2024_final.csv
DVL,7480102,Mạng máy tính và truyền thông dữ liệu,A00; A01; D01; D07,16,Điểm thi THPT,,2024,https://github.com/HTNam1710/ADS_Final/blob/main/Data/diem_chuan_2024_final.csv
DVL,7480103,Kỹ thuật phần mềm,A00; A01; D01; D10,16,Điểm thi THPT,,2024,https://github.com/HTNam1710/ADS_Final/blob/main/Data/diem_chuan_2024_final.csv
DVL,7480104,Hệ thống thông tin,A00; A01; D07; D10,16,Điểm thi THPT,,2024,https://github.com/HTNam1710/ADS_Final/blob/main/Data/diem_chuan_2024_final.csv
DVL,7480201,Công nghệ thông tin,A00; A01; D01; D10,16,Điểm thi THPT,,2024,https://github.com/HTNam1710/ADS_Final/blob/main/Data/diem_chuan_2024_final.csv
DVL,7510205,Công nghệ kỹ thuật ô tô,A00; A01; C01; D01,16,Điểm thi THPT,,2024,https://github.com/HTNam1710/ADS_Final/blob/main/Data/diem_chuan_2024_final.csv
DVL,7510301,"Công nghệ kỹ thuật điện, điện tử",A00; A01; C01; D01,16,Điểm thi THPT,,2024,https://github.com/HTNam1710/ADS_Final/blob/main/Data/diem_chuan_2024_final.csv
DVL,7510406,Công nghệ kỹ thuật môi trường,A00; B00; D07; D08,16,Điểm thi THPT,,2024,https://github.com/HTNam1710/ADS_Final/blob/main/Data/diem_chuan_2024_final.csv
DVL,7510605,Logistics và quản lý chuỗi cung ứng,A00; A01; C01; D01,16,Điểm thi THPT,,2024,https://github.com/HTNam1710/ADS_Final/blob/main/Data/diem_chuan_2024_final.csv
DVL,7520114,Kỹ thuật cơ điện tử,A00; A01; C01; D01,16,Điểm thi THPT,,2024,https://github.com/HTNam1710/ADS_Final/blob/main/Data/diem_chuan_2024_final.csv
DVL,7520115,Kỹ thuật nhiệt,A00; A01; D07,16,Điểm thi THPT,,2024,https://github.com/HTNam1710/ADS_Final/blob/main/Data/diem_chuan_2024_final.csv
DVL,7520120,Kỹ thuật hàng không,A00; A01; C01; D01,16,Điểm thi THPT,,2024,https://github.com/HTNam1710/ADS_Final/blob/main/Data/diem_chuan_2024_final.csv
DVL,7540101,Công nghệ thực phẩm,A00; B00; C08; D08,16,Điểm thi THPT,,2024,https://github.com/HTNam1710/ADS_Final/blob/main/Data/diem_chuan_2024_final.csv
DVL,7580101,Kiến trúc,V00; V01; H02,16,Điểm thi THPT,,2024,https://github.com/HTNam1710/ADS_Final/blob/main/Data/diem_chuan_2024_final.csv
DVL,7580108,Thiết kế nội thất,H03; H04; H05; H06,16,Điểm thi THPT,,2024,https://github.com/HTNam1710/ADS_Final/blob/main/Data/diem_chuan_2024_final.csv
DVL,7580201,Kỹ thuật xây dựng,A00; A01; D01; D07,16,Điểm thi THPT,,2024,https://github.com/HTNam1710/ADS_Final/blob/main/Data/diem_chuan_2024_final.csv
DVL,7580302,Quản lý xây dựng,A00; A01; D01; D07,16,Điểm thi THPT,,2024,https://github.com/HTNam1710/ADS_Final/blob/main/Data/diem_chuan_2024_final.csv
DVL,7620118,Nông nghiệp công nghệ cao,A00; B00; D07; D08,16,Điểm thi THPT,,2024,https://github.com/HTNam1710/ADS_Final/blob/main/Data/diem_chuan_2024_final.csv
DVL,7720101,Y khoa,A00; B00; D08; D12,22.5,Điểm thi THPT,,2024,https://github.com/HTNam1710/ADS_Final/blob/main/Data/diem_chuan_2024_final.csv
DVL,7720201,Dược học,A00; B00; D07,21,Điểm thi THPT,,2024,https://github.com/HTNam1710/ADS_Final/blob/main/Data/diem_chuan_2024_final.csv
DVL,7720301,Điều dưỡng,B00; C08; D07; D08,19,Điểm thi THPT,,2024,https://github.com/HTNam1710/ADS_Final/blob/main/Data/diem_chuan_2024_final.csv
DVL,7720501,Răng - Hàm - Mặt,A00; B00; D07; D08,22.5,Điểm thi THPT,,2024,https://github.com/HTNam1710/ADS_Final/blob/main/Data/diem_chuan_2024_final.csv
DVL,7720601,Kỹ thuật xét nghiệm y học,A00; B00; D07; D08,19,Điểm thi THPT,,2024,https://github.com/HTNam1710/ADS_Final/blob/main/Data/diem_chuan_2024_final.csv
DVL,7810101,Du lịch,A00; A01; C00; D01,16,Điểm thi THPT,,2024,https://github.com/HTNam1710/ADS_Final/blob/main/Data/diem_chuan_2024_final.csv
DVL,7810103,Quản trị dịch vụ du lịch & lữ hành,A00; A01; D01; D03,16,Điểm thi THPT,,2024,https://github.com/HTNam1710/ADS_Final/blob/main/Data/diem_chuan_2024_final.csv
DVL,7810201,Quản trị khách sạn,A00; A01; D01; D03,16,Điểm thi THPT,,2024,https://github.com/HTNam1710/ADS_Final/blob/main/Data/diem_chuan_2024_final.csv
DVL,7810202,Quản trị nhà hàng và dịch vụ ăn uống,A00; A01; D01; D03,16,Điểm thi THPT,,2024,https://github.com/HTNam1710/ADS_Final/blob/main/Data/diem_chuan_2024_final.csv
DPC,7340101,Quản trị bệnh viện,A00; A01; D01,16,Điểm thi THPT,,2024,https://github.com/HTNam1710/ADS_Final/blob/main/Data/diem_chuan_2024_final.csv
DPC,7720101,Y khoa (Bác sĩ đa khoa),A00; B00; D08,22.5,Điểm thi THPT,,2024,https://github.com/HTNam1710/ADS_Final/blob/main/Data/diem_chuan_2024_final.csv
DPC,7720301A,Điều dưỡng đa khoa,A00; B00; D08,19,Điểm thi THPT,,2024,https://github.com/HTNam1710/ADS_Final/blob/main/Data/diem_chuan_2024_final.csv
DPC,7720301B,Điều dưỡng nha khoa,A00; B00; D08,19,Điểm thi THPT,,2024,https://github.com/HTNam1710/ADS_Final/blob/main/Data/diem_chuan_2024_final.csv
DPC,7720501,Răng - Hàm - Mặt,A00; B00; D08,22.5,Điểm thi THPT,,2024,https://github.com/HTNam1710/ADS_Final/blob/main/Data/diem_chuan_2024_final.csv
DPC,7720601,Kỹ thuật xét nghiệm y học,A00; B00; D08,19,Điểm thi THPT,,2024,https://github.com/HTNam1710/ADS_Final/blob/main/Data/diem_chuan_2024_final.csv
UKB,7220201,Ngôn ngữ Anh,D01; A01; D14; D10,15,Điểm thi THPT,,2024,https://github.com/HTNam1710/ADS_Final/blob/main/Data/diem_chuan_2024_final.csv
UKB,7340101,Quản trị kinh doanh,A00; A01; C04; D01,15,Điểm thi THPT,,2024,https://github.com/HTNam1710/ADS_Final/blob/main/Data/diem_chuan_2024_final.csv
UKB,7340301,Kế toán,A00; A01; C04; D01,15,Điểm thi THPT,,2024,https://github.com/HTNam1710/ADS_Final/blob/main/Data/diem_chuan_2024_final.csv
UKB,7380101,Luật,A00; A01; D01; C00,15,Điểm thi THPT,,2024,https://github.com/HTNam1710/ADS_Final/blob/main/Data/diem_chuan_2024_final.csv
UKB,7380107,Luật kinh tế,A00; A01; D01; C00,15,Điểm thi THPT,,2024,https://github.com/HTNam1710/ADS_Final/blob/main/Data/diem_chuan_2024_final.csv
UKB,7480201,Công nghệ thông tin,A00; A01; C04; D01,15,Điểm thi THPT,,2024,https://github.com/HTNam1710/ADS_Final/blob/main/Data/diem_chuan_2024_final.csv
UKB,7720101,Y khoa,A00; A01; B00; D90,22.5,Điểm thi THPT,,2024,https://github.com/HTNam1710/ADS_Final/blob/main/Data/diem_chuan_2024_final.csv
UKB,7720115,Y học cổ truyền,A00; A01; B00; D90,21,Điểm thi THPT,,2024,https://github.com/HTNam1710/ADS_Final/blob/main/Data/diem_chuan_2024_final.csv
UKB,7720201,Dược học,A00; A01; B00; D90,21,Điểm thi THPT,,2024,https://github.com/HTNam1710/ADS_Final/blob/main/Data/diem_chuan_2024_final.csv
UKB,7810103,Quản trị dịch vụ du lịch và lữ hành,A00; A01; D01; C00,15,Điểm thi THPT,,2024,https://github.com/HTNam1710/ADS_Final/blob/main/Data/diem_chuan_2024_final.csv
ETU,7210403,Thiết kế đồ họa,H00; H01; V00; V01,17,Điểm thi THPT,,2024,https://github.com/HTNam1710/ADS_Final/blob/main/Data/diem_chuan_2024_final.csv
ETU,7210404,Thiết kế thời trang,H00; H01; V00; V01,17,Điểm thi THPT,,2024,https://github.com/HTNam1710/ADS_Final/blob/main/Data/diem_chuan_2024_final.csv
ETU,7220201,Ngôn ngữ Anh,D01; D14; D15; D78,17,Điểm thi THPT,,2024,https://github.com/HTNam1710/ADS_Final/blob/main/Data/diem_chuan_2024_final.csv
ETU,7220204,Ngôn ngữ Trung Quốc,D01; D04; A01; C00,17,Điểm thi THPT,,2024,https://github.com/HTNam1710/ADS_Final/blob/main/Data/diem_chuan_2024_final.csv
ETU,7320104,Truyền thông đa phương tiện,A00; A01; C00; D01,17,Điểm thi THPT,,2024,https://github.com/HTNam1710/ADS_Final/blob/main/Data/diem_chuan_2024_final.csv
ETU,7320108,Quan hệ công chúng,C00; D01; D15; D78,17,Điểm thi THPT,,2024,https://github.com/HTNam1710/ADS_Final/blob/main/Data/diem_chuan_2024_final.csv
ETU,7329001,Công nghệ đa phương tiện,A00; A01; C01; D01,17.5,Điểm thi THPT,,2024,https://github.com/HTNam1710/ADS_Final/blob/main/Data/diem_chuan_2024_final.csv
ETU,7340101,Quản trị kinh doanh,A00; A01; D01; D96,17,Điểm thi THPT,,2024,https://github.com/HTNam1710/ADS_Final/blob/main/Data/diem_chuan_2024_final.csv
ETU,7340122,Thương mại điện tử,A00; A01; D01; D96,17,Điểm thi THPT,,2024,https://github.com/HTNam1710/ADS_Final/blob/main/Data/diem_chuan_2024_final.csv
ETU,7340201,Tài chính ngân hàng,A00; A01; D01; D96,17,Điểm thi THPT,,2024,https://github.com/HTNam1710/ADS_Final/blob/main/Data/diem_chuan_2024_final.csv
ETU,7340301,Kế toán,A00; A01; D01; D96,17,Điểm thi THPT,,2024,https://github.com/HTNam1710/ADS_Final/blob/main/Data/diem_chuan_2024_final.csv
ETU,7380107,Luật kinh tế,A00; C00; D01; D78,17,Điểm thi THPT,,2024,https://github.com/HTNam1710/ADS_Final/blob/main/Data/diem_chuan_2024_final.csv
ETU,7480201,Công nghệ thông tin,A00; A01; C01; D01,17,Điểm thi THPT,,2024,https://github.com/HTNam1710/ADS_Final/blob/main/Data/diem_chuan_2024_final.csv
ETU,7510605,Logistics và quản lý chuỗi cung ứng,A00; A01; D01; D96,17,Điểm thi THPT,,2024,https://github.com/HTNam1710/ADS_Final/blob/main/Data/diem_chuan_2024_final.csv
ETU,7520130,Kỹ thuật ô tô,A00; A01; C01; D01,17,Điểm thi THPT,,2024,https://github.com/HTNam1710/ADS_Final/blob/main/Data/diem_chuan_2024_final.csv
ETU,7520207,Kỹ thuật điện tử viễn thông,A00; A01; C00; D01,17,Điểm thi THPT,,2024,https://github.com/HTNam1710/ADS_Final/blob/main/Data/diem_chuan_2024_final.csv
ETU,7580108,Thiết kế nội thất,H00; H01; V00; V01,17,Điểm thi THPT,,2024,https://github.com/HTNam1710/ADS_Final/blob/main/Data/diem_chuan_2024_final.csv
ETU,7720101,Y khoa,A00; B00; D07; D08,22.5,Điểm thi THPT,,2024,https://github.com/HTNam1710/ADS_Final/blob/main/Data/diem_chuan_2024_final.csv
ETU,7720115,Y học cổ truyền,A00; B00; D07; D08,21,Điểm thi THPT,,2024,https://github.com/HTNam1710/ADS_Final/blob/main/Data/diem_chuan_2024_final.csv
ETU,7720201,Dược học,A00; B00; D07; D08,21,Điểm thi THPT,,2024,https://github.com/HTNam1710/ADS_Final/blob/main/Data/diem_chuan_2024_final.csv
ETU,7720301,Điều dưỡng,A00; B00; D07; D08,19,Điểm thi THPT,,2024,https://github.com/HTNam1710/ADS_Final/blob/main/Data/diem_chuan_2024_final.csv
ETU,7760101,Công tác xã hội,C00; D01; D78; D96,17,Điểm thi THPT,,2024,https://github.com/HTNam1710/ADS_Final/blob/main/Data/diem_chuan_2024_final.csv
ETU,7810103,Quản trị dịch vụ du lịch và lữ hành,C00; D01; D72; D96,17,Điểm thi THPT,,2024,https://github.com/HTNam1710/ADS_Final/blob/main/Data/diem_chuan_2024_final.csv
ETU,7810201,Quản trị khách sạn,C00; D01; D72; D96,17,Điểm thi THPT,,2024,https://github.com/HTNam1710/ADS_Final/blob/main/Data/diem_chuan_2024_final.csv
DDN,7210403,Thiết kế đồ hoạ,A00; A01; C01; C03,16,Điểm thi THPT,,2024,https://github.com/HTNam1710/ADS_Final/blob/main/Data/diem_chuan_2024_final.csv
DDN,7220201,Ngôn ngữ Anh,D01; D09; D11; D14,17,Điểm thi THPT,,2024,https://github.com/HTNam1710/ADS_Final/blob/main/Data/diem_chuan_2024_final.csv
DDN,7220204,Ngôn ngữ Trung Quốc,C00; D01; D09; D66,19,Điểm thi THPT,,2024,https://github.com/HTNam1710/ADS_Final/blob/main/Data/diem_chuan_2024_final.csv
DDN,7220209,Ngôn ngữ Nhật,A01; C00; D01; D15,17,Điểm thi THPT,,2024,https://github.com/HTNam1710/ADS_Final/blob/main/Data/diem_chuan_2024_final.csv
DDN,7220210,Ngôn ngữ Hàn Quốc,C00; D01; D09; D66,18,Điểm thi THPT,,2024,https://github.com/HTNam1710/ADS_Final/blob/main/Data/diem_chuan_2024_final.csv
DDN,7310101,Kinh tế,A00; A01; D01; D07,16,Điểm thi THPT,,2024,https://github.com/HTNam1710/ADS_Final/blob/main/Data/diem_chuan_2024_final.csv
DDN,7310109,Kinh tế số,A00; A01; C01; D01,16,Điểm thi THPT,,2024,https://github.com/HTNam1710/ADS_Final/blob/main/Data/diem_chuan_2024_final.csv
DDN,7310401,Tâm lý học,A00; A01; C00; D01,16,Điểm thi THPT,,2024,https://github.com/HTNam1710/ADS_Final/blob/main/Data/diem_chuan_2024_final.csv
DDN,7320104,Truyền thông đa phương tiện,A00; A01; C14; D01,18,Điểm thi THPT,,2024,https://github.com/HTNam1710/ADS_Final/blob/main/Data/diem_chuan_2024_final.csv
DDN,7320108,Quan hệ công chúng,C00; C19; D01; D15,17,Điểm thi THPT,,2024,https://github.com/HTNam1710/ADS_Final/blob/main/Data/diem_chuan_2024_final.csv
DDN,7340101,Quản trị kinh doanh,A00; C03; D01; D10,16,Điểm thi THPT,,2024,https://github.com/HTNam1710/ADS_Final/blob/main/Data/diem_chuan_2024_final.csv
DDN,7340101LKĐTNN-01,Quản trị kinh doanh (Liên kết với Đại học Walsh - Mỹ),A00; C03; D01; D10,16,Điểm thi THPT,Chương trình liên kết Quốc tế,2024,https://github.com/HTNam1710/ADS_Final/blob/main/Data/diem_chuan_2024_final.csv
DDN,7340101LKĐTNN-02,Quản trị kinh doanh (Liên kết với Đài Loan),A00; C03; D01; D10,16,Điểm thi THPT,Chương trình liên kết Quốc tế,2024,https://github.com/HTNam1710/ADS_Final/blob/main/Data/diem_chuan_2024_final.csv
DDN,7340101QT,Quản trị kinh doanh (Đào tạo bằng TA),A00; C03; D01; D10,16,Điểm thi THPT,,2024,https://github.com/HTNam1710/ADS_Final/blob/main/Data/diem_chuan_2024_final.csv
DDN,7340115,Marketing,A00; C03; D01; D10,16,Điểm thi THPT,,2024,https://github.com/HTNam1710/ADS_Final/blob/main/Data/diem_chuan_2024_final.csv
DDN,7340120,Kinh doanh quốc tế,A00; C03; D01; D10,17,Điểm thi THPT,,2024,https://github.com/HTNam1710/ADS_Final/blob/main/Data/diem_chuan_2024_final.csv
DDN,7340122,Thương mại điện tử,A00; A01; C01; D01,16,Điểm thi THPT,,2024,https://github.com/HTNam1710/ADS_Final/blob/main/Data/diem_chuan_2024_final.csv
DDN,7340201,Tài chính - Ngân hàng,A00; C01; C14; D01,17,Điểm thi THPT,,2024,https://github.com/HTNam1710/ADS_Final/blob/main/Data/diem_chuan_2024_final.csv
DDN,7340205,Công nghệ tài chính (Eintech),A00; A01; D01; D07,16,Điểm thi THPT,,2024,https://github.com/HTNam1710/ADS_Final/blob/main/Data/diem_chuan_2024_final.csv
DDN,7340301,Kế toán,A00; A01; C14; D01,17,Điểm thi THPT,,2024,https://github.com/HTNam1710/ADS_Final/blob/main/Data/diem_chuan_2024_final.csv
DDN,7340404,Quản trị nhân lực,A00; A01; D01; D07,16,Điểm thi THPT,,2024,https://github.com/HTNam1710/ADS_Final/blob/main/Data/diem_chuan_2024_final.csv
DDN,7380101,Luật,A00; A01; C00; D01,16,Điểm thi THPT,,2024,https://github.com/HTNam1710/ADS_Final/blob/main/Data/diem_chuan_2024_final.csv
DDN,7380107,Luật kinh tế,A08; A09; C00; C19,18,Điểm thi THPT,,2024,https://github.com/HTNam1710/ADS_Final/blob/main/Data/diem_chuan_2024_final.csv
DDN,7420201,Công nghệ sinh học,A00; B00; B08; D07,16,Điểm thi THPT,,2024,https://github.com/HTNam1710/ADS_Final/blob/main/Data/diem_chuan_2024_final.csv
DDN,7480101,Khoa học máy tính,A00; A01; A10; D84,16,Điểm thi THPT,,2024,https://github.com/HTNam1710/ADS_Final/blob/main/Data/diem_chuan_2024_final.csv
DDN,7480104,Hệ thống thông tin,A00; A01; D01; D07,16,Điểm thi THPT,,2024,https://github.com/HTNam1710/ADS_Final/blob/main/Data/diem_chuan_2024_final.csv
DDN,7480201,Công nghệ thông tin,A00; A01; A10; D84,16,Điểm thi THPT,,2024,https://github.com/HTNam1710/ADS_Final/blob/main/Data/diem_chuan_2024_final.csv
DDN,7480201LKĐTNN,Công nghệ thông tin (Liên kết với Đài Loan),A00; A01; A10; D84,16,Điểm thi THPT,Chương trình liên kết Quốc tế,2024,https://github.com/HTNam1710/ADS_Final/blob/main/Data/diem_chuan_2024_final.csv
DDN,7510205,Công nghệ kỹ thuật ô tô,A00; A01; A10; D01,17,Điểm thi THPT,,2024,https://github.com/HTNam1710/ADS_Final/blob/main/Data/diem_chuan_2024_final.csv
DDN,7510301,"Công nghệ kỹ thuật điện, điện tử",A00; A01; A10; D01,16,Điểm thi THPT,,2024,https://github.com/HTNam1710/ADS_Final/blob/main/Data/diem_chuan_2024_final.csv
DDN,7510303,Công nghệ kỹ thuật điều khiển và tự động hóa (chuyên ngành công nghệ bán dẫn),A00; A01; D01; D07,16,Điểm thi THPT,,2024,https://github.com/HTNam1710/ADS_Final/blob/main/Data/diem_chuan_2024_final.csv
DDN,7510303LKĐTNN,Công nghệ kỹ thuật điều khiển và tự động hóa (chuyên ngành công nghệ bán dẫn) (Liên kết với Đài Loan),A00; A01; D01; D07,16,Điểm thi THPT,Chương trình liên kết Quốc tế,2024,https://github.com/HTNam1710/ADS_Final/blob/main/Data/diem_chuan_2024_final.csv
DDN,7510605,Logistics và quản lý chuỗi cung ứng,A00; C03; D01; D10,17,Điểm thi THPT,,2024,https://github.com/HTNam1710/ADS_Final/blob/main/Data/diem_chuan_2024_final.csv
DDN,7510605LKĐTNN,Logistics và Quản lý chuỗi cung ứng (Liên kết với Đài Loan),A00; C03; D01; D10,17,Điểm thi THPT,Chương trình liên kết Quốc tế,2024,https://github.com/HTNam1710/ADS_Final/blob/main/Data/diem_chuan_2024_final.csv
DDN,7580101,Kiến trúc,A00; A01; C01; V00,16,Điểm thi THPT,,2024,https://github.com/HTNam1710/ADS_Final/blob/main/Data/diem_chuan_2024_final.csv
DDN,7580201,Kỹ thuật xây dựng,A00; A01; A10; A11,16,Điểm thi THPT,,2024,https://github.com/HTNam1710/ADS_Final/blob/main/Data/diem_chuan_2024_final.csv
DDN,7580301,Kinh tế xây dựng,A00; A01; A10; A11,16,Điểm thi THPT,,2024,https://github.com/HTNam1710/ADS_Final/blob/main/Data/diem_chuan_2024_final.csv
DDN,7720101,Y khoa,A00; A01; B00; B08,22.5,Điểm thi THPT,,2024,https://github.com/HTNam1710/ADS_Final/blob/main/Data/diem_chuan_2024_final.csv
DDN,7720201,Dược học,A00; A11; B00; D07,21,Điểm thi THPT,,2024,https://github.com/HTNam1710/ADS_Final/blob/main/Data/diem_chuan_2024_final.csv
DDN,7720301,Điều dưỡng,B00; C14; D07; D66,19,Điểm thi THPT,,2024,https://github.com/HTNam1710/ADS_Final/blob/main/Data/diem_chuan_2024_final.csv
DDN,7810103,Quản trị dịch vụ du lịch và lữ hành,A07; A08; C00; D01,18,Điểm thi THPT,,2024,https://github.com/HTNam1710/ADS_Final/blob/main/Data/diem_chuan_2024_final.csv
DDN,7810103LKĐTNN,Quản trị dịch vụ du lịch và lữ hành (Liên kết với Đài Loan),A07; A08; C00; D01,18,Điểm thi THPT,Chương trình liên kết Quốc tế,2024,https://github.com/HTNam1710/ADS_Final/blob/main/Data/diem_chuan_2024_final.csv
VTT,7310205,Quản lý Nhà nước,A01; C00; D01; C20,15,Điểm thi THPT,,2024,https://github.com/HTNam1710/ADS_Final/blob/main/Data/diem_chuan_2024_final.csv
VTT,7340101,Quản trị kinh doanh,A00; A01; D01; D07,15,Điểm thi THPT,,2024,https://github.com/HTNam1710/ADS_Final/blob/main/Data/diem_chuan_2024_final.csv
VTT,7340120,Kinh doanh quốc tế,A00; A01; D01; D07,15,Điểm thi THPT,,2024,https://github.com/HTNam1710/ADS_Final/blob/main/Data/diem_chuan_2024_final.csv
VTT,7340122,Thương mại điện tử,A00; A01; D01; D07,15,Điểm thi THPT,,2024,https://github.com/HTNam1710/ADS_Final/blob/main/Data/diem_chuan_2024_final.csv
VTT,7340201,Tài chính – Ngân hàng,A00; A01; D01; D07,15,Điểm thi THPT,,2024,https://github.com/HTNam1710/ADS_Final/blob/main/Data/diem_chuan_2024_final.csv
VTT,7340301,Kế toán,A00; A01; D01; D07,15,Điểm thi THPT,,2024,https://github.com/HTNam1710/ADS_Final/blob/main/Data/diem_chuan_2024_final.csv
VTT,7380101,Luật,A00; A01; D01; C03,15,Điểm thi THPT,,2024,https://github.com/HTNam1710/ADS_Final/blob/main/Data/diem_chuan_2024_final.csv
VTT,7480201,Công nghệ thông tin,A00; A01; D01; D07,15,Điểm thi THPT,,2024,https://github.com/HTNam1710/ADS_Final/blob/main/Data/diem_chuan_2024_final.csv
VTT,7720101,Y khoa,B00; A02; B03; D08,22.5,Điểm thi THPT,,2024,https://github.com/HTNam1710/ADS_Final/blob/main/Data/diem_chuan_2024_final.csv
VTT,7720201,Dược học,B00; A00; C02; D07,21,Điểm thi THPT,,2024,https://github.com/HTNam1710/ADS_Final/blob/main/Data/diem_chuan_2024_final.csv
VTT,7720501,Răng – Hàm – Mặt,B00; A02; B03; D08,22.5,Điểm thi THPT,,2024,https://github.com/HTNam1710/ADS_Final/blob/main/Data/diem_chuan_2024_final.csv
DAD,7210404,Thiết kế thời trang,A00; A01; V00; V01,15,Điểm thi THPT,,2024,https://github.com/HTNam1710/ADS_Final/blob/main/Data/diem_chuan_2024_final.csv
DAD,7220201,Ngôn ngữ Anh,A01; D01; D78; D90,15,Điểm thi THPT,,2024,https://github.com/HTNam1710/ADS_Final/blob/main/Data/diem_chuan_2024_final.csv
DAD,7220201DL,Ngôn ngữ Anh,A01; D01; D78; D90,15,Điểm thi THPT,Phân hiệu tại Đắk Lắk,2024,https://github.com/HTNam1710/ADS_Final/blob/main/Data/diem_chuan_2024_final.csv
DAD,7220204,Ngôn ngữ Trung Quốc,A01; D01; D04; D78,15,Điểm thi THPT,,2024,https://github.com/HTNam1710/ADS_Final/blob/main/Data/diem_chuan_2024_final.csv
DAD,7220204DL,Ngôn ngữ Trung Quốc,A01; D01; D04; D78,15,Điểm thi THPT,Phân hiệu tại Đắk Lắk,2024,https://github.com/HTNam1710/ADS_Final/blob/main/Data/diem_chuan_2024_final.csv
DAD,7220209,Ngôn ngữ Nhật Bản,A01; D01; D06; D78,15,Điểm thi THPT,,2024,https://github.com/HTNam1710/ADS_Final/blob/main/Data/diem_chuan_2024_final.csv
DAD,7220210,Ngôn ngữ Hàn Quốc,A01; D01; D78; DD2,15,Điểm thi THPT,,2024,https://github.com/HTNam1710/ADS_Final/blob/main/Data/diem_chuan_2024_final.csv
DAD,7229042,Quản lý văn hóa,A00; C00; D01; D78,15,Điểm thi THPT,,2024,https://github.com/HTNam1710/ADS_Final/blob/main/Data/diem_chuan_2024_final.csv
DAD,7310206,Quan hệ quốc tế,A00; C00; D01; D78,15,Điểm thi THPT,,2024,https://github.com/HTNam1710/ADS_Final/blob/main/Data/diem_chuan_2024_final.csv
DAD,7310206DL,Quan hệ quốc tế,A00; C00; D01; D78,15,Điểm thi THPT,Phân hiệu tại Đắk Lắk,2024,https://github.com/HTNam1710/ADS_Final/blob/main/Data/diem_chuan_2024_final.csv
DAD,7310401,Tâm lý học,A00; C00; D01; D78,15,Điểm thi THPT,,2024,https://github.com/HTNam1710/ADS_Final/blob/main/Data/diem_chuan_2024_final.csv
DAD,7320104,Truyền thông đa phương tiện,A00; A01; D01; D78,15,Điểm thi THPT,,2024,https://github.com/HTNam1710/ADS_Final/blob/main/Data/diem_chuan_2024_final.csv
DAD,7320104DL,Truyền thông đa phương tiện,A01; D01; D04; D78,15,Điểm thi THPT,Phân hiệu tại Đắk Lắk,2024,https://github.com/HTNam1710/ADS_Final/blob/main/Data/diem_chuan_2024_final.csv
DAD,7340101,Quản trị kinh doanh,A00; A01; D01; D78,15,Điểm thi THPT,,2024,https://github.com/HTNam1710/ADS_Final/blob/main/Data/diem_chuan_2024_final.csv
DAD,7340101DL,Quản trị kinh doanh,A01; D01; D04; D78,15,Điểm thi THPT,Phân hiệu tại Đắk Lắk,2024,https://github.com/HTNam1710/ADS_Final/blob/main/Data/diem_chuan_2024_final.csv
DAD,7340115,Marketing,A00; A01; D01; D78,15,Điểm thi THPT,,2024,https://github.com/HTNam1710/ADS_Final/blob/main/Data/diem_chuan_2024_final.csv
DAD,7340115DL,Marketing,A01; D01; D04; D78,15,Điểm thi THPT,Phân hiệu tại Đắk Lắk,2024,https://github.com/HTNam1710/ADS_Final/blob/main/Data/diem_chuan_2024_final.csv
DAD,7340120,Kinh doanh quốc tế,A00; A01; D01; D78,15,Điểm thi THPT,,2024,https://github.com/HTNam1710/ADS_Final/blob/main/Data/diem_chuan_2024_final.csv
DAD,7340122,Thương mại điện tử,A00; A01; D01; D78,15,Điểm thi THPT,,2024,https://github.com/HTNam1710/ADS_Final/blob/main/Data/diem_chuan_2024_final.csv
DAD,7340122DL,Thương mại điện tử,A01; D01; D04; D78,15,Điểm thi THPT,Phân hiệu tại Đắk Lắk,2024,https://github.com/HTNam1710/ADS_Final/blob/main/Data/diem_chuan_2024_final.csv
DAD,7340201,Tài chính - ngân hàng,A00; A01; D01; D78,15,Điểm thi THPT,,2024,https://github.com/HTNam1710/ADS_Final/blob/main/Data/diem_chuan_2024_final.csv
DAD,7340201DL,Tài chính ngân hàng,A01; D01; D04; D78,15,Điểm thi THPT,Phân hiệu tại Đắk Lắk,2024,https://github.com/HTNam1710/ADS_Final/blob/main/Data/diem_chuan_2024_final.csv
DAD,7340301,Kế toán,A00; A01; D01; D78,15,Điểm thi THPT,,2024,https://github.com/HTNam1710/ADS_Final/blob/main/Data/diem_chuan_2024_final.csv
DAD,7340301DL,Kế toán,A01; D01; D04; D78,15,Điểm thi THPT,Phân hiệu tại Đắk Lắk,2024,https://github.com/HTNam1710/ADS_Final/blob/main/Data/diem_chuan_2024_final.csv
DAD,7340404,Quản trị nhân lực,A00; C00; D01; D78,15,Điểm thi THPT,,2024,https://github.com/HTNam1710/ADS_Final/blob/main/Data/diem_chuan_2024_final.csv
DAD,7340406,Quản trị văn phòng,A00; C00; D01; D78,15,Điểm thi THPT,,2024,https://github.com/HTNam1710/ADS_Final/blob/main/Data/diem_chuan_2024_final.csv
DAD,7380101,Luật,A00; C00; D01; D78,15,Điểm thi THPT,,2024,https://github.com/HTNam1710/ADS_Final/blob/main/Data/diem_chuan_2024_final.csv
DAD,7380107,Luật kinh tế,A00; C00; D01; D78,15,Điểm thi THPT,,2024,https://github.com/HTNam1710/ADS_Final/blob/main/Data/diem_chuan_2024_final.csv
DAD,7480106,Kỹ thuật máy tính,A00; A01; D01; D90,15,Điểm thi THPT,,2024,https://github.com/HTNam1710/ADS_Final/blob/main/Data/diem_chuan_2024_final.csv
DAD,7480107,Trí tuệ nhân tạo,A00; A01; D01; D90,15,Điểm thi THPT,,2024,https://github.com/HTNam1710/ADS_Final/blob/main/Data/diem_chuan_2024_final.csv
DAD,7480107DL,Trí tuệ nhân tạo,A00; A01; D01; D90,15,Điểm thi THPT,Phân hiệu tại Đắk Lắk,2024,https://github.com/HTNam1710/ADS_Final/blob/main/Data/diem_chuan_2024_final.csv
DAD,7480201,Công nghệ thông tin (CN thiết kế vi mạch bán dẫn),A00; A01; D01; D90,15,Điểm thi THPT,,2024,https://github.com/HTNam1710/ADS_Final/blob/main/Data/diem_chuan_2024_final.csv
DAD,7480201DL,Công nghệ thông tin,A00; A01; D01; D90,15,Điểm thi THPT,Phân hiệu tại Đắk Lắk,2024,https://github.com/HTNam1710/ADS_Final/blob/main/Data/diem_chuan_2024_final.csv
DAD,7510103,Công nghệ kỹ thuật Xây dựng,A00; A01; D01; D90,15,Điểm thi THPT,,2024,https://github.com/HTNam1710/ADS_Final/blob/main/Data/diem_chuan_2024_final.csv
DAD,7510103DL,Công nghệ kỹ thuật Xây dựng,A00; A01; D01; D90,15,Điểm thi THPT,Phân hiệu tại Đắk Lắk,2024,https://github.com/HTNam1710/ADS_Final/blob/main/Data/diem_chuan_2024_final.csv
DAD,7510205,Công nghệ kỹ thuật Ô tô,A00; A01; D01; D90,15,Điểm thi THPT,,2024,https://github.com/HTNam1710/ADS_Final/blob/main/Data/diem_chuan_2024_final.csv
DAD,7510205DL,Công nghệ kỹ thuật Ô tô,A00; A01; D01; D90,15,Điểm thi THPT,Phân hiệu tại Đắk Lắk,2024,https://github.com/HTNam1710/ADS_Final/blob/main/Data/diem_chuan_2024_final.csv
DAD,7510301,Công nghệ kỹ thuật Điện - Điện tử,A00; A01; D01; D90,15,Điểm thi THPT,,2024,https://github.com/HTNam1710/ADS_Final/blob/main/Data/diem_chuan_2024_final.csv
DAD,7510301DL,Công nghệ kỹ thuật Điện - Điện tử,A00; A01; D01; D90,15,Điểm thi THPT,Phân hiệu tại Đắk Lắk,2024,https://github.com/HTNam1710/ADS_Final/blob/main/Data/diem_chuan_2024_final.csv
DAD,7510303,Công nghệ kỹ thuật điều khiển và tự động hóa,A00; A01; D01; D90,15,Điểm thi THPT,,2024,https://github.com/HTNam1710/ADS_Final/blob/main/Data/diem_chuan_2024_final.csv
DAD,7510303DL,Công nghệ kỹ thuật điều khiển và tự động hóa,A00; A01; D01; D90,15,Điểm thi THPT,Phân hiệu tại Đắk Lắk,2024,https://github.com/HTNam1710/ADS_Final/blob/main/Data/diem_chuan_2024_final.csv
DAD,7510605,Logistics và quản lý chuỗi cung ứng,A00; A01; D01; D90,15,Điểm thi THPT,,2024,https://github.com/HTNam1710/ADS_Final/blob/main/Data/diem_chuan_2024_final.csv
DAD,7510605DL,Logistics và quản lý chuỗi cung ứng,A00; A01; D01; D90,15,Điểm thi THPT,Phân hiệu tại Đắk Lắk,2024,https://github.com/HTNam1710/ADS_Final/blob/main/Data/diem_chuan_2024_final.csv
DAD,7540101,Công nghệ thực phẩm,A00; B00; B08; D01,15,Điểm thi THPT,,2024,https://github.com/HTNam1710/ADS_Final/blob/main/Data/diem_chuan_2024_final.csv
DAD,7540101DL,Công nghệ thực phẩm,A00; B00; B08; D01,15,Điểm thi THPT,Phân hiệu tại Đắk Lắk,2024,https://github.com/HTNam1710/ADS_Final/blob/main/Data/diem_chuan_2024_final.csv
DAD,7620101,Nông nghiệp,A00; B00; B08; D01,15,Điểm thi THPT,,2024,https://github.com/HTNam1710/ADS_Final/blob/main/Data/diem_chuan_2024_final.csv
DAD,7620101DL,Nông nghiệp,A00; B00; B08; D01,15,Điểm thi THPT,Phân hiệu tại Đắk Lắk,2024,https://github.com/HTNam1710/ADS_Final/blob/main/Data/diem_chuan_2024_final.csv
DAD,7720101,Y khoa,A00; B00; D08; D90,22.5,Điểm thi THPT,,2024,https://github.com/HTNam1710/ADS_Final/blob/main/Data/diem_chuan_2024_final.csv
DAD,7720201,Dược,A00; B00; D07; D90,21,Điểm thi THPT,,2024,https://github.com/HTNam1710/ADS_Final/blob/main/Data/diem_chuan_2024_final.csv
DAD,7720301,Điều dưỡng,A00; B00; B08; D90,19,Điểm thi THPT,,2024,https://github.com/HTNam1710/ADS_Final/blob/main/Data/diem_chuan_2024_final.csv
DAD,7720301DL,Điều dưỡng,A00; B00; B08; D90,19,Điểm thi THPT,Phân hiệu tại Đắk Lắk,2024,https://github.com/HTNam1710/ADS_Final/blob/main/Data/diem_chuan_2024_final.csv
DAD,7720302,Hộ sinh,A00; B00; B08; D90,19,Điểm thi THPT,,2024,https://github.com/HTNam1710/ADS_Final/blob/main/Data/diem_chuan_2024_final.csv
DAD,7720401,Dinh dưỡng,A00; B00; B08; D90,15,Điểm thi THPT,,2024,https://github.com/HTNam1710/ADS_Final/blob/main/Data/diem_chuan_2024_final.csv
DAD,7720603,Kỹ thuật phục hồi chức năng,A00; B00; B08; D90,19,Điểm thi THPT,,2024,https://github.com/HTNam1710/ADS_Final/blob/main/Data/diem_chuan_2024_final.csv
DAD,7810103,Quản trị DV Du lịch và Lữ hành,C00; D01; D78; D90,15,Điểm thi THPT,,2024,https://github.com/HTNam1710/ADS_Final/blob/main/Data/diem_chuan_2024_final.csv
DAD,7810103DL,Quản trị DV Du lịch và Lữ hành,C00; D01; D78; D90,15,Điểm thi THPT,Phân hiệu tại Đắk Lắk,2024,https://github.com/HTNam1710/ADS_Final/blob/main/Data/diem_chuan_2024_final.csv
DAD,7810201,Quản trị Khách sạn,C00; D01; D78; D90,15,Điểm thi THPT,,2024,https://github.com/HTNam1710/ADS_Final/blob/main/Data/diem_chuan_2024_final.csv
DAD,7810201DL,Quản trị khách sạn,C00; D01; D78; D90,15,Điểm thi THPT,Phân hiệu tại Đắk Lắk,2024,https://github.com/HTNam1710/ADS_Final/blob/main/Data/diem_chuan_2024_final.csv
DAD,7810202,Quản trị Nhà hàng và DV Ăn uống,C00; D01; D78; D90,15,Điểm thi THPT,,2024,https://github.com/HTNam1710/ADS_Final/blob/main/Data/diem_chuan_2024_final.csv
SNH,7860228,Ngành Chỉ huy kỹ thuật Công binh,A00; A01,22.45,Điểm thi THPT,TS nam miền Bắc; Tiêu chí phụ 1: Toán >= 7.20; Tiêu chí phụ 2: Lý >= 7.00,2024,https://github.com/HTNam1710/ADS_Final/blob/main/Data/diem_chuan_2024_final.csv
DCH,7860207,Ngành Chỉ huy tham mưu Đặc công,A00; A01,22.2,Điểm thi THPT,TS nam miền Nam,2024,https://github.com/HTNam1710/ADS_Final/blob/main/Data/diem_chuan_2024_final.csv
HCB,7480200,Nhóm ngành Kỹ thuật - Hậu cần,A00; A01; D01,19.92,Điểm thi THPT,"Nam, miền Bắc; Tổng điểm 3 môn thuộc tổ hợp xét tuyển (tỷ lệ 40%) và điểm bài thi đánh giá của BCA (tỷ lệ 60%) làm tròn đến 02 chữ số thập phân từ 19.67 điểm trở lên và điểm thi đánh giá của BCA từ 54.50 điểm trở lên",2024,https://github.com/HTNam1710/ADS_Final/blob/main/Data/diem_chuan_2024_final.csv
HCN,7480200,Nhóm ngành Kỹ thuật - Hậu cần,A00; A01; D01,22.38,Điểm thi THPT,"Nữ, miền Bắc",2024,https://github.com/HTNam1710/ADS_Final/blob/main/Data/diem_chuan_2024_final.csv
PBH,7860205,Ngành Chỉ huy tham mưu Pháo binh,A00; A01,21.7,Điểm thi THPT,TS nam miền Bắc,2024,https://github.com/HTNam1710/ADS_Final/blob/main/Data/diem_chuan_2024_final.csv
KSV,7220201,Tiếng Anh thương mại,D01; D96,17,Điểm thi THPT,,2024,https://github.com/HTNam1710/ADS_Final/blob/main/Data/diem_chuan_2024_final.csv
KSV,7340101,Quản trị,A00; A01; D01; D07,18,Điểm thi THPT,,2024,https://github.com/HTNam1710/ADS_Final/blob/main/Data/diem_chuan_2024_final.csv
KSV,7340115,Marketing,A00; A01; D01; D07,22,Điểm thi THPT,,2024,https://github.com/HTNam1710/ADS_Final/blob/main/Data/diem_chuan_2024_final.csv
KSV,7340120,Kinh doanh quốc tế,A00; A01; D01; D07,18.5,Điểm thi THPT,,2024,https://github.com/HTNam1710/ADS_Final/blob/main/Data/diem_chuan_2024_final.csv
KSV,7340122,Thương mại điện tử,A00; A01; D01; D07,20,Điểm thi THPT,,2024,https://github.com/HTNam1710/ADS_Final/blob/main/Data/diem_chuan_2024_final.csv
KSV,7340201_01,Ngân hàng,A00; A01; D01; D07,18,Điểm thi THPT,,2024,https://github.com/HTNam1710/ADS_Final/blob/main/Data/diem_chuan_2024_final.csv
KSV,7340201_02,Tài chính,A00; A01; D01; D07,18,Điểm thi THPT,,2024,https://github.com/HTNam1710/ADS_Final/blob/main/Data/diem_chuan_2024_final.csv
KSV,7340201_03,Thuế,A00; A01; D01; D07,17,Điểm thi THPT,,2024,https://github.com/HTNam1710/ADS_Final/blob/main/Data/diem_chuan_2024_final.csv
KSV,7340301,Kế toán doanh nghiệp,A00; A01; D01; D07,18,Điểm thi THPT,,2024,https://github.com/HTNam1710/ADS_Final/blob/main/Data/diem_chuan_2024_final.csv
KSV,7380107,Luật kinh tế,A00; A01; D01; D96,20.5,Điểm thi THPT,,2024,https://github.com/HTNam1710/ADS_Final/blob/main/Data/diem_chuan_2024_final.csv
KSV,7480107,Robot và Trí tuệ nhân tạo (hệ kỹ sư),A00; A01; D01; D07,17,Điểm thi THPT,,2024,https://github.com/HTNam1710/ADS_Final/blob/main/Data/diem_chuan_2024_final.csv
KSV,7480201,Công nghệ và đổi mới sáng tạo,A00; A01; D01; D07,17,Điểm thi THPT,,2024,https://github.com/HTNam1710/ADS_Final/blob/main/Data/diem_chuan_2024_final.csv
KSV,7510605,Logistics và Quản lý chuỗi cung ứng,A00; A01; D01; D07,21.5,Điểm thi THPT,,2024,https://github.com/HTNam1710/ADS_Final/blob/main/Data/diem_chuan_2024_final.csv
KSV,7620114,Kinh doanh nông nghiệp,A00; A01; D01; D07,17,Điểm thi THPT,,2024,https://github.com/HTNam1710/ADS_Final/blob/main/Data/diem_chuan_2024_final.csv
KSV,7810201,Quản trị khách sạn,A00; A01; D01; D07,18,Điểm thi THPT,,2024,https://github.com/HTNam1710/ADS_Final/blob/main/Data/diem_chuan_2024_final.csv
QHD,7900101,Quản trị Doanh nghiệp và Công nghệ,D01; A01; D07; D08,22,Điểm thi THPT,,2024,https://github.com/HTNam1710/ADS_Final/blob/main/Data/diem_chuan_2024_final.csv
QHD,7900102,Marketing và Truyền thông,D01; D09; D10; D96,21.2,Điểm thi THPT,,2024,https://github.com/HTNam1710/ADS_Final/blob/main/Data/diem_chuan_2024_final.csv
QHD,7900103,Quản trị Nhân lực và Nhân tài,D01; D09; D10; D96,21,Điểm thi THPT,,2024,https://github.com/HTNam1710/ADS_Final/blob/main/Data/diem_chuan_2024_final.csv
QHD,7900189,Quản trị và An ninh,D01; A01; D07; D08,22,Điểm thi THPT,,2024,https://github.com/HTNam1710/ADS_Final/blob/main/Data/diem_chuan_2024_final.csv
VGU,7340101,Quản trị kinh doanh (BBA),A00; A01; D01; D03; D05; D07,20,Điểm thi THPT,,2024,https://github.com/HTNam1710/ADS_Final/blob/main/Data/diem_chuan_2024_final.csv
VGU,7340202,Tài chính và Kế toán (BFA),A00; A01; D01; D03; D05; D07,20,Điểm thi THPT,,2024,https://github.com/HTNam1710/ADS_Final/blob/main/Data/diem_chuan_2024_final.csv
VGU,7480101,Khoa học máy tính (CSE),A00; A01; D07; D26,22,Điểm thi THPT,,2024,https://github.com/HTNam1710/ADS_Final/blob/main/Data/diem_chuan_2024_final.csv
VGU,7510104,Kỹ thuật Giao thông thông minh (SME),A00; A01; D07; D26,19,Điểm thi THPT,,2024,https://github.com/HTNam1710/ADS_Final/blob/main/Data/diem_chuan_2024_final.csv
VGU,7510206,Kỹ thuật quy trình và môi trường (Kỹ thuật quy trình sản xuất bền vững) (EPE),A00; A01; B00; D07,19,Điểm thi THPT,,2024,https://github.com/HTNam1710/ADS_Final/blob/main/Data/diem_chuan_2024_final.csv
VGU,7520103,Kỹ thuật cơ khí (MEN),A00; A01; D07; D26,20,Điểm thi THPT,,2024,https://github.com/HTNam1710/ADS_Final/blob/main/Data/diem_chuan_2024_final.csv
VGU,7520208,Kỹ thuật điện và máy tính (ECE),A00; A01; D07; D26,20,Điểm thi THPT,,2024,https://github.com/HTNam1710/ADS_Final/blob/main/Data/diem_chuan_2024_final.csv
VGU,7580101,Kiến trúc (ARC),A00; A01; D26; V00,20,Điểm thi THPT,,2024,https://github.com/HTNam1710/ADS_Final/blob/main/Data/diem_chuan_2024_final.csv
VGU,7580201,Kỹ thuật và quản lý xây dựng (BCE),A00; A01; D07; D26,18,Điểm thi THPT,,2024,https://github.com/HTNam1710/ADS_Final/blob/main/Data/diem_chuan_2024_final.csv
TLS,TLS101,Kỹ thuật xây dựng công trình thủy,A00; A01; D01; D07,15.35,Điểm thi THPT,,2024,https://github.com/HTNam1710/ADS_Final/blob/main/Data/diem_chuan_2024_final.csv
TLS,TLS102,"Kỹ thuật tài nguyên nước (Quy hoạch, thiết kế và quản lý công trình thủy lợi)",A00; A01; D01; D07,15.85,Điểm thi THPT,,2024,https://github.com/HTNam1710/ADS_Final/blob/main/Data/diem_chuan_2024_final.csv
TLS,TLS104,Nhóm ngành Kỹ thuật xây dựng (Kỹ thuật xây dựng dân dụng và công nghiệp; Kỹ thuật xây dựng công trình giao thông),A00; A01; D01; D07,15.2,Điểm thi THPT,,2024,https://github.com/HTNam1710/ADS_Final/blob/main/Data/diem_chuan_2024_final.csv
TLS,TLS106,Công nghệ thông tin,A00; A01; D01; D07,17.05,Điểm thi THPT,,2024,https://github.com/HTNam1710/ADS_Final/blob/main/Data/diem_chuan_2024_final.csv
TLS,TLS107,Kỹ thuật cấp thoát nước,A00; A01; D01; D07,15.55,Điểm thi THPT,,2024,https://github.com/HTNam1710/ADS_Final/blob/main/Data/diem_chuan_2024_final.csv
TLS,TLS111,Công nghệ kỹ thuật xây dựng,A00; A01; D01; D07,16.75,Điểm thi THPT,,2024,https://github.com/HTNam1710/ADS_Final/blob/main/Data/diem_chuan_2024_final.csv
TLS,TLS114,Quản lý xây dựng,A00; A01; D01; D07,15.3,Điểm thi THPT,,2024,https://github.com/HTNam1710/ADS_Final/blob/main/Data/diem_chuan_2024_final.csv
TLS,TLS126,Trí tuệ nhân tạo và khoa học dữ liệu,A00; A01; D01; D07,18.25,Điểm thi THPT,,2024,https://github.com/HTNam1710/ADS_Final/blob/main/Data/diem_chuan_2024_final.csv
TLS,TLS203,Ngôn ngữ Anh,A01; D01; D07; D08,21.75,Điểm thi THPT,,2024,https://github.com/HTNam1710/ADS_Final/blob/main/Data/diem_chuan_2024_final.csv
TLS,TLS402,Quản trị kinh doanh,A00; A01; D01; D07,17.1,Điểm thi THPT,,2024,https://github.com/HTNam1710/ADS_Final/blob/main/Data/diem_chuan_2024_final.csv
TLS,TLS403,Kế toán,A00; A01; D01; D07,17.3,Điểm thi THPT,,2024,https://github.com/HTNam1710/ADS_Final/blob/main/Data/diem_chuan_2024_final.csv
TLS,TLS404,Kinh tế xây dựng,A00; A01; D01; D07,15.85,Điểm thi THPT,,2024,https://github.com/HTNam1710/ADS_Final/blob/main/Data/diem_chuan_2024_final.csv
TLS,TLS405,Thương mại điện tử,A00; A01; D01; D07,17.7,Điểm thi THPT,,2024,https://github.com/HTNam1710/ADS_Final/blob/main/Data/diem_chuan_2024_final.csv
TLS,TLS407,Logistics và quản lý chuỗi cung ứng,A00; A01; D01; D07,21.05,Điểm thi THPT,,2024,https://github.com/HTNam1710/ADS_Final/blob/main/Data/diem_chuan_2024_final.csv
SDU,7140234,Sư phạm Tiếng Trung Quốc,D01; D15; D78; D83,21.74,Điểm thi THPT,,2024,https://github.com/HTNam1710/ADS_Final/blob/main/Data/diem_chuan_2024_final.csv
SDU,7140246,Sư phạm công nghệ,A00; A16; C01; D01,19,Điểm thi THPT,,2024,https://github.com/HTNam1710/ADS_Final/blob/main/Data/diem_chuan_2024_final.csv
SDU,7220204,Ngôn ngữ Trung Quốc,D01; D15; D66; D71,18,Điểm thi THPT,,2024,https://github.com/HTNam1710/ADS_Final/blob/main/Data/diem_chuan_2024_final.csv
SDU,7340101,Quản trị kinh doanh,A00; A09; C04; D01,16,Điểm thi THPT,,2024,https://github.com/HTNam1710/ADS_Final/blob/main/Data/diem_chuan_2024_final.csv
SDU,7340301,Kế toán,A00; A09; C04; D01,16,Điểm thi THPT,,2024,https://github.com/HTNam1710/ADS_Final/blob/main/Data/diem_chuan_2024_final.csv
SDU,7480201,Công nghệ thông tin,A00; A09; C04; D01,17,Điểm thi THPT,,2024,https://github.com/HTNam1710/ADS_Final/blob/main/Data/diem_chuan_2024_final.csv
SDU,7510201,Công nghệ kỹ thuật cơ khí,A00; A09; C04; D01,17,Điểm thi THPT,,2024,https://github.com/HTNam1710/ADS_Final/blob/main/Data/diem_chuan_2024_final.csv
SDU,7510205,Công nghệ kỹ thuật ô tô,A00; A09; C04; D01,18,Điểm thi THPT,,2024,https://github.com/HTNam1710/ADS_Final/blob/main/Data/diem_chuan_2024_final.csv
SDU,7510301,"Công nghệ kỹ thuật điện, điện tử",A00; A09; C04; D01,17,Điểm thi THPT,,2024,https://github.com/HTNam1710/ADS_Final/blob/main/Data/diem_chuan_2024_final.csv
SDU,7520114,Kỹ thuật cơ điện tử,A00; A09; C04; D01,16,Điểm thi THPT,,2024,https://github.com/HTNam1710/ADS_Final/blob/main/Data/diem_chuan_2024_final.csv
SDU,7520216,Kỹ thuật điều khiển và Tự động hóa,A00; A09; C04; D01,17,Điểm thi THPT,,2024,https://github.com/HTNam1710/ADS_Final/blob/main/Data/diem_chuan_2024_final.csv
SDU,7540101,Công nghệ thực phẩm,A00; A09; B00; D01,16,Điểm thi THPT,,2024,https://github.com/HTNam1710/ADS_Final/blob/main/Data/diem_chuan_2024_final.csv
SDU,7540204,"Công nghệ dệt, may",A00; A09; C04; D01,16,Điểm thi THPT,,2024,https://github.com/HTNam1710/ADS_Final/blob/main/Data/diem_chuan_2024_final.csv
SDU,7810103,Quản trị dịch vụ du lịch và lữ hành,C00; C20; D01; D15,16,Điểm thi THPT,,2024,https://github.com/HTNam1710/ADS_Final/blob/main/Data/diem_chuan_2024_final.csv
PCS,7860113,"Phòng cháy chữa cháy và cứu nạn, cứu hộ",A00,19.05,Điểm thi THPT,"Nam, phía Bắc",2024,https://github.com/HTNam1710/ADS_Final/blob/main/Data/diem_chuan_2024_final.csv
PCH,7860113,"Phòng cháy chữa cháy và cứu nạn, cứu hộ",A00,19.05,Điểm thi THPT,"Nam, phía Bắc",2024,https://github.com/HTNam1710/ADS_Final/blob/main/Data/diem_chuan_2024_final.csv
NLN,51140201,Giáo dục Mầm non (Trình độ Cao đẳng),M00,20.25,Điểm thi THPT,,2024,https://github.com/HTNam1710/ADS_Final/blob/main/Data/diem_chuan_2024_final.csv
NLN,7140201,Giáo dục Mầm non (Trình độ Đại học),M00,21.25,Điểm thi THPT,,2024,https://github.com/HTNam1710/ADS_Final/blob/main/Data/diem_chuan_2024_final.csv
NLN,7220201N,Ngôn ngữ Anh,A01; D01; D14; D15,15,Điểm thi THPT,,2024,https://github.com/HTNam1710/ADS_Final/blob/main/Data/diem_chuan_2024_final.csv
NLN,7340101N,Quản trị kinh doanh,A00; A01; D01,15,Điểm thi THPT,,2024,https://github.com/HTNam1710/ADS_Final/blob/main/Data/diem_chuan_2024_final.csv
NLN,7340301N,Kế toán,A00; A01; D01,15,Điểm thi THPT,,2024,https://github.com/HTNam1710/ADS_Final/blob/main/Data/diem_chuan_2024_final.csv
NLN,7480201N,Công nghệ thông tin,A00; A01; D07,15,Điểm thi THPT,,2024,https://github.com/HTNam1710/ADS_Final/blob/main/Data/diem_chuan_2024_final.csv
NLN,7519007N,Công nghệ kỹ thuật năng lượng tái tạo,A00; A01; A02; D90,15,Điểm thi THPT,,2024,https://github.com/HTNam1710/ADS_Final/blob/main/Data/diem_chuan_2024_final.csv
NLN,7640101N,Thú y,A00; B00; D07; D08,16,Điểm thi THPT,,2024,https://github.com/HTNam1710/ADS_Final/blob/main/Data/diem_chuan_2024_final.csv
DTD,7210403,Thiết kế đồ họa,C04; D01; D10; D15,15,Điểm thi THPT,,2024,https://github.com/HTNam1710/ADS_Final/blob/main/Data/diem_chuan_2024_final.csv
DTD,7220201,Ngôn ngữ Anh,D01; D14; D15; D66,15,Điểm thi THPT,,2024,https://github.com/HTNam1710/ADS_Final/blob/main/Data/diem_chuan_2024_final.csv
DTD,7229030,Văn học,C04; C00; D14; D15,15,Điểm thi THPT,,2024,https://github.com/HTNam1710/ADS_Final/blob/main/Data/diem_chuan_2024_final.csv
DTD,7310630,Việt Nam học,D01; C00; D14; D15,15,Điểm thi THPT,,2024,https://github.com/HTNam1710/ADS_Final/blob/main/Data/diem_chuan_2024_final.csv
DTD,7320104,Truyền thông đa phương tiện,A01; C00; D01; D15,15,Điểm thi THPT,,2024,https://github.com/HTNam1710/ADS_Final/blob/main/Data/diem_chuan_2024_final.csv
DTD,7340101,Quản trị kinh doanh,A00; A01; D01; C04,15,Điểm thi THPT,,2024,https://github.com/HTNam1710/ADS_Final/blob/main/Data/diem_chuan_2024_final.csv
DTD,7340115,Marketing,A00; A01; D01; C04,15,Điểm thi THPT,,2024,https://github.com/HTNam1710/ADS_Final/blob/main/Data/diem_chuan_2024_final.csv
DTD,7340120,Kinh doanh quốc tế,A00; A01; D01; C04,15,Điểm thi THPT,,2024,https://github.com/HTNam1710/ADS_Final/blob/main/Data/diem_chuan_2024_final.csv
DTD,7340201,Tài chính ngân hàng,A00; A01; D01; C04,15,Điểm thi THPT,,2024,https://github.com/HTNam1710/ADS_Final/blob/main/Data/diem_chuan_2024_final.csv
DTD,7340301,Kế toán,A00; A01; D01; C04,15,Điểm thi THPT,,2024,https://github.com/HTNam1710/ADS_Final/blob/main/Data/diem_chuan_2024_final.csv
DTD,7380107,Luật kinh tế,C00; D14; D84; D66,15,Điểm thi THPT,,2024,https://github.com/HTNam1710/ADS_Final/blob/main/Data/diem_chuan_2024_final.csv
DTD,7480201,Công nghệ thông tin,A00; A02; A01; C01,15,Điểm thi THPT,,2024,https://github.com/HTNam1710/ADS_Final/blob/main/Data/diem_chuan_2024_final.csv
DTD,7510102,Công nghệ kỹ thuật công trình XD,A00; A02; A01; C01,15,Điểm thi THPT,,2024,https://github.com/HTNam1710/ADS_Final/blob/main/Data/diem_chuan_2024_final.csv
DTD,7510301,"Công nghệ Kỹ thuật điện, điện tử",A00; A02; A01; C01,15,Điểm thi THPT,,2024,https://github.com/HTNam1710/ADS_Final/blob/main/Data/diem_chuan_2024_final.csv
DTD,7510605,Logistics và Quản lý chuỗi cung ứng,A00; A01; D01; C01,15,Điểm thi THPT,,2024,https://github.com/HTNam1710/ADS_Final/blob/main/Data/diem_chuan_2024_final.csv
DTD,7540101,Công nghệ thực phẩm,A00; A02; A01; C01,15,Điểm thi THPT,,2024,https://github.com/HTNam1710/ADS_Final/blob/main/Data/diem_chuan_2024_final.csv
DTD,7620301,Nuôi trồng thủy sản,A00; A01; B00; D07,15,Điểm thi THPT,,2024,https://github.com/HTNam1710/ADS_Final/blob/main/Data/diem_chuan_2024_final.csv
DTD,7640101,Thú y,B00; A06; B02; C02,15,Điểm thi THPT,,2024,https://github.com/HTNam1710/ADS_Final/blob/main/Data/diem_chuan_2024_final.csv
DTD,7720201,Dược học,A00; B00; D07; C02,21,Điểm thi THPT,,2024,https://github.com/HTNam1710/ADS_Final/blob/main/Data/diem_chuan_2024_final.csv
DTD,7720301,Điều dưỡng,A02; B00; D08; B03,19,Điểm thi THPT,,2024,https://github.com/HTNam1710/ADS_Final/blob/main/Data/diem_chuan_2024_final.csv
DTD,7720401,Dinh dưỡng,A00; B00; D07; D08,15,Điểm thi THPT,,2024,https://github.com/HTNam1710/ADS_Final/blob/main/Data/diem_chuan_2024_final.csv
DTD,7810101,Du lịch,D01; C00; D14; D15,15,Điểm thi THPT,,2024,https://github.com/HTNam1710/ADS_Final/blob/main/Data/diem_chuan_2024_final.csv
DTD,7810103,Quản trị dịch vụ du lịch và lữ hành,A00; A01; D01; C04,15,Điểm thi THPT,,2024,https://github.com/HTNam1710/ADS_Final/blob/main/Data/diem_chuan_2024_final.csv
DTD,7810201,Quản trị khách sạn,D01; C00; D14; D15,15,Điểm thi THPT,,2024,https://github.com/HTNam1710/ADS_Final/blob/main/Data/diem_chuan_2024_final.csv
DTD,7850103,Quản lý đất đai,A00; A01; B00; D01,15,Điểm thi THPT,,2024,https://github.com/HTNam1710/ADS_Final/blob/main/Data/diem_chuan_2024_final.csv
DKC,7210205,Thanh nhạc,N00,16,Điểm thi THPT,,2024,https://github.com/HTNam1710/ADS_Final/blob/main/Data/diem_chuan_2024_final.csv
DKC,7210302,"Công nghệ điện ảnh, truyền hình",A00; D01; V00; H01,17,Điểm thi THPT,,2024,https://github.com/HTNam1710/ADS_Final/blob/main/Data/diem_chuan_2024_final.csv
DKC,7210403,Thiết kế đồ họa,A00; D01; V00; H01,19,Điểm thi THPT,,2024,https://github.com/HTNam1710/ADS_Final/blob/main/Data/diem_chuan_2024_final.csv
DKC,7210404,Thiết kế thời trang,A00; D01; V00; H01,16,Điểm thi THPT,,2024,https://github.com/HTNam1710/ADS_Final/blob/main/Data/diem_chuan_2024_final.csv
DKC,7210408,Nghệ thuật số (Digital Art),A00; D01; V00; H01,17,Điểm thi THPT,,2024,https://github.com/HTNam1710/ADS_Final/blob/main/Data/diem_chuan_2024_final.csv
DKC,7220201,Ngôn ngữ Anh,A01; D01; D14; D15,17,Điểm thi THPT,,2024,https://github.com/HTNam1710/ADS_Final/blob/main/Data/diem_chuan_2024_final.csv
DKC,7220204,Ngôn ngữ Trung Quốc,A01; C00; D01; D15,17,Điểm thi THPT,,2024,https://github.com/HTNam1710/ADS_Final/blob/main/Data/diem_chuan_2024_final.csv
DKC,7220209,Ngôn ngữ Nhật,A01; D01; D14; D15,17,Điểm thi THPT,,2024,https://github.com/HTNam1710/ADS_Final/blob/main/Data/diem_chuan_2024_final.csv
DKC,7220210,Ngôn ngữ Hàn Quốc,A01; C00; D01; D15,17,Điểm thi THPT,,2024,https://github.com/HTNam1710/ADS_Final/blob/main/Data/diem_chuan_2024_final.csv
DKC,7310106,Kinh tế quốc tế,A00; A01; C00; D01,17,Điểm thi THPT,,2024,https://github.com/HTNam1710/ADS_Final/blob/main/Data/diem_chuan_2024_final.csv
DKC,7310109,Kinh tế số,A00; A01; C00; D01,16,Điểm thi THPT,,2024,https://github.com/HTNam1710/ADS_Final/blob/main/Data/diem_chuan_2024_final.csv
DKC,7310401,Tâm lý học,A00; A01; C00; D01,16,Điểm thi THPT,,2024,https://github.com/HTNam1710/ADS_Final/blob/main/Data/diem_chuan_2024_final.csv
DKC,7310608,Đông phương học,A01; C00; D01; D15,16,Điểm thi THPT,,2024,https://github.com/HTNam1710/ADS_Final/blob/main/Data/diem_chuan_2024_final.csv
DKC,7320104,Truyền thông đa phương tiện,A01; C00; D01; D15,20,Điểm thi THPT,,2024,https://github.com/HTNam1710/ADS_Final/blob/main/Data/diem_chuan_2024_final.csv
DKC,7320108,Quan hệ công chúng,A00; A01; C00; D01,18,Điểm thi THPT,,2024,https://github.com/HTNam1710/ADS_Final/blob/main/Data/diem_chuan_2024_final.csv
DKC,7340101,Quản trị kinh doanh,A00; A01; C00; D01,20,Điểm thi THPT,,2024,https://github.com/HTNam1710/ADS_Final/blob/main/Data/diem_chuan_2024_final.csv
DKC,7340114,Digital Marketing (Marketing số),A00; A01; C00; D01,19,Điểm thi THPT,,2024,https://github.com/HTNam1710/ADS_Final/blob/main/Data/diem_chuan_2024_final.csv
DKC,7340115,Marketing,A00; A01; C00; D01,20,Điểm thi THPT,,2024,https://github.com/HTNam1710/ADS_Final/blob/main/Data/diem_chuan_2024_final.csv
DKC,7340116,Bất động sản,A00; A01; C00; D01,16,Điểm thi THPT,,2024,https://github.com/HTNam1710/ADS_Final/blob/main/Data/diem_chuan_2024_final.csv
DKC,7340120,Kinh doanh quốc tế,A00; A01; C00; D01,17,Điểm thi THPT,,2024,https://github.com/HTNam1710/ADS_Final/blob/main/Data/diem_chuan_2024_final.csv
DKC,7340121,Kinh doanh thương mại,A00; A01; C00; D01,17,Điểm thi THPT,,2024,https://github.com/HTNam1710/ADS_Final/blob/main/Data/diem_chuan_2024_final.csv
DKC,7340122,Thương mại điện tử,A00; A01; C00; D01,18,Điểm thi THPT,,2024,https://github.com/HTNam1710/ADS_Final/blob/main/Data/diem_chuan_2024_final.csv
DKC,7340201,Tài chính - Ngân hàng,A00; A01; C01; D01,18,Điểm thi THPT,,2024,https://github.com/HTNam1710/ADS_Final/blob/main/Data/diem_chuan_2024_final.csv
DKC,7340205,Công nghệ tài chính,A00; A01; C01; D01,16,Điểm thi THPT,,2024,https://github.com/HTNam1710/ADS_Final/blob/main/Data/diem_chuan_2024_final.csv
DKC,7340301,Kế toán,A00; A01; C01; D01,18,Điểm thi THPT,,2024,https://github.com/HTNam1710/ADS_Final/blob/main/Data/diem_chuan_2024_final.csv
DKC,7340404,Quản trị nhân lực,A00; A01; C00; D01,16,Điểm thi THPT,,2024,https://github.com/HTNam1710/ADS_Final/blob/main/Data/diem_chuan_2024_final.csv
DKC,7340405,Hệ thống thông tin quản lý,A00; A01; C01; D01,17,Điểm thi THPT,,2024,https://github.com/HTNam1710/ADS_Final/blob/main/Data/diem_chuan_2024_final.csv
DKC,7340412,Quản trị sự kiện,A00; A01; C00; D01,16,Điểm thi THPT,,2024,https://github.com/HTNam1710/ADS_Final/blob/main/Data/diem_chuan_2024_final.csv
DKC,7380101,Luật,A00; A01; C00; D01,17,Điểm thi THPT,,2024,https://github.com/HTNam1710/ADS_Final/blob/main/Data/diem_chuan_2024_final.csv
DKC,7380107,Luật kinh tế,A00; A01; C00; D01,17,Điểm thi THPT,,2024,https://github.com/HTNam1710/ADS_Final/blob/main/Data/diem_chuan_2024_final.csv
DKC,7380109,Luật thương mại quốc tế,A00; A01; C00; D01,16,Điểm thi THPT,,2024,https://github.com/HTNam1710/ADS_Final/blob/main/Data/diem_chuan_2024_final.csv
DKC,7420201,Công nghệ sinh học,A00; B00; C08; D07,16,Điểm thi THPT,,2024,https://github.com/HTNam1710/ADS_Final/blob/main/Data/diem_chuan_2024_final.csv
DKC,7420207,Công nghệ thẩm mỹ,A00; B00; C08; D07,16,Điểm thi THPT,,2024,https://github.com/HTNam1710/ADS_Final/blob/main/Data/diem_chuan_2024_final.csv
DKC,7460108,Khoa học dữ liệu (Data Science),A00; A01; C01; D01,17,Điểm thi THPT,,2024,https://github.com/HTNam1710/ADS_Final/blob/main/Data/diem_chuan_2024_final.csv
DKC,7480101,Khoa học máy tính,A00; A01; C01; D01,17,Điểm thi THPT,,2024,https://github.com/HTNam1710/ADS_Final/blob/main/Data/diem_chuan_2024_final.csv
DKC,7480106,Kỹ thuật máy tính,A00; A01; C01; D01,16,Điểm thi THPT,,2024,https://github.com/HTNam1710/ADS_Final/blob/main/Data/diem_chuan_2024_final.csv
DKC,7480107,Trí tuệ nhân tạo,A00; A01; C01; D01,16,Điểm thi THPT,,2024,https://github.com/HTNam1710/ADS_Final/blob/main/Data/diem_chuan_2024_final.csv
DKC,7480201,Công nghệ thông tin,A00; A01; C01; D01,21,Điểm thi THPT,,2024,https://github.com/HTNam1710/ADS_Final/blob/main/Data/diem_chuan_2024_final.csv
DKC,7480202,An toàn thông tin,A00; A01; C01; D01,18,Điểm thi THPT,,2024,https://github.com/HTNam1710/ADS_Final/blob/main/Data/diem_chuan_2024_final.csv
DKC,7510205,Công nghệ kỹ thuật ô tô,A00; A01; C01; D01,20,Điểm thi THPT,,2024,https://github.com/HTNam1710/ADS_Final/blob/main/Data/diem_chuan_2024_final.csv
DKC,7510209,Robot và trí tuệ nhân tạo,A00; A01; C01; D01,17,Điểm thi THPT,,2024,https://github.com/HTNam1710/ADS_Final/blob/main/Data/diem_chuan_2024_final.csv
DKC,7510605,Logistics và quản lý chuỗi cung ứng,A00; A01; C00; D01,19,Điểm thi THPT,,2024,https://github.com/HTNam1710/ADS_Final/blob/main/Data/diem_chuan_2024_final.csv
DKC,7520103,Kỹ thuật cơ khí,A00; A01; C01; D01,16,Điểm thi THPT,,2024,https://github.com/HTNam1710/ADS_Final/blob/main/Data/diem_chuan_2024_final.csv
DKC,7520114,Kỹ thuật cơ điện tử,A00; A01; C01; D01,16,Điểm thi THPT,,2024,https://github.com/HTNam1710/ADS_Final/blob/main/Data/diem_chuan_2024_final.csv
DKC,7520115,Kỹ thuật nhiệt,A00; A01; C01; D01,16,Điểm thi THPT,,2024,https://github.com/HTNam1710/ADS_Final/blob/main/Data/diem_chuan_2024_final.csv
DKC,7520141,Công nghệ ô tô điện,A00; A01; C01; D01,19,Điểm thi THPT,,2024,https://github.com/HTNam1710/ADS_Final/blob/main/Data/diem_chuan_2024_final.csv
DKC,7520201,Kỹ thuật điện,A00; A01; C01; D01,16,Điểm thi THPT,,2024,https://github.com/HTNam1710/ADS_Final/blob/main/Data/diem_chuan_2024_final.csv
DKC,7520207,Kỹ thuật điện tử - viễn thông,A00; A01; C01; D01,16,Điểm thi THPT,,2024,https://github.com/HTNam1710/ADS_Final/blob/main/Data/diem_chuan_2024_final.csv
DKC,7520216,Kỹ thuật điều khiển và tự động hóa,A00; A01; C01; D01,16,Điểm thi THPT,,2024,https://github.com/HTNam1710/ADS_Final/blob/main/Data/diem_chuan_2024_final.csv
DKC,7540101,Công nghệ thực phẩm,A00; B00; C08; D07,17,Điểm thi THPT,,2024,https://github.com/HTNam1710/ADS_Final/blob/main/Data/diem_chuan_2024_final.csv
DKC,7580101,Kiến trúc,A00; D01; V00; H01,17,Điểm thi THPT,,2024,https://github.com/HTNam1710/ADS_Final/blob/main/Data/diem_chuan_2024_final.csv
DKC,7580108,Thiết kế nội thất,A00; D01; V00; H01,16,Điểm thi THPT,,2024,https://github.com/HTNam1710/ADS_Final/blob/main/Data/diem_chuan_2024_final.csv
DKC,7580201,Kỹ thuật xây dựng,A00; A01; C01; D01,16,Điểm thi THPT,,2024,https://github.com/HTNam1710/ADS_Final/blob/main/Data/diem_chuan_2024_final.csv
DKC,7580302,Quản lý xây dựng,A00; A01; C01; D01,16,Điểm thi THPT,,2024,https://github.com/HTNam1710/ADS_Final/blob/main/Data/diem_chuan_2024_final.csv
DKC,7640101,Thú y,A00; B00; C08; D07,18,Điểm thi THPT,,2024,https://github.com/HTNam1710/ADS_Final/blob/main/Data/diem_chuan_2024_final.csv
DKC,7720201,Dược học,A00; B00; C08; D07,21,Điểm thi THPT,,2024,https://github.com/HTNam1710/ADS_Final/blob/main/Data/diem_chuan_2024_final.csv
DKC,7720301,Điều dưỡng,A00; B00; C08; D07,19,Điểm thi THPT,,2024,https://github.com/HTNam1710/ADS_Final/blob/main/Data/diem_chuan_2024_final.csv
DKC,7720601,Kỹ thuật xét nghiệm y học,A00; B00; C08; D07,19,Điểm thi THPT,,2024,https://github.com/HTNam1710/ADS_Final/blob/main/Data/diem_chuan_2024_final.csv
DKC,7810103,Quản trị dịch vụ du lịch và lữ hành,A00; A01; C00; D01,17,Điểm thi THPT,,2024,https://github.com/HTNam1710/ADS_Final/blob/main/Data/diem_chuan_2024_final.csv
DKC,7810201,Quản trị khách sạn,A00; A01; C00; D01,17,Điểm thi THPT,,2024,https://github.com/HTNam1710/ADS_Final/blob/main/Data/diem_chuan_2024_final.csv
DKC,7810202,Quản trị nhà hàng và dịch vụ ăn uống,A00; A01; C00; D01,17,Điểm thi THPT,,2024,https://github.com/HTNam1710/ADS_Final/blob/main/Data/diem_chuan_2024_final.csv
DKC,7810301,Quản lý thể dục thể thao,A00; A01; C00; D01,16,Điểm thi THPT,,2024,https://github.com/HTNam1710/ADS_Final/blob/main/Data/diem_chuan_2024_final.csv
DKC,7850101,Quản lý tài nguyên và môi trường,A00; B00; C08; D07,16,Điểm thi THPT,,2024,https://github.com/HTNam1710/ADS_Final/blob/main/Data/diem_chuan_2024_final.csv
DDU,7220204,Ngôn ngữ Trung Quốc,A00; C00; D01; D04,15,Điểm thi THPT,,2024,https://github.com/HTNam1710/ADS_Final/blob/main/Data/diem_chuan_2024_final.csv
DDU,7220209,Ngôn ngữ Nhật,A00; C00; D01; D04,15,Điểm thi THPT,,2024,https://github.com/HTNam1710/ADS_Final/blob/main/Data/diem_chuan_2024_final.csv
DDU,7220210,Ngôn ngữ Hàn Quốc,A00; C00; D01; DD2,15,Điểm thi THPT,,2024,https://github.com/HTNam1710/ADS_Final/blob/main/Data/diem_chuan_2024_final.csv
DDU,7310205,Quản lý nhà nước,A00; A01; B00; D01,15,Điểm thi THPT,,2024,https://github.com/HTNam1710/ADS_Final/blob/main/Data/diem_chuan_2024_final.csv
DDU,7340101,Quản trị kinh doanh,A00; A01; B00; D01,15,Điểm thi THPT,,2024,https://github.com/HTNam1710/ADS_Final/blob/main/Data/diem_chuan_2024_final.csv
DDU,7340122,Thương mại điện tử,A00; A01; D01; D07,15,Điểm thi THPT,,2024,https://github.com/HTNam1710/ADS_Final/blob/main/Data/diem_chuan_2024_final.csv
DDU,7340201,Tài chính - Ngân hàng,A00; A01; B00; D01,15,Điểm thi THPT,,2024,https://github.com/HTNam1710/ADS_Final/blob/main/Data/diem_chuan_2024_final.csv
DDU,7340301,Kế toán,A00; A01; B00; D01,15,Điểm thi THPT,,2024,https://github.com/HTNam1710/ADS_Final/blob/main/Data/diem_chuan_2024_final.csv
DDU,7380107,Luật kinh tế,A00; A01; C00; D01,15,Điểm thi THPT,,2024,https://github.com/HTNam1710/ADS_Final/blob/main/Data/diem_chuan_2024_final.csv
DDU,7480201,Công nghệ thông tin,A00; A01; A02; D01,15,Điểm thi THPT,,2024,https://github.com/HTNam1710/ADS_Final/blob/main/Data/diem_chuan_2024_final.csv
DDU,7510205,Công nghệ kỹ thuật ô tô,A00; A01; B00; D07,15,Điểm thi THPT,,2024,https://github.com/HTNam1710/ADS_Final/blob/main/Data/diem_chuan_2024_final.csv
DDU,7510406,Công nghệ kỹ thuật môi trường,A00; A01; B00; D07,15,Điểm thi THPT,,2024,https://github.com/HTNam1710/ADS_Final/blob/main/Data/diem_chuan_2024_final.csv
DDU,7580101,Kiến trúc,V00; V01; H01; H04,15,Điểm thi THPT,,2024,https://github.com/HTNam1710/ADS_Final/blob/main/Data/diem_chuan_2024_final.csv
DDU,7580201,Kỹ thuật xây dựng,A00; A01; B00; D01,15,Điểm thi THPT,,2024,https://github.com/HTNam1710/ADS_Final/blob/main/Data/diem_chuan_2024_final.csv
DDU,7640101,Thú y,A00; A01; B00; D01,15,Điểm thi THPT,,2024,https://github.com/HTNam1710/ADS_Final/blob/main/Data/diem_chuan_2024_final.csv
DDU,7720201,Dược học,A00; A02; B00; D07,21,Điểm thi THPT,,2024,https://github.com/HTNam1710/ADS_Final/blob/main/Data/diem_chuan_2024_final.csv
DDU,7720301,Điều dưỡng,A00; A01; B00; B08,19,Điểm thi THPT,,2024,https://github.com/HTNam1710/ADS_Final/blob/main/Data/diem_chuan_2024_final.csv
DDU,7720601,Kỹ thuật xét nghiệm y học,A00; A02; B00; D07,19,Điểm thi THPT,,2024,https://github.com/HTNam1710/ADS_Final/blob/main/Data/diem_chuan_2024_final.csv
DLH,7220201,Ngôn ngữ Anh,D01; D09; D10; A01,16.15,Điểm thi THPT,,2024,https://github.com/HTNam1710/ADS_Final/blob/main/Data/diem_chuan_2024_final.csv
DLH,7220204,Ngôn ngữ Trung Quốc,C00; D01; C03; C04,15.5,Điểm thi THPT,,2024,https://github.com/HTNam1710/ADS_Final/blob/main/Data/diem_chuan_2024_final.csv
DLH,7310120,Kinh doanh quốc tế,A00; A01; C00; D01,17.25,Điểm thi THPT,,2024,https://github.com/HTNam1710/ADS_Final/blob/main/Data/diem_chuan_2024_final.csv
DLH,7310608,Đông phương học (gồm 2 chuyên ngành: ngôn ngữ Nhật Bản và ngôn ngữ Hàn Quốc),C00; D01; C03; C04,15,Điểm thi THPT,,2024,https://github.com/HTNam1710/ADS_Final/blob/main/Data/diem_chuan_2024_final.csv
DLH,7320104,Truyền thông đa phương tiện,A00; D01; A01; D07,15.45,Điểm thi THPT,,2024,https://github.com/HTNam1710/ADS_Final/blob/main/Data/diem_chuan_2024_final.csv
DLH,7320108,Quan hệ công chúng,A00; D01; A01; D07,17.75,Điểm thi THPT,,2024,https://github.com/HTNam1710/ADS_Final/blob/main/Data/diem_chuan_2024_final.csv
DLH,7340101,Quản trị kinh doanh,A00; A01; C00; D01,15,Điểm thi THPT,,2024,https://github.com/HTNam1710/ADS_Final/blob/main/Data/diem_chuan_2024_final.csv
DLH,7340115,Marketing,A00; A01; C00; D01,16.25,Điểm thi THPT,,2024,https://github.com/HTNam1710/ADS_Final/blob/main/Data/diem_chuan_2024_final.csv
DLH,7340122,Thương mại điện tử,A00; D01; A01; D07,16.4,Điểm thi THPT,,2024,https://github.com/HTNam1710/ADS_Final/blob/main/Data/diem_chuan_2024_final.csv
DLH,7340201,Tài chính - Ngân hàng,A00; A01; D01; C01,15.1,Điểm thi THPT,,2024,https://github.com/HTNam1710/ADS_Final/blob/main/Data/diem_chuan_2024_final.csv
DLH,7340301,Kế toán,A00; A01; D01; C01,15.3,Điểm thi THPT,,2024,https://github.com/HTNam1710/ADS_Final/blob/main/Data/diem_chuan_2024_final.csv
DLH,7380101,Luật,A00; A01; C00; D01,18.75,Điểm thi THPT,,2024,https://github.com/HTNam1710/ADS_Final/blob/main/Data/diem_chuan_2024_final.csv
DLH,7380107,Luật kinh tế,A00; A01; C00; D01,15.5,Điểm thi THPT,,2024,https://github.com/HTNam1710/ADS_Final/blob/main/Data/diem_chuan_2024_final.csv
DLH,7440301,Khoa học môi trường,A00; B00; C02; D01,16.1,Điểm thi THPT,,2024,https://github.com/HTNam1710/ADS_Final/blob/main/Data/diem_chuan_2024_final.csv
DLH,7480107,Trí tuệ nhân tạo,A00; D01; A01; D07,17.2,Điểm thi THPT,,2024,https://github.com/HTNam1710/ADS_Final/blob/main/Data/diem_chuan_2024_final.csv
DLH,7480201,Công nghệ thông tin,A00; D01; A01; D07,15.05,Điểm thi THPT,,2024,https://github.com/HTNam1710/ADS_Final/blob/main/Data/diem_chuan_2024_final.csv
DLH,7510102,Công nghệ kỹ thuật công trình xây dựng,A00; A01; V00; D01,16.55,Điểm thi THPT,,2024,https://github.com/HTNam1710/ADS_Final/blob/main/Data/diem_chuan_2024_final.csv
DLH,7510201,Công nghệ kỹ thuật cơ khí (Cơ điện tử),A00; A01; C01; D01,15.1,Điểm thi THPT,,2024,https://github.com/HTNam1710/ADS_Final/blob/main/Data/diem_chuan_2024_final.csv
DLH,7510205,Công nghệ kỹ thuật ô tô,A00; A01; C01; D01,15.15,Điểm thi THPT,,2024,https://github.com/HTNam1710/ADS_Final/blob/main/Data/diem_chuan_2024_final.csv
DLH,7510301,"Công nghệ kỹ thuật điện, điện tử",A00; A01; C01; D01,15.05,Điểm thi THPT,,2024,https://github.com/HTNam1710/ADS_Final/blob/main/Data/diem_chuan_2024_final.csv
DLH,7510303,Công nghệ kỹ thuật điều khiển và tự động hóa,A00; A01; C01; D01,16.1,Điểm thi THPT,,2024,https://github.com/HTNam1710/ADS_Final/blob/main/Data/diem_chuan_2024_final.csv
DLH,7510605,Logistics và quản lý chuỗi cung ứng,A00; A01; D01; C01,15.15,Điểm thi THPT,,2024,https://github.com/HTNam1710/ADS_Final/blob/main/Data/diem_chuan_2024_final.csv
DLH,7540101,Công nghệ thực phẩm,A00; B00; C02; D01,15.9,Điểm thi THPT,,2024,https://github.com/HTNam1710/ADS_Final/blob/main/Data/diem_chuan_2024_final.csv
DLH,7720201,Dược học,A00; B00; C02; D01,21,Điểm thi THPT,,2024,https://github.com/HTNam1710/ADS_Final/blob/main/Data/diem_chuan_2024_final.csv
DLH,7810103,Quản trị dịch vụ du lịch và lữ hành,A00; A01; C00; D01,15,Điểm thi THPT,,2024,https://github.com/HTNam1710/ADS_Final/blob/main/Data/diem_chuan_2024_final.csv
DDB,7220201,Ngôn ngữ Anh,D01; D07; D14; D15,14,Điểm thi THPT,,2024,https://github.com/HTNam1710/ADS_Final/blob/main/Data/diem_chuan_2024_final.csv
DDB,7220204,Ngôn ngữ Trung Quốc,D01; C00; D14; D15,14,Điểm thi THPT,,2024,https://github.com/HTNam1710/ADS_Final/blob/main/Data/diem_chuan_2024_final.csv
DDB,7220210,Ngôn ngữ Hàn Quốc,D01; C00; D14; D15,14,Điểm thi THPT,,2024,https://github.com/HTNam1710/ADS_Final/blob/main/Data/diem_chuan_2024_final.csv
DDB,7310205,Quản lý nhà nước,A00; A01; C00; D01,14,Điểm thi THPT,,2024,https://github.com/HTNam1710/ADS_Final/blob/main/Data/diem_chuan_2024_final.csv
DDB,7340101,Quản trị kinh doanh,A00; A01; A07; D01,14,Điểm thi THPT,,2024,https://github.com/HTNam1710/ADS_Final/blob/main/Data/diem_chuan_2024_final.csv
DDB,7340122,Thương mại điện tử,A00; A01; A07; D01,14,Điểm thi THPT,,2024,https://github.com/HTNam1710/ADS_Final/blob/main/Data/diem_chuan_2024_final.csv
DDB,7340201,Tài chính ngân hàng,A00; A01; A07; D01,14,Điểm thi THPT,,2024,https://github.com/HTNam1710/ADS_Final/blob/main/Data/diem_chuan_2024_final.csv
DDB,7340301,Kế toán,A00; A01; A07; D01,14,Điểm thi THPT,,2024,https://github.com/HTNam1710/ADS_Final/blob/main/Data/diem_chuan_2024_final.csv
DDB,7380101,Luật,A00; A01; C00; D01,14,Điểm thi THPT,,2024,https://github.com/HTNam1710/ADS_Final/blob/main/Data/diem_chuan_2024_final.csv
DDB,7380107,Luật kinh tế,A00; A01; C00; D01,14,Điểm thi THPT,,2024,https://github.com/HTNam1710/ADS_Final/blob/main/Data/diem_chuan_2024_final.csv
DDB,7480201,Công nghệ thông tin,A00; A01; D07; D08,14,Điểm thi THPT,,2024,https://github.com/HTNam1710/ADS_Final/blob/main/Data/diem_chuan_2024_final.csv
DDB,7510103,Công nghệ kỹ thuật xây dựng,A00; A01; D07; D08,14,Điểm thi THPT,,2024,https://github.com/HTNam1710/ADS_Final/blob/main/Data/diem_chuan_2024_final.csv
DDB,7510201,Công nghệ kỹ thuật cơ khí,A00; A01; D07; D08,14,Điểm thi THPT,,2024,https://github.com/HTNam1710/ADS_Final/blob/main/Data/diem_chuan_2024_final.csv
DDB,7510203,Công nghệ kỹ thuật cơ điện tử,A00; A01; D07; D08,14,Điểm thi THPT,,2024,https://github.com/HTNam1710/ADS_Final/blob/main/Data/diem_chuan_2024_final.csv
DDB,7510205,Công nghệ kỹ thuật ô tô,A00; A01; C01; D01,14,Điểm thi THPT,,2024,https://github.com/HTNam1710/ADS_Final/blob/main/Data/diem_chuan_2024_final.csv
DDB,7520216,Kỹ thuật điều khiển và tự động hóa,A00; A01; D07; D08,14,Điểm thi THPT,,2024,https://github.com/HTNam1710/ADS_Final/blob/main/Data/diem_chuan_2024_final.csv
DDB,7720115,Y học cổ truyền,A00; A02; B00,21,Điểm thi THPT,,2024,https://github.com/HTNam1710/ADS_Final/blob/main/Data/diem_chuan_2024_final.csv
DDB,7720201,Dược học,A00; A02; B00,21,Điểm thi THPT,,2024,https://github.com/HTNam1710/ADS_Final/blob/main/Data/diem_chuan_2024_final.csv
DDB,7720301,Điều dưỡng,A00; A02; B00,19,Điểm thi THPT,,2024,https://github.com/HTNam1710/ADS_Final/blob/main/Data/diem_chuan_2024_final.csv
DDB,7720401,Dinh dưỡng,A00; A02; B00,19,Điểm thi THPT,,2024,https://github.com/HTNam1710/ADS_Final/blob/main/Data/diem_chuan_2024_final.csv
DDB,7720601,Kỹ thuật xét nghiệm y học,A00; A02; B00,19,Điểm thi THPT,,2024,https://github.com/HTNam1710/ADS_Final/blob/main/Data/diem_chuan_2024_final.csv
DDB,7720602,Kỹ thuật hình ảnh y học,A00; A02; B00,19,Điểm thi THPT,,2024,https://github.com/HTNam1710/ADS_Final/blob/main/Data/diem_chuan_2024_final.csv
DDB,7810103,Quản trị dịch vụ du lịch và lữ hành,A00; A01; C00; D01,14,Điểm thi THPT,,2024,https://github.com/HTNam1710/ADS_Final/blob/main/Data/diem_chuan_2024_final.csv
DDB,7810201,Quản trị khách sạn,A00; A01; C00; D01,14,Điểm thi THPT,,2024,https://github.com/HTNam1710/ADS_Final/blob/main/Data/diem_chuan_2024_final.csv
DDB,7850103,Quản lý đất đai,A00; B00; D01; A04,14,Điểm thi THPT,,2024,https://github.com/HTNam1710/ADS_Final/blob/main/Data/diem_chuan_2024_final.csv
DHA,7380101,Luật,A00; C00; C20; D66,21,Điểm thi THPT,,2024,https://github.com/HTNam1710/ADS_Final/blob/main/Data/diem_chuan_2024_final.csv
DHA,7380107,Luật Kinh tế,A00; C00; C20; D01,21,Điểm thi THPT,,2024,https://github.com/HTNam1710/ADS_Final/blob/main/Data/diem_chuan_2024_final.csv
DYD,7220201,Ngôn ngữ Anh,A01; D01; D14; D15,17,Điểm thi THPT,,2024,https://github.com/HTNam1710/ADS_Final/blob/main/Data/diem_chuan_2024_final.csv
DYD,7310401,Tâm lý học,A00; B00; C00; D01,17,Điểm thi THPT,,2024,https://github.com/HTNam1710/ADS_Final/blob/main/Data/diem_chuan_2024_final.csv
DYD,7310608,Đông phương học,A01; C00; D01; D15,17,Điểm thi THPT,,2024,https://github.com/HTNam1710/ADS_Final/blob/main/Data/diem_chuan_2024_final.csv
DYD,7320108,Quan hệ công chúng,A00; A01; C00; D01,17,Điểm thi THPT,,2024,https://github.com/HTNam1710/ADS_Final/blob/main/Data/diem_chuan_2024_final.csv
DYD,7340101,Quản trị kinh doanh,A00; A01; C00; D01,17,Điểm thi THPT,,2024,https://github.com/HTNam1710/ADS_Final/blob/main/Data/diem_chuan_2024_final.csv
DYD,7380107,Luật kinh tế,A00; C00; C20; D01,17,Điểm thi THPT,,2024,https://github.com/HTNam1710/ADS_Final/blob/main/Data/diem_chuan_2024_final.csv
DYD,7420201,Công nghệ sinh học,A00; A01; B00; D01,17,Điểm thi THPT,,2024,https://github.com/HTNam1710/ADS_Final/blob/main/Data/diem_chuan_2024_final.csv
DYD,7480201,Công nghệ thông tin,A00; A01; D01; K01,17,Điểm thi THPT,,2024,https://github.com/HTNam1710/ADS_Final/blob/main/Data/diem_chuan_2024_final.csv
DYD,7510205,Công nghệ kỹ thuật ô tô,A00; A01; C01; D01,17,Điểm thi THPT,,2024,https://github.com/HTNam1710/ADS_Final/blob/main/Data/diem_chuan_2024_final.csv
DYD,7520114,Kỹ thuật cơ điện tử,A00; A01; C01; D01,17,Điểm thi THPT,,2024,https://github.com/HTNam1710/ADS_Final/blob/main/Data/diem_chuan_2024_final.csv
DYD,7540101,Công nghệ thực phẩm,A00; B00; C08; D07,17,Điểm thi THPT,,2024,https://github.com/HTNam1710/ADS_Final/blob/main/Data/diem_chuan_2024_final.csv
DYD,7580101,Kiến trúc,A01; C01; H01; V00,17,Điểm thi THPT,,2024,https://github.com/HTNam1710/ADS_Final/blob/main/Data/diem_chuan_2024_final.csv
DYD,7580108,Thiết kế nội thất,A01; C01; H01; V00,17,Điểm thi THPT,,2024,https://github.com/HTNam1710/ADS_Final/blob/main/Data/diem_chuan_2024_final.csv
DYD,7720201,Dược học,A00; A01; B00; D07,21,Điểm thi THPT,,2024,https://github.com/HTNam1710/ADS_Final/blob/main/Data/diem_chuan_2024_final.csv
DYD,7720301,Điều dưỡng,A01; B00; D01; D08,19,Điểm thi THPT,,2024,https://github.com/HTNam1710/ADS_Final/blob/main/Data/diem_chuan_2024_final.csv
DYD,7810103,Quản trị dịch vụ du lịch và lữ hành,A00; C00; D01; D15,17,Điểm thi THPT,,2024,https://github.com/HTNam1710/ADS_Final/blob/main/Data/diem_chuan_2024_final.csv
TDD,7140101,Giáo dục học,A00; C00; D01; D14,16.5,Điểm thi THPT,,2024,https://github.com/HTNam1710/ADS_Final/blob/main/Data/diem_chuan_2024_final.csv
TDD,7220201,Ngôn ngữ Anh,D01; D07; D14; D15,17,Điểm thi THPT,,2024,https://github.com/HTNam1710/ADS_Final/blob/main/Data/diem_chuan_2024_final.csv
TDD,7220204,Ngôn ngữ Trung Quốc,C00; D01; D14; D15,17,Điểm thi THPT,,2024,https://github.com/HTNam1710/ADS_Final/blob/main/Data/diem_chuan_2024_final.csv
TDD,7310630,Việt Nam học,A00; A01; C00; D01,17,Điểm thi THPT,,2024,https://github.com/HTNam1710/ADS_Final/blob/main/Data/diem_chuan_2024_final.csv
TDD,7340101,Quản trị kinh doanh,A00; A01; C00; D01,17,Điểm thi THPT,,2024,https://github.com/HTNam1710/ADS_Final/blob/main/Data/diem_chuan_2024_final.csv
TDD,7340301,Kế toán,A00; A01; B00; D01,17,Điểm thi THPT,,2024,https://github.com/HTNam1710/ADS_Final/blob/main/Data/diem_chuan_2024_final.csv
TDD,7340406,Quản trị văn phòng,A00; A01; C00; D01,17,Điểm thi THPT,,2024,https://github.com/HTNam1710/ADS_Final/blob/main/Data/diem_chuan_2024_final.csv
TDD,7380101,Luật,A00; A01; C00; D01,17,Điểm thi THPT,,2024,https://github.com/HTNam1710/ADS_Final/blob/main/Data/diem_chuan_2024_final.csv
TDD,7480201,Công nghệ thông tin,A00; A01; B00; D01,17,Điểm thi THPT,,2024,https://github.com/HTNam1710/ADS_Final/blob/main/Data/diem_chuan_2024_final.csv
TDD,7510205,Công nghệ kỹ thuật ô tô,A00; A01; B00; D01,17,Điểm thi THPT,,2024,https://github.com/HTNam1710/ADS_Final/blob/main/Data/diem_chuan_2024_final.csv
TDD,7510301,Công nghệ kỹ thuật điện - điện tử,A00; A01; B00; D01,16.5,Điểm thi THPT,,2024,https://github.com/HTNam1710/ADS_Final/blob/main/Data/diem_chuan_2024_final.csv
TDD,7720201,Dược học,A00; A11; B00; D07,21,Điểm thi THPT,,2024,https://github.com/HTNam1710/ADS_Final/blob/main/Data/diem_chuan_2024_final.csv
TDD,7810201,Quản trị khách sạn,A00; A01; C00; D01,17,Điểm thi THPT,,2024,https://github.com/HTNam1710/ADS_Final/blob/main/Data/diem_chuan_2024_final.csv
DBD,7220201,Ngôn ngữ Anh,A01; D01; D10; D66,15,Điểm thi THPT,,2024,https://github.com/HTNam1710/ADS_Final/blob/main/Data/diem_chuan_2024_final.csv
DBD,7310301,Xã hội học - Truyền thông đa phương tiện - Quan hệ công chúng,A01; A09; C00; D01,15,Điểm thi THPT,,2024,https://github.com/HTNam1710/ADS_Final/blob/main/Data/diem_chuan_2024_final.csv
DBD,7310613,Nhật Bản học,A01; A09; C00; D15,15,Điểm thi THPT,,2024,https://github.com/HTNam1710/ADS_Final/blob/main/Data/diem_chuan_2024_final.csv
DBD,7310614,Hàn Quốc học,A01; A09; C00; D15,15,Điểm thi THPT,,2024,https://github.com/HTNam1710/ADS_Final/blob/main/Data/diem_chuan_2024_final.csv
DBD,7340101,Quản trị kinh doanh Chuyên ngành - Quản trị doanh nghiệp - Quản trị Logistics - Digital Marketing,A01; A09; C00; D01,15,Điểm thi THPT,,2024,https://github.com/HTNam1710/ADS_Final/blob/main/Data/diem_chuan_2024_final.csv
DBD,7340201,Tài chính - Ngân hàng,A01; A09; C00; D01,15,Điểm thi THPT,,2024,https://github.com/HTNam1710/ADS_Final/blob/main/Data/diem_chuan_2024_final.csv
DBD,7340301,Kế toán,A01; A09; C00; D01,15,Điểm thi THPT,,2024,https://github.com/HTNam1710/ADS_Final/blob/main/Data/diem_chuan_2024_final.csv
DBD,7380101,Luật,A01; A09; C00; D01,15,Điểm thi THPT,,2024,https://github.com/HTNam1710/ADS_Final/blob/main/Data/diem_chuan_2024_final.csv
DBD,7380107,Luật kinh tế,A01; A09; C00; D01,15,Điểm thi THPT,,2024,https://github.com/HTNam1710/ADS_Final/blob/main/Data/diem_chuan_2024_final.csv
DBD,7480201,Công nghệ thông tin Chuyên ngành - Robot và Trí tuệ nhân tạo -Kỹ thuật phần mềm - Hệ thống thông tin - Mạng máy tính & An toàn thông tin,A00; A09; D01; K01,15,Điểm thi THPT,,2024,https://github.com/HTNam1710/ADS_Final/blob/main/Data/diem_chuan_2024_final.csv
DBD,7510102,Công nghệ kỹ thuật công trình xây dựng,A00; A09; V00; V01,15,Điểm thi THPT,,2024,https://github.com/HTNam1710/ADS_Final/blob/main/Data/diem_chuan_2024_final.csv
DBD,7510205,Công nghệ kỹ thuật ô tô,A00; A01; A02; A09,15,Điểm thi THPT,,2024,https://github.com/HTNam1710/ADS_Final/blob/main/Data/diem_chuan_2024_final.csv
DBD,7510301,"Công nghệ kỹ thuật điện, điện tử",A00; A02; A09; D01,15,Điểm thi THPT,,2024,https://github.com/HTNam1710/ADS_Final/blob/main/Data/diem_chuan_2024_final.csv
DBD,7510605,Logistics và Quản lý chuỗi cung ứng,A00; A09; C00; D01,15,Điểm thi THPT,,2024,https://github.com/HTNam1710/ADS_Final/blob/main/Data/diem_chuan_2024_final.csv
DBD,7540101,Công nghệ thực phẩm,A00; A09; B00; D07,15,Điểm thi THPT,,2024,https://github.com/HTNam1710/ADS_Final/blob/main/Data/diem_chuan_2024_final.csv
DBD,7580101,Kiến trúc,A00; A09; V00; V01,15,Điểm thi THPT,,2024,https://github.com/HTNam1710/ADS_Final/blob/main/Data/diem_chuan_2024_final.csv
DBD,7720201,Dược học,A00; B00; C08; D07,21,Điểm thi THPT,,2024,https://github.com/HTNam1710/ADS_Final/blob/main/Data/diem_chuan_2024_final.csv
DBD,7720203,Hóa dược - Phân tích và kiểm nghiệm - Bào chế và phát triển thuốc,A00; B00; C08; D07,15,Điểm thi THPT,,2024,https://github.com/HTNam1710/ADS_Final/blob/main/Data/diem_chuan_2024_final.csv
DTV,7220201,Ngôn ngữ Anh,D01; D07; D14; C00,15,Điểm thi THPT,,2024,https://github.com/HTNam1710/ADS_Final/blob/main/Data/diem_chuan_2024_final.csv
DTV,7340101,Quản trị kinh doanh,A00; A01; C01,15,Điểm thi THPT,,2024,https://github.com/HTNam1710/ADS_Final/blob/main/Data/diem_chuan_2024_final.csv
DTV,7340201,Tài chính - Ngân hàng,A00; A01; C01,15,Điểm thi THPT,,2024,https://github.com/HTNam1710/ADS_Final/blob/main/Data/diem_chuan_2024_final.csv
DTV,7340301,Kế toán,A00; A01; C01,15,Điểm thi THPT,,2024,https://github.com/HTNam1710/ADS_Final/blob/main/Data/diem_chuan_2024_final.csv
DTV,7480201,Kỹ sư công nghệ thông tin,A00; A01; C01,15,Điểm thi THPT,,2024,https://github.com/HTNam1710/ADS_Final/blob/main/Data/diem_chuan_2024_final.csv
DTV,7510301,"Công nghệ kỹ thuật điện, điện tử",A00; A01; C01,15,Điểm thi THPT,,2024,https://github.com/HTNam1710/ADS_Final/blob/main/Data/diem_chuan_2024_final.csv
DTV,7580201,Kỹ thuật xây dựng,A00; A01; C01,15,Điểm thi THPT,,2024,https://github.com/HTNam1710/ADS_Final/blob/main/Data/diem_chuan_2024_final.csv
DTV,7580205,Kỹ thuật xây dựng công trình giao thông,A00; A01; C01,15,Điểm thi THPT,,2024,https://github.com/HTNam1710/ADS_Final/blob/main/Data/diem_chuan_2024_final.csv
DTV,7640101,Bác sĩ thú y,B00; A02; A03,15,Điểm thi THPT,,2024,https://github.com/HTNam1710/ADS_Final/blob/main/Data/diem_chuan_2024_final.csv
DTV,7720115,Y học cổ truyền,A00; B00; D07; D08,21,Điểm thi THPT,,2024,https://github.com/HTNam1710/ADS_Final/blob/main/Data/diem_chuan_2024_final.csv
VJU,7310613,Nhật Bản học,A01; D28; D01; D06; D14; D63; D78; D81,21,Điểm thi THPT,,2024,https://github.com/HTNam1710/ADS_Final/blob/main/Data/diem_chuan_2024_final.csv
VJU,7480204,Khoa học và Kỹ thuật máy tính,A00; A01; D28; D07; D23; D08; D33,20.75,Điểm thi THPT,,2024,https://github.com/HTNam1710/ADS_Final/blob/main/Data/diem_chuan_2024_final.csv
VJU,7520114,Kỳ thuật cơ điện tử (Cơ điện tử thông minh và sản xuất theo phuơng thức Nhật Bản),A00; A01; D28; D07; D23; D01; D06,20,Điểm thi THPT,,2024,https://github.com/HTNam1710/ADS_Final/blob/main/Data/diem_chuan_2024_final.csv
VJU,7540118QTD,Công nghệ thực phẩm và sức khỏe,A00; B00; A01; D28; D01; D06,20,Điểm thi THPT,,2024,https://github.com/HTNam1710/ADS_Final/blob/main/Data/diem_chuan_2024_final.csv
VJU,7580201,Kỹ thuật xây dựng,A00; A01; D28; D07; D23; D01; D06,20,Điểm thi THPT,,2024,https://github.com/HTNam1710/ADS_Final/blob/main/Data/diem_chuan_2024_final.csv
VJU,7620122,Nông nghiệp thông minh và bền vững,A00; B00; A01; D28; D01; D06,20,Điểm thi THPT,,2024,https://github.com/HTNam1710/ADS_Final/blob/main/Data/diem_chuan_2024_final.csv
BVU,7220201,Ngôn ngữ Anh,A01; D01; D15; D66,15,Điểm thi THPT,"CTC, NN Anh/Hàn/Nhật/Trung",2024,https://github.com/HTNam1710/ADS_Final/blob/main/Data/diem_chuan_2024_final.csv
BVU,7220201C1,Tiêng Anh biên - phiên dịch (ngành Ngôn ngữ Anh),A01; D01; D15; D66,15,Điểm thi THPT,"CTC, NN Anh/Hàn/Nhật/Trung",2024,https://github.com/HTNam1710/ADS_Final/blob/main/Data/diem_chuan_2024_final.csv
BVU,7220201C2,Tiếng Anh du lịch - thương mại (ngành Ngôn ngữ Anh),A01; D01; D15; D66,15,Điểm thi THPT,"CTC, NN Anh/Hàn/Nhật/Trung",2024,https://github.com/HTNam1710/ADS_Final/blob/main/Data/diem_chuan_2024_final.csv
BVU,7220201C3,Phương pháp giảng dạy tiếng Anh (ngành Ngôn ngữ Anh),A01; D01; D15; D66,15,Điểm thi THPT,"CTC, NN Anh/Hàn/Nhật/Trung",2024,https://github.com/HTNam1710/ADS_Final/blob/main/Data/diem_chuan_2024_final.csv
BVU,7220201CT,Lý luận và PP dạy học bộ môn tiếng Anh (nhận bằng Cử nhân ngành Ngôn ngữ Anh),A01; D01; D15; D66,15,Điểm thi THPT,CTC nhận 2 bằng cử nhân và thạc sĩ,2024,https://github.com/HTNam1710/ADS_Final/blob/main/Data/diem_chuan_2024_final.csv
BVU,7220204,Ngôn ngữ Trung Quốc,A01; C00; D01; D14,15,Điểm thi THPT,"CTC, NN Anh/Hàn/Nhật/Trung",2024,https://github.com/HTNam1710/ADS_Final/blob/main/Data/diem_chuan_2024_final.csv
BVU,7220204C1,Tiếng Trung biên - phiên dịch (ngành Ngôn ngữ Trung Quốc),A01; C00; D01; D14,15,Điểm thi THPT,"CTC, NN Anh/Hàn/Nhật/Trung",2024,https://github.com/HTNam1710/ADS_Final/blob/main/Data/diem_chuan_2024_final.csv
BVU,7220204C2,Tiếng Trung du lịch - thương mại (ngành Ngôn ngữ Trung Quốc),A01; C00; D01; D14,15,Điểm thi THPT,"CTC, NN Anh/Hàn/Nhật/Trung",2024,https://github.com/HTNam1710/ADS_Final/blob/main/Data/diem_chuan_2024_final.csv
BVU,7220204C3,Phương pháp giảng dạy tiếng Trung (ngành Ngôn ngữ Trung Quốc),A01; C00; D01; D14,15,Điểm thi THPT,"CTC, NN Anh/Hàn/Nhật/Trung",2024,https://github.com/HTNam1710/ADS_Final/blob/main/Data/diem_chuan_2024_final.csv
BVU,7310401,Tâm lý học,A01; C00; C20; D01,15,Điểm thi THPT,"CTC học Tiếng Việt, NN Tiếng Anh",2024,https://github.com/HTNam1710/ADS_Final/blob/main/Data/diem_chuan_2024_final.csv
BVU,7310401C1,Tham vấn và trị liệu tâm lý (ngành Tâm lý học),A01; C00; C20; D01,15,Điểm thi THPT,"CTC học Tiếng Việt, NN Tiếng Anh",2024,https://github.com/HTNam1710/ADS_Final/blob/main/Data/diem_chuan_2024_final.csv
BVU,73106080,Ngôn ngữ và văn hóa Hàn Quốc (ngành Đông phương học),A01; C00; D01; D14,15,Điểm thi THPT,"CTC, NN Anh/Hàn/Nhật/Trung",2024,https://github.com/HTNam1710/ADS_Final/blob/main/Data/diem_chuan_2024_final.csv
BVU,7310608C2,Ngôn ngữ và văn hóa Nhật Bản (ngành Đông phương học),A01; C00; D01; D14,15,Điểm thi THPT,"CTC, NN Anh/Hàn/Nhật/Trung",2024,https://github.com/HTNam1710/ADS_Final/blob/main/Data/diem_chuan_2024_final.csv
BVU,7310608CT1,Đông phương học (Ngôn ngữ và văn hóa Nhật Bản),A01; D01; D15; D66,15,Điểm thi THPT,CTC nhận 2 bằng cử nhân và thạc sĩ,2024,https://github.com/HTNam1710/ADS_Final/blob/main/Data/diem_chuan_2024_final.csv
BVU,7310608CT2,Đông phương học (Ngôn ngữ và văn hóa Hàn Quốc),A01; D01; D15; D66,15,Điểm thi THPT,CTC nhận 2 bằng cử nhân và thạc sĩ,2024,https://github.com/HTNam1710/ADS_Final/blob/main/Data/diem_chuan_2024_final.csv
BVU,7310608NB,Ngôn ngữ và văn hóa Nhật Bản (ngành Đông phương học),C00; C19; D01; D06,15,Điểm thi THPT,"CTC học Tiếng Việt, NN Tiếng Nhật",2024,https://github.com/HTNam1710/ADS_Final/blob/main/Data/diem_chuan_2024_final.csv
BVU,7340101,Quản trị kinh doanh,A00; A01; C00; D01,15,Điểm thi THPT,"CTC học Tiếng Việt, NN Tiếng Anh",2024,https://github.com/HTNam1710/ADS_Final/blob/main/Data/diem_chuan_2024_final.csv
BVU,73401010,Quản trị doanh nghiệp (ngành Quản trị kinh doanh),A00; A01; C00; D01,15,Điểm thi THPT,"CTC học Tiếng Việt, NN Tiếng Anh",2024,https://github.com/HTNam1710/ADS_Final/blob/main/Data/diem_chuan_2024_final.csv
BVU,7340101C2,Quản trị kinh doanh bất động sản (ngành Quản trị kinh doanh),A00; A01; C00; D01,15,Điểm thi THPT,"CTC học Tiếng Việt, NN Tiếng Anh",2024,https://github.com/HTNam1710/ADS_Final/blob/main/Data/diem_chuan_2024_final.csv
BVU,7340101C3,Quản trị nguồn nhân lực (ngành Quản trị kinh doanh),A00; A01; C00; D01,15,Điểm thi THPT,"CTC học Tiếng Việt, NN Tiếng Anh",2024,https://github.com/HTNam1710/ADS_Final/blob/main/Data/diem_chuan_2024_final.csv
BVU,7340101C4,Quản trị truyền thông đa phương tiện (ngành Quản trị kinh doanh),A00; A01; C00; D01,15,Điểm thi THPT,"CTC học Tiếng Việt, NN Tiếng Anh",2024,https://github.com/HTNam1710/ADS_Final/blob/main/Data/diem_chuan_2024_final.csv
BVU,7340101CT,Quản trị kinh doanh,A01; A01; C00; D01,15,Điểm thi THPT,CTC nhận 2 bằng cử nhân và thạc sĩ,2024,https://github.com/HTNam1710/ADS_Final/blob/main/Data/diem_chuan_2024_final.csv
BVU,7340101QA,Quản trị kinh doanh & Ngôn ngữ Anh,A01; D01; D15; D66,15,Điểm thi THPT,CTC nhận cùng lúc 2 bằng cử nhân,2024,https://github.com/HTNam1710/ADS_Final/blob/main/Data/diem_chuan_2024_final.csv
BVU,7340101QL,Quản trị kinh doanh & Luật,A00; A01; C19; D01,15,Điểm thi THPT,CTC nhận cùng lúc 2 bằng cử nhân,2024,https://github.com/HTNam1710/ADS_Final/blob/main/Data/diem_chuan_2024_final.csv
BVU,7340115,Marketing,A00; A01; C00; D01,15,Điểm thi THPT,"CTC học Tiếng Việt, NN Tiếng Anh",2024,https://github.com/HTNam1710/ADS_Final/blob/main/Data/diem_chuan_2024_final.csv
BVU,73401150,Marketing và tổ chức sự kiện (ngành Marketing),A00; A01; C00; D01,15,Điểm thi THPT,"CTC học Tiếng Việt, NN Tiếng Anh",2024,https://github.com/HTNam1710/ADS_Final/blob/main/Data/diem_chuan_2024_final.csv
BVU,7340115C2,Digital marketing (ngành Marketing),A00; A01; C00; D01,15,Điểm thi THPT,"CTC học Tiếng Việt, NN Tiếng Anh",2024,https://github.com/HTNam1710/ADS_Final/blob/main/Data/diem_chuan_2024_final.csv
BVU,7340120,Kinh doanh quốc tế,A00; A01; C00; D01,15,Điểm thi THPT,"CTC học Tiếng Việt, NN Tiếng Anh",2024,https://github.com/HTNam1710/ADS_Final/blob/main/Data/diem_chuan_2024_final.csv
BVU,7340120C1,Thương mại quốc tế & Kinh doanh trực tuyến (ngành Kinh doanh quốc tế),A00; A01; C00; D01,15,Điểm thi THPT,"CTC học Tiếng Việt, NN Tiếng Anh",2024,https://github.com/HTNam1710/ADS_Final/blob/main/Data/diem_chuan_2024_final.csv
BVU,7340120KA,Kinh doanh quốc tế & Ngôn ngữ Anh,A01; D01; D15; D66,15,Điểm thi THPT,CTC nhận cùng lúc 2 bằng cử nhân,2024,https://github.com/HTNam1710/ADS_Final/blob/main/Data/diem_chuan_2024_final.csv
BVU,7340120KL,Kinh doanh quốc tế & Luật,A00; A01; C19; D01,15,Điểm thi THPT,CTC nhận cùng lúc 2 bằng cử nhân,2024,https://github.com/HTNam1710/ADS_Final/blob/main/Data/diem_chuan_2024_final.csv
BVU,7340201,Tài chính - Ngân hàng,A00; A01; C00; D01,15,Điểm thi THPT,"CTC học Tiếng Việt, NN Tiếng Anh",2024,https://github.com/HTNam1710/ADS_Final/blob/main/Data/diem_chuan_2024_final.csv
BVU,7340201C1,Tài chính doanh nghiệp (ngành Tài chính - Ngân hàng),A00; A01; C00; D01,15,Điểm thi THPT,"CTC học Tiếng Việt, NN Tiếng Anh",2024,https://github.com/HTNam1710/ADS_Final/blob/main/Data/diem_chuan_2024_final.csv
BVU,7340201TL,Tài chính ngân hàng & Luật,A00; A01; C19; D01,15,Điểm thi THPT,CTC nhận cùng lúc 2 bằng cử nhân,2024,https://github.com/HTNam1710/ADS_Final/blob/main/Data/diem_chuan_2024_final.csv
BVU,7340301,Kế toán,A00; A01; C00; D01,15,Điểm thi THPT,"CTC học Tiếng Việt, NN Tiếng Anh",2024,https://github.com/HTNam1710/ADS_Final/blob/main/Data/diem_chuan_2024_final.csv
BVU,7340301C1,Kế toán tài chính (ngành Kế toán),A00; A01; C00; D01,15,Điểm thi THPT,"CTC học Tiếng Việt, NN Tiếng Anh",2024,https://github.com/HTNam1710/ADS_Final/blob/main/Data/diem_chuan_2024_final.csv
BVU,7340301C2,Kế toán kiểm toán (ngành Kế toán),A00; A01; C00; D01,15,Điểm thi THPT,"CTC học Tiếng Việt, NN Tiếng Anh",2024,https://github.com/HTNam1710/ADS_Final/blob/main/Data/diem_chuan_2024_final.csv
BVU,7340301KL,Kế toán & Luật,A00; A01; C19; D01,15,Điểm thi THPT,CTC nhận cùng lúc 2 bằng cử nhân,2024,https://github.com/HTNam1710/ADS_Final/blob/main/Data/diem_chuan_2024_final.csv
BVU,7340301TN,Kế toán (ACCA cấp Chứng chỉ Lập báo cáo tài chính quốc tế),A00; A01; C00; D01,20,Điểm thi THPT,"CT Cử nhân tài năng, học song ngữ Việt - Anh",2024,https://github.com/HTNam1710/ADS_Final/blob/main/Data/diem_chuan_2024_final.csv
BVU,7380101,Luật,A01; C00; C20; D01,15,Điểm thi THPT,"CTC học Tiếng Việt, NN Tiếng Anh",2024,https://github.com/HTNam1710/ADS_Final/blob/main/Data/diem_chuan_2024_final.csv
BVU,7380101 LA,Luật & Ngôn ngữ Anh,A01; C00; C20; D01,15,Điểm thi THPT,CTC nhận cùng lúc 2 bằng cử nhân,2024,https://github.com/HTNam1710/ADS_Final/blob/main/Data/diem_chuan_2024_final.csv
BVU,7380101C1,Luật kinh tế và dân sự (ngành Luật),A01; C00; C20; D01,15,Điểm thi THPT,"CTC học Tiếng Việt, NN Tiếng Anh",2024,https://github.com/HTNam1710/ADS_Final/blob/main/Data/diem_chuan_2024_final.csv
BVU,7380101CT,Luật (dự kiến),A00; C00; C20; D01,15,Điểm thi THPT,CTC nhận 2 bằng cử nhân và thạc sĩ,2024,https://github.com/HTNam1710/ADS_Final/blob/main/Data/diem_chuan_2024_final.csv
BVU,7480201,Công nghệ thông tin,A00; A01; C00; D01,15,Điểm thi THPT,"CTC học Tiếng Việt, NN Tiếng Anh",2024,https://github.com/HTNam1710/ADS_Final/blob/main/Data/diem_chuan_2024_final.csv
BVU,7480201C1,Kỹ thuật phần mềm (ngành Công nghệ thông tin),A00; A01; C00; D01,15,Điểm thi THPT,"CTC học Tiếng Việt, NN Tiếng Anh",2024,https://github.com/HTNam1710/ADS_Final/blob/main/Data/diem_chuan_2024_final.csv
BVU,7480201C2,Lập trình ứng dụng di động và game (ngành Công nghệ thông tin),A00; A01; C00; D01,15,Điểm thi THPT,"CTC học Tiếng Việt, NN Tiếng Anh",2024,https://github.com/HTNam1710/ADS_Final/blob/main/Data/diem_chuan_2024_final.csv
BVU,7480201C3,Quản trị mạng và an toàn thông tin (ngành Công nghệ thông tin),A00; A01; C00; D01,15,Điểm thi THPT,"CTC học Tiếng Việt, NN Tiếng Anh",2024,https://github.com/HTNam1710/ADS_Final/blob/main/Data/diem_chuan_2024_final.csv
BVU,7480201CT,Công nghệ thông tin,A00; A01; C01; D01,15,Điểm thi THPT,CTC nhận 2 bằng cử nhân và thạc sĩ,2024,https://github.com/HTNam1710/ADS_Final/blob/main/Data/diem_chuan_2024_final.csv
BVU,7510102,Công nghệ kỹ thuật công trình xây dựng,A00; A01; C00; D01,15,Điểm thi THPT,"CTC học Tiếng Việt, NN Tiếng Anh",2024,https://github.com/HTNam1710/ADS_Final/blob/main/Data/diem_chuan_2024_final.csv
BVU,7510102NB,Công nghệ kỹ thuật công trình xây dựng,A00; A01; C01; D01,15,Điểm thi THPT,"CTC học Tiếng Việt, NN Tiếng Nhật",2024,https://github.com/HTNam1710/ADS_Final/blob/main/Data/diem_chuan_2024_final.csv
BVU,7510201,Công nghệ kỹ thuật cơ khí,A00; A01; C00; D01,15,Điểm thi THPT,"CTC học Tiếng Việt, NN Tiếng Anh",2024,https://github.com/HTNam1710/ADS_Final/blob/main/Data/diem_chuan_2024_final.csv
BVU,7510201NB,Công nghệ kỹ thuật cơ khí,A00; A01; C01; D01,15,Điểm thi THPT,"CTC học Tiếng Việt, NN Tiếng Nhật",2024,https://github.com/HTNam1710/ADS_Final/blob/main/Data/diem_chuan_2024_final.csv
BVU,7510205,Công nghệ kỹ thuật ô tô,A00; A01; C00; D01,15,Điểm thi THPT,"CTC học Tiếng Việt, NN Tiếng Anh",2024,https://github.com/HTNam1710/ADS_Final/blob/main/Data/diem_chuan_2024_final.csv
BVU,7510205NB,Công nghệ kỹ thuật ô tô,A00; A01; C01; D01,15,Điểm thi THPT,"CTC học Tiếng Việt, NN Tiếng Nhật",2024,https://github.com/HTNam1710/ADS_Final/blob/main/Data/diem_chuan_2024_final.csv
BVU,7510301,"Công nghệ kỹ thuật điện, điện tử",A00; A01; C00; D01,15,Điểm thi THPT,"CTC học Tiếng Việt, NN Tiếng Anh",2024,https://github.com/HTNam1710/ADS_Final/blob/main/Data/diem_chuan_2024_final.csv
BVU,7510301C1,"Kỹ thuật điện (ngành Công nghệ kỹ thuật điện, điện tử)",A00; A01; C00; D01,15,Điểm thi THPT,"CTC học Tiếng Việt, NN Tiếng Anh",2024,https://github.com/HTNam1710/ADS_Final/blob/main/Data/diem_chuan_2024_final.csv
BVU,7510301C2,"Điều khiển và tự động hóa (ngành Công nghệ kỹ thuật điện, điện tử)",A00; A01; C00; D01,15,Điểm thi THPT,"CTC học Tiếng Việt, NN Tiếng Anh",2024,https://github.com/HTNam1710/ADS_Final/blob/main/Data/diem_chuan_2024_final.csv
BVU,7510301NB,"Công nghệ kỹ thuật điện, điện tử",A00; A01; C01; D01,15,Điểm thi THPT,"CTC học Tiếng Việt, NN Tiếng Nhật",2024,https://github.com/HTNam1710/ADS_Final/blob/main/Data/diem_chuan_2024_final.csv
BVU,7510605,Logistics và Quản lý chuỗi cung ứng,A00; A01; C00; D01,15,Điểm thi THPT,"CTC học Tiếng Việt, NN Tiếng Anh",2024,https://github.com/HTNam1710/ADS_Final/blob/main/Data/diem_chuan_2024_final.csv
BVU,7510605C1,Logistics cảng biển - Xuất nhập khẩu - Giao nhận vận tải quốc tế (ngành Logistics và Quản lý chuỗi cung ứng),A00; A01; C00; D01,15,Điểm thi THPT,"CTC học Tiếng Việt, NN Tiếng Anh",2024,https://github.com/HTNam1710/ADS_Final/blob/main/Data/diem_chuan_2024_final.csv
BVU,7510605C2,Logistics cảng hàng không - Xuất nhập khẩu - Giao nhận vận tải quốc tế (ngành Logistics và Quản lý chuỗi cung ứng),A00; A01; C00; D01,15,Điểm thi THPT,"CTC học Tiếng Việt, NN Tiếng Anh",2024,https://github.com/HTNam1710/ADS_Final/blob/main/Data/diem_chuan_2024_final.csv
BVU,7510605CT1,Logistics và Quản lý chuỗi cung ứng,A01; A01; C00; D01,15,Điểm thi THPT,CTC nhận 2 bằng cử nhân và thạc sĩ,2024,https://github.com/HTNam1710/ADS_Final/blob/main/Data/diem_chuan_2024_final.csv
BVU,7510605CT2,Logistics và Quản lý chuỗi cung ứng (Quản lý Logistics cảng biển - XNK -Giao nhận vận tài quốc tế),A01; A01; C00; D01,15,Điểm thi THPT,CTC nhận 2 bằng cử nhân và thạc sĩ,2024,https://github.com/HTNam1710/ADS_Final/blob/main/Data/diem_chuan_2024_final.csv
BVU,7510605CT3,Logistics và quản lý chuỗi cung ứng (Quản lý Logistics cảng hàng không -XNK - Giao nhận vận tải quốc tế),A01; A01; C00; D01,15,Điểm thi THPT,CTC nhận 2 bằng cử nhân và thạc sĩ,2024,https://github.com/HTNam1710/ADS_Final/blob/main/Data/diem_chuan_2024_final.csv
BVU,7510605LA,Logistics và Quản lý chuỗi cung ứng & Ngôn ngữ Anh,A01; D01; D15; D66,15,Điểm thi THPT,CTC nhận cùng lúc 2 bằng cử nhân,2024,https://github.com/HTNam1710/ADS_Final/blob/main/Data/diem_chuan_2024_final.csv
BVU,7510605NB,Logistics và Ọuản lý chuỗi cung ứng,A00; A01; C00; D01,15,Điểm thi THPT,"CTC học Tiếng Việt, NN Tiếng Nhật",2024,https://github.com/HTNam1710/ADS_Final/blob/main/Data/diem_chuan_2024_final.csv
BVU,7510605TN,Logistics và Quản lý chuỗi cung ứng (FIATA cấp Chứng chỉ Giao nhận vận tải quốc tế),A00; A01; C00; D01,20,Điểm thi THPT,"CT Cử nhân tài năng, học song ngữ Việt - Anh",2024,https://github.com/HTNam1710/ADS_Final/blob/main/Data/diem_chuan_2024_final.csv
BVU,7720201,Dược học,A00; B00; B08; C08,21,Điểm thi THPT,"CTC học Tiếng Việt, NN Tiếng Anh",2024,https://github.com/HTNam1710/ADS_Final/blob/main/Data/diem_chuan_2024_final.csv
BVU,7720301,Điều dưỡng,A00; B00; B08; C08,19,Điểm thi THPT,"CTC học Tiếng Việt, NN Tiếng Anh",2024,https://github.com/HTNam1710/ADS_Final/blob/main/Data/diem_chuan_2024_final.csv
BVU,7720301NB,Điều dưỡng,A00; B00; B08; C08,19,Điểm thi THPT,"CTC học Tiếng Việt, NN Tiếng Nhật",2024,https://github.com/HTNam1710/ADS_Final/blob/main/Data/diem_chuan_2024_final.csv
BVU,7810103,Quản trị dịch vụ du lịch và lữ hành,A00; A01; C00; D01,15,Điểm thi THPT,"CTC học Tiếng Việt, NN Tiếng Anh",2024,https://github.com/HTNam1710/ADS_Final/blob/main/Data/diem_chuan_2024_final.csv
BVU,7810103DA,Quản trị dịch vụ du lịch và lữ hành & Ngôn ngữ Anh,A01; D01; D15; D66,15,Điểm thi THPT,CTC nhận cùng lúc 2 bằng cử nhân,2024,https://github.com/HTNam1710/ADS_Final/blob/main/Data/diem_chuan_2024_final.csv
BVU,7810201,Quản trị khách sạn,A00; A01; C00; D01,15,Điểm thi THPT,"CTC học Tiếng Việt, NN Tiếng Anh",2024,https://github.com/HTNam1710/ADS_Final/blob/main/Data/diem_chuan_2024_final.csv
BVU,78102010,Quản trị nhà hàng - khách sạn và dịch vụ ăn uống (ngành Quản trị khách sạn),A00; A01; C00; D01,15,Điểm thi THPT,"CTC học Tiếng Việt, NN Tiếng Anh",2024,https://github.com/HTNam1710/ADS_Final/blob/main/Data/diem_chuan_2024_final.csv
BVU,7810201C2,Quản trị du lịch - nhà hàng - khách sạn (ngành Quản trị khách sạn),A00; A01; C00; D01,15,Điểm thi THPT,"CTC học Tiếng Việt, NN Tiếng Anh",2024,https://github.com/HTNam1710/ADS_Final/blob/main/Data/diem_chuan_2024_final.csv
BVU,7810201QA,Quản trị khách sạn & Ngôn ngữ Anh,A01; D01; D15; D66,15,Điểm thi THPT,CTC nhận cùng lúc 2 bằng cử nhân,2024,https://github.com/HTNam1710/ADS_Final/blob/main/Data/diem_chuan_2024_final.csv
DHN,7140222,Sư phạm Mỹ thuật,H00,21,Điểm thi THPT,,2024,https://github.com/HTNam1710/ADS_Final/blob/main/Data/diem_chuan_2024_final.csv
DHN,7210103,Hội họa,H00,18.5,Điểm thi THPT,,2024,https://github.com/HTNam1710/ADS_Final/blob/main/Data/diem_chuan_2024_final.csv
DHN,7210105,Điêu khắc,H00,18.5,Điểm thi THPT,,2024,https://github.com/HTNam1710/ADS_Final/blob/main/Data/diem_chuan_2024_final.csv
DHN,7210403,Thiết kế Đồ họa,H00,18.5,Điểm thi THPT,,2024,https://github.com/HTNam1710/ADS_Final/blob/main/Data/diem_chuan_2024_final.csv
DHN,7210404,Thiết kế Thời trang,H00,18.5,Điểm thi THPT,,2024,https://github.com/HTNam1710/ADS_Final/blob/main/Data/diem_chuan_2024_final.csv
DHN,7580108,Thiết kế Nội thất,H00,18.5,Điểm thi THPT,,2024,https://github.com/HTNam1710/ADS_Final/blob/main/Data/diem_chuan_2024_final.csv
MIT,7220201,Ngôn ngữ Anh,A01; D01; D14; D15,15,Điểm thi THPT,,2024,https://github.com/HTNam1710/ADS_Final/blob/main/Data/diem_chuan_2024_final.csv
MIT,7220204,Ngôn ngữ Trung Quốc,A01; C00; D01; D15,15,Điểm thi THPT,,2024,https://github.com/HTNam1710/ADS_Final/blob/main/Data/diem_chuan_2024_final.csv
MIT,7310608,Đông phương học (chuyên ngành Hàn Quốc học),A01; C00; D01; D15,15,Điểm thi THPT,,2024,https://github.com/HTNam1710/ADS_Final/blob/main/Data/diem_chuan_2024_final.csv
MIT,7340101,Quản trị kinh doanh,A00; A01; C00; D01,15,Điểm thi THPT,,2024,https://github.com/HTNam1710/ADS_Final/blob/main/Data/diem_chuan_2024_final.csv
MIT,7340114,Digital marketing,A00; A01; C00; D01,15,Điểm thi THPT,,2024,https://github.com/HTNam1710/ADS_Final/blob/main/Data/diem_chuan_2024_final.csv
MIT,7340120,Kinh doanh quốc tế,A00; A01; C00; D01,15,Điểm thi THPT,,2024,https://github.com/HTNam1710/ADS_Final/blob/main/Data/diem_chuan_2024_final.csv
MIT,7340205,Công nghệ tài chính,A00; A01; C01; D01,15,Điểm thi THPT,,2024,https://github.com/HTNam1710/ADS_Final/blob/main/Data/diem_chuan_2024_final.csv
MIT,7340301,Kế toán,A00; A01; C01; D01,15,Điểm thi THPT,,2024,https://github.com/HTNam1710/ADS_Final/blob/main/Data/diem_chuan_2024_final.csv
MIT,7380107,Luật kinh tế,A00; A01; C00; D01,15,Điểm thi THPT,,2024,https://github.com/HTNam1710/ADS_Final/blob/main/Data/diem_chuan_2024_final.csv
MIT,7480201,Công nghệ thông tin,A00; A01; C01; D01,15,Điểm thi THPT,,2024,https://github.com/HTNam1710/ADS_Final/blob/main/Data/diem_chuan_2024_final.csv
MIT,7510205,Công nghệ kỹ thuật ô tô,A00; A01; C01; D01,15,Điểm thi THPT,,2024,https://github.com/HTNam1710/ADS_Final/blob/main/Data/diem_chuan_2024_final.csv
MIT,7510601,Quản lý công nghiệp,A00; A01; C00; D01,15,Điểm thi THPT,,2024,https://github.com/HTNam1710/ADS_Final/blob/main/Data/diem_chuan_2024_final.csv
MIT,7510605,Logistic và quản lý chuỗi cung ứng,A00; A01; C00; D01,15,Điểm thi THPT,,2024,https://github.com/HTNam1710/ADS_Final/blob/main/Data/diem_chuan_2024_final.csv
MIT,7640101,Thú y,A00; B00; C08; D07,15,Điểm thi THPT,,2024,https://github.com/HTNam1710/ADS_Final/blob/main/Data/diem_chuan_2024_final.csv
MIT,7720201,Dược học,A00; B00; C08; D07,21,Điểm thi THPT,,2024,https://github.com/HTNam1710/ADS_Final/blob/main/Data/diem_chuan_2024_final.csv
FPT,7220201,Ngôn ngữ Anh,A; B; C01; C02; C03; C04,21,Điểm thi THPT,,2024,https://github.com/HTNam1710/ADS_Final/blob/main/Data/diem_chuan_2024_final.csv
FPT,7220204,Ngôn ngữ Trung Quốc,A; B; C01; C02; C03; C04,21,Điểm thi THPT,,2024,https://github.com/HTNam1710/ADS_Final/blob/main/Data/diem_chuan_2024_final.csv
FPT,7220209,Ngôn ngữ Nhật,A; B; C01; C02; C03; C04,21,Điểm thi THPT,,2024,https://github.com/HTNam1710/ADS_Final/blob/main/Data/diem_chuan_2024_final.csv
FPT,7220210,Ngôn ngữ Hàn Quốc,A; B; C01; C02; C03; C04,21,Điểm thi THPT,,2024,https://github.com/HTNam1710/ADS_Final/blob/main/Data/diem_chuan_2024_final.csv
FPT,7320106,Công nghệ truyền thông,A; B; C01; C02; C03; C04,21,Điểm thi THPT,,2024,https://github.com/HTNam1710/ADS_Final/blob/main/Data/diem_chuan_2024_final.csv
FPT,7340101,Quản trị kinh doanh,A; B; C01; C02; C03; C04,21,Điểm thi THPT,,2024,https://github.com/HTNam1710/ADS_Final/blob/main/Data/diem_chuan_2024_final.csv
FPT,7480201,Công nghệ thông tin,A; B; C01; C02; C03; C04,21,Điểm thi THPT,,2024,https://github.com/HTNam1710/ADS_Final/blob/main/Data/diem_chuan_2024_final.csv
DKB,7220201,Ngôn ngữ Anh,C00; D01; D08; D10,14,Điểm thi THPT,,2024,https://github.com/HTNam1710/ADS_Final/blob/main/Data/diem_chuan_2024_final.csv
DKB,7220210,Ngôn ngữ Hàn Quốc,C00; D01; D10; D66,14,Điểm thi THPT,,2024,https://github.com/HTNam1710/ADS_Final/blob/main/Data/diem_chuan_2024_final.csv
DKB,7320108,Quan hệ công chúng,A00; A01; C01; D01,14,Điểm thi THPT,,2024,https://github.com/HTNam1710/ADS_Final/blob/main/Data/diem_chuan_2024_final.csv
DKB,7340101,Quản trị kinh doanh,A00; A01; C01; D01,14,Điểm thi THPT,,2024,https://github.com/HTNam1710/ADS_Final/blob/main/Data/diem_chuan_2024_final.csv
DKB,7340116,Marketing,A00; A01; C01; D01,14,Điểm thi THPT,,2024,https://github.com/HTNam1710/ADS_Final/blob/main/Data/diem_chuan_2024_final.csv
DKB,7340122,Thương mại điện tử,A00; A01; C01; D01,14,Điểm thi THPT,,2024,https://github.com/HTNam1710/ADS_Final/blob/main/Data/diem_chuan_2024_final.csv
DKB,7340201,Tài chính - Ngân hàng,A00; A01; C04; D01,14,Điểm thi THPT,,2024,https://github.com/HTNam1710/ADS_Final/blob/main/Data/diem_chuan_2024_final.csv
DKB,7340301,Kế toán,A00; A01; D01; D10,14,Điểm thi THPT,,2024,https://github.com/HTNam1710/ADS_Final/blob/main/Data/diem_chuan_2024_final.csv
DKB,7340406,Quản trị văn phòng,A00; A01; C03; D01,14,Điểm thi THPT,,2024,https://github.com/HTNam1710/ADS_Final/blob/main/Data/diem_chuan_2024_final.csv
DKB,7380101,Luật,A00; A01; C01; D01,14,Điểm thi THPT,,2024,https://github.com/HTNam1710/ADS_Final/blob/main/Data/diem_chuan_2024_final.csv
DKB,7480103,Kỹ thuật phần mềm,A00; A01; D01; D10,14,Điểm thi THPT,,2024,https://github.com/HTNam1710/ADS_Final/blob/main/Data/diem_chuan_2024_final.csv
DKB,7480201,Công nghệ thông tin,A00; A01; D01; D10,14,Điểm thi THPT,,2024,https://github.com/HTNam1710/ADS_Final/blob/main/Data/diem_chuan_2024_final.csv
DKB,7510205,Công nghệ kỹ thuật ô tô,A00; A01; C01; D01,14,Điểm thi THPT,,2024,https://github.com/HTNam1710/ADS_Final/blob/main/Data/diem_chuan_2024_final.csv
DKB,75102050,Công nghệ kỹ thuật ô tô điện,A00; A01; C01; D01,14,Điểm thi THPT,,2024,https://github.com/HTNam1710/ADS_Final/blob/main/Data/diem_chuan_2024_final.csv
DKB,7510301,"Công nghệ kỹ thuật điện, điện tử",A00; A01; C01; D01,14,Điểm thi THPT,,2024,https://github.com/HTNam1710/ADS_Final/blob/main/Data/diem_chuan_2024_final.csv
DKB,7720201,Dược học,A00; B00; D07,21,Điểm thi THPT,,2024,https://github.com/HTNam1710/ADS_Final/blob/main/Data/diem_chuan_2024_final.csv
DKB,7810202,Quản trị nhà hàng và dịch vụ ăn uống,A00; A01; C01; D01,14,Điểm thi THPT,,2024,https://github.com/HTNam1710/ADS_Final/blob/main/Data/diem_chuan_2024_final.csv
UEF,7210403,Thiết kế đồ họa,A00; A01; D01; C01,16,Điểm thi THPT,,2024,https://github.com/HTNam1710/ADS_Final/blob/main/Data/diem_chuan_2024_final.csv
UEF,7220201,Ngôn ngữ Anh,A01; D01; D14; D15,17,Điểm thi THPT,,2024,https://github.com/HTNam1710/ADS_Final/blob/main/Data/diem_chuan_2024_final.csv
UEF,7220204,Ngôn ngữ Trung Quốc,A01; D01; D14; D15,16,Điểm thi THPT,,2024,https://github.com/HTNam1710/ADS_Final/blob/main/Data/diem_chuan_2024_final.csv
UEF,7220209,Ngôn ngữ Nhật,A01; D01; D14; D15,16,Điểm thi THPT,,2024,https://github.com/HTNam1710/ADS_Final/blob/main/Data/diem_chuan_2024_final.csv
UEF,7220210,Ngôn ngữ Hàn Quốc,A01; D01; D14; D15,16,Điểm thi THPT,,2024,https://github.com/HTNam1710/ADS_Final/blob/main/Data/diem_chuan_2024_final.csv
UEF,7310106,Kinh tế quốc tế,A00; A01; D01; C00,20,Điểm thi THPT,,2024,https://github.com/HTNam1710/ADS_Final/blob/main/Data/diem_chuan_2024_final.csv
UEF,7310109,Kinh tế số,A00; A01; D01; C01,16,Điểm thi THPT,,2024,https://github.com/HTNam1710/ADS_Final/blob/main/Data/diem_chuan_2024_final.csv
UEF,7310206,Quan hệ quốc tế,A01; D01; D14; D15,21,Điểm thi THPT,,2024,https://github.com/HTNam1710/ADS_Final/blob/main/Data/diem_chuan_2024_final.csv
UEF,7310401,Tâm lý học,D01; C00; D14; D15,16,Điểm thi THPT,,2024,https://github.com/HTNam1710/ADS_Final/blob/main/Data/diem_chuan_2024_final.csv
UEF,7320104,Truyền thông đa phương tiện,A00; A01; D01; C00,18,Điểm thi THPT,,2024,https://github.com/HTNam1710/ADS_Final/blob/main/Data/diem_chuan_2024_final.csv
UEF,7320106,Công nghệ truyền thông (Truyền thông số),A00; A01; D01; C00,18,Điểm thi THPT,,2024,https://github.com/HTNam1710/ADS_Final/blob/main/Data/diem_chuan_2024_final.csv
UEF,7320108,Quan hệ công chúng,A00; A01; D01; C00,17,Điểm thi THPT,,2024,https://github.com/HTNam1710/ADS_Final/blob/main/Data/diem_chuan_2024_final.csv
UEF,7340101,Quản trị kinh doanh,A00; A01; D01; C00,17,Điểm thi THPT,,2024,https://github.com/HTNam1710/ADS_Final/blob/main/Data/diem_chuan_2024_final.csv
UEF,7340114,Digital Marketing,A00; A01; D01; C00,17,Điểm thi THPT,,2024,https://github.com/HTNam1710/ADS_Final/blob/main/Data/diem_chuan_2024_final.csv
UEF,7340115,Marketing,A00; A01; D01; C00,18,Điểm thi THPT,,2024,https://github.com/HTNam1710/ADS_Final/blob/main/Data/diem_chuan_2024_final.csv
UEF,7340116,Bất động sản,A00; A01; D01; C00,18,Điểm thi THPT,,2024,https://github.com/HTNam1710/ADS_Final/blob/main/Data/diem_chuan_2024_final.csv
UEF,7340120,Kinh doanh quốc tế,A00; A01; D01; C00,19,Điểm thi THPT,,2024,https://github.com/HTNam1710/ADS_Final/blob/main/Data/diem_chuan_2024_final.csv
UEF,7340121,Kinh doanh thương mại,A00; A01; D01; C00,17,Điểm thi THPT,,2024,https://github.com/HTNam1710/ADS_Final/blob/main/Data/diem_chuan_2024_final.csv
UEF,7340122,Thương mại điện tử,A00; A01; D01; C01,17,Điểm thi THPT,,2024,https://github.com/HTNam1710/ADS_Final/blob/main/Data/diem_chuan_2024_final.csv
UEF,7340201,Tài chính - Ngân hàng,A00; A01; D01; C01,16,Điểm thi THPT,,2024,https://github.com/HTNam1710/ADS_Final/blob/main/Data/diem_chuan_2024_final.csv
UEF,7340205,Công nghệ tài chính (Fintech),A00; A01; D01; C01,16,Điểm thi THPT,,2024,https://github.com/HTNam1710/ADS_Final/blob/main/Data/diem_chuan_2024_final.csv
UEF,7340206,Tài chính quốc tế,A00; A01; D01; C01,20,Điểm thi THPT,,2024,https://github.com/HTNam1710/ADS_Final/blob/main/Data/diem_chuan_2024_final.csv
UEF,7340301,Kế toán,A00; A01; D01; C01,16,Điểm thi THPT,,2024,https://github.com/HTNam1710/ADS_Final/blob/main/Data/diem_chuan_2024_final.csv
UEF,7340302,Kiểm toán,A00; A01; D01; C01,16,Điểm thi THPT,,2024,https://github.com/HTNam1710/ADS_Final/blob/main/Data/diem_chuan_2024_final.csv
UEF,7340404,Quản trị nhân lực,A00; A01; D01; C00,17,Điểm thi THPT,,2024,https://github.com/HTNam1710/ADS_Final/blob/main/Data/diem_chuan_2024_final.csv
UEF,7340412,Quản trị sự kiện,A00; A01; D01; C00,16,Điểm thi THPT,,2024,https://github.com/HTNam1710/ADS_Final/blob/main/Data/diem_chuan_2024_final.csv
UEF,7380101,Luật,A00; A01; D01; C00,17,Điểm thi THPT,,2024,https://github.com/HTNam1710/ADS_Final/blob/main/Data/diem_chuan_2024_final.csv
UEF,7380107,Luật kinh tế,A00; A01; D01; C00,17,Điểm thi THPT,,2024,https://github.com/HTNam1710/ADS_Final/blob/main/Data/diem_chuan_2024_final.csv
UEF,7380108,Luật quốc tế,A00; A01; D01; C00,19,Điểm thi THPT,,2024,https://github.com/HTNam1710/ADS_Final/blob/main/Data/diem_chuan_2024_final.csv
UEF,7460108,Khoa học dữ liệu,A00; A01; D01; C01,17,Điểm thi THPT,,2024,https://github.com/HTNam1710/ADS_Final/blob/main/Data/diem_chuan_2024_final.csv
UEF,7480103,Kỹ thuật phần mềm,A00; A01; D01; C01,17,Điểm thi THPT,,2024,https://github.com/HTNam1710/ADS_Final/blob/main/Data/diem_chuan_2024_final.csv
UEF,7480201,Công nghệ thông tin,A00; A01; D01; C01,17,Điểm thi THPT,,2024,https://github.com/HTNam1710/ADS_Final/blob/main/Data/diem_chuan_2024_final.csv
UEF,7510605,Logistics và quản lý chuỗi cung ứng,A00; A01; D01; C00,19,Điểm thi THPT,,2024,https://github.com/HTNam1710/ADS_Final/blob/main/Data/diem_chuan_2024_final.csv
UEF,7810103,Quản trị dịch vụ du lịch và lữ hành,A00; A01; D01; C00,16,Điểm thi THPT,,2024,https://github.com/HTNam1710/ADS_Final/blob/main/Data/diem_chuan_2024_final.csv
UEF,7810201,Quản trị khách sạn,A00; A01; D01; C00,16,Điểm thi THPT,,2024,https://github.com/HTNam1710/ADS_Final/blob/main/Data/diem_chuan_2024_final.csv
UEF,7810202,Quản trị nhà hàng và dịch vụ ăn uống,A00; A01; D01; C00,16,Điểm thi THPT,,2024,https://github.com/HTNam1710/ADS_Final/blob/main/Data/diem_chuan_2024_final.csv
DFA,7310101,Kinh tế (Chuyên ngành: Quản lý kinh tế; Kinh tế - Luật),A00; A01; D01; 004,20.5,Điểm thi THPT,,2024,https://github.com/HTNam1710/ADS_Final/blob/main/Data/diem_chuan_2024_final.csv
DFA,7340101,Quản trị kinh doanh (Chuyên ngành: Quản trị doanh nghiệp; Quản trị Marketing; Quản trị kinh doanh du lịch),A00; A01; D01; C04,15,Điểm thi THPT,,2024,https://github.com/HTNam1710/ADS_Final/blob/main/Data/diem_chuan_2024_final.csv
DFA,7340120,Kinh doanh quốc tế (Chuyên ngành: Thương mại quốc tế),A00; A01; D01; C14,15,Điểm thi THPT,,2024,https://github.com/HTNam1710/ADS_Final/blob/main/Data/diem_chuan_2024_final.csv
DFA,7340201,Tài chính - Ngân hàng (Chuyên ngành: Tài chính doanh nghiệp; Thuế; Ngân hàng; Thẩm định giá),A00; A01; D01; C14,15,Điểm thi THPT,,2024,https://github.com/HTNam1710/ADS_Final/blob/main/Data/diem_chuan_2024_final.csv
DFA,7340301,"Kế toán (Chuyên ngành: Kế toán công, Kế toán doanh nghiệp, Kế toán tin)",A00; A01; D01; C03,15,Điểm thi THPT,,2024,https://github.com/HTNam1710/ADS_Final/blob/main/Data/diem_chuan_2024_final.csv
DFA,7340302,Kiểm toán (Chuyên ngành: Kiểm toán),A00; A01; D01; C03,15,Điểm thi THPT,,2024,https://github.com/HTNam1710/ADS_Final/blob/main/Data/diem_chuan_2024_final.csv
DFA,7340405,Hệ thống thông tin quản lý (Chuyên ngành: Công nghệ Thương mại điện tử),A00; A01; D01; C01,15,Điểm thi THPT,,2024,https://github.com/HTNam1710/ADS_Final/blob/main/Data/diem_chuan_2024_final.csv
TTG,7229040,Văn hóa học,C00; D01; D14; D78,15,Điểm thi THPT,,2024,https://github.com/HTNam1710/ADS_Final/blob/main/Data/diem_chuan_2024_final.csv
TTG,7310101,Kinh tế,A00; A01; D01; D90,15,Điểm thi THPT,,2024,https://github.com/HTNam1710/ADS_Final/blob/main/Data/diem_chuan_2024_final.csv
TTG,7340101,Quản trị Kinh doanh,A00; A01; D01; D90,16,Điểm thi THPT,,2024,https://github.com/HTNam1710/ADS_Final/blob/main/Data/diem_chuan_2024_final.csv
TTG,7340201,Tài chính ngân hàng,A00; A01; D01; D90,15,Điểm thi THPT,,2024,https://github.com/HTNam1710/ADS_Final/blob/main/Data/diem_chuan_2024_final.csv
TTG,7340301,Kế toán,A00; A01; D01; D90,16,Điểm thi THPT,,2024,https://github.com/HTNam1710/ADS_Final/blob/main/Data/diem_chuan_2024_final.csv
TTG,7380101,Luật,A01; D01; C00; D66,20.5,Điểm thi THPT,,2024,https://github.com/HTNam1710/ADS_Final/blob/main/Data/diem_chuan_2024_final.csv
TTG,7420201,Công nghệ Sinh học,A00; A01; B00; B08,15,Điểm thi THPT,,2024,https://github.com/HTNam1710/ADS_Final/blob/main/Data/diem_chuan_2024_final.csv
TTG,7480201,Công nghệ Thông tin,A00; A01; D07; D90,15,Điểm thi THPT,,2024,https://github.com/HTNam1710/ADS_Final/blob/main/Data/diem_chuan_2024_final.csv
TTG,7510103,Công nghệ Kỹ thuật Xây dựng,A00; A01; D07; D90,15,Điểm thi THPT,,2024,https://github.com/HTNam1710/ADS_Final/blob/main/Data/diem_chuan_2024_final.csv
TTG,7510201,Công nghệ Kỹ thuật Cơ khí,A00; A01; D07; D90,15,Điểm thi THPT,,2024,https://github.com/HTNam1710/ADS_Final/blob/main/Data/diem_chuan_2024_final.csv
TTG,7510203,Công nghệ kỹ thuật cơ điện tử,A00; A01; D07; D90,15,Điểm thi THPT,,2024,https://github.com/HTNam1710/ADS_Final/blob/main/Data/diem_chuan_2024_final.csv
TTG,7510303,Công nghệ kỹ thuật điều khiển và tự động hóa,A00; A01; D07; D90,15,Điểm thi THPT,,2024,https://github.com/HTNam1710/ADS_Final/blob/main/Data/diem_chuan_2024_final.csv
TTG,7540101,Công nghệ Thực phẩm,A00; A01; B00; B08,15,Điểm thi THPT,,2024,https://github.com/HTNam1710/ADS_Final/blob/main/Data/diem_chuan_2024_final.csv
TTG,7620105,Chăn nuôi,A00; A01; B00; B08,15,Điểm thi THPT,,2024,https://github.com/HTNam1710/ADS_Final/blob/main/Data/diem_chuan_2024_final.csv
TTG,7620112,Bảo vệ thực vật,A00; A01; B00; B08,15,Điểm thi THPT,,2024,https://github.com/HTNam1710/ADS_Final/blob/main/Data/diem_chuan_2024_final.csv
TTG,7620301,Nuôi trồng thủy sản,A00; A01; B00; B08,15,Điểm thi THPT,,2024,https://github.com/HTNam1710/ADS_Final/blob/main/Data/diem_chuan_2024_final.csv
TTG,7810101,Du lịch,C00; D01; D14; D78,15,Điểm thi THPT,,2024,https://github.com/HTNam1710/ADS_Final/blob/main/Data/diem_chuan_2024_final.csv
DTE,7310101,Kinh tế,A00; A01; C04; D01,17,Điểm thi THPT,,2024,https://github.com/HTNam1710/ADS_Final/blob/main/Data/diem_chuan_2024_final.csv
DTE,7310104,Kinh tế đầu tư,A00; A01; C04; D01,17,Điểm thi THPT,,2024,https://github.com/HTNam1710/ADS_Final/blob/main/Data/diem_chuan_2024_final.csv
DTE,7310105,Kinh tế phát triển,A00; A01; C04; D01,17,Điểm thi THPT,,2024,https://github.com/HTNam1710/ADS_Final/blob/main/Data/diem_chuan_2024_final.csv
DTE,7340101,Quản trị kinh doanh,A00; A01; C01; D01,18.5,Điểm thi THPT,,2024,https://github.com/HTNam1710/ADS_Final/blob/main/Data/diem_chuan_2024_final.csv
DTE,7340101-HG,Quản trị kinh doanh (Học tại phân hiệu ĐHTN tại tỉnh Hà Giang),A00; A01; C01; D01,17,Điểm thi THPT,,2024,https://github.com/HTNam1710/ADS_Final/blob/main/Data/diem_chuan_2024_final.csv
DTE,7340101-TA,Quản trị kinh doanh,A00; A01; C01; D01,20,Điểm thi THPT,CT dạy và học bằng Tiếng Anh,2024,https://github.com/HTNam1710/ADS_Final/blob/main/Data/diem_chuan_2024_final.csv
DTE,7340115,Marketing,A00; A01; C04; D01,18.5,Điểm thi THPT,,2024,https://github.com/HTNam1710/ADS_Final/blob/main/Data/diem_chuan_2024_final.csv
DTE,7340115-TA,Quản trị marketing,A00; A01; C04; D01,20,Điểm thi THPT,CT dạy và học bằng Tiếng Anh,2024,https://github.com/HTNam1710/ADS_Final/blob/main/Data/diem_chuan_2024_final.csv
DTE,7340120,Kinh doanh quốc tế,A00; A01; C04; D01,18,Điểm thi THPT,,2024,https://github.com/HTNam1710/ADS_Final/blob/main/Data/diem_chuan_2024_final.csv
DTE,7340201,Tài chính - Ngân hàng,A00; A01; C01; D01,18,Điểm thi THPT,,2024,https://github.com/HTNam1710/ADS_Final/blob/main/Data/diem_chuan_2024_final.csv
DTE,7340201-TA,Tài chính,A00; A01; C01; D01,20,Điểm thi THPT,CT dạy và học bằng Tiếng Anh,2024,https://github.com/HTNam1710/ADS_Final/blob/main/Data/diem_chuan_2024_final.csv
DTE,7340301,Kế toán,A00; A01; D01; D07,18,Điểm thi THPT,,2024,https://github.com/HTNam1710/ADS_Final/blob/main/Data/diem_chuan_2024_final.csv
DTE,7340403,Quản lý công (Quản lý kinh tế),A00; A01; C01; D01,17,Điểm thi THPT,,2024,https://github.com/HTNam1710/ADS_Final/blob/main/Data/diem_chuan_2024_final.csv
DTE,7340404,Quản trị nhân lực,A00; C00; D01; D14,18,Điểm thi THPT,,2024,https://github.com/HTNam1710/ADS_Final/blob/main/Data/diem_chuan_2024_final.csv
DTE,7380107,Luật kinh tế,A00; C00; D01; D14,18,Điểm thi THPT,,2024,https://github.com/HTNam1710/ADS_Final/blob/main/Data/diem_chuan_2024_final.csv
DTE,7380107-HG,Luật kinh tế (Học tại phân hiệu ĐHTN tại tỉnh Hà Giang),A00; C00; D01; D14,17,Điểm thi THPT,,2024,https://github.com/HTNam1710/ADS_Final/blob/main/Data/diem_chuan_2024_final.csv
DTE,7510605,Logistics và Quản lý chuỗi cung ứng,A00; A01; C01; D01,19,Điểm thi THPT,,2024,https://github.com/HTNam1710/ADS_Final/blob/main/Data/diem_chuan_2024_final.csv
DTE,7810103,Quản trị dịch vụ du lịch và lữ hành,A00; C00; C04; D01,18,Điểm thi THPT,,2024,https://github.com/HTNam1710/ADS_Final/blob/main/Data/diem_chuan_2024_final.csv
DTE,7810103-TA,Quản trị du lịch và khách sạn,A00; C00; C04; D01,20,Điểm thi THPT,CT dạy và học bằng Tiếng Anh,2024,https://github.com/HTNam1710/ADS_Final/blob/main/Data/diem_chuan_2024_final.csv
PVU,7480101,"Khoa học Máy tính (Khoa học dữ liệu, Trí tuệ nhân tạo)",A00; A01; D07,20,Điểm thi THPT,,2024,https://github.com/HTNam1710/ADS_Final/blob/main/Data/diem_chuan_2024_final.csv
PVU,7520301,Kỹ thuật Hóa học (Lọc-Hóa dầu),A00; A01; D07,20,Điểm thi THPT,,2024,https://github.com/HTNam1710/ADS_Final/blob/main/Data/diem_chuan_2024_final.csv
PVU,7520501,Kỹ thuật Địa chất (Địa chất - Địa vật lý Dầu khí),A00; A01; D07,20,Điểm thi THPT,,2024,https://github.com/HTNam1710/ADS_Final/blob/main/Data/diem_chuan_2024_final.csv
PVU,7520604,Kỹ thuật Dầu khí (Khoan-Khai thác Mỏ Dầu khí),A00; A01; D07,20,Điểm thi THPT,,2024,https://github.com/HTNam1710/ADS_Final/blob/main/Data/diem_chuan_2024_final.csv
DNT,7220201,Ngôn ngữ Anh,A01; D01; D14; D15,20,Điểm thi THPT,Tiếng Anh hệ số 2,2024,https://github.com/HTNam1710/ADS_Final/blob/main/Data/diem_chuan_2024_final.csv
DNT,7220204,Ngôn ngữ Trung Quốc,A01; D01; D04; D14,16,Điểm thi THPT,,2024,https://github.com/HTNam1710/ADS_Final/blob/main/Data/diem_chuan_2024_final.csv
DNT,7220209,Ngôn ngữ Nhật Bản,D01; D06; D14; D15,15,Điểm thi THPT,,2024,https://github.com/HTNam1710/ADS_Final/blob/main/Data/diem_chuan_2024_final.csv
DNT,7220210,Ngôn ngữ Hàn Quốc,D01; D10; D14; D15,15,Điểm thi THPT,,2024,https://github.com/HTNam1710/ADS_Final/blob/main/Data/diem_chuan_2024_final.csv
DNT,7310206,Quan hệ quốc tế,A01; D01; D14; D15,20,Điểm thi THPT,Tiếng Anh hệ số 2,2024,https://github.com/HTNam1710/ADS_Final/blob/main/Data/diem_chuan_2024_final.csv
DNT,7310608,Đông phương học,D01; D06; D14; D15,15,Điểm thi THPT,,2024,https://github.com/HTNam1710/ADS_Final/blob/main/Data/diem_chuan_2024_final.csv
DNT,7320108,Quan hệ công chúng,A01; D01; D14; D15,20,Điểm thi THPT,Tiếng Anh hệ số 2,2024,https://github.com/HTNam1710/ADS_Final/blob/main/Data/diem_chuan_2024_final.csv
DNT,7340101,Quản trị kinh doanh,A01; D01; D07; D11,20,Điểm thi THPT,Tiếng Anh hệ số 2,2024,https://github.com/HTNam1710/ADS_Final/blob/main/Data/diem_chuan_2024_final.csv
DNT,7340120,Kinh doanh quốc tế,A01; D01; D07; D11,20,Điểm thi THPT,Tiếng Anh hệ số 2,2024,https://github.com/HTNam1710/ADS_Final/blob/main/Data/diem_chuan_2024_final.csv
DNT,7340122,Thương mại điện tử,A00; A01; D01; D07,15,Điểm thi THPT,,2024,https://github.com/HTNam1710/ADS_Final/blob/main/Data/diem_chuan_2024_final.csv
DNT,7340201,Tài chính - Ngân hàng,A01; D01; D07; D11,15,Điểm thi THPT,,2024,https://github.com/HTNam1710/ADS_Final/blob/main/Data/diem_chuan_2024_final.csv
DNT,7340301,Kế toán,A01; D01; D07; D11,15,Điểm thi THPT,,2024,https://github.com/HTNam1710/ADS_Final/blob/main/Data/diem_chuan_2024_final.csv
DNT,7340302,Kiểm toán,A01; D01; D07; D11,15,Điểm thi THPT,,2024,https://github.com/HTNam1710/ADS_Final/blob/main/Data/diem_chuan_2024_final.csv
DNT,7380101,Luật,A01; C00; D01; D66,15,Điểm thi THPT,,2024,https://github.com/HTNam1710/ADS_Final/blob/main/Data/diem_chuan_2024_final.csv
DNT,7380107,Luật kinh tế,A01; D01; D15; D66,15,Điểm thi THPT,,2024,https://github.com/HTNam1710/ADS_Final/blob/main/Data/diem_chuan_2024_final.csv
DNT,7480107,Trí tuệ nhân tạo,A00; A01; D01; D07,15,Điểm thi THPT,,2024,https://github.com/HTNam1710/ADS_Final/blob/main/Data/diem_chuan_2024_final.csv
DNT,7480201,Công nghệ thông tin,A00; A01; D01; D07,15,Điểm thi THPT,,2024,https://github.com/HTNam1710/ADS_Final/blob/main/Data/diem_chuan_2024_final.csv
DNT,7510605,Logistics và quản lý chuỗi cung ứng,A01; D01; D07; D11,20,Điểm thi THPT,Tiếng Anh hệ số 2,2024,https://github.com/HTNam1710/ADS_Final/blob/main/Data/diem_chuan_2024_final.csv
DNT,7810103,Quản trị dịch vụ du lịch và lữ hành,A01; D01; D14; D15,20,Điểm thi THPT,Tiếng Anh hệ số 2,2024,https://github.com/HTNam1710/ADS_Final/blob/main/Data/diem_chuan_2024_final.csv
DNT,7810201,Quản trị khách sạn,A01; D01; D14; D15,20,Điểm thi THPT,Tiếng Anh hệ số 2,2024,https://github.com/HTNam1710/ADS_Final/blob/main/Data/diem_chuan_2024_final.csv
SKV,7140246,Sư phạm công nghệ,A00; A01; B00; D01,19,Điểm thi THPT,,2024,https://github.com/HTNam1710/ADS_Final/blob/main/Data/diem_chuan_2024_final.csv
SKV,7340101,Quản trị kinh doanh,A00; A01; B00; D01,18,Điểm thi THPT,,2024,https://github.com/HTNam1710/ADS_Final/blob/main/Data/diem_chuan_2024_final.csv
SKV,7340122,Thương mại điện tử,A00; A01; B00; D01,18,Điểm thi THPT,,2024,https://github.com/HTNam1710/ADS_Final/blob/main/Data/diem_chuan_2024_final.csv
SKV,7340301,Kế toán,A00; A01; B00; D01,18,Điểm thi THPT,,2024,https://github.com/HTNam1710/ADS_Final/blob/main/Data/diem_chuan_2024_final.csv
SKV,7480108,Công nghệ kỹ thuật máy tính,A00; A01; B00; D01,18,Điểm thi THPT,,2024,https://github.com/HTNam1710/ADS_Final/blob/main/Data/diem_chuan_2024_final.csv
SKV,7480201,Công nghệ thông tin,A00; A01; B00; D01,19,Điểm thi THPT,,2024,https://github.com/HTNam1710/ADS_Final/blob/main/Data/diem_chuan_2024_final.csv
SKV,7510201,Công nghệ kỹ thuật cơ khí,A00; A01; B00; D01,18,Điểm thi THPT,,2024,https://github.com/HTNam1710/ADS_Final/blob/main/Data/diem_chuan_2024_final.csv
SKV,7510202,Công nghệ chế tạo máy,A00; A01; B00; D01,18.5,Điểm thi THPT,,2024,https://github.com/HTNam1710/ADS_Final/blob/main/Data/diem_chuan_2024_final.csv
SKV,7510203,Công nghệ kỹ thuật cơ điện tử,A00; A01; B00; D01,18,Điểm thi THPT,,2024,https://github.com/HTNam1710/ADS_Final/blob/main/Data/diem_chuan_2024_final.csv
SKV,7510205,Công nghệ kỹ thuật ô tô,A00; A01; B00; D01,20,Điểm thi THPT,,2024,https://github.com/HTNam1710/ADS_Final/blob/main/Data/diem_chuan_2024_final.csv
SKV,7510206,Công nghệ kỹ thuật nhiệt (CN: Nhiệt - điện lạnh),A00; A01; B00; D01,18,Điểm thi THPT,,2024,https://github.com/HTNam1710/ADS_Final/blob/main/Data/diem_chuan_2024_final.csv
SKV,7510301,"Công nghệ kỹ thuật điện, điện tử",A00; A01; B00; D01,19.5,Điểm thi THPT,,2024,https://github.com/HTNam1710/ADS_Final/blob/main/Data/diem_chuan_2024_final.csv
SKV,7510302,Công nghệ kỹ thuật điện tử - viễn thông (CN: Thiết kế vi mạch),A00; A01; B00; D01,18,Điểm thi THPT,,2024,https://github.com/HTNam1710/ADS_Final/blob/main/Data/diem_chuan_2024_final.csv
SKV,7510303,Công nghệ kỹ thuật điều khiển và tự động hóa,A00; A01; B00; D01,20,Điểm thi THPT,,2024,https://github.com/HTNam1710/ADS_Final/blob/main/Data/diem_chuan_2024_final.csv
CEA,7220201,Ngôn ngữ Anh,A00; A01; B00; D01,20,Điểm thi THPT,,2024,https://github.com/HTNam1710/ADS_Final/blob/main/Data/diem_chuan_2024_final.csv
CEA,7310101,Kinh tế,A00; A01; B00; D01,17,Điểm thi THPT,,2024,https://github.com/HTNam1710/ADS_Final/blob/main/Data/diem_chuan_2024_final.csv
CEA,7310109,Kinh tế số,A00; A01; B00; D01,18,Điểm thi THPT,,2024,https://github.com/HTNam1710/ADS_Final/blob/main/Data/diem_chuan_2024_final.csv
CEA,7340101,Quản trị kinh doanh,A00; A01; B00; D01,17,Điểm thi THPT,,2024,https://github.com/HTNam1710/ADS_Final/blob/main/Data/diem_chuan_2024_final.csv
CEA,7340115,Marketing,A00; A01; B00; D01,17,Điểm thi THPT,,2024,https://github.com/HTNam1710/ADS_Final/blob/main/Data/diem_chuan_2024_final.csv
CEA,7340122,Thương mại điện tử,A00; A01; B00; D01,19,Điểm thi THPT,,2024,https://github.com/HTNam1710/ADS_Final/blob/main/Data/diem_chuan_2024_final.csv
CEA,7340201,Tài chính ngân hàng,A00; A01; B00; D01,17,Điểm thi THPT,,2024,https://github.com/HTNam1710/ADS_Final/blob/main/Data/diem_chuan_2024_final.csv
CEA,7340205,Công nghệ tài chính,A00; A01; B00; D01,20,Điểm thi THPT,,2024,https://github.com/HTNam1710/ADS_Final/blob/main/Data/diem_chuan_2024_final.csv
CEA,7340301,Kế toán,A00; A01; B00; D01,17,Điểm thi THPT,,2024,https://github.com/HTNam1710/ADS_Final/blob/main/Data/diem_chuan_2024_final.csv
CEA,7480201,Công nghệ thông tin,A00; A01; B00; D01,17,Điểm thi THPT,,2024,https://github.com/HTNam1710/ADS_Final/blob/main/Data/diem_chuan_2024_final.csv
CEA,7510605,Logictics và chuỗi cung ứng,A00; A01; B00; D01,19,Điểm thi THPT,,2024,https://github.com/HTNam1710/ADS_Final/blob/main/Data/diem_chuan_2024_final.csv
CEA,7620101,Nông nghiệp,A00; A01; B00; D01,17,Điểm thi THPT,,2024,https://github.com/HTNam1710/ADS_Final/blob/main/Data/diem_chuan_2024_final.csv
CEA,7620201,Lâm học,A00; A01; B00; D01,18,Điểm thi THPT,,2024,https://github.com/HTNam1710/ADS_Final/blob/main/Data/diem_chuan_2024_final.csv
CEA,7640101,Thú y (Bác sĩ Thú y),A00; A01; B00; D01,17,Điểm thi THPT,,2024,https://github.com/HTNam1710/ADS_Final/blob/main/Data/diem_chuan_2024_final.csv
CEA,7850103,Quản lý đất đai,A00; A01; B00; D01,17,Điểm thi THPT,,2024,https://github.com/HTNam1710/ADS_Final/blob/main/Data/diem_chuan_2024_final.csv
LNH,7310101,Kinh tế,A00; A16; C15; D01,16.4,Điểm thi THPT,,2024,https://github.com/HTNam1710/ADS_Final/blob/main/Data/diem_chuan_2024_final.csv
LNH,7340101,Quản trị kinh doanh,A00; A16; C15; D01,16.6,Điểm thi THPT,,2024,https://github.com/HTNam1710/ADS_Final/blob/main/Data/diem_chuan_2024_final.csv
LNH,7340116,Bất động sản,A00; A16; C15; D01,19.6,Điểm thi THPT,,2024,https://github.com/HTNam1710/ADS_Final/blob/main/Data/diem_chuan_2024_final.csv
LNH,7340201,Tài chính – Ngân hàng,A00; A16; C15; D01,17.1,Điểm thi THPT,,2024,https://github.com/HTNam1710/ADS_Final/blob/main/Data/diem_chuan_2024_final.csv
LNH,7340301,Kế toán,A00; A16; C15; D01,16.1,Điểm thi THPT,,2024,https://github.com/HTNam1710/ADS_Final/blob/main/Data/diem_chuan_2024_final.csv
LNH,7420201,Công nghệ sinh học,A00; A16; B00; B08,15.8,Điểm thi THPT,,2024,https://github.com/HTNam1710/ADS_Final/blob/main/Data/diem_chuan_2024_final.csv
LNH,7480104,Hệ thống thông tin,A00; A01; A16; D01,15.3,Điểm thi THPT,,2024,https://github.com/HTNam1710/ADS_Final/blob/main/Data/diem_chuan_2024_final.csv
LNH,7510203,Công nghệ kỹ thuật cơ điện tử,A00; A01; A16; D01,15.4,Điểm thi THPT,,2024,https://github.com/HTNam1710/ADS_Final/blob/main/Data/diem_chuan_2024_final.csv
LNH,7510205,Công nghệ kỹ thuật ô tô,A00; A01; A16; D01,15.2,Điểm thi THPT,,2024,https://github.com/HTNam1710/ADS_Final/blob/main/Data/diem_chuan_2024_final.csv
LNH,7510605,Logistics và Quản lý chuỗi cung ứng,A00; A16; C15; D01,15.9,Điểm thi THPT,,2024,https://github.com/HTNam1710/ADS_Final/blob/main/Data/diem_chuan_2024_final.csv
LNH,7520103,Kỹ thuật cơ khí,A00; A01; A16; D01,16.8,Điểm thi THPT,,2024,https://github.com/HTNam1710/ADS_Final/blob/main/Data/diem_chuan_2024_final.csv
LNH,7549001,Công nghệ chế biến lâm sản,A00; A16; D01; D07,17.3,Điểm thi THPT,,2024,https://github.com/HTNam1710/ADS_Final/blob/main/Data/diem_chuan_2024_final.csv
LNH,7580102,Kiến trúc cảnh quan,A00; D01; C15; V01,18.5,Điểm thi THPT,,2024,https://github.com/HTNam1710/ADS_Final/blob/main/Data/diem_chuan_2024_final.csv
LNH,7580108,Thiết kế nội thất,A00; C15; D01; H00,16.1,Điểm thi THPT,,2024,https://github.com/HTNam1710/ADS_Final/blob/main/Data/diem_chuan_2024_final.csv
LNH,7580201,Kỹ thuật xây dựng,A00; A01; A16; D01,17,Điểm thi THPT,,2024,https://github.com/HTNam1710/ADS_Final/blob/main/Data/diem_chuan_2024_final.csv
LNH,7620105,Chăn nuôi,A00; B00; C15; D01,15,Điểm thi THPT,,2024,https://github.com/HTNam1710/ADS_Final/blob/main/Data/diem_chuan_2024_final.csv
LNH,7620110,Khoa học cây trồng,A00; A16; B00; D01,15.4,Điểm thi THPT,,2024,https://github.com/HTNam1710/ADS_Final/blob/main/Data/diem_chuan_2024_final.csv
LNH,7620205,Lâm sinh,A00; A16; B00; D01,16.9,Điểm thi THPT,,2024,https://github.com/HTNam1710/ADS_Final/blob/main/Data/diem_chuan_2024_final.csv
LNH,7620211,Quản lý tài nguyên rừng,A00; B00; C15; D01,15.3,Điểm thi THPT,,2024,https://github.com/HTNam1710/ADS_Final/blob/main/Data/diem_chuan_2024_final.csv
LNH,7640101,Thú y,A00; A16; B00; B08,15.8,Điểm thi THPT,,2024,https://github.com/HTNam1710/ADS_Final/blob/main/Data/diem_chuan_2024_final.csv
LNH,7760101,Công tác xã hội,A00; C00; C15; D01,15.7,Điểm thi THPT,,2024,https://github.com/HTNam1710/ADS_Final/blob/main/Data/diem_chuan_2024_final.csv
LNH,7810103,Quản trị dịch vụ du lịch và lữ hành,A00; C00; C15; D01,15.7,Điểm thi THPT,,2024,https://github.com/HTNam1710/ADS_Final/blob/main/Data/diem_chuan_2024_final.csv
LNH,7850101,Quản lý tài nguyên và Môi trường,A00; A16; B00; D01,16.3,Điểm thi THPT,,2024,https://github.com/HTNam1710/ADS_Final/blob/main/Data/diem_chuan_2024_final.csv
LNH,7850103,Quản lý đất đai,A00; A16; B00; D01,15.7,Điểm thi THPT,,2024,https://github.com/HTNam1710/ADS_Final/blob/main/Data/diem_chuan_2024_final.csv
LNH,7850104,Du lịch sinh thái,B00; C00; C15; D01,19.5,Điểm thi THPT,,2024,https://github.com/HTNam1710/ADS_Final/blob/main/Data/diem_chuan_2024_final.csv
LNH,7850106,Quản lý tài nguyên thiên nhiên,B08; D01; D07; D10,16.4,Điểm thi THPT,Chương trình ĐT bằng Tiếng Anh,2024,https://github.com/HTNam1710/ADS_Final/blob/main/Data/diem_chuan_2024_final.csv
DVH,7210205,Thanh nhạc,N00,17,Điểm thi THPT,,2024,https://github.com/HTNam1710/ADS_Final/blob/main/Data/diem_chuan_2024_final.csv
DVH,7210208,Piano,N00,17,Điểm thi THPT,,2024,https://github.com/HTNam1710/ADS_Final/blob/main/Data/diem_chuan_2024_final.csv
DVH,7210235,"Đạo diễn điện ảnh, truyền hình",A00; D01; V00; H01,18,Điểm thi THPT,,2024,https://github.com/HTNam1710/ADS_Final/blob/main/Data/diem_chuan_2024_final.csv
DVH,7210302,"Công nghệ điện ảnh, truyền hình",A00; D01; V00; H01,18.65,Điểm thi THPT,,2024,https://github.com/HTNam1710/ADS_Final/blob/main/Data/diem_chuan_2024_final.csv
DVH,7220201,Ngôn ngữ Anh,A01; D01; D10; D15,16.2,Điểm thi THPT,,2024,https://github.com/HTNam1710/ADS_Final/blob/main/Data/diem_chuan_2024_final.csv
DVH,7220203,Ngôn ngữ Pháp,A01; D01; D10; D15,16.2,Điểm thi THPT,,2024,https://github.com/HTNam1710/ADS_Final/blob/main/Data/diem_chuan_2024_final.csv
DVH,7220204,Ngôn ngữ Trung Quốc,A01; D01; D10; D15,16.25,Điểm thi THPT,,2024,https://github.com/HTNam1710/ADS_Final/blob/main/Data/diem_chuan_2024_final.csv
DVH,7220209,Ngôn ngữ Nhật,A01; D01; D10; D15,16.25,Điểm thi THPT,,2024,https://github.com/HTNam1710/ADS_Final/blob/main/Data/diem_chuan_2024_final.csv
DVH,7229030,Văn học,C00; D01; D14; D15,16.75,Điểm thi THPT,,2024,https://github.com/HTNam1710/ADS_Final/blob/main/Data/diem_chuan_2024_final.csv
DVH,7310101,Kinh tế,A00; A01; C04; D01,16.1,Điểm thi THPT,,2024,https://github.com/HTNam1710/ADS_Final/blob/main/Data/diem_chuan_2024_final.csv
DVH,7310206,Quan hệ quốc tế,A01; D01; D14; D15,17.7,Điểm thi THPT,,2024,https://github.com/HTNam1710/ADS_Final/blob/main/Data/diem_chuan_2024_final.csv
DVH,7310301,Xã hội học,A00; C00; C04; D01,15.25,Điểm thi THPT,,2024,https://github.com/HTNam1710/ADS_Final/blob/main/Data/diem_chuan_2024_final.csv
DVH,7310401,Tâm lý học,A00; B00; C00; D01,16.4,Điểm thi THPT,,2024,https://github.com/HTNam1710/ADS_Final/blob/main/Data/diem_chuan_2024_final.csv
DVH,7310608,Đông phương học,A01; D01; C00; D15,16.5,Điểm thi THPT,,2024,https://github.com/HTNam1710/ADS_Final/blob/main/Data/diem_chuan_2024_final.csv
DVH,7310630,Việt Nam học,C00; D01; D14; D15,18.75,Điểm thi THPT,,2024,https://github.com/HTNam1710/ADS_Final/blob/main/Data/diem_chuan_2024_final.csv
DVH,7320104,Truyền thông đa phương tiện,A00; A01; C01; D01,16,Điểm thi THPT,,2024,https://github.com/HTNam1710/ADS_Final/blob/main/Data/diem_chuan_2024_final.csv
DVH,7320108,Quan hệ công chúng,C00; D01; D14; D15,16,Điểm thi THPT,,2024,https://github.com/HTNam1710/ADS_Final/blob/main/Data/diem_chuan_2024_final.csv
DVH,7340101,Quản trị kinh doanh,A00; A01; C04; D01,15.05,Điểm thi THPT,,2024,https://github.com/HTNam1710/ADS_Final/blob/main/Data/diem_chuan_2024_final.csv
DVH,7340115,Marketing,A00; A01; C04; D01,16,Điểm thi THPT,,2024,https://github.com/HTNam1710/ADS_Final/blob/main/Data/diem_chuan_2024_final.csv
DVH,7340121,Kinh doanh thương mại,A00; A01; C04; D01,15,Điểm thi THPT,,2024,https://github.com/HTNam1710/ADS_Final/blob/main/Data/diem_chuan_2024_final.csv
DVH,7340122,Thương mại điện tử,A00; A01; C04; D01,16.4,Điểm thi THPT,,2024,https://github.com/HTNam1710/ADS_Final/blob/main/Data/diem_chuan_2024_final.csv
DVH,7340201,Tài chính - Ngân hàng,A00; A01; C04; D01,16,Điểm thi THPT,,2024,https://github.com/HTNam1710/ADS_Final/blob/main/Data/diem_chuan_2024_final.csv
DVH,7340205,Công nghệ tài chính,A00; A01; C04; D01,15.7,Điểm thi THPT,,2024,https://github.com/HTNam1710/ADS_Final/blob/main/Data/diem_chuan_2024_final.csv
DVH,7340301,Kế toán,A00; A01; C04; D01,16.2,Điểm thi THPT,,2024,https://github.com/HTNam1710/ADS_Final/blob/main/Data/diem_chuan_2024_final.csv
DVH,7340302,Kiểm toán,A00; A01; C02; D01,16,Điểm thi THPT,,2024,https://github.com/HTNam1710/ADS_Final/blob/main/Data/diem_chuan_2024_final.csv
DVH,7340404,Quản trị nhân lực,A00; A01; C04; D01,16.25,Điểm thi THPT,,2024,https://github.com/HTNam1710/ADS_Final/blob/main/Data/diem_chuan_2024_final.csv
DVH,7380101,Luật,A00; A01; C04; D01,16.2,Điểm thi THPT,,2024,https://github.com/HTNam1710/ADS_Final/blob/main/Data/diem_chuan_2024_final.csv
DVH,7420201,Công nghệ sinh học,A00; A02; B00; D07,16.5,Điểm thi THPT,,2024,https://github.com/HTNam1710/ADS_Final/blob/main/Data/diem_chuan_2024_final.csv
DVH,7480101,Khoa học máy tính,A00; A01; C01; D01,16.3,Điểm thi THPT,,2024,https://github.com/HTNam1710/ADS_Final/blob/main/Data/diem_chuan_2024_final.csv
DVH,7480201,Công nghệ thông tin,A00; A01; C01; D01,16,Điểm thi THPT,,2024,https://github.com/HTNam1710/ADS_Final/blob/main/Data/diem_chuan_2024_final.csv
DVH,7510605,Logistics và Quản lý chuỗi cung ứng,A00; A01; C04; D01,16.05,Điểm thi THPT,,2024,https://github.com/HTNam1710/ADS_Final/blob/main/Data/diem_chuan_2024_final.csv
DVH,7520207,Kỹ thuật điện tử - viễn thông,A00; A01; C01; D01,15.35,Điểm thi THPT,,2024,https://github.com/HTNam1710/ADS_Final/blob/main/Data/diem_chuan_2024_final.csv
DVH,7520320,Kỹ thuật môi trường,A00; A02; B00; D07,15.95,Điểm thi THPT,,2024,https://github.com/HTNam1710/ADS_Final/blob/main/Data/diem_chuan_2024_final.csv
DVH,7540101,Công nghệ thực phẩm,A00; A02; B00; D07,16.35,Điểm thi THPT,,2024,https://github.com/HTNam1710/ADS_Final/blob/main/Data/diem_chuan_2024_final.csv
DVH,7580201,Kỹ thuật xây dựng,A00; A01; C01; D07,15.45,Điểm thi THPT,,2024,https://github.com/HTNam1710/ADS_Final/blob/main/Data/diem_chuan_2024_final.csv
DVH,7720301,Điều dưỡng,A00; B00; C08; D07,19,Điểm thi THPT,,2024,https://github.com/HTNam1710/ADS_Final/blob/main/Data/diem_chuan_2024_final.csv
DVH,7810101,Du lịch,A00; C00; C04; D01,16.25,Điểm thi THPT,,2024,https://github.com/HTNam1710/ADS_Final/blob/main/Data/diem_chuan_2024_final.csv
DVH,7810103,Quản trị dịch vụ du lịch và lữ hành,A00; C00; C04; D01,16.25,Điểm thi THPT,,2024,https://github.com/HTNam1710/ADS_Final/blob/main/Data/diem_chuan_2024_final.csv
DVH,7810201,Quản trị khách sạn,A00; c00; D01; C04,16.15,Điểm thi THPT,,2024,https://github.com/HTNam1710/ADS_Final/blob/main/Data/diem_chuan_2024_final.csv
DQT,7220201,Ngôn ngữ Anh,D01; D14; D15; D66,15,Điểm thi THPT,,2024,https://github.com/HTNam1710/ADS_Final/blob/main/Data/diem_chuan_2024_final.csv
DQT,7310101,Kinh tế,A00; A09; C14; D01,15,Điểm thi THPT,,2024,https://github.com/HTNam1710/ADS_Final/blob/main/Data/diem_chuan_2024_final.csv
DQT,7340101,Quản trị kinh doanh,A01; C14; D14; D15,15,Điểm thi THPT,,2024,https://github.com/HTNam1710/ADS_Final/blob/main/Data/diem_chuan_2024_final.csv
DQT,7340201,Tài chính – Ngân hàng,A00; A09; C14; D10,15,Điểm thi THPT,,2024,https://github.com/HTNam1710/ADS_Final/blob/main/Data/diem_chuan_2024_final.csv
DQT,7340301,Kế toán,A00; A09; C14; D10,15,Điểm thi THPT,,2024,https://github.com/HTNam1710/ADS_Final/blob/main/Data/diem_chuan_2024_final.csv
DQT,7420201,Công nghệ sinh học,B00; B08; C08; D13,15,Điểm thi THPT,,2024,https://github.com/HTNam1710/ADS_Final/blob/main/Data/diem_chuan_2024_final.csv
DQT,7480201,Công nghệ thông tin,A00; A01; C02; D01,16,Điểm thi THPT,,2024,https://github.com/HTNam1710/ADS_Final/blob/main/Data/diem_chuan_2024_final.csv
DQT,7510103,Công nghệ Kỹ thuật xây dựng,A00; A09; C04; D10,15,Điểm thi THPT,,2024,https://github.com/HTNam1710/ADS_Final/blob/main/Data/diem_chuan_2024_final.csv
DQT,7620115,Kinh tế Nông nghiệp,A09; B08; C08; D01,15,Điểm thi THPT,,2024,https://github.com/HTNam1710/ADS_Final/blob/main/Data/diem_chuan_2024_final.csv
DQT,7720301,Điều Dưỡng,B00; B03; C08; D13,19,Điểm thi THPT,,2024,https://github.com/HTNam1710/ADS_Final/blob/main/Data/diem_chuan_2024_final.csv
DQT,7720701,Y tế Công cộng,B00; B03; C08; D13,15,Điểm thi THPT,,2024,https://github.com/HTNam1710/ADS_Final/blob/main/Data/diem_chuan_2024_final.csv
DQT,7810103,Quản trị dịch vụ du lịch và lữ hành,C00; D01; D14; D15,15,Điểm thi THPT,,2024,https://github.com/HTNam1710/ADS_Final/blob/main/Data/diem_chuan_2024_final.csv
DQT,7810203,Quản trị Khách sạn - Nhà hàng,C00; D01; D14; D15,15,Điểm thi THPT,,2024,https://github.com/HTNam1710/ADS_Final/blob/main/Data/diem_chuan_2024_final.csv
HSU,7210403,Thiết kế Đồ họa,A01; D01; D09; D14,15,Điểm thi THPT,,2024,https://github.com/HTNam1710/ADS_Final/blob/main/Data/diem_chuan_2024_final.csv
HSU,7210404,Thiết kế Thời trang,A01; D01; D09; D14,15,Điểm thi THPT,,2024,https://github.com/HTNam1710/ADS_Final/blob/main/Data/diem_chuan_2024_final.csv
HSU,7210408,Nghệ thuật số,A01; D01; D09; D14,15,Điểm thi THPT,,2024,https://github.com/HTNam1710/ADS_Final/blob/main/Data/diem_chuan_2024_final.csv
HSU,7220201,Ngôn ngữ Anh,D01; D09; D14; D15,18,Điểm thi THPT,Tiếng Anh nhân 2; điểm Tiếng Anh chưa nhân hệ số đạt từ 5.0 điểm trở lên.,2024,https://github.com/HTNam1710/ADS_Final/blob/main/Data/diem_chuan_2024_final.csv
HSU,7220204,Ngôn ngữ Trung Quốc,A01; D01; D04; D09,16,Điểm thi THPT,,2024,https://github.com/HTNam1710/ADS_Final/blob/main/Data/diem_chuan_2024_final.csv
HSU,7310113,Kinh tế thể thao,A00; A01; D01; D03; D09,19,Điểm thi THPT,,2024,https://github.com/HTNam1710/ADS_Final/blob/main/Data/diem_chuan_2024_final.csv
HSU,7310401,Tâm lý học,A01; D01; D08; D09,17,Điểm thi THPT,,2024,https://github.com/HTNam1710/ADS_Final/blob/main/Data/diem_chuan_2024_final.csv
HSU,7320104,Truyền thông đa phương tiện,A00; A01; D01; D03; D09,17,Điểm thi THPT,,2024,https://github.com/HTNam1710/ADS_Final/blob/main/Data/diem_chuan_2024_final.csv
HSU,7320108,Quan hệ công chúng,A00; A01; D01; D03; D09,17,Điểm thi THPT,,2024,https://github.com/HTNam1710/ADS_Final/blob/main/Data/diem_chuan_2024_final.csv
HSU,7340101,Quản trị kinh doanh,A00; A01; D01; D03; D09,16,Điểm thi THPT,,2024,https://github.com/HTNam1710/ADS_Final/blob/main/Data/diem_chuan_2024_final.csv
HSU,7340114,Digital Marketing,A00; A01; D01; D03; D09,17,Điểm thi THPT,,2024,https://github.com/HTNam1710/ADS_Final/blob/main/Data/diem_chuan_2024_final.csv
HSU,7340115,Marketing,A00; A01; D01; D03; D09,18,Điểm thi THPT,,2024,https://github.com/HTNam1710/ADS_Final/blob/main/Data/diem_chuan_2024_final.csv
HSU,7340120,Kinh doanh Quốc tế,A00; A01; D01; D03; D09,16,Điểm thi THPT,,2024,https://github.com/HTNam1710/ADS_Final/blob/main/Data/diem_chuan_2024_final.csv
HSU,7340122,Thương mại điện tử,A00; A01; D01; D03; D09,17,Điểm thi THPT,,2024,https://github.com/HTNam1710/ADS_Final/blob/main/Data/diem_chuan_2024_final.csv
HSU,7340201,Tài chính – Ngân hàng,A00; A01; D01; D03; D09,16,Điểm thi THPT,,2024,https://github.com/HTNam1710/ADS_Final/blob/main/Data/diem_chuan_2024_final.csv
HSU,7340205,Công nghệ tài chính,A00; A01; D01; D03; D09,16,Điểm thi THPT,,2024,https://github.com/HTNam1710/ADS_Final/blob/main/Data/diem_chuan_2024_final.csv
HSU,7340301,Kế toán,A00; A01; D01; D03; D09,16,Điểm thi THPT,,2024,https://github.com/HTNam1710/ADS_Final/blob/main/Data/diem_chuan_2024_final.csv
HSU,7340404,Quản trị Nhân lực,A00; A01; D01; D03; D09,16,Điểm thi THPT,,2024,https://github.com/HTNam1710/ADS_Final/blob/main/Data/diem_chuan_2024_final.csv
HSU,7340410,Quản trị công nghệ truyền thông,A00; A01; D01; D03; D09,16,Điểm thi THPT,,2024,https://github.com/HTNam1710/ADS_Final/blob/main/Data/diem_chuan_2024_final.csv
HSU,7340412,Quản trị sự kiện,A00; A01; D01; D03; D09,16,Điểm thi THPT,,2024,https://github.com/HTNam1710/ADS_Final/blob/main/Data/diem_chuan_2024_final.csv
HSU,7380101,Luật,A00; A01; D01; D03; D09,16,Điểm thi THPT,,2024,https://github.com/HTNam1710/ADS_Final/blob/main/Data/diem_chuan_2024_final.csv
HSU,7380107,Luật Kinh tế,A00; A01; D01; D03; D09,17,Điểm thi THPT,,2024,https://github.com/HTNam1710/ADS_Final/blob/main/Data/diem_chuan_2024_final.csv
HSU,7480103,Kỹ thuật phần mềm,A00; A01; D01; D03; D07; D28,18,Điểm thi THPT,,2024,https://github.com/HTNam1710/ADS_Final/blob/main/Data/diem_chuan_2024_final.csv
HSU,7480107,Trí tuệ nhân tạo,A00; A01; D01; D03; D07; D28,18,Điểm thi THPT,,2024,https://github.com/HTNam1710/ADS_Final/blob/main/Data/diem_chuan_2024_final.csv
HSU,7480201,Công nghệ thông tin,A00; A01; D01; D03; D07; D28,18,Điểm thi THPT,,2024,https://github.com/HTNam1710/ADS_Final/blob/main/Data/diem_chuan_2024_final.csv
HSU,7510605,Logistics & Quản lý chuỗi cung ứng,A00; A01; D01; D03; D09,16,Điểm thi THPT,,2024,https://github.com/HTNam1710/ADS_Final/blob/main/Data/diem_chuan_2024_final.csv
HSU,7580108,Thiết kế Nội thất,A01; D01; D09; D14,15,Điểm thi THPT,,2024,https://github.com/HTNam1710/ADS_Final/blob/main/Data/diem_chuan_2024_final.csv
HSU,7810103,Quản trị dịch vụ Du lịch & Lữ hành,A00; A01; D01; D03; D09,16,Điểm thi THPT,,2024,https://github.com/HTNam1710/ADS_Final/blob/main/Data/diem_chuan_2024_final.csv
HSU,7810201,Quản trị khách sạn,A00; A01; D01; D03; D09,16,Điểm thi THPT,,2024,https://github.com/HTNam1710/ADS_Final/blob/main/Data/diem_chuan_2024_final.csv
HSU,7810201E,Quản trị khách sạn – Chương trình Elite,A00; A01; D01; D03; D09,18,Điểm thi THPT,,2024,https://github.com/HTNam1710/ADS_Final/blob/main/Data/diem_chuan_2024_final.csv
HSU,7810202,Quản trị nhà hàng & Dịch vụ ăn uống,A00; A01; D01; D03; D09,17,Điểm thi THPT,,2024,https://github.com/HTNam1710/ADS_Final/blob/main/Data/diem_chuan_2024_final.csv
HSU,7810202E,Quản trị nhà hàng & Dịch vụ ăn uống – Chương trình Elite,A00; A01; D01; D03; D09,18,Điểm thi THPT,,2024,https://github.com/HTNam1710/ADS_Final/blob/main/Data/diem_chuan_2024_final.csv
DPT,7220201,Ngôn ngữ Anh,D01; D14; D15; D66,15,Điểm thi THPT,,2024,https://github.com/HTNam1710/ADS_Final/blob/main/Data/diem_chuan_2024_final.csv
DPT,7340101,Quản trị Kinh doanh,A00; A01; C04; D01,15,Điểm thi THPT,,2024,https://github.com/HTNam1710/ADS_Final/blob/main/Data/diem_chuan_2024_final.csv
DPT,7340201,Tài chính - Ngân hàng,A00; A01; C04; D01,15,Điểm thi THPT,,2024,https://github.com/HTNam1710/ADS_Final/blob/main/Data/diem_chuan_2024_final.csv
DPT,7340301,Kế toán,A00; A01; C04; D01,15,Điểm thi THPT,,2024,https://github.com/HTNam1710/ADS_Final/blob/main/Data/diem_chuan_2024_final.csv
DPT,7380101,Luật,C00; D14; D66; D84,15,Điểm thi THPT,,2024,https://github.com/HTNam1710/ADS_Final/blob/main/Data/diem_chuan_2024_final.csv
DPT,7380107,Luật Kinh tế,C00; D14; D66; D84,15,Điểm thi THPT,,2024,https://github.com/HTNam1710/ADS_Final/blob/main/Data/diem_chuan_2024_final.csv
DPT,7480201,Công nghệ Thông tin,A00; A01; C01; D01,15,Điểm thi THPT,,2024,https://github.com/HTNam1710/ADS_Final/blob/main/Data/diem_chuan_2024_final.csv
DPT,7510605,Logistics và Quản lý chuỗi cung ứng,A00; A01; C01; D01,15,Điểm thi THPT,,2024,https://github.com/HTNam1710/ADS_Final/blob/main/Data/diem_chuan_2024_final.csv
DPT,7520103,Kỹ thuật Cơ khí,A00; A01; A02; C01,15,Điểm thi THPT,,2024,https://github.com/HTNam1710/ADS_Final/blob/main/Data/diem_chuan_2024_final.csv
DPT,7520130,Kỹ thuật Ô tô,A00; A01; A02; C01,15,Điểm thi THPT,,2024,https://github.com/HTNam1710/ADS_Final/blob/main/Data/diem_chuan_2024_final.csv
DPT,7580201,Kỹ thuật Xây dựng,A00; A01; C01; D01,15,Điểm thi THPT,,2024,https://github.com/HTNam1710/ADS_Final/blob/main/Data/diem_chuan_2024_final.csv
DPT,7720601,Kỹ thuật Xét nghiệm Y học,A00; B00; D07; D08,19,Điểm thi THPT,,2024,https://github.com/HTNam1710/ADS_Final/blob/main/Data/diem_chuan_2024_final.csv
DPT,7810103,Quản trị Dịch vụ Du lịch & Lữ hành,A00; A01; C00; D01,15,Điểm thi THPT,,2024,https://github.com/HTNam1710/ADS_Final/blob/main/Data/diem_chuan_2024_final.csv
DPT,7810201,"Quản trị Khách sạn (khu nghỉ dưỡng, resort & spa)",A00; A01; C00; D01,15,Điểm thi THPT,,2024,https://github.com/HTNam1710/ADS_Final/blob/main/Data/diem_chuan_2024_final.csv
DPT,7810202,Quản trị Nhà hàng và Dịch vụ Ăn uống,A00; A01; C00; D01,15,Điểm thi THPT,,2024,https://github.com/HTNam1710/ADS_Final/blob/main/Data/diem_chuan_2024_final.csv
DVP,7220201,Ngôn ngữ Anh,D01; D09; D10; C00,16,Điểm thi THPT,,2024,https://github.com/HTNam1710/ADS_Final/blob/main/Data/diem_chuan_2024_final.csv
DVP,7220204,Ngôn ngữ Trung Quốc,D01; D09; D10; C00,16.5,Điểm thi THPT,,2024,https://github.com/HTNam1710/ADS_Final/blob/main/Data/diem_chuan_2024_final.csv
DVP,7220210,Ngôn ngữ Hàn Quốc,C00; D01; D09; DD2,16.5,Điểm thi THPT,,2024,https://github.com/HTNam1710/ADS_Final/blob/main/Data/diem_chuan_2024_final.csv
DVP,7320104,Truyền thông đa phương tiện,A00; C00; D01; D14,15,Điểm thi THPT,,2024,https://github.com/HTNam1710/ADS_Final/blob/main/Data/diem_chuan_2024_final.csv
DVP,7340101,Quản trị kinh doanh,A00; A01; A07; D01,16,Điểm thi THPT,,2024,https://github.com/HTNam1710/ADS_Final/blob/main/Data/diem_chuan_2024_final.csv
DVP,7340122,Thương mại điện tử,A00; A01; D01; C00,16,Điểm thi THPT,,2024,https://github.com/HTNam1710/ADS_Final/blob/main/Data/diem_chuan_2024_final.csv
DVP,7340201,Tài chính - Ngân hàng,A00; A01; A07; D01,15,Điểm thi THPT,,2024,https://github.com/HTNam1710/ADS_Final/blob/main/Data/diem_chuan_2024_final.csv
DVP,7340301,Kế toán,A00; A01; A07; D01,16,Điểm thi THPT,,2024,https://github.com/HTNam1710/ADS_Final/blob/main/Data/diem_chuan_2024_final.csv
DVP,7380107,Luật kinh tế,A00; A01; D01; C00,15.5,Điểm thi THPT,,2024,https://github.com/HTNam1710/ADS_Final/blob/main/Data/diem_chuan_2024_final.csv
DVP,7480201,Công nghệ thông tin,A00; A01; D01; D10,15,Điểm thi THPT,,2024,https://github.com/HTNam1710/ADS_Final/blob/main/Data/diem_chuan_2024_final.csv
DVP,7510205,Công nghệ kỹ thuật ô tô,A00; A01; D01; D10,15,Điểm thi THPT,,2024,https://github.com/HTNam1710/ADS_Final/blob/main/Data/diem_chuan_2024_final.csv
DVP,7510605,Logistic và quản lý chuỗi cung ứng,A00; A01; A07; D01,16,Điểm thi THPT,,2024,https://github.com/HTNam1710/ADS_Final/blob/main/Data/diem_chuan_2024_final.csv
DVP,7720301,Điều dưỡng,A00; A02; B00,19,Điểm thi THPT,,2024,https://github.com/HTNam1710/ADS_Final/blob/main/Data/diem_chuan_2024_final.csv
DVP,7810103,Quản trị dịch vụ du lịch và lữ hành,A07; C00; D01; D14,16,Điểm thi THPT,,2024,https://github.com/HTNam1710/ADS_Final/blob/main/Data/diem_chuan_2024_final.csv
YDD,7720301,Điều dưỡng,B00; B08; D01; D07,19,Điểm thi THPT,,2024,https://github.com/HTNam1710/ADS_Final/blob/main/Data/diem_chuan_2024_final.csv
YDD,7720302,Hộ sinh,B00; B08; D01; D07,19,Điểm thi THPT,,2024,https://github.com/HTNam1710/ADS_Final/blob/main/Data/diem_chuan_2024_final.csv
YDD,7720401,Dinh dưỡng,B00; B08; D01; D07,15,Điểm thi THPT,,2024,https://github.com/HTNam1710/ADS_Final/blob/main/Data/diem_chuan_2024_final.csv
THU,7720301,Điều dưỡng,A00; A01; B00; B08,19,Điểm thi THPT,,2024,https://github.com/HTNam1710/ADS_Final/blob/main/Data/diem_chuan_2024_final.csv
THU,7720601,Kỹ thuật Xét nghiệm y học,A00; A01; B00; B08,19,Điểm thi THPT,,2024,https://github.com/HTNam1710/ADS_Final/blob/main/Data/diem_chuan_2024_final.csv
THU,7720602,Kỹ thuật Hình ảnh y học,A00; A01; B00; B08,19,Điểm thi THPT,,2024,https://github.com/HTNam1710/ADS_Final/blob/main/Data/diem_chuan_2024_final.csv
THU,7720603,Kỹ thuật Phục hồi chức năng,A00; A01; B00; B08,19,Điểm thi THPT,,2024,https://github.com/HTNam1710/ADS_Final/blob/main/Data/diem_chuan_2024_final.csv
DCD,7210403,Thiết kế đồ họa,A00; A01; D01; D15,15,Điểm thi THPT,,2024,https://github.com/HTNam1710/ADS_Final/blob/main/Data/diem_chuan_2024_final.csv
DCD,7220201,Ngôn ngữ Anh,D01; D14; D15; D66,15,Điểm thi THPT,,2024,https://github.com/HTNam1710/ADS_Final/blob/main/Data/diem_chuan_2024_final.csv
DCD,7220204,Ngôn ngữ Trung Quốc,C00; A07; D14; D15,15,Điểm thi THPT,,2024,https://github.com/HTNam1710/ADS_Final/blob/main/Data/diem_chuan_2024_final.csv
DCD,7310608,Đông phương học,C00; A07; D14; D15,15,Điểm thi THPT,,2024,https://github.com/HTNam1710/ADS_Final/blob/main/Data/diem_chuan_2024_final.csv
DCD,7320104,Truyền thông đa phương tiện,A01; C00; D01; D66,15,Điểm thi THPT,,2024,https://github.com/HTNam1710/ADS_Final/blob/main/Data/diem_chuan_2024_final.csv
DCD,7340101,Quản trị kinh doanh,A00; A07; C00; D01,15,Điểm thi THPT,,2024,https://github.com/HTNam1710/ADS_Final/blob/main/Data/diem_chuan_2024_final.csv
DCD,7340201,Tài chính - ngân hàng,A00; A07; C00; D01,15,Điểm thi THPT,,2024,https://github.com/HTNam1710/ADS_Final/blob/main/Data/diem_chuan_2024_final.csv
DCD,7340301,Kế toán,A00; A07; C00; D01,15,Điểm thi THPT,,2024,https://github.com/HTNam1710/ADS_Final/blob/main/Data/diem_chuan_2024_final.csv
DCD,7420201,Công nghệ sinh học,A00; A07; B00; B04,15,Điểm thi THPT,,2024,https://github.com/HTNam1710/ADS_Final/blob/main/Data/diem_chuan_2024_final.csv
DCD,7480103,Kỹ thuật phần mềm,A00; A01; A10; D01,15,Điểm thi THPT,,2024,https://github.com/HTNam1710/ADS_Final/blob/main/Data/diem_chuan_2024_final.csv
DCD,7480201,Công nghệ thông tin,A00; A01; A10; D01,15,Điểm thi THPT,,2024,https://github.com/HTNam1710/ADS_Final/blob/main/Data/diem_chuan_2024_final.csv
DCD,7510103,Công nghệ kỹ thuật xây dựng,A00; A01; A04; A10,15,Điểm thi THPT,,2024,https://github.com/HTNam1710/ADS_Final/blob/main/Data/diem_chuan_2024_final.csv
DCD,7510202,Công nghệ chế tạo máy,A00; A01; A04; A10,15,Điểm thi THPT,,2024,https://github.com/HTNam1710/ADS_Final/blob/main/Data/diem_chuan_2024_final.csv
DCD,7510205,Công nghệ kỹ thuật ô tô,A00; A01; A04; A10,15,Điểm thi THPT,,2024,https://github.com/HTNam1710/ADS_Final/blob/main/Data/diem_chuan_2024_final.csv
DCD,7510301,"Công nghệ kỹ thuật điện, điện tử",A00; A01; A04; A10,15,Điểm thi THPT,,2024,https://github.com/HTNam1710/ADS_Final/blob/main/Data/diem_chuan_2024_final.csv
DCD,7510401,Công nghệ kỹ thuật hóa học,A00; A07; B00; B04,15,Điểm thi THPT,,2024,https://github.com/HTNam1710/ADS_Final/blob/main/Data/diem_chuan_2024_final.csv
DCD,7510406,Công nghệ kỹ thuật môi trường,A00; A07; B00; B04,15,Điểm thi THPT,,2024,https://github.com/HTNam1710/ADS_Final/blob/main/Data/diem_chuan_2024_final.csv
DCD,7540101,Công nghệ thực phẩm,A00; A07; B00; B04,15,Điểm thi THPT,,2024,https://github.com/HTNam1710/ADS_Final/blob/main/Data/diem_chuan_2024_final.csv
DCD,7720301,Điều dưỡng,A00; B00; C08; D07,19,Điểm thi THPT,,2024,https://github.com/HTNam1710/ADS_Final/blob/main/Data/diem_chuan_2024_final.csv
DCD,7720601,Kỹ thuật xét nghiệm y học,A00; B00; C08; D07,19,Điểm thi THPT,,2024,https://github.com/HTNam1710/ADS_Final/blob/main/Data/diem_chuan_2024_final.csv
DCD,7810103,Quản trị dịch vụ du lịch và lữ hành,A00; A07; C00; D01,15,Điểm thi THPT,,2024,https://github.com/HTNam1710/ADS_Final/blob/main/Data/diem_chuan_2024_final.csv
DCD,7810201,Quản trị khách sạn,A00; A07; C00; D01,15,Điểm thi THPT,,2024,https://github.com/HTNam1710/ADS_Final/blob/main/Data/diem_chuan_2024_final.csv
EIU,7310101,Kinh tế,A00; A01; B00; D01,15,Điểm thi THPT,,2024,https://github.com/HTNam1710/ADS_Final/blob/main/Data/diem_chuan_2024_final.csv
EIU,7340101,Quản trị kinh doanh,A00; A01; B00; D01,15,Điểm thi THPT,,2024,https://github.com/HTNam1710/ADS_Final/blob/main/Data/diem_chuan_2024_final.csv
EIU,7480102,Mạng máy tính và truyền thông dữ liệu,A00; A01; B00; D01,15,Điểm thi THPT,,2024,https://github.com/HTNam1710/ADS_Final/blob/main/Data/diem_chuan_2024_final.csv
EIU,7480103,Kỹ thuật phần mềm,A00; A01; B00; D01,15,Điểm thi THPT,,2024,https://github.com/HTNam1710/ADS_Final/blob/main/Data/diem_chuan_2024_final.csv
EIU,7510302,Kỹ thuật điện tử - viễn thông,A00; A01; B00; D01,15,Điểm thi THPT,,2024,https://github.com/HTNam1710/ADS_Final/blob/main/Data/diem_chuan_2024_final.csv
EIU,7520103,Kỹ thuật cơ khí,A00; A01; B00; D01,15,Điểm thi THPT,,2024,https://github.com/HTNam1710/ADS_Final/blob/main/Data/diem_chuan_2024_final.csv
EIU,7520114,Kỹ thuật cơ điện tử,A00; A01; B00; D01,15,Điểm thi THPT,,2024,https://github.com/HTNam1710/ADS_Final/blob/main/Data/diem_chuan_2024_final.csv
EIU,7520201,Kỹ thuật điện,A00; A01; B00; D01,15,Điểm thi THPT,,2024,https://github.com/HTNam1710/ADS_Final/blob/main/Data/diem_chuan_2024_final.csv
EIU,7520216,Kỹ thuật điều khiển và tự động hóa,A00; A01; B00; D01,15,Điểm thi THPT,,2024,https://github.com/HTNam1710/ADS_Final/blob/main/Data/diem_chuan_2024_final.csv
EIU,7720301,Điều dưỡng,A00; A01; B00; D01,19,Điểm thi THPT,,2024,https://github.com/HTNam1710/ADS_Final/blob/main/Data/diem_chuan_2024_final.csv
DDV,7340124,Quản trị và Kinh doanh Quốc tế,A01; D01; D07; D10,17,Điểm thi THPT,,2024,https://github.com/HTNam1710/ADS_Final/blob/main/Data/diem_chuan_2024_final.csv
DDV,7420204,Khoa học Y Sinh,A00; D07; B00; B08,17,Điểm thi THPT,,2024,https://github.com/HTNam1710/ADS_Final/blob/main/Data/diem_chuan_2024_final.csv
DDV,7480101-CSE,Khoa học Máy tính – Chuyên ngành Công nghệ Phần mềm,A00; A01; D01; D90,18.5,Điểm thi THPT,,2024,https://github.com/HTNam1710/ADS_Final/blob/main/Data/diem_chuan_2024_final.csv
DDV,7480101-SE,Khoa học Máy tính – Chuyên ngành Công nghệ Phần mềm,A00; A01; D01; D90,17,Điểm thi THPT,,2024,https://github.com/HTNam1710/ADS_Final/blob/main/Data/diem_chuan_2024_final.csv
DDV,7510402,Công nghệ Vật liệu – Chuyên ngành Công nghệ Nano,A00; D07; B00; A01,17,Điểm thi THPT,,2024,https://github.com/HTNam1710/ADS_Final/blob/main/Data/diem_chuan_2024_final.csv
TDB,7729001,Y sinh học TDTT,T00; T01; T02; T05,18.35,Điểm thi THPT,Điểm thi tốt nghiệp THPT kết hợp năng khiếu,2024,https://github.com/HTNam1710/ADS_Final/blob/main/Data/diem_chuan_2024_final.csv
TDB,7810301,Quản lý TDTT,T00; T01; T02; T05,18.35,Điểm thi THPT,Điểm thi tốt nghiệp THPT kết hợp năng khiếu,2024,https://github.com/HTNam1710/ADS_Final/blob/main/Data/diem_chuan_2024_final.csv
TDB,7810302,Huấn luyện thể thao,T00; T01; T02; T05,18.35,Điểm thi THPT,Điểm thi tốt nghiệp THPT kết hợp năng khiếu,2024,https://github.com/HTNam1710/ADS_Final/blob/main/Data/diem_chuan_2024_final.csv
DHE,7480112,Khoa học dữ liệu và trí tuệ nhân tạo (Hệ Cử nhân),A00; A01; D01,18.2,Điểm thi THPT,,2024,https://github.com/HTNam1710/ADS_Final/blob/main/Data/diem_chuan_2024_final.csv
DHE,7480112KS,Khoa học dữ liệu và trí tuệ nhân tạo (Hệ Kỹ sư),A00; A01; D01,18.2,Điểm thi THPT,,2024,https://github.com/HTNam1710/ADS_Final/blob/main/Data/diem_chuan_2024_final.csv
DHE,7510205,Công nghệ kỹ thuật ô tô,A00; A01; D01,17.75,Điểm thi THPT,,2024,https://github.com/HTNam1710/ADS_Final/blob/main/Data/diem_chuan_2024_final.csv
DHE,7520201,Kỹ thuật điện,A00; A01; D01,16.7,Điểm thi THPT,,2024,https://github.com/HTNam1710/ADS_Final/blob/main/Data/diem_chuan_2024_final.csv
DHE,7520216,Kỹ thuật điều khiển và tự động hóa,A00; A01; D01,17.5,Điểm thi THPT,,2024,https://github.com/HTNam1710/ADS_Final/blob/main/Data/diem_chuan_2024_final.csv
DHE,7580201,Kỹ thuật xây dựng,A00; A01; C01; D01,15.75,Điểm thi THPT,,2024,https://github.com/HTNam1710/ADS_Final/blob/main/Data/diem_chuan_2024_final.csv
DTB,7310101,Kinh tế,A00; B00; C14; D01,17.5,Điểm thi THPT,,2024,https://github.com/HTNam1710/ADS_Final/blob/main/Data/diem_chuan_2024_final.csv
DTB,7310201,Chính trị học,A00; B00; C14; D01,18,Điểm thi THPT,,2024,https://github.com/HTNam1710/ADS_Final/blob/main/Data/diem_chuan_2024_final.csv
DTB,7310206,Quan hệ quốc tế,A00; B00; C14; D01,18,Điểm thi THPT,,2024,https://github.com/HTNam1710/ADS_Final/blob/main/Data/diem_chuan_2024_final.csv
DTB,7340101,Quản trị kinh doanh,A00; B00; C14; D01,18,Điểm thi THPT,,2024,https://github.com/HTNam1710/ADS_Final/blob/main/Data/diem_chuan_2024_final.csv
DTB,7340201,Tài chính - Ngân hàng,A00; B00; C14; D01,17.5,Điểm thi THPT,,2024,https://github.com/HTNam1710/ADS_Final/blob/main/Data/diem_chuan_2024_final.csv
DTB,7340301,Kế toán,A00; B00; C14; D01,17.5,Điểm thi THPT,,2024,https://github.com/HTNam1710/ADS_Final/blob/main/Data/diem_chuan_2024_final.csv
DTB,7380101,Luật,A00; B00; C14; D01,17.5,Điểm thi THPT,,2024,https://github.com/HTNam1710/ADS_Final/blob/main/Data/diem_chuan_2024_final.csv
DTB,7480201,Công nghệ thông tin,A00; B00; C14; D01,17,Điểm thi THPT,,2024,https://github.com/HTNam1710/ADS_Final/blob/main/Data/diem_chuan_2024_final.csv
DTB,7510201,Công nghệ kỹ thuật cơ khí,A00; B00; C14; D01,17,Điểm thi THPT,,2024,https://github.com/HTNam1710/ADS_Final/blob/main/Data/diem_chuan_2024_final.csv
DTB,7510301,"Công nghệ kỹ thuật điện, điện tử",A00; B00; C14; D01,17,Điểm thi THPT,,2024,https://github.com/HTNam1710/ADS_Final/blob/main/Data/diem_chuan_2024_final.csv
HVD,7310101,Kinh tế giáo dục vùng dân tộc thiểu số,C00; C03; C04; D01,18,Điểm thi THPT,,2024,https://github.com/HTNam1710/ADS_Final/blob/main/Data/diem_chuan_2024_final.csv
DHT,7220104,Hán Nôm,C00; C19; D14,16.25,Điểm thi THPT,,2024,https://github.com/HTNam1710/ADS_Final/blob/main/Data/diem_chuan_2024_final.csv
DHT,7229001,Triết học,A00; C19; D01; D66,16,Điểm thi THPT,,2024,https://github.com/HTNam1710/ADS_Final/blob/main/Data/diem_chuan_2024_final.csv
DHT,7229010,Lịch sử,C00; C19; D01; D14,16,Điểm thi THPT,,2024,https://github.com/HTNam1710/ADS_Final/blob/main/Data/diem_chuan_2024_final.csv
DHT,7229030,Văn học,C00; C19; D14,16.25,Điểm thi THPT,,2024,https://github.com/HTNam1710/ADS_Final/blob/main/Data/diem_chuan_2024_final.csv
DHT,7229042,Quản lý văn hóa,C00; C19; D01; D14,16,Điểm thi THPT,,2024,https://github.com/HTNam1710/ADS_Final/blob/main/Data/diem_chuan_2024_final.csv
DHT,7310205,Quản lý nhà nước,C14; C19; D01; D66,16,Điểm thi THPT,,2024,https://github.com/HTNam1710/ADS_Final/blob/main/Data/diem_chuan_2024_final.csv
DHT,7310301,Xã hội học,C00; C19; D01; D14,16.25,Điểm thi THPT,,2024,https://github.com/HTNam1710/ADS_Final/blob/main/Data/diem_chuan_2024_final.csv
DHT,7310608,Đông phương học,C00; C19; D01; D14,16,Điểm thi THPT,,2024,https://github.com/HTNam1710/ADS_Final/blob/main/Data/diem_chuan_2024_final.csv
DHT,7320101,Báo chí,C00; D01; D15,18,Điểm thi THPT,,2024,https://github.com/HTNam1710/ADS_Final/blob/main/Data/diem_chuan_2024_final.csv
DHT,7320115,Truyền thông số,C00; D01; D15,17.5,Điểm thi THPT,,2024,https://github.com/HTNam1710/ADS_Final/blob/main/Data/diem_chuan_2024_final.csv
DHT,7420201,Công nghệ sinh học,A00; B00; D01; D08,16,Điểm thi THPT,,2024,https://github.com/HTNam1710/ADS_Final/blob/main/Data/diem_chuan_2024_final.csv
DHT,7440102,Vật lý học,A00; A01; A10; D01,15,Điểm thi THPT,,2024,https://github.com/HTNam1710/ADS_Final/blob/main/Data/diem_chuan_2024_final.csv
DHT,7440112,Hóa học,A00; B00; D01; D07,15.75,Điểm thi THPT,,2024,https://github.com/HTNam1710/ADS_Final/blob/main/Data/diem_chuan_2024_final.csv
DHT,7440301,Khoa học môi trường,A00; B00; D07; D15,15,Điểm thi THPT,,2024,https://github.com/HTNam1710/ADS_Final/blob/main/Data/diem_chuan_2024_final.csv
DHT,7480103,Kỹ thuật phần mềm,A00; A01; D01; D07,17,Điểm thi THPT,,2024,https://github.com/HTNam1710/ADS_Final/blob/main/Data/diem_chuan_2024_final.csv
DHT,7480107D,Quản trị và phân tích dữ liệu (thí điểm),A00; A01; D01,16.5,Điểm thi THPT,,2024,https://github.com/HTNam1710/ADS_Final/blob/main/Data/diem_chuan_2024_final.csv
DHT,7480201,Công nghệ thông tin,A00; A01; D01; D07,17.5,Điểm thi THPT,,2024,https://github.com/HTNam1710/ADS_Final/blob/main/Data/diem_chuan_2024_final.csv
DHT,7510302,Công nghệ kỹ thuật điện tử - Viễn thông,A00; A01; D01; D07,16.5,Điểm thi THPT,,2024,https://github.com/HTNam1710/ADS_Final/blob/main/Data/diem_chuan_2024_final.csv
DHT,7510401,Công nghệ kỹ thuật hóa học,A00; B00; D01; D07,15.75,Điểm thi THPT,,2024,https://github.com/HTNam1710/ADS_Final/blob/main/Data/diem_chuan_2024_final.csv
DHT,7520503,Kỹ thuật trắc địa - bản đồ,A00; B00; D01; D10,15.5,Điểm thi THPT,,2024,https://github.com/HTNam1710/ADS_Final/blob/main/Data/diem_chuan_2024_final.csv
DHT,7580101,Kiến trúc,V00; V01; V02,16.75,Điểm thi THPT,,2024,https://github.com/HTNam1710/ADS_Final/blob/main/Data/diem_chuan_2024_final.csv
DHT,7580211,Địa kỹ thuật xây dựng,A00; B00; D01; D10,15.5,Điểm thi THPT,,2024,https://github.com/HTNam1710/ADS_Final/blob/main/Data/diem_chuan_2024_final.csv
DHT,7760101,Công tác xã hội,C00; C19; D01; D14,16.25,Điểm thi THPT,,2024,https://github.com/HTNam1710/ADS_Final/blob/main/Data/diem_chuan_2024_final.csv
DHT,7850101,Quản lý tài nguyên và môi trường,B00; C04; D01; D10,15.5,Điểm thi THPT,,2024,https://github.com/HTNam1710/ADS_Final/blob/main/Data/diem_chuan_2024_final.csv
DHT,7850105,"Quản lý an toàn, sức khỏe và môi trường",A00; B00; D07; D15,15,Điểm thi THPT,,2024,https://github.com/HTNam1710/ADS_Final/blob/main/Data/diem_chuan_2024_final.csv
DTZ,7220113,Ngôn ngữ và Văn hóa các dân tộc thiếu số Việt Nam,C00; C14; D01; D84,16,Điểm thi THPT,,2024,https://github.com/HTNam1710/ADS_Final/blob/main/Data/diem_chuan_2024_final.csv
DTZ,7220201,Ngôn ngữ Anh (Tiếng Anh ứng dụng),D01; D14; D15; D66,16,Điểm thi THPT,,2024,https://github.com/HTNam1710/ADS_Final/blob/main/Data/diem_chuan_2024_final.csv
DTZ,7220201_AH,Ngôn ngữ Anh (Song ngữ Anh - Hàn),D01; D14; D15; D66,16,Điểm thi THPT,,2024,https://github.com/HTNam1710/ADS_Final/blob/main/Data/diem_chuan_2024_final.csv
DTZ,7220201_AT,Ngôn ngữ Anh (Song ngữ Anh - Trung),D01; D14; D15; D66,16,Điểm thi THPT,,2024,https://github.com/HTNam1710/ADS_Final/blob/main/Data/diem_chuan_2024_final.csv
DTZ,7220201_HG,Ngôn ngữ Anh (Tiếng Anh ứng dụng),D01; D14; D15; D66,16,Điểm thi THPT,,2024,https://github.com/HTNam1710/ADS_Final/blob/main/Data/diem_chuan_2024_final.csv
DTZ,7220201_LC,Ngôn ngữ Anh (Tiếng Anh ứng dụng),D01; D14; D15; D66,16,Điểm thi THPT,,2024,https://github.com/HTNam1710/ADS_Final/blob/main/Data/diem_chuan_2024_final.csv
DTZ,7229010,Lịch sử (Lịch sử - Địa lý và Kinh tế pháp luật),C00; C14; D01; D84,18,Điểm thi THPT,CT đào tạo định hướng giảng dạy,2024,https://github.com/HTNam1710/ADS_Final/blob/main/Data/diem_chuan_2024_final.csv
DTZ,7229030,Văn học,C00; C14; D01; D84,18,Điểm thi THPT,CT đào tạo định hướng giảng dạy,2024,https://github.com/HTNam1710/ADS_Final/blob/main/Data/diem_chuan_2024_final.csv
DTZ,7310612,Trung Quốc học,C00; D01; D04; D66,18,Điểm thi THPT,,2024,https://github.com/HTNam1710/ADS_Final/blob/main/Data/diem_chuan_2024_final.csv
DTZ,7310614,Hàn Quốc học,C00; D01; DD2; D66,16,Điểm thi THPT,,2024,https://github.com/HTNam1710/ADS_Final/blob/main/Data/diem_chuan_2024_final.csv
DTZ,7320101,Báo chí (Báo chí đa phương tiện),C00; C14; D01; D84,16,Điểm thi THPT,,2024,https://github.com/HTNam1710/ADS_Final/blob/main/Data/diem_chuan_2024_final.csv
DTZ,7320201,Thông tin - Thư viện (Thư viện - Thiết bị trường học và Văn thư),C00; C14; D01; D84,16,Điểm thi THPT,,2024,https://github.com/HTNam1710/ADS_Final/blob/main/Data/diem_chuan_2024_final.csv
DTZ,7340401,Khoa học quản lý (Quản lý nhân lực),C00; C14; D01; D84,16,Điểm thi THPT,,2024,https://github.com/HTNam1710/ADS_Final/blob/main/Data/diem_chuan_2024_final.csv
DTZ,7380101,"Luật (Luật, Dịch vụ pháp luật)",C00; C14; C20; D01,16,Điểm thi THPT,,2024,https://github.com/HTNam1710/ADS_Final/blob/main/Data/diem_chuan_2024_final.csv
DTZ,7420201,Công nghệ sinh học (Kỹ thuật xét nghiệm Y - Sinh; Công nghệ sinh dược và nông nghiệp công nghệ cao),A00; B00; B08; D07,16,Điểm thi THPT,,2024,https://github.com/HTNam1710/ADS_Final/blob/main/Data/diem_chuan_2024_final.csv
DTZ,7440102_TĐ,Công nghệ bán dẫn,A00; A01; D07; C01,16,Điểm thi THPT,,2024,https://github.com/HTNam1710/ADS_Final/blob/main/Data/diem_chuan_2024_final.csv
DTZ,7440112,Hóa học (Hóa học - Sinh học - Vật lý),A00; B00; C08; D07,16.5,Điểm thi THPT,CT đào tạo định hướng giảng dạy,2024,https://github.com/HTNam1710/ADS_Final/blob/main/Data/diem_chuan_2024_final.csv
DTZ,7460101,Toán học,A00; C14; D01; D84,18,Điểm thi THPT,CT đào tạo định hướng giảng dạy,2024,https://github.com/HTNam1710/ADS_Final/blob/main/Data/diem_chuan_2024_final.csv
DTZ,7460117,Toán Tin,A00; C14; D01; D84,16.5,Điểm thi THPT,CT đào tạo định hướng giảng dạy,2024,https://github.com/HTNam1710/ADS_Final/blob/main/Data/diem_chuan_2024_final.csv
DTZ,7510401,Công nghệ kỹ thuật Hoá học (Công nghệ Hóa phân tích),A00; A16; B00; C14,16,Điểm thi THPT,,2024,https://github.com/HTNam1710/ADS_Final/blob/main/Data/diem_chuan_2024_final.csv
DTZ,7760101,Công tác xã hội,C00; C14; D01; D84,16,Điểm thi THPT,,2024,https://github.com/HTNam1710/ADS_Final/blob/main/Data/diem_chuan_2024_final.csv
DTZ,7810101,Du lịch,C00; C04; C20; D01,16,Điểm thi THPT,,2024,https://github.com/HTNam1710/ADS_Final/blob/main/Data/diem_chuan_2024_final.csv
DTZ,7810101_HG,Du lịch,C00; C04; C20; D01,16,Điểm thi THPT,,2024,https://github.com/HTNam1710/ADS_Final/blob/main/Data/diem_chuan_2024_final.csv
DTZ,7810103,Quản trị dịch vụ du lịch và lữ hành,C00; C20; D01; D66,16,Điểm thi THPT,,2024,https://github.com/HTNam1710/ADS_Final/blob/main/Data/diem_chuan_2024_final.csv
DTZ,7810301,Quản lý Thể dục thể thao,C00; C14; D01; D84,16,Điểm thi THPT,,2024,https://github.com/HTNam1710/ADS_Final/blob/main/Data/diem_chuan_2024_final.csv
DTZ,7850101,Quản lý Tài nguyên và Môi trường,A00; B00; C20; D01,16,Điểm thi THPT,,2024,https://github.com/HTNam1710/ADS_Final/blob/main/Data/diem_chuan_2024_final.csv
HDT,7140201,Giáo dục Mầm non,M00; M05; M07; M11,26.2,Điểm thi THPT,,2024,https://github.com/HTNam1710/ADS_Final/blob/main/Data/diem_chuan_2024_final.csv
HDT,7140202,Giáo dục Tiểu học,A00; C00; D01; M00,28.42,Điểm thi THPT,,2024,https://github.com/HTNam1710/ADS_Final/blob/main/Data/diem_chuan_2024_final.csv
HDT,7140209,Sư phạm Toán học,A00; A01; A02; D07,26.28,Điểm thi THPT,,2024,https://github.com/HTNam1710/ADS_Final/blob/main/Data/diem_chuan_2024_final.csv
HDT,7140210,Sư phạm Tin học,A00; A01; D01; D84,24.87,Điểm thi THPT,,2024,https://github.com/HTNam1710/ADS_Final/blob/main/Data/diem_chuan_2024_final.csv
HDT,7140217,Sư phạm Ngữ văn,C00; C19; C20; D01,28.83,Điểm thi THPT,,2024,https://github.com/HTNam1710/ADS_Final/blob/main/Data/diem_chuan_2024_final.csv
HDT,7140231,Sư phạm Tiếng Anh,A01; D01; D09; D10,26.85,Điểm thi THPT,,2024,https://github.com/HTNam1710/ADS_Final/blob/main/Data/diem_chuan_2024_final.csv
HDT,7140247,Sư phạm KH Tự nhiên,A00; A02; B00; C01,25.75,Điểm thi THPT,,2024,https://github.com/HTNam1710/ADS_Final/blob/main/Data/diem_chuan_2024_final.csv
HDT,7140249,Sư phạm Lịch sử - Địa lý,C00; C19; C20; D15,28.58,Điểm thi THPT,,2024,https://github.com/HTNam1710/ADS_Final/blob/main/Data/diem_chuan_2024_final.csv
HDT,7220201,Ngôn ngữ Anh,A01; D01; D14; D66,16,Điểm thi THPT,,2024,https://github.com/HTNam1710/ADS_Final/blob/main/Data/diem_chuan_2024_final.csv
HDT,7310101,Kinh tế,A00; C04; C14; D01,15,Điểm thi THPT,,2024,https://github.com/HTNam1710/ADS_Final/blob/main/Data/diem_chuan_2024_final.csv
HDT,7310401,Tâm lý học,B00; C00; C19; D01,15,Điểm thi THPT,,2024,https://github.com/HTNam1710/ADS_Final/blob/main/Data/diem_chuan_2024_final.csv
HDT,7320104,Truyền thông đa phương tiện,D01; C04; A01; C14,15,Điểm thi THPT,,2024,https://github.com/HTNam1710/ADS_Final/blob/main/Data/diem_chuan_2024_final.csv
HDT,7340101,Quản trị kinh doanh,A00; C04; C14; D01,16,Điểm thi THPT,,2024,https://github.com/HTNam1710/ADS_Final/blob/main/Data/diem_chuan_2024_final.csv
HDT,7340201,Tài chính - Ngân hàng,A00; C04; C14; D01,15,Điểm thi THPT,,2024,https://github.com/HTNam1710/ADS_Final/blob/main/Data/diem_chuan_2024_final.csv
HDT,7340301,Kế toán,A00; C04; C14; D01,16,Điểm thi THPT,,2024,https://github.com/HTNam1710/ADS_Final/blob/main/Data/diem_chuan_2024_final.csv
HDT,7340302,Kiểm toán,A00; C04; C14; D01,15,Điểm thi THPT,,2024,https://github.com/HTNam1710/ADS_Final/blob/main/Data/diem_chuan_2024_final.csv
HDT,7380101,Luật,A00; C00; C19; C20,16,Điểm thi THPT,,2024,https://github.com/HTNam1710/ADS_Final/blob/main/Data/diem_chuan_2024_final.csv
HDT,7380107,Luật Kinh tế,A00; C00; C19; C20,15,Điểm thi THPT,,2024,https://github.com/HTNam1710/ADS_Final/blob/main/Data/diem_chuan_2024_final.csv
HDT,7480201,Công nghệ thông tin,A00; A01; D01; D84,16,Điểm thi THPT,,2024,https://github.com/HTNam1710/ADS_Final/blob/main/Data/diem_chuan_2024_final.csv
HDT,7510605,Logistics và quản lý chuỗi cung ứng,A00; C04; C14; D01,15,Điểm thi THPT,,2024,https://github.com/HTNam1710/ADS_Final/blob/main/Data/diem_chuan_2024_final.csv
HDT,7520201,Kỹ thuật điện,A00; A01; A02; B00,15,Điểm thi THPT,,2024,https://github.com/HTNam1710/ADS_Final/blob/main/Data/diem_chuan_2024_final.csv
HDT,7580201,Kỹ thuật xây dựng,A00; A01; A02; B00,15,Điểm thi THPT,,2024,https://github.com/HTNam1710/ADS_Final/blob/main/Data/diem_chuan_2024_final.csv
HDT,7580302,Quản lý xây dựng,A00; A01; A02; B00,15,Điểm thi THPT,,2024,https://github.com/HTNam1710/ADS_Final/blob/main/Data/diem_chuan_2024_final.csv
HDT,7620106,Chăn nuôi - Thú y,A00; B00; C14; C20,15,Điểm thi THPT,,2024,https://github.com/HTNam1710/ADS_Final/blob/main/Data/diem_chuan_2024_final.csv
HDT,7620110,Khoa học cây trồng,A00; B00; C14; C20,15,Điểm thi THPT,,2024,https://github.com/HTNam1710/ADS_Final/blob/main/Data/diem_chuan_2024_final.csv
HDT,7620115,Kinh tế nông nghiệp,A00; B00; C14; C20,15,Điểm thi THPT,,2024,https://github.com/HTNam1710/ADS_Final/blob/main/Data/diem_chuan_2024_final.csv
HDT,7620201,Lâm học,A00; B00; C14; C20,15,Điểm thi THPT,,2024,https://github.com/HTNam1710/ADS_Final/blob/main/Data/diem_chuan_2024_final.csv
HDT,7810101,Du lịch,C00; C19; C20; D66,15,Điểm thi THPT,,2024,https://github.com/HTNam1710/ADS_Final/blob/main/Data/diem_chuan_2024_final.csv
HDT,7810201,Quản trị khách sạn,D01; C04; C14; C20,15,Điểm thi THPT,,2024,https://github.com/HTNam1710/ADS_Final/blob/main/Data/diem_chuan_2024_final.csv
HDT,7810302,Huấn luyện thể thao,T00; T02; T05; T07,15,Điểm thi THPT,,2024,https://github.com/HTNam1710/ADS_Final/blob/main/Data/diem_chuan_2024_final.csv
HDT,7850103,Quản lý đất đai,A00; B00; C14; C20,15,Điểm thi THPT,,2024,https://github.com/HTNam1710/ADS_Final/blob/main/Data/diem_chuan_2024_final.csv
DNU,51140201,Giáo dục mầm non (Cao đẳng),M05; M07; M08; M13,20.5,Điểm thi THPT,,2024,https://github.com/HTNam1710/ADS_Final/blob/main/Data/diem_chuan_2024_final.csv
DNU,7140201,Giáo dục mầm non,M05; M07; M08; M13,22.25,Điểm thi THPT,,2024,https://github.com/HTNam1710/ADS_Final/blob/main/Data/diem_chuan_2024_final.csv
DNU,7140202,Giáo dục Tiểu học,A00; C00; D01; A01,24.25,Điểm thi THPT,,2024,https://github.com/HTNam1710/ADS_Final/blob/main/Data/diem_chuan_2024_final.csv
DNU,7140209,Sư phạm Toán học,A00; A01; D07; D90,25.25,Điểm thi THPT,,2024,https://github.com/HTNam1710/ADS_Final/blob/main/Data/diem_chuan_2024_final.csv
DNU,7140217,Sư phạm Ngữ văn,C00; D14; D01,25.5,Điểm thi THPT,,2024,https://github.com/HTNam1710/ADS_Final/blob/main/Data/diem_chuan_2024_final.csv
DNU,7140231,Sư phạm Tiếng Anh,D01; A01,24.75,Điểm thi THPT,,2024,https://github.com/HTNam1710/ADS_Final/blob/main/Data/diem_chuan_2024_final.csv
DNU,7220201,Ngôn ngữ Anh,D01; A01,22.75,Điểm thi THPT,,2024,https://github.com/HTNam1710/ADS_Final/blob/main/Data/diem_chuan_2024_final.csv
DNU,7340101,Quản trị kinh doanh,A00; A01; D01,18.5,Điểm thi THPT,,2024,https://github.com/HTNam1710/ADS_Final/blob/main/Data/diem_chuan_2024_final.csv
DNU,7340301,Kế toán,A00; A01; D01,19.75,Điểm thi THPT,,2024,https://github.com/HTNam1710/ADS_Final/blob/main/Data/diem_chuan_2024_final.csv
DNU,7510301,"Công nghệ kỹ thuật điện, điện tử",A00; A01; D01; D90,17,Điểm thi THPT,,2024,https://github.com/HTNam1710/ADS_Final/blob/main/Data/diem_chuan_2024_final.csv
DNU,7520103,Kỹ thuật cơ khí,A00; A01; D01; D90,17,Điểm thi THPT,,2024,https://github.com/HTNam1710/ADS_Final/blob/main/Data/diem_chuan_2024_final.csv
LNS,7340101,Quản trị kinh doanh,A00; A01; C15; D01,16,Điểm thi THPT,,2024,https://github.com/HTNam1710/ADS_Final/blob/main/Data/diem_chuan_2024_final.csv
LNS,7340201,Tài chính ngân hàng,A00; A01; C15; D01,16,Điểm thi THPT,,2024,https://github.com/HTNam1710/ADS_Final/blob/main/Data/diem_chuan_2024_final.csv
LNS,7340301,Kế toán,A00; A01; C15; D01,16,Điểm thi THPT,,2024,https://github.com/HTNam1710/ADS_Final/blob/main/Data/diem_chuan_2024_final.csv
LNS,7480104,Hệ thống thông tin,A00; A01; C15; D01,16,Điểm thi THPT,,2024,https://github.com/HTNam1710/ADS_Final/blob/main/Data/diem_chuan_2024_final.csv
LNS,7510605,Logistics & Quản lý chuỗi cung ứng,A00; A01; C15; D01,16,Điểm thi THPT,,2024,https://github.com/HTNam1710/ADS_Final/blob/main/Data/diem_chuan_2024_final.csv
LNS,7549001,Công nghệ Chế biến lâm sản,A00; B00; C15; D01,15,Điểm thi THPT,,2024,https://github.com/HTNam1710/ADS_Final/blob/main/Data/diem_chuan_2024_final.csv
LNS,7580108,Thiết kế nội thất,A00; B00; C15; D01,16,Điểm thi THPT,,2024,https://github.com/HTNam1710/ADS_Final/blob/main/Data/diem_chuan_2024_final.csv
LNS,7620105,Chăn nuôi,A00; B00; C15; D01,15,Điểm thi THPT,,2024,https://github.com/HTNam1710/ADS_Final/blob/main/Data/diem_chuan_2024_final.csv
LNS,7620110,Khoa học cây trồng,A00; B00; C15; D01,15,Điểm thi THPT,,2024,https://github.com/HTNam1710/ADS_Final/blob/main/Data/diem_chuan_2024_final.csv
LNS,7620112,Bảo vệ thực vật,A00; B00; C15; D01,15,Điểm thi THPT,,2024,https://github.com/HTNam1710/ADS_Final/blob/main/Data/diem_chuan_2024_final.csv
LNS,7620205,Lâm sinh,A00; B00; C15; D01,15,Điểm thi THPT,,2024,https://github.com/HTNam1710/ADS_Final/blob/main/Data/diem_chuan_2024_final.csv
LNS,7620211,Quản lí tài nguyên rừng,A00; B00; C15; D01,16,Điểm thi THPT,,2024,https://github.com/HTNam1710/ADS_Final/blob/main/Data/diem_chuan_2024_final.csv
LNS,7640101,Thú y,A00; B00; C15; D01,18,Điểm thi THPT,,2024,https://github.com/HTNam1710/ADS_Final/blob/main/Data/diem_chuan_2024_final.csv
LNS,7810103,Quản trị dịch vụ du lịch & lữ hành,A00; A01; C15; D01,16,Điểm thi THPT,,2024,https://github.com/HTNam1710/ADS_Final/blob/main/Data/diem_chuan_2024_final.csv
LNS,7850101,Quản lí tài nguyên & môi trường,A00; B00; C15; D01,16,Điểm thi THPT,,2024,https://github.com/HTNam1710/ADS_Final/blob/main/Data/diem_chuan_2024_final.csv
LNS,7850103,Quản lý đất đai,A00; B00; C15; D01,16,Điểm thi THPT,,2024,https://github.com/HTNam1710/ADS_Final/blob/main/Data/diem_chuan_2024_final.csv
DTM,7340101,Quản trị kinh doanh,A00; A01; B00; D01,18,Điểm thi THPT,,2024,https://github.com/HTNam1710/ADS_Final/blob/main/Data/diem_chuan_2024_final.csv
DTM,7340116,Bất động sản,A00; A01; B00; D01,16,Điểm thi THPT,,2024,https://github.com/HTNam1710/ADS_Final/blob/main/Data/diem_chuan_2024_final.csv
DTM,7440201,Địa chất học,A00; A01; B00; D01,15,Điểm thi THPT,,2024,https://github.com/HTNam1710/ADS_Final/blob/main/Data/diem_chuan_2024_final.csv
DTM,7440222,Khí tượng và khí hậu học,A00; A01; B00; D01,15,Điểm thi THPT,,2024,https://github.com/HTNam1710/ADS_Final/blob/main/Data/diem_chuan_2024_final.csv
DTM,7440224,Thủy văn học,A00; A01; B00; D01,15,Điểm thi THPT,,2024,https://github.com/HTNam1710/ADS_Final/blob/main/Data/diem_chuan_2024_final.csv
DTM,7440298,Biến đổi khí hậu và phát triển bền vững,A00; A01; B00; D01,15,Điểm thi THPT,,2024,https://github.com/HTNam1710/ADS_Final/blob/main/Data/diem_chuan_2024_final.csv
DTM,7480104,Hệ thống thông tin,A00; A01; B00; D01,15,Điểm thi THPT,,2024,https://github.com/HTNam1710/ADS_Final/blob/main/Data/diem_chuan_2024_final.csv
DTM,7480201,Công nghệ thông tin,A00; A01; B00; D01,17.5,Điểm thi THPT,,2024,https://github.com/HTNam1710/ADS_Final/blob/main/Data/diem_chuan_2024_final.csv
DTM,7510401,Công nghệ kỹ thuật hóa học,A00; A01; A02; B00,15,Điểm thi THPT,,2024,https://github.com/HTNam1710/ADS_Final/blob/main/Data/diem_chuan_2024_final.csv
DTM,7510402,Công nghệ vật liệu,A00; A01; A02; B00,15,Điểm thi THPT,,2024,https://github.com/HTNam1710/ADS_Final/blob/main/Data/diem_chuan_2024_final.csv
DTM,7510406,Công nghệ kỹ thuật môi trường,A00; A01; A02; B00,15,Điểm thi THPT,,2024,https://github.com/HTNam1710/ADS_Final/blob/main/Data/diem_chuan_2024_final.csv
DTM,7520503,Kỹ thuật trắc địa - Bản đồ,A00; A01; A02; B00,15,Điểm thi THPT,,2024,https://github.com/HTNam1710/ADS_Final/blob/main/Data/diem_chuan_2024_final.csv
DTM,7580106,Quàn lý đô thị và công trình,A00; A01; A02; B00,15,Điểm thi THPT,,2024,https://github.com/HTNam1710/ADS_Final/blob/main/Data/diem_chuan_2024_final.csv
DTM,7580213,Kỹ thuật cấp thoát nước,A00; A01; A02; B00,15,Điểm thi THPT,,2024,https://github.com/HTNam1710/ADS_Final/blob/main/Data/diem_chuan_2024_final.csv
DTM,7850101,Quản lý tài nguyên và môi trường,A00; A01; A02; B00,16,Điểm thi THPT,,2024,https://github.com/HTNam1710/ADS_Final/blob/main/Data/diem_chuan_2024_final.csv
DTM,7850102,Kinh tế tài nguyên thiên nhiên,A00; A01; B00; D01,15,Điểm thi THPT,,2024,https://github.com/HTNam1710/ADS_Final/blob/main/Data/diem_chuan_2024_final.csv
DTM,7850103,Quản lý đất đai,A00; A01; B00; D01,17.5,Điểm thi THPT,,2024,https://github.com/HTNam1710/ADS_Final/blob/main/Data/diem_chuan_2024_final.csv
DTM,7850195,Quản lý tổng hợp tài nguyên nước,A00; A01; B00; D01,15,Điểm thi THPT,,2024,https://github.com/HTNam1710/ADS_Final/blob/main/Data/diem_chuan_2024_final.csv
DTM,7850197,Quản lý tài nguyên và môi trường biển đảo,A00; A01; B00; D01,15,Điểm thi THPT,,2024,https://github.com/HTNam1710/ADS_Final/blob/main/Data/diem_chuan_2024_final.csv
NTU,7210403,Thiết kế đồ họa,H00; C03; C04; C01,18,Điểm thi THPT,,2024,https://github.com/HTNam1710/ADS_Final/blob/main/Data/diem_chuan_2024_final.csv
NTU,7220209,Ngôn ngữ Nhật,A01; D01; C04; D63,18,Điểm thi THPT,,2024,https://github.com/HTNam1710/ADS_Final/blob/main/Data/diem_chuan_2024_final.csv
NTU,7220210,Ngôn ngữ Hàn Quốc,A01; D01; C04; DD2,18,Điểm thi THPT,,2024,https://github.com/HTNam1710/ADS_Final/blob/main/Data/diem_chuan_2024_final.csv
NTU,7310601,Quốc tế học,A01; D01; C04; C00,18,Điểm thi THPT,,2024,https://github.com/HTNam1710/ADS_Final/blob/main/Data/diem_chuan_2024_final.csv
NTU,7320108,Quan hệ công chúng,C00; D01; C19; C14,18,Điểm thi THPT,,2024,https://github.com/HTNam1710/ADS_Final/blob/main/Data/diem_chuan_2024_final.csv
NTU,7340101,Quản trị kinh doanh,A00; D01; A07; C04,18,Điểm thi THPT,,2024,https://github.com/HTNam1710/ADS_Final/blob/main/Data/diem_chuan_2024_final.csv
NTU,7340201,Tài chính ngân hàng,A00; D01; A07; C04,18,Điểm thi THPT,,2024,https://github.com/HTNam1710/ADS_Final/blob/main/Data/diem_chuan_2024_final.csv
NTU,7340301,Kế toán,A00; D01; A07; C04,18,Điểm thi THPT,,2024,https://github.com/HTNam1710/ADS_Final/blob/main/Data/diem_chuan_2024_final.csv
NTU,7480201,Công nghệ thông tin,A00; D01; A01; C04,18,Điểm thi THPT,,2024,https://github.com/HTNam1710/ADS_Final/blob/main/Data/diem_chuan_2024_final.csv
NTU,7580101,Kiến trúc,V00; C03; C04; A07,18,Điểm thi THPT,,2024,https://github.com/HTNam1710/ADS_Final/blob/main/Data/diem_chuan_2024_final.csv
NTU,7580108,Thiết kế nội thất,H00; C03; C04; C01,18,Điểm thi THPT,,2024,https://github.com/HTNam1710/ADS_Final/blob/main/Data/diem_chuan_2024_final.csv
CCM,7210403,Thiết kế đồ họa,A00; D01; V01; H00,18,Điểm thi THPT,,2024,https://github.com/HTNam1710/ADS_Final/blob/main/Data/diem_chuan_2024_final.csv
CCM,7210404,Thiết kế thời trang,D01; V00; V01; H00,18,Điểm thi THPT,,2024,https://github.com/HTNam1710/ADS_Final/blob/main/Data/diem_chuan_2024_final.csv
CCM,7340101,Quản trị kinh doanh,A00; A01; B00; D01,15,Điểm thi THPT,,2024,https://github.com/HTNam1710/ADS_Final/blob/main/Data/diem_chuan_2024_final.csv
CCM,7340115,Marketing,A00; A01; B00; D01,15,Điểm thi THPT,,2024,https://github.com/HTNam1710/ADS_Final/blob/main/Data/diem_chuan_2024_final.csv
CCM,7340122,Thương mại điện tử,A00; A01; B00; D01,15,Điểm thi THPT,,2024,https://github.com/HTNam1710/ADS_Final/blob/main/Data/diem_chuan_2024_final.csv
CCM,7340301,Kế toán,A00; A01; B00; D01,15,Điểm thi THPT,,2024,https://github.com/HTNam1710/ADS_Final/blob/main/Data/diem_chuan_2024_final.csv
CCM,7510201,Công nghệ kỹ thuật cơ khí,A00; A01; B00; D01,15,Điểm thi THPT,,2024,https://github.com/HTNam1710/ADS_Final/blob/main/Data/diem_chuan_2024_final.csv
CCM,7510301,"Công nghệ kỹ thuật điện, điện tử",A00; A01; B00; D01,15,Điểm thi THPT,,2024,https://github.com/HTNam1710/ADS_Final/blob/main/Data/diem_chuan_2024_final.csv
CCM,7510601,Quản lý công nghiệp,A00; A01; B00; D01,15,Điểm thi THPT,,2024,https://github.com/HTNam1710/ADS_Final/blob/main/Data/diem_chuan_2024_final.csv
CCM,7540202,Công nghệ sợi dệt,A00; A01; B00; D01,15,Điểm thi THPT,,2024,https://github.com/HTNam1710/ADS_Final/blob/main/Data/diem_chuan_2024_final.csv
CCM,7540209,Công nghệ may,A00; A01; B00; D01,15,Điểm thi THPT,,2024,https://github.com/HTNam1710/ADS_Final/blob/main/Data/diem_chuan_2024_final.csv
VUI,7220201,Ngôn ngữ Anh,D01; D14; A01; K01,17,Điểm thi THPT,,2024,https://github.com/HTNam1710/ADS_Final/blob/main/Data/diem_chuan_2024_final.csv
VUI,7220204,Ngôn ngữ Trung Quốc,D01; D14; D15; K01,17,Điểm thi THPT,,2024,https://github.com/HTNam1710/ADS_Final/blob/main/Data/diem_chuan_2024_final.csv
VUI,7340101,Quản trị kinh doanh,D14; D01; C00; A21,16,Điểm thi THPT,,2024,https://github.com/HTNam1710/ADS_Final/blob/main/Data/diem_chuan_2024_final.csv
VUI,7340301,Kế toán,D14; D01; C00; A21,17,Điểm thi THPT,,2024,https://github.com/HTNam1710/ADS_Final/blob/main/Data/diem_chuan_2024_final.csv
VUI,7420201,Công nghệ sinh học,A00; A01; D01; A21,16,Điểm thi THPT,,2024,https://github.com/HTNam1710/ADS_Final/blob/main/Data/diem_chuan_2024_final.csv
VUI,7440112,Hóa học (Hóa phân tích),A00; A01; D01; A21,16,Điểm thi THPT,,2024,https://github.com/HTNam1710/ADS_Final/blob/main/Data/diem_chuan_2024_final.csv
VUI,7480201,Công nghệ thông tin,A00; A01; D01; A21,17,Điểm thi THPT,,2024,https://github.com/HTNam1710/ADS_Final/blob/main/Data/diem_chuan_2024_final.csv
VUI,7510201,Công nghệ kỹ thuật cơ khí,A00; A01; D01; A21,16,Điểm thi THPT,,2024,https://github.com/HTNam1710/ADS_Final/blob/main/Data/diem_chuan_2024_final.csv
VUI,7510205,Công nghệ kỹ thuật ô tô,A00; A01; D01; A21,18,Điểm thi THPT,,2024,https://github.com/HTNam1710/ADS_Final/blob/main/Data/diem_chuan_2024_final.csv
VUI,7510301,"Công nghệ kỹ thuật điện, điện tử",A00; A01; D01; A21,17,Điểm thi THPT,,2024,https://github.com/HTNam1710/ADS_Final/blob/main/Data/diem_chuan_2024_final.csv
VUI,7510303,Công nghệ kỹ thuật điều khiển và tự động hóa,A00; A01; D01; A21,17,Điểm thi THPT,,2024,https://github.com/HTNam1710/ADS_Final/blob/main/Data/diem_chuan_2024_final.csv
VUI,7510401,Công nghệ kỹ thuật hóa học,A00; A01; D01; A21,16,Điểm thi THPT,,2024,https://github.com/HTNam1710/ADS_Final/blob/main/Data/diem_chuan_2024_final.csv
VUI,7510406,Công nghệ kỹ thuật môi trường,A00; A01; D01; A21,16,Điểm thi THPT,,2024,https://github.com/HTNam1710/ADS_Final/blob/main/Data/diem_chuan_2024_final.csv
VUI,7540101,Công nghệ thực phẩm,A00; A01; D01; A21,16,Điểm thi THPT,,2024,https://github.com/HTNam1710/ADS_Final/blob/main/Data/diem_chuan_2024_final.csv
QSP,7580201,Kỹ thuật xây dựng,A00; A01; D90,17.5,Điểm thi THPT,,2024,https://github.com/HTNam1710/ADS_Final/blob/main/Data/diem_chuan_2024_final.csv
DHL,7340116,Bất động sản,A00; B00; C00; C04,15,Điểm thi THPT,,2024,https://github.com/HTNam1710/ADS_Final/blob/main/Data/diem_chuan_2024_final.csv
DHL,7510201,Công nghệ kỹ thuật cơ khí,A00; A02; A01; B00,15,Điểm thi THPT,,2024,https://github.com/HTNam1710/ADS_Final/blob/main/Data/diem_chuan_2024_final.csv
DHL,7520114,Kỹ thuật cơ – điện tử,A00; A02; A01; B00,15,Điểm thi THPT,,2024,https://github.com/HTNam1710/ADS_Final/blob/main/Data/diem_chuan_2024_final.csv
DHL,7540101,Công nghệ thực phẩm,A00; B00; B03; D08,16,Điểm thi THPT,,2024,https://github.com/HTNam1710/ADS_Final/blob/main/Data/diem_chuan_2024_final.csv
DHL,7540106,Đảm bảo chất lượng và an toàn thực phẩm,A00; B00; B03; D08,15,Điểm thi THPT,,2024,https://github.com/HTNam1710/ADS_Final/blob/main/Data/diem_chuan_2024_final.csv
DHL,7620102,Khuyến nông,A07; B03; C00; C04,15,Điểm thi THPT,,2024,https://github.com/HTNam1710/ADS_Final/blob/main/Data/diem_chuan_2024_final.csv
DHL,7620105,Chăn nuôi,A00; A02; B00; D08,15,Điểm thi THPT,,2024,https://github.com/HTNam1710/ADS_Final/blob/main/Data/diem_chuan_2024_final.csv
DHL,7620110,Khoa học cây trồng,A00; B00; B03; D08,15,Điểm thi THPT,,2024,https://github.com/HTNam1710/ADS_Final/blob/main/Data/diem_chuan_2024_final.csv
DHL,7620112,Bảo vệ thực vật,A00; B00; B03; D08,15,Điểm thi THPT,,2024,https://github.com/HTNam1710/ADS_Final/blob/main/Data/diem_chuan_2024_final.csv
DHL,7620116,Phát triển nông thôn,A07; B03; C00; C04,15,Điểm thi THPT,,2024,https://github.com/HTNam1710/ADS_Final/blob/main/Data/diem_chuan_2024_final.csv
DHL,7620118,Nông nghiệp công nghệ cao,A00; B00; B03; D08,15,Điểm thi THPT,,2024,https://github.com/HTNam1710/ADS_Final/blob/main/Data/diem_chuan_2024_final.csv
DHL,7620119,Kinh doanh và khởi nghiệp nông thôn,A07; C00; C04; D10,15,Điểm thi THPT,,2024,https://github.com/HTNam1710/ADS_Final/blob/main/Data/diem_chuan_2024_final.csv
DHL,7620205,Lâm nghiệp,A00; A02; B00; B03,15,Điểm thi THPT,,2024,https://github.com/HTNam1710/ADS_Final/blob/main/Data/diem_chuan_2024_final.csv
DHL,7620211,Quản lý tài nguyên rừng,A00; A02; B00; B03,15,Điểm thi THPT,,2024,https://github.com/HTNam1710/ADS_Final/blob/main/Data/diem_chuan_2024_final.csv
DHL,7620301,Nuôi trồng thủy sản,A00; B00; D01; D08,15,Điểm thi THPT,,2024,https://github.com/HTNam1710/ADS_Final/blob/main/Data/diem_chuan_2024_final.csv
DHL,7620302,Bệnh học thủy sản,A00; B00; D01; D08,15,Điểm thi THPT,,2024,https://github.com/HTNam1710/ADS_Final/blob/main/Data/diem_chuan_2024_final.csv
DHL,7620305,Quản lý thủy sản,A00; B00; D01; D08,15,Điểm thi THPT,,2024,https://github.com/HTNam1710/ADS_Final/blob/main/Data/diem_chuan_2024_final.csv
DHL,7640101,Thú y,A00; A02; B00; D08,17.5,Điểm thi THPT,,2024,https://github.com/HTNam1710/ADS_Final/blob/main/Data/diem_chuan_2024_final.csv
DHL,7850103,Quản lý đất đai,A00; B00; C00; C04,15,Điểm thi THPT,,2024,https://github.com/HTNam1710/ADS_Final/blob/main/Data/diem_chuan_2024_final.csv
DTQ,7310601,Quốc tế học (Chương trình dạy và học bằng tiếng Anh),C00; A01; D01; D15,17,Điểm thi THPT,,2024,https://github.com/HTNam1710/ADS_Final/blob/main/Data/diem_chuan_2024_final.csv
DTQ,7340101,Quản trị kinh doanh (Chương trình tiên tiến),A00; A01; D10; D01,17,Điểm thi THPT,,2024,https://github.com/HTNam1710/ADS_Final/blob/main/Data/diem_chuan_2024_final.csv
DTQ,7340120,Kinh doanh quốc tế (Chương trình tiên tiến),A00; A01; D10; D01,17,Điểm thi THPT,,2024,https://github.com/HTNam1710/ADS_Final/blob/main/Data/diem_chuan_2024_final.csv
DTQ,7340205,Công nghệ tài chính (Chương trình dạy và học bằng tiếng Anh),A00; A01; D01; D10,17,Điểm thi THPT,,2024,https://github.com/HTNam1710/ADS_Final/blob/main/Data/diem_chuan_2024_final.csv
DTQ,7340301,Kế toán (Chương trình tiên tiến),A00; A01; D10; D01,17,Điểm thi THPT,,2024,https://github.com/HTNam1710/ADS_Final/blob/main/Data/diem_chuan_2024_final.csv
DTQ,7850101,Quản lý tài nguyên và môi trường (Chương trình tiên tiến),B00; B08; D10; D01,17,Điểm thi THPT,,2024,https://github.com/HTNam1710/ADS_Final/blob/main/Data/diem_chuan_2024_final.csv
SIU,7140103,Công nghệ giáo dục,A00; A01; D01; D07,16,Điểm thi THPT,,2024,https://github.com/HTNam1710/ADS_Final/blob/main/Data/diem_chuan_2024_final.csv
SIU,7220201,Ngôn ngữ Anh,D01; D11; D12; D15,17,Điểm thi THPT,,2024,https://github.com/HTNam1710/ADS_Final/blob/main/Data/diem_chuan_2024_final.csv
SIU,7310401,Tâm lý học,D01; C00; D14; D15,16,Điểm thi THPT,,2024,https://github.com/HTNam1710/ADS_Final/blob/main/Data/diem_chuan_2024_final.csv
SIU,7310608,Đông phương học,A01; C00; D01; D04,16,Điểm thi THPT,,2024,https://github.com/HTNam1710/ADS_Final/blob/main/Data/diem_chuan_2024_final.csv
SIU,7320104,Truyền thông đa phương tiện,A00; A01; D01; C00,17,Điểm thi THPT,,2024,https://github.com/HTNam1710/ADS_Final/blob/main/Data/diem_chuan_2024_final.csv
SIU,7320108,Quan hệ công chúng,A00; A01; D01; C00,17,Điểm thi THPT,,2024,https://github.com/HTNam1710/ADS_Final/blob/main/Data/diem_chuan_2024_final.csv
SIU,7340101,Quản trị kinh doanh,A00; A01; A07; D01,17,Điểm thi THPT,,2024,https://github.com/HTNam1710/ADS_Final/blob/main/Data/diem_chuan_2024_final.csv
SIU,7340122,Thương mại điện tử,A00; A01; A07; D01,16,Điểm thi THPT,,2024,https://github.com/HTNam1710/ADS_Final/blob/main/Data/diem_chuan_2024_final.csv
SIU,7340301,Kế toán,A00; A01; C01; D01,16,Điểm thi THPT,,2024,https://github.com/HTNam1710/ADS_Final/blob/main/Data/diem_chuan_2024_final.csv
SIU,7380107,Luật kinh tế,A00; A01; D01; C00,17,Điểm thi THPT,,2024,https://github.com/HTNam1710/ADS_Final/blob/main/Data/diem_chuan_2024_final.csv
SIU,7480101,Khoa học máy tính,A00; A01; D01; D07,17,Điểm thi THPT,,2024,https://github.com/HTNam1710/ADS_Final/blob/main/Data/diem_chuan_2024_final.csv
SIU,7480201,Công nghệ thông tin,A00; A01; D01; D07,17,Điểm thi THPT,,2024,https://github.com/HTNam1710/ADS_Final/blob/main/Data/diem_chuan_2024_final.csv
SIU,7510605,Logistic và quản lý chuỗi cung ứng,A00; A01; A07; D01,17,Điểm thi THPT,,2024,https://github.com/HTNam1710/ADS_Final/blob/main/Data/diem_chuan_2024_final.csv
SIU,7810201,Quản trị khách sạn,A00; A01; A07; D01,16,Điểm thi THPT,,2024,https://github.com/HTNam1710/ADS_Final/blob/main/Data/diem_chuan_2024_final.csv
DCA,7220201,Ngôn ngữ Anh,A01; D01; D10; D14,15,Điểm thi THPT,,2024,https://github.com/HTNam1710/ADS_Final/blob/main/Data/diem_chuan_2024_final.csv
DCA,7340101,Quản trị kinh doanh,A00; A01; C04; D01,15,Điểm thi THPT,,2024,https://github.com/HTNam1710/ADS_Final/blob/main/Data/diem_chuan_2024_final.csv
DCA,7340201,Tài chính - Ngân hàng,A00; A01; C04; D01,15,Điểm thi THPT,,2024,https://github.com/HTNam1710/ADS_Final/blob/main/Data/diem_chuan_2024_final.csv
DCA,7340301,Kế toán,A00; A01; C04; D01,15,Điểm thi THPT,,2024,https://github.com/HTNam1710/ADS_Final/blob/main/Data/diem_chuan_2024_final.csv
DCA,7380107,Luật Kinh tế,A00; A01; C00; D01,15,Điểm thi THPT,,2024,https://github.com/HTNam1710/ADS_Final/blob/main/Data/diem_chuan_2024_final.csv
DCA,7480201,Công nghệ thông tin,A00; A01; C00; D01,17,Điểm thi THPT,,2024,https://github.com/HTNam1710/ADS_Final/blob/main/Data/diem_chuan_2024_final.csv
DCA,7520201,Kỹ thuật điện,A00; A01; C00; D01,17,Điểm thi THPT,,2024,https://github.com/HTNam1710/ADS_Final/blob/main/Data/diem_chuan_2024_final.csv
DLA,7220201,Ngôn ngữ Anh,D01; D12; D15; D66,15,Điểm thi THPT,,2024,https://github.com/HTNam1710/ADS_Final/blob/main/Data/diem_chuan_2024_final.csv
DLA,7340101,Quản trị kinh doanh,A01; B03; C20; D13,15,Điểm thi THPT,,2024,https://github.com/HTNam1710/ADS_Final/blob/main/Data/diem_chuan_2024_final.csv
DLA,7340201,Tài chính - Ngân hàng,A08; B00; C08; D07,15,Điểm thi THPT,,2024,https://github.com/HTNam1710/ADS_Final/blob/main/Data/diem_chuan_2024_final.csv
DLA,7340301,Kế toán,A00; A09; C02; D10,15,Điểm thi THPT,,2024,https://github.com/HTNam1710/ADS_Final/blob/main/Data/diem_chuan_2024_final.csv
DLA,7380107,Luật Kinh tế,A00; C00; C04; C05,15,Điểm thi THPT,,2024,https://github.com/HTNam1710/ADS_Final/blob/main/Data/diem_chuan_2024_final.csv
DLA,7480201,Công nghệ thông tin,A00; C01; C14; D08,15,Điểm thi THPT,,2024,https://github.com/HTNam1710/ADS_Final/blob/main/Data/diem_chuan_2024_final.csv
DLA,7510103,Công nghệ Kỹ thuật Xây dựng,A00; A02; C01; D84,15,Điểm thi THPT,,2024,https://github.com/HTNam1710/ADS_Final/blob/main/Data/diem_chuan_2024_final.csv
DLA,7810103,Quản trị dịch vụ du lịch và lữ hành,D01; D15; D66; D84,17,Điểm thi THPT,,2024,https://github.com/HTNam1710/ADS_Final/blob/main/Data/diem_chuan_2024_final.csv
DBH,7340101,Quản trị kinh doanh,A00; D01; C00; C14; C20,16,Điểm thi THPT,,2024,https://github.com/HTNam1710/ADS_Final/blob/main/Data/diem_chuan_2024_final.csv
DBH,7340201,Tài chính ngân hàng,A00; D01; C00; C14; C20,16,Điểm thi THPT,,2024,https://github.com/HTNam1710/ADS_Final/blob/main/Data/diem_chuan_2024_final.csv
DBH,7340301,Kế toán,A00; D01; C00; C14; C20,16,Điểm thi THPT,,2024,https://github.com/HTNam1710/ADS_Final/blob/main/Data/diem_chuan_2024_final.csv
DBH,7480201,Công nghệ thông tin,A00; A01; A02; A03; A04,16,Điểm thi THPT,,2024,https://github.com/HTNam1710/ADS_Final/blob/main/Data/diem_chuan_2024_final.csv
DBH,7520207,Kỹ thuật điện tử viễn thông,A00; A01; A02; A03; A04,16,Điểm thi THPT,,2024,https://github.com/HTNam1710/ADS_Final/blob/main/Data/diem_chuan_2024_final.csv
DBH,7580201,Kỹ thuật xây dựng,A00; A01; A04; A06; D01,16,Điểm thi THPT,,2024,https://github.com/HTNam1710/ADS_Final/blob/main/Data/diem_chuan_2024_final.csv
DBH,7580205,Kỹ thuật xây dựng công trình giao thông,A00; A01; A04; A06; D01,16,Điểm thi THPT,,2024,https://github.com/HTNam1710/ADS_Final/blob/main/Data/diem_chuan_2024_final.csv
DBH,7580301,Kinh tế xây dựng,A00; A01; A04; A06; D01,16,Điểm thi THPT,,2024,https://github.com/HTNam1710/ADS_Final/blob/main/Data/diem_chuan_2024_final.csv
SKN,7340101,Quản trị kinh doanh,A00; A01; B00; D01; D02; D03; D04; D05; D06,16,Điểm thi THPT,,2024,https://github.com/HTNam1710/ADS_Final/blob/main/Data/diem_chuan_2024_final.csv
SKN,7340301,Kế toán,A00; A01; B00; D01; D02; D03; D04; D05; D06,16,Điểm thi THPT,,2024,https://github.com/HTNam1710/ADS_Final/blob/main/Data/diem_chuan_2024_final.csv
SKN,7480101,Khoa học máy tính,A00; A01; B00; D01; D02; D03; D04; D05; D06,16,Điểm thi THPT,,2024,https://github.com/HTNam1710/ADS_Final/blob/main/Data/diem_chuan_2024_final.csv
SKN,7480201,Công nghệ thông tin,A00; A01; B00; D01; D02; D03; D04; D05; D06,16,Điểm thi THPT,,2024,https://github.com/HTNam1710/ADS_Final/blob/main/Data/diem_chuan_2024_final.csv
SKN,7510201,Công nghệ kỹ thuật cơ khí,A00; A01; B00; D01; D02; D03; D04; D05; D06,16,Điểm thi THPT,,2024,https://github.com/HTNam1710/ADS_Final/blob/main/Data/diem_chuan_2024_final.csv
SKN,7510202,Công nghệ chế tạo máy,A00; A01; B00; D01; D02; D03; D04; D05; D06,16,Điểm thi THPT,,2024,https://github.com/HTNam1710/ADS_Final/blob/main/Data/diem_chuan_2024_final.csv
SKN,7510203,Công nghệ kỹ thuật cơ điện tử,A00; A01; B00; D01; D02; D03; D04; D05; D06,16,Điểm thi THPT,,2024,https://github.com/HTNam1710/ADS_Final/blob/main/Data/diem_chuan_2024_final.csv
SKN,7510205,Công nghệ kỹ thuật ô tô,A00; A01; B00; D01; D02; D03; D04; D05; D06,16,Điểm thi THPT,,2024,https://github.com/HTNam1710/ADS_Final/blob/main/Data/diem_chuan_2024_final.csv
SKN,7510301,Công nghệ kỹ thuật điện (chuyên ngành),A00; A01; B00; D01; D02; D03; D04; D05; D06,16,Điểm thi THPT,,2024,https://github.com/HTNam1710/ADS_Final/blob/main/Data/diem_chuan_2024_final.csv
SKN,7510303,Công nghệ kỹ thuật điều khiển và tự động hóa,A00; A01; B00; D01; D02; D03; D04; D05; D06,16,Điểm thi THPT,,2024,https://github.com/HTNam1710/ADS_Final/blob/main/Data/diem_chuan_2024_final.csv
NLG,7340101G,Quản trị kinh doanh,A00; A01; D01,15,Điểm thi THPT,,2024,https://github.com/HTNam1710/ADS_Final/blob/main/Data/diem_chuan_2024_final.csv
NLG,7340116G,Bất động sản,A00; A01; A04; D01,15,Điểm thi THPT,,2024,https://github.com/HTNam1710/ADS_Final/blob/main/Data/diem_chuan_2024_final.csv
NLG,7340301G,Kế toán,A00; A01; D01,15,Điểm thi THPT,,2024,https://github.com/HTNam1710/ADS_Final/blob/main/Data/diem_chuan_2024_final.csv
NLG,7420201G,Công nghệ sinh học,A00; A02; B00,15,Điểm thi THPT,,2024,https://github.com/HTNam1710/ADS_Final/blob/main/Data/diem_chuan_2024_final.csv
NLG,7620109G,Nông học,A00; B00; D07; D08,15,Điểm thi THPT,,2024,https://github.com/HTNam1710/ADS_Final/blob/main/Data/diem_chuan_2024_final.csv
NLG,7620202G,Lâm nghiệp đô thị,A00; B00; D01; D08,15,Điểm thi THPT,,2024,https://github.com/HTNam1710/ADS_Final/blob/main/Data/diem_chuan_2024_final.csv
NLG,7640101G,Thú y,A00; B00; D07; D08,16,Điểm thi THPT,,2024,https://github.com/HTNam1710/ADS_Final/blob/main/Data/diem_chuan_2024_final.csv
NLG,7859002G,Tài nguyên và du lịch sinh thái,A00; B00; D01; D08,15,Điểm thi THPT,,2024,https://github.com/HTNam1710/ADS_Final/blob/main/Data/diem_chuan_2024_final.csv
DTN,7320205,Quản lý thông tin,D01; D84; A07; C02,15,Điểm thi THPT,,2024,https://github.com/HTNam1710/ADS_Final/blob/main/Data/diem_chuan_2024_final.csv
DTN,7340120,Kinh doanh quốc tế,A00; B00; C02; A01,15,Điểm thi THPT,,2024,https://github.com/HTNam1710/ADS_Final/blob/main/Data/diem_chuan_2024_final.csv
DTN,7340301,Tài chính - Kế toán,A00; B00; C02,15,Điểm thi THPT,,2024,https://github.com/HTNam1710/ADS_Final/blob/main/Data/diem_chuan_2024_final.csv
DTN,7420201,Công nghệ sinh học,A00; B00; B03; B05,15,Điểm thi THPT,,2024,https://github.com/HTNam1710/ADS_Final/blob/main/Data/diem_chuan_2024_final.csv
DTN,7440301,Khoa học môi trường,D01; B00; A09; A07,15,Điểm thi THPT,,2024,https://github.com/HTNam1710/ADS_Final/blob/main/Data/diem_chuan_2024_final.csv
DTN,7480201,Công nghệ và đổi mới sáng tạo,A00; B00; C02; A01,15,Điểm thi THPT,,2024,https://github.com/HTNam1710/ADS_Final/blob/main/Data/diem_chuan_2024_final.csv
DTN,7540101,Công nghệ thực phẩm,A00; B00; C02; D01,15,Điểm thi THPT,,2024,https://github.com/HTNam1710/ADS_Final/blob/main/Data/diem_chuan_2024_final.csv
DTN,7540106,Đàm bảo chất lượng và An toàn thực phẩm,A00; B00; D01; D07,15,Điểm thi THPT,,2024,https://github.com/HTNam1710/ADS_Final/blob/main/Data/diem_chuan_2024_final.csv
DTN,7549002,Dược liệu và hợp chất thiên nhiên,A00; B00; C02,15,Điểm thi THPT,,2024,https://github.com/HTNam1710/ADS_Final/blob/main/Data/diem_chuan_2024_final.csv
DTN,7580109,Quản lý phát triển đô thị và Bất động sản,A00; A02; D10; C00,15,Điểm thi THPT,,2024,https://github.com/HTNam1710/ADS_Final/blob/main/Data/diem_chuan_2024_final.csv
DTN,7620101,Nông nghiệp công nghệ cao,A00; B00; C02,15,Điểm thi THPT,,2024,https://github.com/HTNam1710/ADS_Final/blob/main/Data/diem_chuan_2024_final.csv
DTN,7620105,Chăn nuôi thú y,A00; B00; C02; D01,15,Điểm thi THPT,,2024,https://github.com/HTNam1710/ADS_Final/blob/main/Data/diem_chuan_2024_final.csv
DTN,7620110,Khoa học cây trồng,A00; B00; C02,15,Điểm thi THPT,,2024,https://github.com/HTNam1710/ADS_Final/blob/main/Data/diem_chuan_2024_final.csv
DTN,7620115,Kinh tế nông nghiệp,A00; B00; C02,15,Điểm thi THPT,,2024,https://github.com/HTNam1710/ADS_Final/blob/main/Data/diem_chuan_2024_final.csv
DTN,7620205,Lâm sinh,A00; B00; C02,15,Điểm thi THPT,,2024,https://github.com/HTNam1710/ADS_Final/blob/main/Data/diem_chuan_2024_final.csv
DTN,7620211,Quản lý tài nguyên rừng,A01; A14; B03; B00,15,Điểm thi THPT,,2024,https://github.com/HTNam1710/ADS_Final/blob/main/Data/diem_chuan_2024_final.csv
DTN,7640101,Thú y,A00; B00; C02; D01,15,Điểm thi THPT,,2024,https://github.com/HTNam1710/ADS_Final/blob/main/Data/diem_chuan_2024_final.csv
DTN,7810204,Quản lý du lịch Quốc tế,A00; B00; A01; D01,16,Điểm thi THPT,,2024,https://github.com/HTNam1710/ADS_Final/blob/main/Data/diem_chuan_2024_final.csv
DTN,7850101,Quản lý tài nguyên và môi trường,C00; D14; B00; A01,15,Điểm thi THPT,,2024,https://github.com/HTNam1710/ADS_Final/blob/main/Data/diem_chuan_2024_final.csv
DTN,7850103,Quản lý đất đai,A00; A01; D10; B00,15,Điểm thi THPT,,2024,https://github.com/HTNam1710/ADS_Final/blob/main/Data/diem_chuan_2024_final.csv
DTN,7904492,Khoa học và quản lý môi trường (Chương trình tiên tiến),A00; B00; A01; D10,16,Điểm thi THPT,,2024,https://github.com/HTNam1710/ADS_Final/blob/main/Data/diem_chuan_2024_final.csv
DTN,7905419,Công nghệ thực phẩm (Chương trình tiên tiến),A00; B00; D08; D01,16,Điểm thi THPT,,2024,https://github.com/HTNam1710/ADS_Final/blob/main/Data/diem_chuan_2024_final.csv
DTN,7906425,Kinh tế nông nghiệp (Chương trình tiên tiến),A00; B00; A01; D01,16,Điểm thi THPT,,2024,https://github.com/HTNam1710/ADS_Final/blob/main/Data/diem_chuan_2024_final.csv
UMT,7210403,Thiết kế đồ họa,A00; A01; D01; D03; H01,15,Điểm thi THPT,,2024,https://github.com/HTNam1710/ADS_Final/blob/main/Data/diem_chuan_2024_final.csv
UMT,7320104,Truyền thông đa phương tiện,A00; A01; D01; D03; C00,16,Điểm thi THPT,,2024,https://github.com/HTNam1710/ADS_Final/blob/main/Data/diem_chuan_2024_final.csv
UMT,7340101,Quản trị kinh doanh,A00; A01; D01; D03; C00,15,Điểm thi THPT,,2024,https://github.com/HTNam1710/ADS_Final/blob/main/Data/diem_chuan_2024_final.csv
UMT,7340115,Marketing,A00; A01; D01; D03; C00,15,Điểm thi THPT,,2024,https://github.com/HTNam1710/ADS_Final/blob/main/Data/diem_chuan_2024_final.csv
UMT,7340120,Kinh doanh quốc tế,A00; A01; D01; D03; C00,15,Điểm thi THPT,,2024,https://github.com/HTNam1710/ADS_Final/blob/main/Data/diem_chuan_2024_final.csv
UMT,7480201,Công nghệ thông tin,A00; A01; D01; D03; D07,15.5,Điểm thi THPT,,2024,https://github.com/HTNam1710/ADS_Final/blob/main/Data/diem_chuan_2024_final.csv
UMT,7510605,Logistics và Quản lý chuỗi cung ứng,A00; A01; D01; D03; D07,16,Điểm thi THPT,,2024,https://github.com/HTNam1710/ADS_Final/blob/main/Data/diem_chuan_2024_final.csv
UMT,7810301,Quản lý thể dục thể thao,A01; D01; D03; B04; B08,15,Điểm thi THPT,,2024,https://github.com/HTNam1710/ADS_Final/blob/main/Data/diem_chuan_2024_final.csv
DCQ,7220201,Ngôn ngữ Anh,D01; D10; D14; D15,16,Điểm thi THPT,,2024,https://github.com/HTNam1710/ADS_Final/blob/main/Data/diem_chuan_2024_final.csv
DCQ,7220204,Ngôn ngữ Trung Quốc,D01; D10; D14; D15,16,Điểm thi THPT,,2024,https://github.com/HTNam1710/ADS_Final/blob/main/Data/diem_chuan_2024_final.csv
DCQ,7310106,Kinh tế quốc tế,A00; A01; D01; C00,16,Điểm thi THPT,,2024,https://github.com/HTNam1710/ADS_Final/blob/main/Data/diem_chuan_2024_final.csv
DCQ,7310205,Quản lý nhà nước,C00; D01; D14; D15,16,Điểm thi THPT,,2024,https://github.com/HTNam1710/ADS_Final/blob/main/Data/diem_chuan_2024_final.csv
DCQ,7340101,Quản trị kinh doanh,A00; A01; D01; D07,16,Điểm thi THPT,,2024,https://github.com/HTNam1710/ADS_Final/blob/main/Data/diem_chuan_2024_final.csv
DCQ,7340116,Bất động sản,A00; A01; D01; C00,16,Điểm thi THPT,,2024,https://github.com/HTNam1710/ADS_Final/blob/main/Data/diem_chuan_2024_final.csv
DCQ,7340201,Tài chính - Ngân hàng,A00; A01; D01; D07,16,Điểm thi THPT,,2024,https://github.com/HTNam1710/ADS_Final/blob/main/Data/diem_chuan_2024_final.csv
DCQ,7340205,Công nghệ tài chính,A00; A01; D01; D07,16,Điểm thi THPT,,2024,https://github.com/HTNam1710/ADS_Final/blob/main/Data/diem_chuan_2024_final.csv
DCQ,7340301,Kế toán,A00; A01; D01; D07,16,Điểm thi THPT,,2024,https://github.com/HTNam1710/ADS_Final/blob/main/Data/diem_chuan_2024_final.csv
DCQ,7380107,Luật kinh tế,A00; C00; D01; D14,16,Điểm thi THPT,,2024,https://github.com/HTNam1710/ADS_Final/blob/main/Data/diem_chuan_2024_final.csv
DCQ,7480103,Kỹ thuật phần mềm,A00; A01; D01; D07,16,Điểm thi THPT,,2024,https://github.com/HTNam1710/ADS_Final/blob/main/Data/diem_chuan_2024_final.csv
DCQ,7480201,Công nghệ thông tin,A00; A01; D01; D07,16,Điểm thi THPT,,2024,https://github.com/HTNam1710/ADS_Final/blob/main/Data/diem_chuan_2024_final.csv
DCQ,7510205,Công nghệ kỹ thuật ô tô,A00; A01; D01; D07,16,Điểm thi THPT,,2024,https://github.com/HTNam1710/ADS_Final/blob/main/Data/diem_chuan_2024_final.csv
DCQ,7510605,Logistics và quản lý chuỗi cung ứng,A00; A01; D01; D07,16,Điểm thi THPT,,2024,https://github.com/HTNam1710/ADS_Final/blob/main/Data/diem_chuan_2024_final.csv
DCQ,7810103,Quản trị dịch vụ du lịch và lữ hành,C00; D01; D14; D15,16,Điểm thi THPT,,2024,https://github.com/HTNam1710/ADS_Final/blob/main/Data/diem_chuan_2024_final.csv
DHQ,7510406,Công nghệ kỹ thuật môi trường,A09; B00; B04; D07,15,Điểm thi THPT,,2024,https://github.com/HTNam1710/ADS_Final/blob/main/Data/diem_chuan_2024_final.csv
DHQ,7520201,Kỹ thuật điện,A00; A01; D01,15,Điểm thi THPT,,2024,https://github.com/HTNam1710/ADS_Final/blob/main/Data/diem_chuan_2024_final.csv
DHQ,7520216,Kỹ thuật diều khiển và tự động hóa,A00; A01; D01,15,Điểm thi THPT,,2024,https://github.com/HTNam1710/ADS_Final/blob/main/Data/diem_chuan_2024_final.csv
DHQ,7580201,Kỹ thuật xây dựng,A00; A01; D01,15,Điểm thi THPT,,2024,https://github.com/HTNam1710/ADS_Final/blob/main/Data/diem_chuan_2024_final.csv
DHQ,7580301,Kinh tế xây dựng,A00; A01; C01; D01,15,Điểm thi THPT,,2024,https://github.com/HTNam1710/ADS_Final/blob/main/Data/diem_chuan_2024_final.csv
TBD,7210403,Thiết kế đồ họa,A00; A01; H06; D01,15,Điểm thi THPT,,2024,https://github.com/HTNam1710/ADS_Final/blob/main/Data/diem_chuan_2024_final.csv
TBD,7220201,Ngôn ngữ Anh,D01; D14; D66; D84,15,Điểm thi THPT,,2024,https://github.com/HTNam1710/ADS_Final/blob/main/Data/diem_chuan_2024_final.csv
TBD,7310608,Đông Phương học (Tiếng Trung Quốc - Tiếng Hàn Quốc),C00; C19; C20; D01,15,Điểm thi THPT,,2024,https://github.com/HTNam1710/ADS_Final/blob/main/Data/diem_chuan_2024_final.csv
TBD,7320104,Truyền thông đa phương tiện,A01; C00; D01; D14,15,Điểm thi THPT,,2024,https://github.com/HTNam1710/ADS_Final/blob/main/Data/diem_chuan_2024_final.csv
TBD,7340101,Quản trị kinh doanh,A00; A01; A09; D01,15,Điểm thi THPT,,2024,https://github.com/HTNam1710/ADS_Final/blob/main/Data/diem_chuan_2024_final.csv
TBD,7340115,Kỹ thuật phần mềm,A00; D01; D03; D06; A01; D29; D28; D07; D24; D23,15,Điểm thi THPT,,2024,https://github.com/HTNam1710/ADS_Final/blob/main/Data/diem_chuan_2024_final.csv
TBD,7340115,Marketing,A00; A01; A09; D01,15,Điểm thi THPT,,2024,https://github.com/HTNam1710/ADS_Final/blob/main/Data/diem_chuan_2024_final.csv
TBD,7340201,Tài chính - Ngân hàng,A00; A01; A09; D01,15,Điểm thi THPT,,2024,https://github.com/HTNam1710/ADS_Final/blob/main/Data/diem_chuan_2024_final.csv
TBD,7340301,Kế toán,A00; A01; A09; D01,15,Điểm thi THPT,,2024,https://github.com/HTNam1710/ADS_Final/blob/main/Data/diem_chuan_2024_final.csv
TBD,7380101,Luật,D01; C20; A07; A00,15,Điểm thi THPT,,2024,https://github.com/HTNam1710/ADS_Final/blob/main/Data/diem_chuan_2024_final.csv
TBD,7480107,Trí tuệ nhân tạo,A00; D01; D03; D06; A01; D29; D28; D07; D24; D23,15,Điểm thi THPT,,2024,https://github.com/HTNam1710/ADS_Final/blob/main/Data/diem_chuan_2024_final.csv
TBD,7480201,Công nghệ thông tin,A00; D01; D03; D06; A01; D29; D28; D07; D24; D23,15,Điểm thi THPT,,2024,https://github.com/HTNam1710/ADS_Final/blob/main/Data/diem_chuan_2024_final.csv
TBD,7510605,Logistics và Quản lý chuỗi cung ứng,A00; A01; A09; D01,15,Điểm thi THPT,,2024,https://github.com/HTNam1710/ADS_Final/blob/main/Data/diem_chuan_2024_final.csv
TBD,7810101,Du lịch,A01; A07; D01; D03; D06; D14,15,Điểm thi THPT,,2024,https://github.com/HTNam1710/ADS_Final/blob/main/Data/diem_chuan_2024_final.csv
TBD,7810201,Quản trị khách sạn,A01; A07; D01; D03; D06; D14,15,Điểm thi THPT,,2024,https://github.com/HTNam1710/ADS_Final/blob/main/Data/diem_chuan_2024_final.csv
DHV,7220201,Ngôn ngữ Anh,D01; D14; D15; D66,15,Điểm thi THPT,,2024,https://github.com/HTNam1710/ADS_Final/blob/main/Data/diem_chuan_2024_final.csv
DHV,7220204,Ngôn ngữ Trung Quốc,D01; D04; C00; D15,15,Điểm thi THPT,,2024,https://github.com/HTNam1710/ADS_Final/blob/main/Data/diem_chuan_2024_final.csv
DHV,7220209,Ngôn ngữ Nhật,D01; C00; D15; D66,15,Điểm thi THPT,,2024,https://github.com/HTNam1710/ADS_Final/blob/main/Data/diem_chuan_2024_final.csv
DHV,7220210,Ngôn ngữ Hàn Quốc,D01; D14; D78; D96,15,Điểm thi THPT,,2024,https://github.com/HTNam1710/ADS_Final/blob/main/Data/diem_chuan_2024_final.csv
DHV,73010106,Kinh tế quốc tế,A00; A01; D01; D07,15,Điểm thi THPT,,2024,https://github.com/HTNam1710/ADS_Final/blob/main/Data/diem_chuan_2024_final.csv
DHV,7310401,Tâm lý học,A12; B05; C15; D01,15,Điểm thi THPT,,2024,https://github.com/HTNam1710/ADS_Final/blob/main/Data/diem_chuan_2024_final.csv
DHV,7340101,Quản trị kinh doanh,D01; C00; C01,15,Điểm thi THPT,,2024,https://github.com/HTNam1710/ADS_Final/blob/main/Data/diem_chuan_2024_final.csv
DHV,7340115,Marketing,A00; D01; C00; C01,15,Điểm thi THPT,,2024,https://github.com/HTNam1710/ADS_Final/blob/main/Data/diem_chuan_2024_final.csv
DHV,7340122,Thương mại điện tử,A00; C00; C04; D01,15,Điểm thi THPT,,2024,https://github.com/HTNam1710/ADS_Final/blob/main/Data/diem_chuan_2024_final.csv
DHV,7340201,Tài chính - ngân hàng,A00; D01; C00; C04,15,Điểm thi THPT,,2024,https://github.com/HTNam1710/ADS_Final/blob/main/Data/diem_chuan_2024_final.csv
DHV,7340205,Công nghệ tài chính,A00; A01; C01; D01,15,Điểm thi THPT,,2024,https://github.com/HTNam1710/ADS_Final/blob/main/Data/diem_chuan_2024_final.csv
DHV,7340301,Kế toán,A00; C03; C14; D01,15,Điểm thi THPT,,2024,https://github.com/HTNam1710/ADS_Final/blob/main/Data/diem_chuan_2024_final.csv
DHV,7380101,Luật,A00; A09; C00; C14,15,Điểm thi THPT,,2024,https://github.com/HTNam1710/ADS_Final/blob/main/Data/diem_chuan_2024_final.csv
DHV,7380107,Luật kinh tế,A00; C00; D01; D04,15,Điểm thi THPT,,2024,https://github.com/HTNam1710/ADS_Final/blob/main/Data/diem_chuan_2024_final.csv
DHV,7480106,Kỹ thuật máy tính,A00; A01; C01; D01,15,Điểm thi THPT,,2024,https://github.com/HTNam1710/ADS_Final/blob/main/Data/diem_chuan_2024_final.csv
DHV,7480201,Công nghệ thông tin,A00; A01; C14; D01,15,Điểm thi THPT,,2024,https://github.com/HTNam1710/ADS_Final/blob/main/Data/diem_chuan_2024_final.csv
DHV,7720802,Quản lý bệnh viện,B00; B03; C01; C14,15,Điểm thi THPT,,2024,https://github.com/HTNam1710/ADS_Final/blob/main/Data/diem_chuan_2024_final.csv
DHV,7810103,Quản trị dv du lịch và lữ hành,A00; A01; C00; D01,15,Điểm thi THPT,,2024,https://github.com/HTNam1710/ADS_Final/blob/main/Data/diem_chuan_2024_final.csv
DHV,7810201,Quản trị khách sạn,A00; A01; C00; D01,15,Điểm thi THPT,,2024,https://github.com/HTNam1710/ADS_Final/blob/main/Data/diem_chuan_2024_final.csv
DVB,7220210,Ngôn ngữ Anh,D01; A01; D10; D14,15,Điểm thi THPT,,2024,https://github.com/HTNam1710/ADS_Final/blob/main/Data/diem_chuan_2024_final.csv
DVB,7220210,Ngôn ngữ Hàn Quốc,A01; C00; D01; D15,15,Điểm thi THPT,,2024,https://github.com/HTNam1710/ADS_Final/blob/main/Data/diem_chuan_2024_final.csv
DVB,7340101,Quản trị kinh doanh,A00; A01; D01,15,Điểm thi THPT,,2024,https://github.com/HTNam1710/ADS_Final/blob/main/Data/diem_chuan_2024_final.csv
DVB,7340301,Kế toán,A00; A01; D01,15,Điểm thi THPT,,2024,https://github.com/HTNam1710/ADS_Final/blob/main/Data/diem_chuan_2024_final.csv
DVB,7380101,Luật,A01; C00; D01; D15,15,Điểm thi THPT,,2024,https://github.com/HTNam1710/ADS_Final/blob/main/Data/diem_chuan_2024_final.csv
DVB,7480201,Công nghệ thông tin,A00; A01; D01,15,Điểm thi THPT,,2024,https://github.com/HTNam1710/ADS_Final/blob/main/Data/diem_chuan_2024_final.csv
DVB,7520103,Kỹ thuật cơ khí,A00; A01; D01,15,Điểm thi THPT,,2024,https://github.com/HTNam1710/ADS_Final/blob/main/Data/diem_chuan_2024_final.csv
DVB,7520201,Kỹ thuật điện,A00; A01; D01,15,Điểm thi THPT,,2024,https://github.com/HTNam1710/ADS_Final/blob/main/Data/diem_chuan_2024_final.csv
DVB,7810101,Du lịch,A01; C00; D01; D15,15,Điểm thi THPT,,2024,https://github.com/HTNam1710/ADS_Final/blob/main/Data/diem_chuan_2024_final.csv
DPX,7220201,Ngôn ngữ Anh,A01; D01; D14; D15; D03; D06,15,Điểm thi THPT,,2024,https://github.com/HTNam1710/ADS_Final/blob/main/Data/diem_chuan_2024_final.csv
DPX,7220204,Ngôn ngữ Trung,A01; C00; D01; D09; D03; D06,15,Điểm thi THPT,,2024,https://github.com/HTNam1710/ADS_Final/blob/main/Data/diem_chuan_2024_final.csv
DPX,7340101,Quản trị kinh doanh,A00; A01; B00; D01,15,Điểm thi THPT,,2024,https://github.com/HTNam1710/ADS_Final/blob/main/Data/diem_chuan_2024_final.csv
DPX,7340301,Kế toán,A00; A01; B00; D01,15,Điểm thi THPT,,2024,https://github.com/HTNam1710/ADS_Final/blob/main/Data/diem_chuan_2024_final.csv
DPX,7480201,Công nghệ thông tin,A00; A01; B00; D01,15,Điểm thi THPT,,2024,https://github.com/HTNam1710/ADS_Final/blob/main/Data/diem_chuan_2024_final.csv
DPX,7510205,Công nghệ kỹ thuật ô tô,A00; A01; B00; D01,15,Điểm thi THPT,,2024,https://github.com/HTNam1710/ADS_Final/blob/main/Data/diem_chuan_2024_final.csv
DPX,7580108,Thiết kế nội thất,A00; A01; B00; D14,15,Điểm thi THPT,,2024,https://github.com/HTNam1710/ADS_Final/blob/main/Data/diem_chuan_2024_final.csv
DPX,7810103,Quản trị dịch vụ du lịch và lữ hành,A01; C00; C17; D01; D03; D06,15,Điểm thi THPT,,2024,https://github.com/HTNam1710/ADS_Final/blob/main/Data/diem_chuan_2024_final.csv
DPX,7810201,Quản trị khách sạn,A01; C00; C17; D01; D03; D06,15,Điểm thi THPT,,2024,https://github.com/HTNam1710/ADS_Final/blob/main/Data/diem_chuan_2024_final.csv
HPU,7220201,Ngôn ngữ Anh,D01; D66; D14; D15,15,Điểm thi THPT,,2024,https://github.com/HTNam1710/ADS_Final/blob/main/Data/diem_chuan_2024_final.csv
HPU,7310630,Việt Nam học,D01; D66; D14; C00,15,Điểm thi THPT,,2024,https://github.com/HTNam1710/ADS_Final/blob/main/Data/diem_chuan_2024_final.csv
HPU,7340101,Quản trị kinh doanh,A01; A00; C14; D01,15,Điểm thi THPT,,2024,https://github.com/HTNam1710/ADS_Final/blob/main/Data/diem_chuan_2024_final.csv
HPU,7480201,Công nghệ thông tin,A00; A01; A10; D84,15,Điểm thi THPT,,2024,https://github.com/HTNam1710/ADS_Final/blob/main/Data/diem_chuan_2024_final.csv
HPU,7510301,"Công nghệ kỹ thuật điện, điện tử",A00; A02; A10; D84,15,Điểm thi THPT,,2024,https://github.com/HTNam1710/ADS_Final/blob/main/Data/diem_chuan_2024_final.csv
HPU,7520320,Kĩ thuật môi trường,A00; D84; A02; C14,15,Điểm thi THPT,,2024,https://github.com/HTNam1710/ADS_Final/blob/main/Data/diem_chuan_2024_final.csv
MTU,7340301,Kế toán,A00; A01; D14; D15,15,Điểm thi THPT,,2024,https://github.com/HTNam1710/ADS_Final/blob/main/Data/diem_chuan_2024_final.csv
MTU,7480103,Công nghệ thông tin,A00; A01; D01; D07,15,Điểm thi THPT,,2024,https://github.com/HTNam1710/ADS_Final/blob/main/Data/diem_chuan_2024_final.csv
MTU,7520320,Kỹ thuật môi trường (Kỹ sư),A00; A01; B00; D01,15,Điểm thi THPT,,2024,https://github.com/HTNam1710/ADS_Final/blob/main/Data/diem_chuan_2024_final.csv
MTU,7580101,Kiến trúc,V00; V01; V02; V03,15,Điểm thi THPT,,2024,https://github.com/HTNam1710/ADS_Final/blob/main/Data/diem_chuan_2024_final.csv
MTU,7580106,Quản lý đô thị và công trình,A00; A01; B00; D01,15,Điểm thi THPT,,2024,https://github.com/HTNam1710/ADS_Final/blob/main/Data/diem_chuan_2024_final.csv
MTU,7580201,Kỹ thuật xây dựng,A00; A01; B00; D01,14.5,Điểm thi THPT,,2024,https://github.com/HTNam1710/ADS_Final/blob/main/Data/diem_chuan_2024_final.csv
MTU,7580205,Kỹ thuật xây dựng công trình giao thông,A00; A01; B00; D01,15,Điểm thi THPT,,2024,https://github.com/HTNam1710/ADS_Final/blob/main/Data/diem_chuan_2024_final.csv
MTU,7580213,Kỹ thuật cấp thoát nước (Kỹ sư),A00; A01; B00; D01,15,Điểm thi THPT,,2024,https://github.com/HTNam1710/ADS_Final/blob/main/Data/diem_chuan_2024_final.csv
VHD,7310101,Kinh tế,C00; C19; C20; D01,15,Điểm thi THPT,,2024,https://github.com/HTNam1710/ADS_Final/blob/main/Data/diem_chuan_2024_final.csv
VHD,7340101,Quản trị kinh doanh,C00; C19; C20; D01,15,Điểm thi THPT,,2024,https://github.com/HTNam1710/ADS_Final/blob/main/Data/diem_chuan_2024_final.csv
VHD,7340201,Tài chính - Ngân hàng,C00; C19; C20; D01,15,Điểm thi THPT,,2024,https://github.com/HTNam1710/ADS_Final/blob/main/Data/diem_chuan_2024_final.csv
VHD,7480201,Công nghệ thông tin,A00; A01; C01; D01,15,Điểm thi THPT,,2024,https://github.com/HTNam1710/ADS_Final/blob/main/Data/diem_chuan_2024_final.csv
VHD,7510103,Công nghệ kỹ thuật xây dựng,A00; A01; C01; D01,15,Điểm thi THPT,,2024,https://github.com/HTNam1710/ADS_Final/blob/main/Data/diem_chuan_2024_final.csv
VHD,7510201,Công nghệ kỹ thuật cơ khí,A00; A01; C01; D01,15,Điểm thi THPT,,2024,https://github.com/HTNam1710/ADS_Final/blob/main/Data/diem_chuan_2024_final.csv
VHD,7510205,Công nghệ kỹ thuật ô tô,A00; A01; C01; D01,15,Điểm thi THPT,,2024,https://github.com/HTNam1710/ADS_Final/blob/main/Data/diem_chuan_2024_final.csv
VHD,7510301,"Công nghệ Kỹ thuật điện, điện tử",A00; A01; C01; D01,15,Điểm thi THPT,,2024,https://github.com/HTNam1710/ADS_Final/blob/main/Data/diem_chuan_2024_final.csv
LNA,7340101,Quản trị kinh doanh,A00; B00; C15; D01,15,Điểm thi THPT,,2024,https://github.com/HTNam1710/ADS_Final/blob/main/Data/diem_chuan_2024_final.csv
LNA,7340301,Kế toán,A00; B00; C15; D01,15,Điểm thi THPT,,2024,https://github.com/HTNam1710/ADS_Final/blob/main/Data/diem_chuan_2024_final.csv
LNA,7620110,Khoa học cây trồng,A00; A01; B00; D01,15,Điểm thi THPT,,2024,https://github.com/HTNam1710/ADS_Final/blob/main/Data/diem_chuan_2024_final.csv
LNA,7620112,Bảo vệ thực vật,A00; A01; B00; D01,15,Điểm thi THPT,,2024,https://github.com/HTNam1710/ADS_Final/blob/main/Data/diem_chuan_2024_final.csv
LNA,7620205,Lâm sinh,A00; A01; B00; D01,15,Điểm thi THPT,,2024,https://github.com/HTNam1710/ADS_Final/blob/main/Data/diem_chuan_2024_final.csv
LNA,7850103,Quản lý đất đai,A00; A01; B00; D01,15,Điểm thi THPT,,2024,https://github.com/HTNam1710/ADS_Final/blob/main/Data/diem_chuan_2024_final.csv
NHP,ACT02,Kế toán,A00; A01; D01; D07,15,Điểm thi THPT,,2024,https://github.com/HTNam1710/ADS_Final/blob/main/Data/diem_chuan_2024_final.csv
NHP,BANK02,Ngân hàng,A00; A01; D01; D07,15,Điểm thi THPT,,2024,https://github.com/HTNam1710/ADS_Final/blob/main/Data/diem_chuan_2024_final.csv
NHP,FIN02,Tài chính,A00; A01; D01; D07,15,Điểm thi THPT,,2024,https://github.com/HTNam1710/ADS_Final/blob/main/Data/diem_chuan_2024_final.csv
UFA,7340101,Quản trị kinh doanh,A00; A01; D01; A16,15,Điểm thi THPT,,2024,https://github.com/HTNam1710/ADS_Final/blob/main/Data/diem_chuan_2024_final.csv
UFA,7340120,Kinh doanh quốc tế,A00; A01; D01; A16,15,Điểm thi THPT,,2024,https://github.com/HTNam1710/ADS_Final/blob/main/Data/diem_chuan_2024_final.csv
UFA,7340201,Tài chính - Ngân hàng,A00; A01; D01; A16,15,Điểm thi THPT,,2024,https://github.com/HTNam1710/ADS_Final/blob/main/Data/diem_chuan_2024_final.csv
UFA,7340301,Kế toán,A00; A01; D01; A16,15,Điểm thi THPT,,2024,https://github.com/HTNam1710/ADS_Final/blob/main/Data/diem_chuan_2024_final.csv
UFA,7380107,Luật Kinh tế,A00; D01; C00; C15,15,Điểm thi THPT,,2024,https://github.com/HTNam1710/ADS_Final/blob/main/Data/diem_chuan_2024_final.csv
GDU,7220201,Ngôn ngữ Anh,A01; A01; C00; D01,15,Điểm thi THPT,,2024,https://github.com/HTNam1710/ADS_Final/blob/main/Data/diem_chuan_2024_final.csv
GDU,7310608,Đông phương học,A01; A01; C00; D01,15,Điểm thi THPT,,2024,https://github.com/HTNam1710/ADS_Final/blob/main/Data/diem_chuan_2024_final.csv
GDU,7320104,Truyền thông đa phương tiện,A01; A01; C00; D01,15,Điểm thi THPT,,2024,https://github.com/HTNam1710/ADS_Final/blob/main/Data/diem_chuan_2024_final.csv
GDU,7320106,Công nghệ truyền thông,A00; A01; C01; D01,15,Điểm thi THPT,,2024,https://github.com/HTNam1710/ADS_Final/blob/main/Data/diem_chuan_2024_final.csv
GDU,7320108,Quan hệ công chúng,A01; A01; C00; D01,15,Điểm thi THPT,,2024,https://github.com/HTNam1710/ADS_Final/blob/main/Data/diem_chuan_2024_final.csv
GDU,7340101,Quản trị kinh doanh,A01; A01; C00; D01,15,Điểm thi THPT,,2024,https://github.com/HTNam1710/ADS_Final/blob/main/Data/diem_chuan_2024_final.csv
GDU,7340115,Marketing,A01; A01; C00; D01,15,Điểm thi THPT,,2024,https://github.com/HTNam1710/ADS_Final/blob/main/Data/diem_chuan_2024_final.csv
GDU,7340120,Kinh doanh quốc tế,A01; A01; C00; D01,15,Điểm thi THPT,,2024,https://github.com/HTNam1710/ADS_Final/blob/main/Data/diem_chuan_2024_final.csv
GDU,7340121,Kinh doanh thương mại,A00; A01; C01; D01,15,Điểm thi THPT,,2024,https://github.com/HTNam1710/ADS_Final/blob/main/Data/diem_chuan_2024_final.csv
GDU,7340122,Thương mại điện tử,A01; A01; C00; D01,15,Điểm thi THPT,,2024,https://github.com/HTNam1710/ADS_Final/blob/main/Data/diem_chuan_2024_final.csv
GDU,7340201,Tài chính ngân hàng,A01; A01; C00; D01,15,Điểm thi THPT,,2024,https://github.com/HTNam1710/ADS_Final/blob/main/Data/diem_chuan_2024_final.csv
GDU,7340205,Công nghệ tài chính,A01; A01; C00; D01,15,Điểm thi THPT,,2024,https://github.com/HTNam1710/ADS_Final/blob/main/Data/diem_chuan_2024_final.csv
GDU,7340301,Kế toán,A01; A01; C00; D01,15,Điểm thi THPT,,2024,https://github.com/HTNam1710/ADS_Final/blob/main/Data/diem_chuan_2024_final.csv
GDU,7380101,Luật,A01; A01; C00; D01,15,Điểm thi THPT,,2024,https://github.com/HTNam1710/ADS_Final/blob/main/Data/diem_chuan_2024_final.csv
GDU,7380107,Luật kinh tế,A01; A01; C00; D01,15,Điểm thi THPT,,2024,https://github.com/HTNam1710/ADS_Final/blob/main/Data/diem_chuan_2024_final.csv
GDU,7480102,Mạng máy tính và truyền thông dữ liệu,A00; A01; C01; D01,15,Điểm thi THPT,,2024,https://github.com/HTNam1710/ADS_Final/blob/main/Data/diem_chuan_2024_final.csv
GDU,7480103,Kỹ thuật phần mềm,A00; A01; C01; D01,15,Điểm thi THPT,,2024,https://github.com/HTNam1710/ADS_Final/blob/main/Data/diem_chuan_2024_final.csv
GDU,7480201,Công nghệ thông tin,A00; A01; C01; D01,15,Điểm thi THPT,,2024,https://github.com/HTNam1710/ADS_Final/blob/main/Data/diem_chuan_2024_final.csv
GDU,7510605,Logistics và quản lý chuỗi cung ứng,A01; A01; C00; D01,15,Điểm thi THPT,,2024,https://github.com/HTNam1710/ADS_Final/blob/main/Data/diem_chuan_2024_final.csv
GDU,7810103,Quản trị dịch vụ du lịch và lữ hành,A01; A01; C00; D01,15,Điểm thi THPT,,2024,https://github.com/HTNam1710/ADS_Final/blob/main/Data/diem_chuan_2024_final.csv
GDU,7810201,Quản trị khách sạn,A01; A01; C00; D01,15,Điểm thi THPT,,2024,https://github.com/HTNam1710/ADS_Final/blob/main/Data/diem_chuan_2024_final.csv
DDM,7340101,Quản trị kinh doanh,A00; A09; C01; D01,15,Điểm thi THPT,,2024,https://github.com/HTNam1710/ADS_Final/blob/main/Data/diem_chuan_2024_final.csv
DDM,7340201,Tài chính ngân hàng,A00; A09; C01; D01,15,Điểm thi THPT,,2024,https://github.com/HTNam1710/ADS_Final/blob/main/Data/diem_chuan_2024_final.csv
DDM,7340301,Kế toán,A00; A09; C01; D01,15,Điểm thi THPT,,2024,https://github.com/HTNam1710/ADS_Final/blob/main/Data/diem_chuan_2024_final.csv
DDM,7480201,Công nghệ thông tin,A00; A09; C01; D01,15,Điểm thi THPT,,2024,https://github.com/HTNam1710/ADS_Final/blob/main/Data/diem_chuan_2024_final.csv
DDM,7510102,Công nghệ kỹ thuật công trình xây dựng,A00; A09; C01; D01,15,Điểm thi THPT,,2024,https://github.com/HTNam1710/ADS_Final/blob/main/Data/diem_chuan_2024_final.csv
DDM,7510201,Công nghệ kỹ thuật cơ khí,A00; A09; C01; D01,15,Điểm thi THPT,,2024,https://github.com/HTNam1710/ADS_Final/blob/main/Data/diem_chuan_2024_final.csv
DDM,7510301,"Công nghệ kỹ thuật điện, điện tử",A00; A09; C01; D01,15,Điểm thi THPT,,2024,https://github.com/HTNam1710/ADS_Final/blob/main/Data/diem_chuan_2024_final.csv
DDM,7510303,Công nghệ kỹ thuật điều khiển và tự động hoá,A00; A09; C01; D01,15,Điểm thi THPT,,2024,https://github.com/HTNam1710/ADS_Final/blob/main/Data/diem_chuan_2024_final.csv
DDM,7520601,Kỹ thuật mỏ,A00; A09; C01; D01,15,Điểm thi THPT,,2024,https://github.com/HTNam1710/ADS_Final/blob/main/Data/diem_chuan_2024_final.csv
XDT,7340101,Quản trị kinh doanh,A00; A01; C01; D01,15,Điểm thi THPT,,2024,https://github.com/HTNam1710/ADS_Final/blob/main/Data/diem_chuan_2024_final.csv
XDT,7340122,Thương mại điện tử,A00; A01; C01; D01,15,Điểm thi THPT,,2024,https://github.com/HTNam1710/ADS_Final/blob/main/Data/diem_chuan_2024_final.csv
XDT,7340201,Tài chính - Ngân hàng,A00; A01; C01; D01,15,Điểm thi THPT,,2024,https://github.com/HTNam1710/ADS_Final/blob/main/Data/diem_chuan_2024_final.csv
XDT,7340301,Kế toán,A00; A01; C01; D01,15,Điểm thi THPT,,2024,https://github.com/HTNam1710/ADS_Final/blob/main/Data/diem_chuan_2024_final.csv
XDT,7480201,Công nghệ thông tin,A00; A01; C01; D01,15,Điểm thi THPT,,2024,https://github.com/HTNam1710/ADS_Final/blob/main/Data/diem_chuan_2024_final.csv
XDT,7510205,Công nghệ kỹ thuật ô tô,A00; A01; C01; D01,15,Điểm thi THPT,,2024,https://github.com/HTNam1710/ADS_Final/blob/main/Data/diem_chuan_2024_final.csv
XDT,7510605,Logistics và Quản lý chuỗi cung ứng,A00; A01; C01; D01,15,Điểm thi THPT,,2024,https://github.com/HTNam1710/ADS_Final/blob/main/Data/diem_chuan_2024_final.csv
XDT,7520216,Kỹ thuật điều khiển và tự động hoá,A00; A01; C01; D01,15,Điểm thi THPT,,2024,https://github.com/HTNam1710/ADS_Final/blob/main/Data/diem_chuan_2024_final.csv
XDT,7580101,Kiến trúc,V00; V01; A01; D01,15,Điểm thi THPT,,2024,https://github.com/HTNam1710/ADS_Final/blob/main/Data/diem_chuan_2024_final.csv
XDT,7580103,Kiến trúc nội thất,V00; V01; A01; D01,15,Điểm thi THPT,,2024,https://github.com/HTNam1710/ADS_Final/blob/main/Data/diem_chuan_2024_final.csv
XDT,7580201,Kỹ thuật xây dựng,A00; A01; C01; D01,15,Điểm thi THPT,,2024,https://github.com/HTNam1710/ADS_Final/blob/main/Data/diem_chuan_2024_final.csv
XDT,7580205,Kỹ thuật xây dựng công trình giao thông,A00; A01; C01; D01,15,Điểm thi THPT,,2024,https://github.com/HTNam1710/ADS_Final/blob/main/Data/diem_chuan_2024_final.csv
XDT,7580213,Kỹ thuật cấp thoát nước,A00; A01; C01; D01,15,Điểm thi THPT,,2024,https://github.com/HTNam1710/ADS_Final/blob/main/Data/diem_chuan_2024_final.csv
XDT,7580301,Kinh tế xây dựng,A00; A01; C01; D01,15,Điểm thi THPT,,2024,https://github.com/HTNam1710/ADS_Final/blob/main/Data/diem_chuan_2024_final.csv
XDT,7580302,Quản lý xây dựng,A00; A01; C01; D01,15,Điểm thi THPT,,2024,https://github.com/HTNam1710/ADS_Final/blob/main/Data/diem_chuan_2024_final.csv
DSG,7210402,Thiết kế công nghiệp,D01; D02; D03; D04; D05; D06; D72; D73; D74; D75; D76; D77; A01; D26; D27; D28; D29; D30; D78; D79; D80; D81; D82; D83,15,Điểm thi THPT,,2024,https://github.com/HTNam1710/ADS_Final/blob/main/Data/diem_chuan_2024_final.csv
DSG,7340101,Quản trị kinh doanh,D01; D02; D03; D04; D05; D06; A00; A01; D26; D27; D28; D29; D30; D78; D79; D80; D81; D82; D83,15,Điểm thi THPT,,2024,https://github.com/HTNam1710/ADS_Final/blob/main/Data/diem_chuan_2024_final.csv
DSG,7480201,Công nghệ thông tin,D01; D02; D03; D04; D05; D06; A00; A01; D26; D27; D28; D29; D30; C01,15,Điểm thi THPT,,2024,https://github.com/HTNam1710/ADS_Final/blob/main/Data/diem_chuan_2024_final.csv
DSG,7510203,Công nghệ kỹ thuật cơ điện tử,D01; D02; D03; D04; D05; D06; A00; A01; D26; D27; D28; D29; D30; D90; D92; D93; D94; D91; D95,15,Điểm thi THPT,,2024,https://github.com/HTNam1710/ADS_Final/blob/main/Data/diem_chuan_2024_final.csv
DSG,7510301,Công nghệ kỹ thuật điện - điện tử,D01; D02; D03; D04; D05; D06; A00; A01; D26; D27; D28; D29; D30; D90; D92; D93; D94; D91; D95,15,Điểm thi THPT,,2024,https://github.com/HTNam1710/ADS_Final/blob/main/Data/diem_chuan_2024_final.csv
DSG,7510302,CNKT Điện tử viễn thông,D01; D02; D03; D04; D05; D06; A00; A01; D26; D27; D28; D29; D30; D90; D92; D93; D94; D91; D95,15,Điểm thi THPT,,2024,https://github.com/HTNam1710/ADS_Final/blob/main/Data/diem_chuan_2024_final.csv
DSG,7540101,Công nghệ thực phẩm,D01; D02; D03; D04; D05; D06; A00; B00; D08; D31; D32; D33; D34; D35,15,Điểm thi THPT,,2024,https://github.com/HTNam1710/ADS_Final/blob/main/Data/diem_chuan_2024_final.csv
DSG,7580201,Kỹ thuật Xây dựng,D01; D02; D03; D04; D05; D06; A00; A01; D26; D27; D28; D29; D30; D90; D92; D93; D94; D91; D95,15,Điểm thi THPT,,2024,https://github.com/HTNam1710/ADS_Final/blob/main/Data/diem_chuan_2024_final.csv
XDN,7340101-DN,Quản trị kinh doanh,A00; A01; C01; D01,15,Điểm thi THPT,,2024,https://github.com/HTNam1710/ADS_Final/blob/main/Data/diem_chuan_2024_final.csv
XDN,7340122-DN,Thương mại điện tử,A00; A01; C01; D01,15,Điểm thi THPT,,2024,https://github.com/HTNam1710/ADS_Final/blob/main/Data/diem_chuan_2024_final.csv
XDN,7340201,Tài chính - Ngân hàng,A00; A01; C01; D01,15,Điểm thi THPT,,2024,https://github.com/HTNam1710/ADS_Final/blob/main/Data/diem_chuan_2024_final.csv
XDN,7480201-DN,Công nghệ thông tin,A00; A01; C01; D01,15,Điểm thi THPT,,2024,https://github.com/HTNam1710/ADS_Final/blob/main/Data/diem_chuan_2024_final.csv
XDN,7510205-DN,Công nghệ kỹ thuật ô tô,A00; A01; C01; D01,15,Điểm thi THPT,,2024,https://github.com/HTNam1710/ADS_Final/blob/main/Data/diem_chuan_2024_final.csv
XDN,7510605-DN,Logistics và Quản lý chuỗi cung ứng,A00; A01; C01; D01,15,Điểm thi THPT,,2024,https://github.com/HTNam1710/ADS_Final/blob/main/Data/diem_chuan_2024_final.csv
XDN,7520216,Kỹ thuật điều khiển và tự động hoá,A00; A01; C01; D01,15,Điểm thi THPT,,2024,https://github.com/HTNam1710/ADS_Final/blob/main/Data/diem_chuan_2024_final.csv
XDN,7580101-DN,Kiến trúc,V00; V01; A01; D01,15,Điểm thi THPT,,2024,https://github.com/HTNam1710/ADS_Final/blob/main/Data/diem_chuan_2024_final.csv
XDN,7580103,Kiến trúc nội thất,V00; V01; A01; D01,15,Điểm thi THPT,,2024,https://github.com/HTNam1710/ADS_Final/blob/main/Data/diem_chuan_2024_final.csv
XDN,7580201-DN,Kỹ thuật xây dựng,A00; A01; C01; D01,15,Điểm thi THPT,,2024,https://github.com/HTNam1710/ADS_Final/blob/main/Data/diem_chuan_2024_final.csv
XDN,7580205-DN,Kỹ thuật xây dựng công trình giao thông,A00; A01; C01; D01,15,Điểm thi THPT,,2024,https://github.com/HTNam1710/ADS_Final/blob/main/Data/diem_chuan_2024_final.csv
XDN,7580213-DN,Kỹ thuật Cấp thoát nước,A00; A01; C01; D01,15,Điểm thi THPT,,2024,https://github.com/HTNam1710/ADS_Final/blob/main/Data/diem_chuan_2024_final.csv
XDN,7580302-DN,Quản lý xây dựng,A00; A01; C01; D01,15,Điểm thi THPT,,2024,https://github.com/HTNam1710/ADS_Final/blob/main/Data/diem_chuan_2024_final.csv
DBG,7220201,Ngôn ngữ Anh,A00; D01; D14; D15,15,Điểm thi THPT,,2024,https://github.com/HTNam1710/ADS_Final/blob/main/Data/diem_chuan_2024_final.csv
DBG,7220204,Ngôn ngữ Trung Quốc,D01; D04; D14; D15,15,Điểm thi THPT,,2024,https://github.com/HTNam1710/ADS_Final/blob/main/Data/diem_chuan_2024_final.csv
DBG,7310101,Kinh tế,A00; A01; D01; C20,15,Điểm thi THPT,,2024,https://github.com/HTNam1710/ADS_Final/blob/main/Data/diem_chuan_2024_final.csv
DBG,7340122,Thương mại điện tử,A00; B00; D01; C20,15,Điểm thi THPT,,2024,https://github.com/HTNam1710/ADS_Final/blob/main/Data/diem_chuan_2024_final.csv
DBG,7340301,Kế toán,A00; A01; D01; C20,15,Điểm thi THPT,,2024,https://github.com/HTNam1710/ADS_Final/blob/main/Data/diem_chuan_2024_final.csv
DBG,7480201,Công nghệ thông tin,A00; A01; D01; D07,15,Điểm thi THPT,,2024,https://github.com/HTNam1710/ADS_Final/blob/main/Data/diem_chuan_2024_final.csv
DBG,7510205,Công nghệ kỹ thuật ô tô,A00; A01; B00; D01,15,Điểm thi THPT,,2024,https://github.com/HTNam1710/ADS_Final/blob/main/Data/diem_chuan_2024_final.csv
DBG,7540101,Công nghệ thực phẩm,A00; A01; B00; D01,15,Điểm thi THPT,,2024,https://github.com/HTNam1710/ADS_Final/blob/main/Data/diem_chuan_2024_final.csv
DBG,7620101,Nông nghiệp,A00; A01; B00; D01,15,Điểm thi THPT,,2024,https://github.com/HTNam1710/ADS_Final/blob/main/Data/diem_chuan_2024_final.csv
DBG,7620105,Chăn nuôi,A00; A01; B00; D01,15,Điểm thi THPT,,2024,https://github.com/HTNam1710/ADS_Final/blob/main/Data/diem_chuan_2024_final.csv
DBG,7620110,Khoa học cây trồng,A00; A01; B00; D01,15,Điểm thi THPT,,2024,https://github.com/HTNam1710/ADS_Final/blob/main/Data/diem_chuan_2024_final.csv
DBG,7620112,Bảo vệ thực vật,A00; A01; B00; D01,15,Điểm thi THPT,,2024,https://github.com/HTNam1710/ADS_Final/blob/main/Data/diem_chuan_2024_final.csv
DBG,7620211,Quản lý tài nguyên rừng,A00; A01; B00; D01,15,Điểm thi THPT,,2024,https://github.com/HTNam1710/ADS_Final/blob/main/Data/diem_chuan_2024_final.csv
DBG,7640101,Thú y,A00; A01; B00; D01,15,Điểm thi THPT,,2024,https://github.com/HTNam1710/ADS_Final/blob/main/Data/diem_chuan_2024_final.csv
DBG,7810103,Quản trị dịch vụ du lịch và lữ hành,A01; B00; D01; C20,15,Điểm thi THPT,,2024,https://github.com/HTNam1710/ADS_Final/blob/main/Data/diem_chuan_2024_final.csv
DBG,7850101,Quản lý tài nguyên và môi trường,A01; B00; D01; C20,15,Điểm thi THPT,,2024,https://github.com/HTNam1710/ADS_Final/blob/main/Data/diem_chuan_2024_final.csv
DBG,7850103,Quản lý đất đai,A00; A01; B00; D01,15,Điểm thi THPT,,2024,https://github.com/HTNam1710/ADS_Final/blob/main/Data/diem_chuan_2024_final.csv
TTB,7140201,Giáo dục Mầm non,M00; M05; M07; M13,23.3,Điểm thi THPT,,2024,https://github.com/HTNam1710/ADS_Final/blob/main/Data/diem_chuan_2024_final.csv
TTB,7140202,Giáo dục Tiểu học,A00; A01; C00; D01,27.5,Điểm thi THPT,,2024,https://github.com/HTNam1710/ADS_Final/blob/main/Data/diem_chuan_2024_final.csv
TTB,7140205,Giáo dục Chính trị,C00; D01; C19; C20,27.78,Điểm thi THPT,,2024,https://github.com/HTNam1710/ADS_Final/blob/main/Data/diem_chuan_2024_final.csv
TTB,7140206,Giáo dục Thể chất,T00; T03; T04; T05,25.57,Điểm thi THPT,,2024,https://github.com/HTNam1710/ADS_Final/blob/main/Data/diem_chuan_2024_final.csv
TTB,7140209,Sư phạm Toán học,A00; A01; D01; A02,25.34,Điểm thi THPT,,2024,https://github.com/HTNam1710/ADS_Final/blob/main/Data/diem_chuan_2024_final.csv
TTB,7140210,Sư phạm Tin học,A00; A01; D01; A02,23.16,Điểm thi THPT,,2024,https://github.com/HTNam1710/ADS_Final/blob/main/Data/diem_chuan_2024_final.csv
TTB,7140211,Sư phạm Vật lí,A00; A01; A02; A04,23.96,Điểm thi THPT,,2024,https://github.com/HTNam1710/ADS_Final/blob/main/Data/diem_chuan_2024_final.csv
TTB,7140212,Sư phạm Hóa học,A00; B00; A11; D07,24.52,Điểm thi THPT,,2024,https://github.com/HTNam1710/ADS_Final/blob/main/Data/diem_chuan_2024_final.csv
TTB,7140213,Sư phạm Sinh học,B00; A02; D08; B03,23.95,Điểm thi THPT,,2024,https://github.com/HTNam1710/ADS_Final/blob/main/Data/diem_chuan_2024_final.csv
TTB,7140217,Sư phạm Ngữ văn,C00; D01; C19; D14,28.11,Điểm thi THPT,,2024,https://github.com/HTNam1710/ADS_Final/blob/main/Data/diem_chuan_2024_final.csv
TTB,7140218,Sư phạm Lịch sử,C00; C19; D14; C03,28,Điểm thi THPT,,2024,https://github.com/HTNam1710/ADS_Final/blob/main/Data/diem_chuan_2024_final.csv
TTB,7140219,Sư phạm Địa lí,D10; D15; C00; C20,27.96,Điểm thi THPT,,2024,https://github.com/HTNam1710/ADS_Final/blob/main/Data/diem_chuan_2024_final.csv
TTB,7140231,Sư phạm Tiếng Anh,D01; A01; D14; D15,25.57,Điểm thi THPT,,2024,https://github.com/HTNam1710/ADS_Final/blob/main/Data/diem_chuan_2024_final.csv
TTB,7340101,Quản trị kinh doanh,A00; A01; A02; D01,15,Điểm thi THPT,,2024,https://github.com/HTNam1710/ADS_Final/blob/main/Data/diem_chuan_2024_final.csv
TTB,7340201,Tài chính - Ngân hàng,A00; A01; A02; D01,15,Điểm thi THPT,,2024,https://github.com/HTNam1710/ADS_Final/blob/main/Data/diem_chuan_2024_final.csv
TTB,7340301,Kế toán,A00; A01; A02; D01,15,Điểm thi THPT,,2024,https://github.com/HTNam1710/ADS_Final/blob/main/Data/diem_chuan_2024_final.csv
TTB,7480201,Công nghệ thông tin,A00; A01; A02; D01,18.5,Điểm thi THPT,,2024,https://github.com/HTNam1710/ADS_Final/blob/main/Data/diem_chuan_2024_final.csv
TTB,7620105,Chăn nuôi,D08; B00; A02; B04,15,Điểm thi THPT,,2024,https://github.com/HTNam1710/ADS_Final/blob/main/Data/diem_chuan_2024_final.csv
TTB,7620109,Nông học,D08; B00; A02; B04,15,Điểm thi THPT,,2024,https://github.com/HTNam1710/ADS_Final/blob/main/Data/diem_chuan_2024_final.csv
TTB,7620112,Bảo vệ thực vật,D08; B00; A02; B04,15,Điểm thi THPT,,2024,https://github.com/HTNam1710/ADS_Final/blob/main/Data/diem_chuan_2024_final.csv
TTB,7620205,Lâm sinh,D08; B00; A02; B04,15,Điểm thi THPT,,2024,https://github.com/HTNam1710/ADS_Final/blob/main/Data/diem_chuan_2024_final.csv
TTB,7620211,Quản lý tài nguyên rừng,D08; B00; A02; B04,15,Điểm thi THPT,,2024,https://github.com/HTNam1710/ADS_Final/blob/main/Data/diem_chuan_2024_final.csv
TTB,7720401,Dinh dưỡng,A11; B00; B04; C18,15,Điểm thi THPT,,2024,https://github.com/HTNam1710/ADS_Final/blob/main/Data/diem_chuan_2024_final.csv
TTB,7810103,Quản trị dịch vụ du lịch và lữ hành,A00; A01; C00; D01,22,Điểm thi THPT,,2024,https://github.com/HTNam1710/ADS_Final/blob/main/Data/diem_chuan_2024_final.csv
TTB,7850101,Quản lý tài nguyên và môi trường,A00; A01; B00; A02,15,Điểm thi THPT,,2024,https://github.com/HTNam1710/ADS_Final/blob/main/Data/diem_chuan_2024_final.csv
TDL,7140202,Giáo dục tiểu học,A16; C14; C15; D01,26,Điểm thi THPT,,2024,https://github.com/HTNam1710/ADS_Final/blob/main/Data/diem_chuan_2024_final.csv
TDL,7140209,Sư phạm Toán học,A00; A01; D07; D90,25.8,Điểm thi THPT,,2024,https://github.com/HTNam1710/ADS_Final/blob/main/Data/diem_chuan_2024_final.csv
TDL,7140210,Sư phạm Tin học,A00; A01; D07; D90,23.8,Điểm thi THPT,,2024,https://github.com/HTNam1710/ADS_Final/blob/main/Data/diem_chuan_2024_final.csv
TDL,7140211,Sư phạm Vật lý,A00; A01; A12; D90,25.25,Điểm thi THPT,,2024,https://github.com/HTNam1710/ADS_Final/blob/main/Data/diem_chuan_2024_final.csv
TDL,7140212,Sư phạm Hóa học,A00; B00; D07; D90,25.25,Điểm thi THPT,,2024,https://github.com/HTNam1710/ADS_Final/blob/main/Data/diem_chuan_2024_final.csv
TDL,7140213,Sư phạm Sinh học,A00; B00; B08; D90,24.25,Điểm thi THPT,,2024,https://github.com/HTNam1710/ADS_Final/blob/main/Data/diem_chuan_2024_final.csv
TDL,7140217,Sư phạm Ngữ văn,C00; C20; D14; D15,27.75,Điểm thi THPT,,2024,https://github.com/HTNam1710/ADS_Final/blob/main/Data/diem_chuan_2024_final.csv
TDL,7140218,Sư phạm Lịch sử,C00; C19; C20; D14,27.25,Điểm thi THPT,,2024,https://github.com/HTNam1710/ADS_Final/blob/main/Data/diem_chuan_2024_final.csv
TDL,7140231,Sư phạm Tiếng Anh,D01; D72; D96,25.5,Điểm thi THPT,,2024,https://github.com/HTNam1710/ADS_Final/blob/main/Data/diem_chuan_2024_final.csv
TDL,7220201,Ngôn ngữ Anh,D01; D72; D96,17.5,Điểm thi THPT,,2024,https://github.com/HTNam1710/ADS_Final/blob/main/Data/diem_chuan_2024_final.csv
TDL,7229010,Lịch sử,C00; C19; C20; D14,17,Điểm thi THPT,,2024,https://github.com/HTNam1710/ADS_Final/blob/main/Data/diem_chuan_2024_final.csv
TDL,7229030,Văn học (Ngữ văn tổng hợp; Ngữ văn báo chí),C00; C20; D14; D15,19,Điểm thi THPT,,2024,https://github.com/HTNam1710/ADS_Final/blob/main/Data/diem_chuan_2024_final.csv
TDL,7310301,Xã hội học,C00; C20; D01; D14,17,Điểm thi THPT,,2024,https://github.com/HTNam1710/ADS_Final/blob/main/Data/diem_chuan_2024_final.csv
TDL,7310601,Quốc tế học,C00; C20; D01; D78,17,Điểm thi THPT,,2024,https://github.com/HTNam1710/ADS_Final/blob/main/Data/diem_chuan_2024_final.csv
TDL,7310608,Đông phương học (Hàn Quốc học; Nhật Bản học),C00; D01; D78; D96,17,Điểm thi THPT,,2024,https://github.com/HTNam1710/ADS_Final/blob/main/Data/diem_chuan_2024_final.csv
TDL,7310612,Trung Quốc học,C00; C20; D14; D15,21,Điểm thi THPT,,2024,https://github.com/HTNam1710/ADS_Final/blob/main/Data/diem_chuan_2024_final.csv
TDL,7310630,Việt Nam học,C00; C20; D14; D15,17,Điểm thi THPT,,2024,https://github.com/HTNam1710/ADS_Final/blob/main/Data/diem_chuan_2024_final.csv
TDL,7340101,Quản trị Kinh doanh,A00; A01; D01; D96,18,Điểm thi THPT,,2024,https://github.com/HTNam1710/ADS_Final/blob/main/Data/diem_chuan_2024_final.csv
TDL,7340201,Tài chính - Ngân hàng,A00; A01; D01; D96,19,Điểm thi THPT,,2024,https://github.com/HTNam1710/ADS_Final/blob/main/Data/diem_chuan_2024_final.csv
TDL,7340301,Kế toán,A00; A01; D01; D96,17.5,Điểm thi THPT,,2024,https://github.com/HTNam1710/ADS_Final/blob/main/Data/diem_chuan_2024_final.csv
TDL,7380101,Luật,A00; C00; C20; D01,22,Điểm thi THPT,,2024,https://github.com/HTNam1710/ADS_Final/blob/main/Data/diem_chuan_2024_final.csv
TDL,7380104,Luật hình sự và tố tụng hình sự,A00; C00; C20; D01,20,Điểm thi THPT,,2024,https://github.com/HTNam1710/ADS_Final/blob/main/Data/diem_chuan_2024_final.csv
TDL,7420101,Sinh học,A00; B00; B08; D90,17,Điểm thi THPT,,2024,https://github.com/HTNam1710/ADS_Final/blob/main/Data/diem_chuan_2024_final.csv
TDL,7420201,Công nghệ Sinh học,A00; B00; B08; D90,17,Điểm thi THPT,,2024,https://github.com/HTNam1710/ADS_Final/blob/main/Data/diem_chuan_2024_final.csv
TDL,7440102,Vật lý học,A00; A01; A12; D90,17,Điểm thi THPT,,2024,https://github.com/HTNam1710/ADS_Final/blob/main/Data/diem_chuan_2024_final.csv
TDL,7440112,Hóa học,A00; B00; D07; D90,17,Điểm thi THPT,,2024,https://github.com/HTNam1710/ADS_Final/blob/main/Data/diem_chuan_2024_final.csv
TDL,7460101,Toán học (Toán - Tin học),A00; A01; D07; D90,17,Điểm thi THPT,,2024,https://github.com/HTNam1710/ADS_Final/blob/main/Data/diem_chuan_2024_final.csv
TDL,7460108,Khoa học dữ liệu,A00; A01; D07; D90,17,Điểm thi THPT,,2024,https://github.com/HTNam1710/ADS_Final/blob/main/Data/diem_chuan_2024_final.csv
TDL,7480201,Công nghệ Thông tin,A00; A01; D07; D90,17,Điểm thi THPT,,2024,https://github.com/HTNam1710/ADS_Final/blob/main/Data/diem_chuan_2024_final.csv
TDL,7510302,Công nghệ Kỹ thuật Điện tử - Viễn thông,A00; A01; A12; D90,17,Điểm thi THPT,,2024,https://github.com/HTNam1710/ADS_Final/blob/main/Data/diem_chuan_2024_final.csv
TDL,7510303,Công nghệ kỹ thuật điều khiển và tự động hóa,A00; A01; A12; D90,17,Điểm thi THPT,,2024,https://github.com/HTNam1710/ADS_Final/blob/main/Data/diem_chuan_2024_final.csv
TDL,7510406,Công nghệ kỹ thuật môi trường,A00; B00; D07; D90,17,Điểm thi THPT,,2024,https://github.com/HTNam1710/ADS_Final/blob/main/Data/diem_chuan_2024_final.csv
TDL,7520402,Kỳ thuật hạt nhân,A00; A01; D01; D90,17,Điểm thi THPT,,2024,https://github.com/HTNam1710/ADS_Final/blob/main/Data/diem_chuan_2024_final.csv
TDL,7540101,Công nghệ thực phẩm,A00; A02; B00; D07,17,Điểm thi THPT,,2024,https://github.com/HTNam1710/ADS_Final/blob/main/Data/diem_chuan_2024_final.csv
TDL,7540104,Công nghệ Sau thu hoạch,A00; B00; B08; D90,17,Điểm thi THPT,,2024,https://github.com/HTNam1710/ADS_Final/blob/main/Data/diem_chuan_2024_final.csv
TDL,7620109,Nông học,B00; B08; D07; D90,17,Điểm thi THPT,,2024,https://github.com/HTNam1710/ADS_Final/blob/main/Data/diem_chuan_2024_final.csv
TDL,7720203,Hóa dược,A00; B00; D07; D90,17,Điểm thi THPT,,2024,https://github.com/HTNam1710/ADS_Final/blob/main/Data/diem_chuan_2024_final.csv
TDL,7760101,Công tác xã hội,C00; C20; D01; D14,17,Điểm thi THPT,,2024,https://github.com/HTNam1710/ADS_Final/blob/main/Data/diem_chuan_2024_final.csv
TDL,7810103,Quản trị dịch vụ du lịch và lữ hành,C00; C20; D01; D78,20.5,Điểm thi THPT,,2024,https://github.com/HTNam1710/ADS_Final/blob/main/Data/diem_chuan_2024_final.csv
TDL,7810106,Văn hóa Du lịch,C00; C20; D14; D15,17,Điểm thi THPT,,2024,https://github.com/HTNam1710/ADS_Final/blob/main/Data/diem_chuan_2024_final.csv
DTP,51140201,Giáo dục Mầm non,B03; C00; C04; C20,25.74,Điểm thi THPT,Hệ đào tạo Cao đẳng,2024,https://github.com/HTNam1710/ADS_Final/blob/main/Data/diem_chuan_2024_final.csv
DTP,7140201,Giáo dục Mầm non,B03; C00; C04; C20,26.95,Điểm thi THPT,,2024,https://github.com/HTNam1710/ADS_Final/blob/main/Data/diem_chuan_2024_final.csv
DTP,7140202,Giáo dục Tiểu học (chương trình đại trà),A00; C00; C14; C20,27.75,Điểm thi THPT,,2024,https://github.com/HTNam1710/ADS_Final/blob/main/Data/diem_chuan_2024_final.csv
DTP,7140202TA,Giáo dục Tiểu học (chương trình tiếng Anh),A01; B08; D01; D15,24.5,Điểm thi THPT,,2024,https://github.com/HTNam1710/ADS_Final/blob/main/Data/diem_chuan_2024_final.csv
DTP,7220204,Ngôn ngữ Trung Quốc,C00; D01; D04; D10,24.5,Điểm thi THPT,,2024,https://github.com/HTNam1710/ADS_Final/blob/main/Data/diem_chuan_2024_final.csv
DTP,7310101,Kinh tế,A00; A01; C04; D10,16,Điểm thi THPT,,2024,https://github.com/HTNam1710/ADS_Final/blob/main/Data/diem_chuan_2024_final.csv
DTP,7620105,Chăn nuôi,A00; B00; C02; D01,16,Điểm thi THPT,,2024,https://github.com/HTNam1710/ADS_Final/blob/main/Data/diem_chuan_2024_final.csv
DTP,7620110,Khoa học cây trồng,A00; B00; C02; D01,16,Điểm thi THPT,,2024,https://github.com/HTNam1710/ADS_Final/blob/main/Data/diem_chuan_2024_final.csv
DTP,7810103,Quản trị dịch vụ du lịch và lữ hành,C00; C03; C04; D01,20,Điểm thi THPT,,2024,https://github.com/HTNam1710/ADS_Final/blob/main/Data/diem_chuan_2024_final.csv
DTP,7850101,Quản lý tài nguyên và môi trường,A00; B00; C02; D01,16,Điểm thi THPT,,2024,https://github.com/HTNam1710/ADS_Final/blob/main/Data/diem_chuan_2024_final.csv
TQU,51140201,Giáo dục Mầm non (Trình độ Cao Đẳng),C00; C14; C19; C20,24.68,Điểm thi THPT,,2024,https://github.com/HTNam1710/ADS_Final/blob/main/Data/diem_chuan_2024_final.csv
TQU,7140201,Giáo dục Mầm non,C00; C14; C19; C20,26.07,Điểm thi THPT,,2024,https://github.com/HTNam1710/ADS_Final/blob/main/Data/diem_chuan_2024_final.csv
TQU,7140202,Giáo dục Tiểu học,A00; D01; C00; C19,26.88,Điểm thi THPT,,2024,https://github.com/HTNam1710/ADS_Final/blob/main/Data/diem_chuan_2024_final.csv
TQU,7140209,Sư phạm Toán học,A00; A01; B00; C14,25.88,Điểm thi THPT,,2024,https://github.com/HTNam1710/ADS_Final/blob/main/Data/diem_chuan_2024_final.csv
TQU,7140217,Sư phạm Ngữ văn,C00; D14; C19; C20,27.67,Điểm thi THPT,,2024,https://github.com/HTNam1710/ADS_Final/blob/main/Data/diem_chuan_2024_final.csv
TQU,7140247,Sư phạm Khoa học Tự nhiên,A00; A02; B00; D08,23.9,Điểm thi THPT,,2024,https://github.com/HTNam1710/ADS_Final/blob/main/Data/diem_chuan_2024_final.csv
TQU,7229042,Quản lý Văn hóa,C00; D01; C19; C20,15,Điểm thi THPT,,2024,https://github.com/HTNam1710/ADS_Final/blob/main/Data/diem_chuan_2024_final.csv
TQU,7340301,Kế toán,A00; A01; D01,15,Điểm thi THPT,,2024,https://github.com/HTNam1710/ADS_Final/blob/main/Data/diem_chuan_2024_final.csv
TQU,7480201,Công nghệ thông tin,A00; A01; B00; D07,16,Điểm thi THPT,,2024,https://github.com/HTNam1710/ADS_Final/blob/main/Data/diem_chuan_2024_final.csv
TQU,7720201,Dược học,A00; B00; D07; C05,21,Điểm thi THPT,,2024,https://github.com/HTNam1710/ADS_Final/blob/main/Data/diem_chuan_2024_final.csv
TQU,7720301,Điều duỡng,B00; B03; D07; C08,19,Điểm thi THPT,,2024,https://github.com/HTNam1710/ADS_Final/blob/main/Data/diem_chuan_2024_final.csv
TQU,7760101,Công tác xã hội,C00; D01; C19; C20,23.5,Điểm thi THPT,,2024,https://github.com/HTNam1710/ADS_Final/blob/main/Data/diem_chuan_2024_final.csv
TQU,7810103,Quản trị Dịch vụ Du lịch và Lữ hành,C00; D01; C19; C20,24.15,Điểm thi THPT,,2024,https://github.com/HTNam1710/ADS_Final/blob/main/Data/diem_chuan_2024_final.csv
TKG,7140201,Giáo dục tiểu học,A00; C02; C20; D01,27.53,Điểm thi THPT,,2024,https://github.com/HTNam1710/ADS_Final/blob/main/Data/diem_chuan_2024_final.csv
TKG,7140201,Giáo dục mầm non,M00,25.57,Điểm thi THPT,,2024,https://github.com/HTNam1710/ADS_Final/blob/main/Data/diem_chuan_2024_final.csv
TKG,7140209,Sư phạm Toán học,A00; A01; D01; D07,25.88,Điểm thi THPT,,2024,https://github.com/HTNam1710/ADS_Final/blob/main/Data/diem_chuan_2024_final.csv
TKG,7220101,Tiếng Việt và văn hóa Việt Nam,C00; D01; D14; D15,17,Điểm thi THPT,,2024,https://github.com/HTNam1710/ADS_Final/blob/main/Data/diem_chuan_2024_final.csv
TKG,7220201,Ngôn ngữ Anh,D01; D09; D14; D15,15.75,Điểm thi THPT,,2024,https://github.com/HTNam1710/ADS_Final/blob/main/Data/diem_chuan_2024_final.csv
TKG,7320104,Truyền thông đa phương tiện,A00; A01; C00; D01,17,Điểm thi THPT,,2024,https://github.com/HTNam1710/ADS_Final/blob/main/Data/diem_chuan_2024_final.csv
TKG,7340101,Quản trị kinh doanh,A00; A01; D01; D07,14.95,Điểm thi THPT,,2024,https://github.com/HTNam1710/ADS_Final/blob/main/Data/diem_chuan_2024_final.csv
TKG,7340120,Kinh doanh quốc tế,A00; A01; D01; D07,17,Điểm thi THPT,,2024,https://github.com/HTNam1710/ADS_Final/blob/main/Data/diem_chuan_2024_final.csv
TKG,7340122,Thương mại điện tử,A00; A01; D01; D07,15.45,Điểm thi THPT,,2024,https://github.com/HTNam1710/ADS_Final/blob/main/Data/diem_chuan_2024_final.csv
TKG,7340201,Tài chính ngân hàng,A00; A01; D01; D07,15.05,Điểm thi THPT,,2024,https://github.com/HTNam1710/ADS_Final/blob/main/Data/diem_chuan_2024_final.csv
TKG,7340301,Kế toán,A00; A01; D01; D07,16.05,Điểm thi THPT,,2024,https://github.com/HTNam1710/ADS_Final/blob/main/Data/diem_chuan_2024_final.csv
TKG,7380101,Luật,A00; C00; D01; D14,16.5,Điểm thi THPT,,2024,https://github.com/HTNam1710/ADS_Final/blob/main/Data/diem_chuan_2024_final.csv
TKG,7420201,Công nghệ sinh học,A11; B02; B04; C13,14,Điểm thi THPT,,2024,https://github.com/HTNam1710/ADS_Final/blob/main/Data/diem_chuan_2024_final.csv
TKG,7480201,Công nghệ thông tin,A00; A01; D01; D07,15.15,Điểm thi THPT,,2024,https://github.com/HTNam1710/ADS_Final/blob/main/Data/diem_chuan_2024_final.csv
TKG,7510103,Công nghệ kỹ thuật xây dựng,A00; A01; D01; D07,15.45,Điểm thi THPT,,2024,https://github.com/HTNam1710/ADS_Final/blob/main/Data/diem_chuan_2024_final.csv
TKG,7510205,Công nghệ kỹ thuật ô tô,A00; A01; C01; D01,15.1,Điểm thi THPT,,2024,https://github.com/HTNam1710/ADS_Final/blob/main/Data/diem_chuan_2024_final.csv
TKG,7510406,Công nghệ kỹ thuật môi trường,A07; A09; C04; C14,14.4,Điểm thi THPT,,2024,https://github.com/HTNam1710/ADS_Final/blob/main/Data/diem_chuan_2024_final.csv
TKG,7520216,Kỹ thuật điều khiển và tự động hóa,A00; A01; C01; D01,17,Điểm thi THPT,,2024,https://github.com/HTNam1710/ADS_Final/blob/main/Data/diem_chuan_2024_final.csv
TKG,7540101,Công nghệ thực phẩm,A00; A01; B00; D07,17,Điểm thi THPT,,2024,https://github.com/HTNam1710/ADS_Final/blob/main/Data/diem_chuan_2024_final.csv
TKG,7620105,Chăn nuôi,A00; B00; B02; C08,14.25,Điểm thi THPT,,2024,https://github.com/HTNam1710/ADS_Final/blob/main/Data/diem_chuan_2024_final.csv
TKG,7620110,Khoa học cây trồng,A00; A02; B04; C13,14.25,Điểm thi THPT,,2024,https://github.com/HTNam1710/ADS_Final/blob/main/Data/diem_chuan_2024_final.csv
TKG,7620114,Kinh doanh nông nghiệp,A00; B00; C02; D08,14.25,Điểm thi THPT,,2024,https://github.com/HTNam1710/ADS_Final/blob/main/Data/diem_chuan_2024_final.csv
TKG,7620301,Nuôi trồng thủy sản,A00; B00; B02; C08,17.5,Điểm thi THPT,,2024,https://github.com/HTNam1710/ADS_Final/blob/main/Data/diem_chuan_2024_final.csv
TKG,7810101,Du lịch,C20; D01; D14; D15,17,Điểm thi THPT,,2024,https://github.com/HTNam1710/ADS_Final/blob/main/Data/diem_chuan_2024_final.csv
TKG,7850101,Quản lý tài nguyên môi trường,A09; B04; C20; D15,17,Điểm thi THPT,,2024,https://github.com/HTNam1710/ADS_Final/blob/main/Data/diem_chuan_2024_final.csv
DVD,7140201,Giáo dục Mầm non,M01; M02; M03; M07,27.43,Điểm thi THPT,,2024,https://github.com/HTNam1710/ADS_Final/blob/main/Data/diem_chuan_2024_final.csv
DVD,7140202,Giáo dục Tiểu học,M00; A01; D01; C00,27,Điểm thi THPT,,2024,https://github.com/HTNam1710/ADS_Final/blob/main/Data/diem_chuan_2024_final.csv
DVD,7140206,Giáo dục Thể chất,T00; T03; T05; T08,26.5,Điểm thi THPT,,2024,https://github.com/HTNam1710/ADS_Final/blob/main/Data/diem_chuan_2024_final.csv
DVD,7140210,Sư phạm Tin học,A00; A16; C15; D01,24,Điểm thi THPT,,2024,https://github.com/HTNam1710/ADS_Final/blob/main/Data/diem_chuan_2024_final.csv
DVD,7210104,Đồ họa,H00,15,Điểm thi THPT,,2024,https://github.com/HTNam1710/ADS_Final/blob/main/Data/diem_chuan_2024_final.csv
DVD,7210205,Thanh nhạc,N00,15,Điểm thi THPT,,2024,https://github.com/HTNam1710/ADS_Final/blob/main/Data/diem_chuan_2024_final.csv
DVD,7210404,Thiết kế thời trang,H00,15,Điểm thi THPT,,2024,https://github.com/HTNam1710/ADS_Final/blob/main/Data/diem_chuan_2024_final.csv
DVD,7220201,Ngôn ngữ Anh,D01; D14; D15; D66,15,Điểm thi THPT,,2024,https://github.com/HTNam1710/ADS_Final/blob/main/Data/diem_chuan_2024_final.csv
DVD,7229042,Quản lý văn hóa,C00; C15; C20; D66,15,Điểm thi THPT,,2024,https://github.com/HTNam1710/ADS_Final/blob/main/Data/diem_chuan_2024_final.csv
DVD,7310205,Quản lý Nhà nước,C00; C15; C20; D66,15,Điểm thi THPT,,2024,https://github.com/HTNam1710/ADS_Final/blob/main/Data/diem_chuan_2024_final.csv
DVD,7320106,Công nghệ truyền thông,C00; C15; A16; D66,15,Điểm thi THPT,,2024,https://github.com/HTNam1710/ADS_Final/blob/main/Data/diem_chuan_2024_final.csv
DVD,7320201,Thông tin - Thư viện,C00; D78; C20; D66,15,Điểm thi THPT,,2024,https://github.com/HTNam1710/ADS_Final/blob/main/Data/diem_chuan_2024_final.csv
DVD,7320201A,Chuyên ngành: Thư viện - Thiết bị trường học,C00; D78; C20; D66,15,Điểm thi THPT,,2024,https://github.com/HTNam1710/ADS_Final/blob/main/Data/diem_chuan_2024_final.csv
DVD,7320201B,Chuyên ngành: Văn thư - Lưu trữ,C00; D78; C20; D66,15,Điểm thi THPT,,2024,https://github.com/HTNam1710/ADS_Final/blob/main/Data/diem_chuan_2024_final.csv
DVD,7380101,Luật,C00; D78; C20; D66,15,Điểm thi THPT,,2024,https://github.com/HTNam1710/ADS_Final/blob/main/Data/diem_chuan_2024_final.csv
DVD,7760101,Công tác Xã hội,C00; C15; C20; D66,15,Điểm thi THPT,,2024,https://github.com/HTNam1710/ADS_Final/blob/main/Data/diem_chuan_2024_final.csv
DVD,7810101,Du lịch,C00; D78; C20; D66,15,Điểm thi THPT,,2024,https://github.com/HTNam1710/ADS_Final/blob/main/Data/diem_chuan_2024_final.csv
DVD,7810103,Quản trị dịch vụ du lịch và lữ hành,C00; D78; C20; C15,15,Điểm thi THPT,,2024,https://github.com/HTNam1710/ADS_Final/blob/main/Data/diem_chuan_2024_final.csv
DVD,7810201,Quản trị khách sạn,C15; D78; C20; D66,15,Điểm thi THPT,,2024,https://github.com/HTNam1710/ADS_Final/blob/main/Data/diem_chuan_2024_final.csv
DVD,7810301,Quản lý Thể dục thể thao,T00; T03; T05; T08,15,Điểm thi THPT,,2024,https://github.com/HTNam1710/ADS_Final/blob/main/Data/diem_chuan_2024_final.csv
DVD,7810302,Huấn luyện thể thao,T00; T03; T05; T08,15,Điểm thi THPT,,2024,https://github.com/HTNam1710/ADS_Final/blob/main/Data/diem_chuan_2024_final.csv
DTG,51140201,SP Giáo dục Mầm non,C00; C19; C20; M01,26.25,Điểm thi THPT,Trình độ cao đẳng,2024,https://github.com/HTNam1710/ADS_Final/blob/main/Data/diem_chuan_2024_final.csv
DTG,7140201,SP Giáo dục Mầm non,C00; C19; C20; M01,26.36,Điểm thi THPT,,2024,https://github.com/HTNam1710/ADS_Final/blob/main/Data/diem_chuan_2024_final.csv
DTG,7140202,SP Giáo dục Tiểu học,C00; C19; C20; M01,27.31,Điểm thi THPT,,2024,https://github.com/HTNam1710/ADS_Final/blob/main/Data/diem_chuan_2024_final.csv
DTG,7140227,SP tiếng H'mong,M01; C00; C20; C19,25.09,Điểm thi THPT,,2024,https://github.com/HTNam1710/ADS_Final/blob/main/Data/diem_chuan_2024_final.csv
DTG,7220204,Ngôn ngữ Trung Quốc,D45; D15; D14; D66,21.5,Điểm thi THPT,,2024,https://github.com/HTNam1710/ADS_Final/blob/main/Data/diem_chuan_2024_final.csv
DNB,7140201,Giáo dục Mầm non,D01; C00; A00; C14,26.62,Điểm thi THPT,,2024,https://github.com/HTNam1710/ADS_Final/blob/main/Data/diem_chuan_2024_final.csv
DNB,7140202,Giáo dục Tiểu học,M01; M07; M08; M05,27.2,Điểm thi THPT,,2024,https://github.com/HTNam1710/ADS_Final/blob/main/Data/diem_chuan_2024_final.csv
DNB,7140209,Sư phạm Toán học,A00; A01; D07; B08,26.03,Điểm thi THPT,,2024,https://github.com/HTNam1710/ADS_Final/blob/main/Data/diem_chuan_2024_final.csv
DNB,7340101,Quản trị kinh doanh,A00; A01; D01; A10,16,Điểm thi THPT,,2024,https://github.com/HTNam1710/ADS_Final/blob/main/Data/diem_chuan_2024_final.csv
DNB,7340301,Kế toán,A00; A01; D01; A10,16,Điểm thi THPT,,2024,https://github.com/HTNam1710/ADS_Final/blob/main/Data/diem_chuan_2024_final.csv
DNB,7480201,Công nghệ thông tin,A00; A01; D07; B08,16,Điểm thi THPT,,2024,https://github.com/HTNam1710/ADS_Final/blob/main/Data/diem_chuan_2024_final.csv
DNB,7810101,Du lịch,C00; D14; D66; D15,16,Điểm thi THPT,,2024,https://github.com/HTNam1710/ADS_Final/blob/main/Data/diem_chuan_2024_final.csv
LBS,7860210,Thí sinh Nam Quân khu 4 (Quảng Trị và TT-Huế),A00,23.5,Điểm thi THPT,"Thí sinh mức 23,50 điểm: Điểm môn Toán ≥ 8,60.",2024,https://github.com/HTNam1710/ADS_Final/blob/main/Data/diem_chuan_2024_final.csv
HVA,7210201,Âm nhạc học,0,0,Điểm thi THPT,,2024,https://github.com/HTNam1710/ADS_Final/blob/main/Data/diem_chuan_2024_final.csv
HVA,7210203,Sáng tác âm nhạc,0,0,Điểm thi THPT,,2024,https://github.com/HTNam1710/ADS_Final/blob/main/Data/diem_chuan_2024_final.csv
HVA,7210205,Thanh nhạc,0,0,Điểm thi THPT,,2024,https://github.com/HTNam1710/ADS_Final/blob/main/Data/diem_chuan_2024_final.csv
HVA,7210207,Biểu diễn nhạc cụ phương tây,0,0,Điểm thi THPT,,2024,https://github.com/HTNam1710/ADS_Final/blob/main/Data/diem_chuan_2024_final.csv
HVA,7210210,Biểu diễn nhạc cụ truyền thống,0,0,Điểm thi THPT,,2024,https://github.com/HTNam1710/ADS_Final/blob/main/Data/diem_chuan_2024_final.csv
NVH,7210201,Âm nhạc học,0,22,Điểm thi THPT,,2024,https://github.com/HTNam1710/ADS_Final/blob/main/Data/diem_chuan_2024_final.csv
NVH,7210203,Sáng tác âm nhạc,0,22,Điểm thi THPT,,2024,https://github.com/HTNam1710/ADS_Final/blob/main/Data/diem_chuan_2024_final.csv
NVH,7210204,Chỉ huy âm nhạc,0,22,Điểm thi THPT,,2024,https://github.com/HTNam1710/ADS_Final/blob/main/Data/diem_chuan_2024_final.csv
NVH,7210205,Thanh nhạc,0,22,Điểm thi THPT,,2024,https://github.com/HTNam1710/ADS_Final/blob/main/Data/diem_chuan_2024_final.csv
NVH,7210207,Biểu diễn nhạc cụ phương tây,0,22,Điểm thi THPT,,2024,https://github.com/HTNam1710/ADS_Final/blob/main/Data/diem_chuan_2024_final.csv
NVH,7210208,Piano,0,22,Điểm thi THPT,,2024,https://github.com/HTNam1710/ADS_Final/blob/main/Data/diem_chuan_2024_final.csv
NVH,7210209,Nhạc Jazz,0,22,Điểm thi THPT,,2024,https://github.com/HTNam1710/ADS_Final/blob/main/Data/diem_chuan_2024_final.csv
NVH,7210210,Biểu diễn nhạc cụ truyền thống,0,22,Điểm thi THPT,,2024,https://github.com/HTNam1710/ADS_Final/blob/main/Data/diem_chuan_2024_final.csv
NVS,7210201,Âm nhạc học,1,20,Điểm thi THPT,,2024,https://github.com/HTNam1710/ADS_Final/blob/main/Data/diem_chuan_2024_final.csv
NVS,7210203,Sáng tác âm nhạc,1,20,Điểm thi THPT,,2024,https://github.com/HTNam1710/ADS_Final/blob/main/Data/diem_chuan_2024_final.csv
NVS,7210204,Chỉ huy âm nhạc,1,20.5,Điểm thi THPT,,2024,https://github.com/HTNam1710/ADS_Final/blob/main/Data/diem_chuan_2024_final.csv
NVS,7210205,Thanh nhạc,1,21,Điểm thi THPT,,2024,https://github.com/HTNam1710/ADS_Final/blob/main/Data/diem_chuan_2024_final.csv
NVS,7210207,Biểu diễn nhạc cụ phương tây,1,17,Điểm thi THPT,,2024,https://github.com/HTNam1710/ADS_Final/blob/main/Data/diem_chuan_2024_final.csv
NVS,7210208,Piano,1,20,Điểm thi THPT,,2024,https://github.com/HTNam1710/ADS_Final/blob/main/Data/diem_chuan_2024_final.csv
NVS,7210210,Biểu diễn nhạc cụ truyền thống,1,22,Điểm thi THPT,,2024,https://github.com/HTNam1710/ADS_Final/blob/main/Data/diem_chuan_2024_final.csv
DVX,7220201,Ngôn ngữ Anh,D01; D90; D78; A01,15,Điểm thi THPT,,2024,https://github.com/HTNam1710/ADS_Final/blob/main/Data/diem_chuan_2024_final.csv
DVX,7340101,Quản trị kinh doanh,A12; C01; D01; D90,15,Điểm thi THPT,,2024,https://github.com/HTNam1710/ADS_Final/blob/main/Data/diem_chuan_2024_final.csv
DVX,7340201,Tài chính ngân hàng,A00; A01; D01; D90,15,Điểm thi THPT,,2024,https://github.com/HTNam1710/ADS_Final/blob/main/Data/diem_chuan_2024_final.csv
DVX,7340301,Kế toán,A00; A01; D01; D90,15,Điểm thi THPT,,2024,https://github.com/HTNam1710/ADS_Final/blob/main/Data/diem_chuan_2024_final.csv
DVX,7420201,Công nghệ sinh học,C08; B02; B00; D90,15,Điểm thi THPT,,2024,https://github.com/HTNam1710/ADS_Final/blob/main/Data/diem_chuan_2024_final.csv
DVX,7480201,Công nghệ thông tin,A00; A01; A16; D90,15,Điểm thi THPT,,2024,https://github.com/HTNam1710/ADS_Final/blob/main/Data/diem_chuan_2024_final.csv
DVX,7580201,Kỹ thuật xây dựng,A00; A01; D07; C01,15,Điểm thi THPT,,2024,https://github.com/HTNam1710/ADS_Final/blob/main/Data/diem_chuan_2024_final.csv
DVX,7810201,Quản trị khách sạn,C00; D78; D96; C15,15,Điểm thi THPT,,2024,https://github.com/HTNam1710/ADS_Final/blob/main/Data/diem_chuan_2024_final.csv
DHH,7220201,Ngôn Ngữ Anh,D1,13.5,Điểm thi THPT,,2024,https://github.com/HTNam1710/ADS_Final/blob/main/Data/diem_chuan_2024_final.csv
DHH,7340101,Quản trị kinh doanh,"A, A1",13,Điểm thi THPT,,2024,https://github.com/HTNam1710/ADS_Final/blob/main/Data/diem_chuan_2024_final.csv
DHH,7340101,Quản trị kinh doanh,"D1,2,3,4",13.5,Điểm thi THPT,,2024,https://github.com/HTNam1710/ADS_Final/blob/main/Data/diem_chuan_2024_final.csv
DHH,7340201,Tài Chính ngân hàng,"A, A1",13,Điểm thi THPT,,2024,https://github.com/HTNam1710/ADS_Final/blob/main/Data/diem_chuan_2024_final.csv
DHH,7340201,Tài Chính ngân hàng,"D1,2,3,4",13.5,Điểm thi THPT,,2024,https://github.com/HTNam1710/ADS_Final/blob/main/Data/diem_chuan_2024_final.csv
DHH,7340301,Kế toán,"D1,2,3,4",13.5,Điểm thi THPT,,2024,https://github.com/HTNam1710/ADS_Final/blob/main/Data/diem_chuan_2024_final.csv
DHH,7340301,Kế toán,"A, A1",13,Điểm thi THPT,,2024,https://github.com/HTNam1710/ADS_Final/blob/main/Data/diem_chuan_2024_final.csv
DHH,7480104,Công nghệ thông tin,"A, A1",13,Điểm thi THPT,,2024,https://github.com/HTNam1710/ADS_Final/blob/main/Data/diem_chuan_2024_final.csv
DHH,7480104,Công nghệ thông tin,D1,13.5,Điểm thi THPT,,2024,https://github.com/HTNam1710/ADS_Final/blob/main/Data/diem_chuan_2024_final.csv
DHH,7510103,Công nghệ kỹ thuật xây dựng,"A, A1",13,Điểm thi THPT,,2024,https://github.com/HTNam1710/ADS_Final/blob/main/Data/diem_chuan_2024_final.csv
DHH,7510202,Công nghệ chế tạo máy,"A, A1",13,Điểm thi THPT,,2024,https://github.com/HTNam1710/ADS_Final/blob/main/Data/diem_chuan_2024_final.csv
DHH,7510301,"Công nghệ kỹ thuật điện, điện tử","A, A1",13,Điểm thi THPT,,2024,https://github.com/HTNam1710/ADS_Final/blob/main/Data/diem_chuan_2024_final.csv
DHH,7510303,Công nghệ kt điều khiển và tự động hóa,"A, A1",13,Điểm thi THPT,,2024,https://github.com/HTNam1710/ADS_Final/blob/main/Data/diem_chuan_2024_final.csv
DHH,C220201,Ngôn Ngữ Anh,D1,11,Điểm thi THPT,Cao đẳng,2024,https://github.com/HTNam1710/ADS_Final/blob/main/Data/diem_chuan_2024_final.csv
DHH,C340101,Quản trị kinh doanh,"A, A1",10,Điểm thi THPT,Cao đẳng,2024,https://github.com/HTNam1710/ADS_Final/blob/main/Data/diem_chuan_2024_final.csv
DHH,C340101,Quản trị kinh doanh,"D1,2,3,4",11,Điểm thi THPT,Cao đẳng,2024,https://github.com/HTNam1710/ADS_Final/blob/main/Data/diem_chuan_2024_final.csv
DHH,C340201,Tài Chính ngân hàng,"A, A1",10,Điểm thi THPT,Cao đẳng,2024,https://github.com/HTNam1710/ADS_Final/blob/main/Data/diem_chuan_2024_final.csv
DHH,C340201,Tài Chính ngân hàng,"D1,2,3,4",11,Điểm thi THPT,Cao đẳng,2024,https://github.com/HTNam1710/ADS_Final/blob/main/Data/diem_chuan_2024_final.csv
DHH,C340301,Kế toán,"A, A1",10,Điểm thi THPT,Cao đẳng,2024,https://github.com/HTNam1710/ADS_Final/blob/main/Data/diem_chuan_2024_final.csv
DHH,C340301,Kế toán,"D1,2,3,4",11,Điểm thi THPT,Cao đẳng,2024,https://github.com/HTNam1710/ADS_Final/blob/main/Data/diem_chuan_2024_final.csv
DHH,C480202,Tin học ứng dụng,"A, A1",10,Điểm thi THPT,Cao đẳng,2024,https://github.com/HTNam1710/ADS_Final/blob/main/Data/diem_chuan_2024_final.csv
DHH,C480202,Tin học ứng dụng,D1,11,Điểm thi THPT,Cao đẳng,2024,https://github.com/HTNam1710/ADS_Final/blob/main/Data/diem_chuan_2024_final.csv
DHH,C510103,Công nghệ kỹ thuật xây dựng,"A, A1",10,Điểm thi THPT,Cao đẳng,2024,https://github.com/HTNam1710/ADS_Final/blob/main/Data/diem_chuan_2024_final.csv
DHH,C510202,Công nghệ chế tạo máy,"A, A1",10,Điểm thi THPT,Cao đẳng,2024,https://github.com/HTNam1710/ADS_Final/blob/main/Data/diem_chuan_2024_final.csv
DHH,C510301,"Công nghệ kỹ thuật điện, điện tử","A, A1",10,Điểm thi THPT,Cao đẳng,2024,https://github.com/HTNam1710/ADS_Final/blob/main/Data/diem_chuan_2024_final.csv
DHH,C510303,Công nghệ kt điều khiển và tự động hóa,"A, A1",10,Điểm thi THPT,Cao đẳng,2024,https://github.com/HTNam1710/ADS_Final/blob/main/Data/diem_chuan_2024_final.csv
MTS,7140222,Sư phạm Mỹ thuật,H,23,Điểm thi THPT,,2024,https://github.com/HTNam1710/ADS_Final/blob/main/Data/diem_chuan_2024_final.csv
MTS,7210101,"Lý luận, lịch sử và phê bình mỹ thuật",H,26,Điểm thi THPT,,2024,https://github.com/HTNam1710/ADS_Final/blob/main/Data/diem_chuan_2024_final.csv
MTS,7210103,Hội hoạ,H,23.5,Điểm thi THPT,,2024,https://github.com/HTNam1710/ADS_Final/blob/main/Data/diem_chuan_2024_final.csv
MTS,7210104,Đồ hoạ,H,23,Điểm thi THPT,,2024,https://github.com/HTNam1710/ADS_Final/blob/main/Data/diem_chuan_2024_final.csv
MTS,7210105,Điêu khắc,H,22.25,Điểm thi THPT,,2024,https://github.com/HTNam1710/ADS_Final/blob/main/Data/diem_chuan_2024_final.csv
MTS,7210403,Thiết kế đồ họa,H,28,Điểm thi THPT,,2024,https://github.com/HTNam1710/ADS_Final/blob/main/Data/diem_chuan_2024_final.csv
MTH,52140222,Sư phạm mỹ thuật,H00,31.63,Điểm thi THPT,,2024,https://github.com/HTNam1710/ADS_Final/blob/main/Data/diem_chuan_2024_final.csv
MTH,52210101,"Lý luận, lịch sử và phê bình mỹ thuật",H00,25.56,Điểm thi THPT,,2024,https://github.com/HTNam1710/ADS_Final/blob/main/Data/diem_chuan_2024_final.csv
MTH,52210103,Hội họa,H00,30.63,Điểm thi THPT,,2024,https://github.com/HTNam1710/ADS_Final/blob/main/Data/diem_chuan_2024_final.csv
MTH,52210104,Đồ họa,H00,26.66,Điểm thi THPT,,2024,https://github.com/HTNam1710/ADS_Final/blob/main/Data/diem_chuan_2024_final.csv
MTH,52210105,Điêu khắc,H00,26.1,Điểm thi THPT,,2024,https://github.com/HTNam1710/ADS_Final/blob/main/Data/diem_chuan_2024_final.csv
MTH,52210403,Thiết kế đồ họa,H00,29.73,Điểm thi THPT,,2024,https://github.com/HTNam1710/ADS_Final/blob/main/Data/diem_chuan_2024_final.csv
YHT,7720101_YHT,Y khoa,B00,27.65,Điểm thi THPT,TTNV<=4,2024,https://github.com/HTNam1710/ADS_Final/blob/main/Data/diem_chuan_2024_final.csv
YHT,7720301_YHT,Điều Dưỡng,B00,22.4,Điểm thi THPT,TTNV<=1,2024,https://github.com/HTNam1710/ADS_Final/blob/main/Data/diem_chuan_2024_final.csv
SKD,7210225,Biên kịch sân khấu,S00,0,Điểm thi THPT,Chuyên môn,2024,https://github.com/HTNam1710/ADS_Final/blob/main/Data/diem_chuan_2024_final.csv
SKD,7210226,Diễn viên sân khấu kịch hát,S00,15,Điểm thi THPT,Chuyên môn 12,2024,https://github.com/HTNam1710/ADS_Final/blob/main/Data/diem_chuan_2024_final.csv
SKD,7210227,Đạo diễn sân khấu,S00,15.5,Điểm thi THPT,Chuyên môn 12.5,2024,https://github.com/HTNam1710/ADS_Final/blob/main/Data/diem_chuan_2024_final.csv
SKD,7210231,"Lý luận, lịch sử và phê bình điện ảnh, truyền hình",S00,16.5,Điểm thi THPT,Chuyên môn 11,2024,https://github.com/HTNam1710/ADS_Final/blob/main/Data/diem_chuan_2024_final.csv
SKD,7210233,"Biên kịch điện ảnh, truyền hình",S00,15,Điểm thi THPT,Chuyên môn 11,2024,https://github.com/HTNam1710/ADS_Final/blob/main/Data/diem_chuan_2024_final.csv
SKD,7210234,"Diễn viên kịch, điện ảnh - truyền hình",S00,15,Điểm thi THPT,Chuyên môn 12,2024,https://github.com/HTNam1710/ADS_Final/blob/main/Data/diem_chuan_2024_final.csv
SKD,7210235,Đạo diễn điện ảnh,S00,16.5,Điểm thi THPT,Chuyên môn 12.5,2024,https://github.com/HTNam1710/ADS_Final/blob/main/Data/diem_chuan_2024_final.csv
SKD,7210236,Quay phim điện ảnh,S00,17.5,Điểm thi THPT,Chuyên môn 13,2024,https://github.com/HTNam1710/ADS_Final/blob/main/Data/diem_chuan_2024_final.csv
SKD,7210243,Biên đạo múa,S00,18.5,Điểm thi THPT,Chuyên môn 14,2024,https://github.com/HTNam1710/ADS_Final/blob/main/Data/diem_chuan_2024_final.csv
SKD,7210244,Huấn luyện múa,S00,19.5,Điểm thi THPT,Chuyên môn 15,2024,https://github.com/HTNam1710/ADS_Final/blob/main/Data/diem_chuan_2024_final.csv
SKD,7210301,Nhiếp ảnh,S00,15.5,Điểm thi THPT,"Nhiếp ảnh nghệ thuật 15.5, Chuyên môn 12; nhiếp ảnh báo chí 15, chuyên môn 10",2024,https://github.com/HTNam1710/ADS_Final/blob/main/Data/diem_chuan_2024_final.csv
SKD,7210302,Công nghệ dựng phim,S01,13.5,Điểm thi THPT,Chuyên môn 10,2024,https://github.com/HTNam1710/ADS_Final/blob/main/Data/diem_chuan_2024_final.csv
SKD,7210406,"Thiết kế mỹ thuật sân khấu, điện ảnh",S00,16,Điểm thi THPT,Chuyên môn 12,2024,https://github.com/HTNam1710/ADS_Final/blob/main/Data/diem_chuan_2024_final.csv
ZNH,,Đại học Dân Sự,,0,Điểm thi THPT,,2024,https://github.com/HTNam1710/ADS_Final/blob/main/Data/diem_chuan_2024_final.csv
ZNH,7140221,Sư phạm Âm nhạc,N01,22,Điểm thi THPT,"Tổng điểm thi 2 môn năng khiếu 11,10, điểm chuyên môn >=7",2024,https://github.com/HTNam1710/ADS_Final/blob/main/Data/diem_chuan_2024_final.csv
ZNH,7210203,Sáng tác âm nhạc,N05,17.25,Điểm thi THPT,"Tổng điểm thi 2 môn năng khiếu 14, điểm chuyên môn >=7",2024,https://github.com/HTNam1710/ADS_Final/blob/main/Data/diem_chuan_2024_final.csv
ZNH,7210205,Thanh nhạc,N02,17.55,Điểm thi THPT,"Tổng điểm thi 2 môn năng khiếu 14,05, điểm chuyên môn >=9",2024,https://github.com/HTNam1710/ADS_Final/blob/main/Data/diem_chuan_2024_final.csv
ZNH,7210207,Biểu diễn nhạc cụ phương tây,N04,15.25,Điểm thi THPT,"Tổng điểm thi 2 môn năng khiếu 13,25, điểm chuyên môn >=8,5",2024,https://github.com/HTNam1710/ADS_Final/blob/main/Data/diem_chuan_2024_final.csv
ZNH,7210243,Biên đạo múa,N03,22,Điểm thi THPT,"Tổng điểm thi 2 môn năng khiếu 17,5, điểm chuyên môn >=9",2024,https://github.com/HTNam1710/ADS_Final/blob/main/Data/diem_chuan_2024_final.csv
ZNH,7229042,Quản lý văn hoá,N01,23,Điểm thi THPT,"Tổng điểm thi 2 môn năng khiếu 12,6, điểm chuyên môn >=7",2024,https://github.com/HTNam1710/ADS_Final/blob/main/Data/diem_chuan_2024_final.csv
ZNH,7320101,Báo chí,C00,24,Điểm thi THPT,,2024,https://github.com/HTNam1710/ADS_Final/blob/main/Data/diem_chuan_2024_final.csv
DNV,7220201,"Ngôn ngữ Anh, chuyên ngành Biên - phiên dịch thuộc ngành Ngôn ngữ Anh chuyên ngành Tiếng Anh du lịch thuộc ngành Ngôn ngữ Anh",D01; D14; D15,23.75,Điểm thi THPT,,2024,https://github.com/HTNam1710/ADS_Final/blob/main/Data/diem_chuan_2024_final.csv
DNV,7229040,Chuyên ngành Văn hóa du lịch thuộc ngành Văn hóa học chuyên ngành Văn hóa truyền thông thuộc ngành văn hóa học,D01; D14; D15,20.25,Điểm thi THPT,,2024,https://github.com/HTNam1710/ADS_Final/blob/main/Data/diem_chuan_2024_final.csv
DNV,7229040,Chuyên ngành Văn hóa du lịch thuộc ngành Văn hóa học chuyên ngành Văn hóa truyền thông thuộc ngành văn hóa học,C00,22.25,Điểm thi THPT,,2024,https://github.com/HTNam1710/ADS_Final/blob/main/Data/diem_chuan_2024_final.csv
DNV,7229042,Quản lý văn hóa (Chuyên ngành Quản lý di sản văn hóa và phát triển du lịch thuộc ngành Quản lí văn hóa),D01; D14; D15,16,Điểm thi THPT,,2024,https://github.com/HTNam1710/ADS_Final/blob/main/Data/diem_chuan_2024_final.csv
DNV,7229042,Quản lý văn hóa (Chuyên ngành Quản lý di sản văn hóa và phát triển du lịch thuộc ngành Quản lí văn hóa),C00,18,Điểm thi THPT,,2024,https://github.com/HTNam1710/ADS_Final/blob/main/Data/diem_chuan_2024_final.csv
DNV,7310101,Kinh tế,A00; A01; A07; D01,23.5,Điểm thi THPT,,2024,https://github.com/HTNam1710/ADS_Final/blob/main/Data/diem_chuan_2024_final.csv
DNV,7310201,Chính trị học (Chuyên ngành Chính sách công),D01,15,Điểm thi THPT,,2024,https://github.com/HTNam1710/ADS_Final/blob/main/Data/diem_chuan_2024_final.csv
DNV,7310201,Chính trị học (Chuyên ngành Chính sách công),C00,17,Điểm thi THPT,,2024,https://github.com/HTNam1710/ADS_Final/blob/main/Data/diem_chuan_2024_final.csv
DNV,7310201,Chính trị học (Chuyên ngành Chính sách công),C14; C20,18,Điểm thi THPT,,2024,https://github.com/HTNam1710/ADS_Final/blob/main/Data/diem_chuan_2024_final.csv
DNV,7310202,Xây dựng Đảng và chính quyền nhà nước,D14,15.5,Điểm thi THPT,,2024,https://github.com/HTNam1710/ADS_Final/blob/main/Data/diem_chuan_2024_final.csv
DNV,7310202,Xây dựng Đảng và chính quyền nhà nước,C00,17.5,Điểm thi THPT,,2024,https://github.com/HTNam1710/ADS_Final/blob/main/Data/diem_chuan_2024_final.csv
DNV,7310202,Xây dựng Đảng và chính quyền nhà nước,C19; C20,18.5,Điểm thi THPT,,2024,https://github.com/HTNam1710/ADS_Final/blob/main/Data/diem_chuan_2024_final.csv
DNV,7310205,Quản lý nhà nước,A01; D01,21,Điểm thi THPT,,2024,https://github.com/HTNam1710/ADS_Final/blob/main/Data/diem_chuan_2024_final.csv
DNV,7310205,Quản lý nhà nước,C00,23,Điểm thi THPT,,2024,https://github.com/HTNam1710/ADS_Final/blob/main/Data/diem_chuan_2024_final.csv
DNV,7310205,Quản lý nhà nước,C20,24,Điểm thi THPT,,2024,https://github.com/HTNam1710/ADS_Final/blob/main/Data/diem_chuan_2024_final.csv
DNV,7310205QN,Quản lý nhà nước,D01; D15; C00,18,Điểm thi THPT,Cơ sở Quảng Nam,2024,https://github.com/HTNam1710/ADS_Final/blob/main/Data/diem_chuan_2024_final.csv
DNV,7310205QN,Quản lý nhà nước,C20,19,Điểm thi THPT,Cơ sở Quảng Nam,2024,https://github.com/HTNam1710/ADS_Final/blob/main/Data/diem_chuan_2024_final.csv
DNV,7310205TP-HCM,Quản lý nhà nước,A00; D01; D15; C00,21,Điểm thi THPT,Cơ sở TPHCM,2024,https://github.com/HTNam1710/ADS_Final/blob/main/Data/diem_chuan_2024_final.csv
DNV,7320201,"Thông tin - thư viện, chuyên ngành Quản trị thông tin thuộc ngành thông tin - thư viện",A01; D01,15,Điểm thi THPT,,2024,https://github.com/HTNam1710/ADS_Final/blob/main/Data/diem_chuan_2024_final.csv
DNV,7320201,"Thông tin - thư viện, chuyên ngành Quản trị thông tin thuộc ngành thông tin - thư viện",C00,17,Điểm thi THPT,,2024,https://github.com/HTNam1710/ADS_Final/blob/main/Data/diem_chuan_2024_final.csv
DNV,7320201,"Thông tin - thư viện, chuyên ngành Quản trị thông tin thuộc ngành thông tin - thư viện",C20,18,Điểm thi THPT,,2024,https://github.com/HTNam1710/ADS_Final/blob/main/Data/diem_chuan_2024_final.csv
DNV,7320303,Lưu trữ học (Chuyên ngành Văn thư - Lưu trữ),C00,17,Điểm thi THPT,,2024,https://github.com/HTNam1710/ADS_Final/blob/main/Data/diem_chuan_2024_final.csv
DNV,7320303,Lưu trữ học (Chuyên ngành Văn thư - Lưu trữ),C19; C20,18,Điểm thi THPT,,2024,https://github.com/HTNam1710/ADS_Final/blob/main/Data/diem_chuan_2024_final.csv
DNV,7320303,Lưu trữ học (Chuyên ngành Văn thư - Lưu trữ),D01,15,Điểm thi THPT,,2024,https://github.com/HTNam1710/ADS_Final/blob/main/Data/diem_chuan_2024_final.csv
DNV,7320303TP-HCM,Lưu trữ học - Chuyên ngành Văn thư - lưu trữ thuộc ngành Lưu trữ học,D14; C00; C03,15,Điểm thi THPT,Cơ sở TPHCM,2024,https://github.com/HTNam1710/ADS_Final/blob/main/Data/diem_chuan_2024_final.csv
DNV,7320303TP-HCM,Lưu trữ học - Chuyên ngành Văn thư - lưu trữ thuộc ngành Lưu trữ học,C19,16,Điểm thi THPT,Cơ sở TPHCM,2024,https://github.com/HTNam1710/ADS_Final/blob/main/Data/diem_chuan_2024_final.csv
DNV,7340404,Quản trị nhân lực,A00; A01; D01,24,Điểm thi THPT,,2024,https://github.com/HTNam1710/ADS_Final/blob/main/Data/diem_chuan_2024_final.csv
DNV,7340404,Quản trị nhân lực,C00,27,Điểm thi THPT,,2024,https://github.com/HTNam1710/ADS_Final/blob/main/Data/diem_chuan_2024_final.csv
DNV,7340404QN,Quản trị nhân lực,A00; D01; C00,15,Điểm thi THPT,Cơ sở Quảng Nam,2024,https://github.com/HTNam1710/ADS_Final/blob/main/Data/diem_chuan_2024_final.csv
DNV,7340404QN,Quản trị nhân lực,C20,16,Điểm thi THPT,Cơ sở Quảng Nam,2024,https://github.com/HTNam1710/ADS_Final/blob/main/Data/diem_chuan_2024_final.csv
DNV,7340406,Quản trị văn phòng,A01; D01,23.75,Điểm thi THPT,,2024,https://github.com/HTNam1710/ADS_Final/blob/main/Data/diem_chuan_2024_final.csv
DNV,7340406,Quản trị văn phòng,C00,25.75,Điểm thi THPT,,2024,https://github.com/HTNam1710/ADS_Final/blob/main/Data/diem_chuan_2024_final.csv
DNV,7340406,Quản trị văn phòng,C20,26.75,Điểm thi THPT,,2024,https://github.com/HTNam1710/ADS_Final/blob/main/Data/diem_chuan_2024_final.csv
DNV,7340406QN,Quản trị văn phòng,A00; D01; C00,17,Điểm thi THPT,Cơ sở Quảng Nam,2024,https://github.com/HTNam1710/ADS_Final/blob/main/Data/diem_chuan_2024_final.csv
DNV,7340406QN,Quản trị văn phòng,C20,18,Điểm thi THPT,Cơ sở Quảng Nam,2024,https://github.com/HTNam1710/ADS_Final/blob/main/Data/diem_chuan_2024_final.csv
DNV,7340406TP-HCM,Quản trị văn phòng,A01; D01; D15; C00,22.25,Điểm thi THPT,Cơ sở TPHCM,2024,https://github.com/HTNam1710/ADS_Final/blob/main/Data/diem_chuan_2024_final.csv
DNV,7380101,Luật (Chuyên ngành Thanh tra),C00,26.25,Điểm thi THPT,,2024,https://github.com/HTNam1710/ADS_Final/blob/main/Data/diem_chuan_2024_final.csv
DNV,7380101,Luật (Chuyên ngành Thanh tra),A00; A01; D01,24.25,Điểm thi THPT,,2024,https://github.com/HTNam1710/ADS_Final/blob/main/Data/diem_chuan_2024_final.csv
DNV,7380101QN 7380101-1QN,Luật (Chuyên ngành Thanh tra),A00; D01; C00,15,Điểm thi THPT,Cơ sở Quảng Nam,2024,https://github.com/HTNam1710/ADS_Final/blob/main/Data/diem_chuan_2024_final.csv
DNV,7380101QN 7380101-1QN,Luật (Chuyên ngành Thanh tra),C20,16,Điểm thi THPT,Cơ sở Quảng Nam,2024,https://github.com/HTNam1710/ADS_Final/blob/main/Data/diem_chuan_2024_final.csv
DNV,7380101TP-HCM,Luật (Chuyên ngành Thanh tra),A00; A00; D01; C00,24.5,Điểm thi THPT,Cơ sở TPHCM,2024,https://github.com/HTNam1710/ADS_Final/blob/main/Data/diem_chuan_2024_final.csv
DNV,7480104,Hệ thông thông tin (Chuyên ngành Hệ thống thông tin thương mại điện tử),A00; A01; D01; D10,19.75,Điểm thi THPT,,2024,https://github.com/HTNam1710/ADS_Final/blob/main/Data/diem_chuan_2024_final.csv
DNV,7810103,Quản trị dịch vụ du lịch và lữ hành,D01; D14; D15,23.25,Điểm thi THPT,,2024,https://github.com/HTNam1710/ADS_Final/blob/main/Data/diem_chuan_2024_final.csv
DNV,7810103,Quản trị dịch vụ du lịch và lữ hành,C00,25.25,Điểm thi THPT,,2024,https://github.com/HTNam1710/ADS_Final/blob/main/Data/diem_chuan_2024_final.csv
VPH,7860220,Chỉ huy tham mưu thông tin - Thí sinh Nam miền Bắc,"A00, A01",23.1,Điểm thi THPT,,2024,https://github.com/HTNam1710/ADS_Final/blob/main/Data/diem_chuan_2024_final.csv
DDA,7220201,Ngôn ngữ Anh,,17,Điểm thi THPT,,2024,https://github.com/HTNam1710/ADS_Final/blob/main/Data/diem_chuan_2024_final.csv
DDA,7340101,Marketing,,17,Điểm thi THPT,,2024,https://github.com/HTNam1710/ADS_Final/blob/main/Data/diem_chuan_2024_final.csv
DDA,7340201,Tài chính Ngân hàng,,17,Điểm thi THPT,,2024,https://github.com/HTNam1710/ADS_Final/blob/main/Data/diem_chuan_2024_final.csv
DDA,7340301,Kế toán,,17,Điểm thi THPT,,2024,https://github.com/HTNam1710/ADS_Final/blob/main/Data/diem_chuan_2024_final.csv
DDA,7380101,Luật,,17,Điểm thi THPT,,2024,https://github.com/HTNam1710/ADS_Final/blob/main/Data/diem_chuan_2024_final.csv
DDA,7480201,Công nghệ thông tin,,17,Điểm thi THPT,,2024,https://github.com/HTNam1710/ADS_Final/blob/main/Data/diem_chuan_2024_final.csv
DDA,7510202,Cơ điện tử,,17,Điểm thi THPT,,2024,https://github.com/HTNam1710/ADS_Final/blob/main/Data/diem_chuan_2024_final.csv
DDA,7510205,Công nghệ kỹ thuật ô tô,,17,Điểm thi THPT,,2024,https://github.com/HTNam1710/ADS_Final/blob/main/Data/diem_chuan_2024_final.csv
DDA,7510206,Công nghệ Kỹ thuật Nhiệt (Nhiệt – Điện lạnh),,17,Điểm thi THPT,,2024,https://github.com/HTNam1710/ADS_Final/blob/main/Data/diem_chuan_2024_final.csv
DDA,7510301,Công nghệ Kỹ thuật Điện  – Điện tử,,17,Điểm thi THPT,,2024,https://github.com/HTNam1710/ADS_Final/blob/main/Data/diem_chuan_2024_final.csv
DDA,7510303,Công nghệ Kỹ thuật Điều khiển – Tự động hóa,,17,Điểm thi THPT,,2024,https://github.com/HTNam1710/ADS_Final/blob/main/Data/diem_chuan_2024_final.csv
DDA,7540101,Công nghệ Thực phẩm,,17,Điểm thi THPT,,2024,https://github.com/HTNam1710/ADS_Final/blob/main/Data/diem_chuan_2024_final.csv
DDA,7580201,Kỹ thuật Xây dựng,,17,Điểm thi THPT,,2024,https://github.com/HTNam1710/ADS_Final/blob/main/Data/diem_chuan_2024_final.csv
DDA,7720201,Dược học,,21,Điểm thi THPT,,2024,https://github.com/HTNam1710/ADS_Final/blob/main/Data/diem_chuan_2024_final.csv
DDA,7720301,Điều dưỡng,,19,Điểm thi THPT,,2024,https://github.com/HTNam1710/ADS_Final/blob/main/Data/diem_chuan_2024_final.csv
DDA,7810103,Quản trị dịch vụ du lịch và lữ hành,,17,Điểm thi THPT,,2024,https://github.com/HTNam1710/ADS_Final/blob/main/Data/diem_chuan_2024_final.csv
DDA,7810201,Quản trị khách sạn,,17,Điểm thi THPT,,2024,https://github.com/HTNam1710/ADS_Final/blob/main/Data/diem_chuan_2024_final.csv
BMU,7720101,Y khoa,A00; A02; B00; B08,24,Điểm thi THPT,,2024,https://github.com/HTNam1710/ADS_Final/blob/main/Data/diem_chuan_2024_final.csv
BMU,7720201,Dược học,B00; A00; D07,21,Điểm thi THPT,,2024,https://github.com/HTNam1710/ADS_Final/blob/main/Data/diem_chuan_2024_final.csv
BMU,7720301,Điều dưỡng,A00; A02; B00; B08,21,Điểm thi THPT,,2024,https://github.com/HTNam1710/ADS_Final/blob/main/Data/diem_chuan_2024_final.csv
BMU,7720701,Y tế công cộng,A00; A02; B00; B08,16,Điểm thi THPT,,2024,https://github.com/HTNam1710/ADS_Final/blob/main/Data/diem_chuan_2024_final.csv
DDG,7140206,Giáo dục thể chất,,18.93,Điểm thi THPT,NK3 >= 6.25; TTNV <= 4,2024,https://github.com/HTNam1710/ADS_Final/blob/main/Data/diem_chuan_2024_final.csv