ma_tuyen_sinh,ma_nganh_tuyen_sinh,ten_nganh,ma_nganh_bo,nam,source_url
KHA,7220201,Ngôn ngữ Anh,7220201,2024,https://github.com/HTNam1710/ADS_Final/blob/main/Data/diem_chuan_2024_final.csv
KHA,7310101_1,Kinh tế học (ngành Kinh tế),7310101,2024,https://github.com/HTNam1710/ADS_Final/blob/main/Data/diem_chuan_2024_final.csv
KHA,7310101_2,Kinh tế và quản lý đô thị (ngành Kinh tế),7310101,2024,https://github.com/HTNam1710/ADS_Final/blob/main/Data/diem_chuan_2024_final.csv
KHA,7310101_3,Kinh tế và quản lý nguồn nhân lực (ngành Kinh tế),7310101,2024,https://github.com/HTNam1710/ADS_Final/blob/main/Data/diem_chuan_2024_final.csv
KHA,7310104,Kinh tế đầu tư,7310104,2024,https://github.com/HTNam1710/ADS_Final/blob/main/Data/diem_chuan_2024_final.csv
KHA,7310105,Kinh tế phát triển,7310105,2024,https://github.com/HTNam1710/ADS_Final/blob/main/Data/diem_chuan_2024_final.csv
KHA,7310106,Kinh tế quốc tế,7310106,2024,https://github.com/HTNam1710/ADS_Final/blob/main/Data/diem_chuan_2024_final.csv
KHA,7310107,Thống kê kinh tế,7310107,2024,https://github.com/HTNam1710/ADS_Final/blob/main/Data/diem_chuan_2024_final.csv
KHA,7310108,Toán kinh tế,7310108,2024,https://github.com/HTNam1710/ADS_Final/blob/main/Data/diem_chuan_2024_final.csv
KHA,7320108,Quan hệ công chúng,7320108,2024,https://github.com/HTNam1710/ADS_Final/blob/main/Data/diem_chuan_2024_final.csv
KHA,7340101,Quản trị kinh doanh,7340101,2024,https://github.com/HTNam1710/ADS_Final/blob/main/Data/diem_chuan_2024_final.csv
KHA,7340115,Marketing,7340115,2024,https://github.com/HTNam1710/ADS_Final/blob/main/Data/diem_chuan_2024_final.csv
KHA,7340116,Bất động sản,7340116,2024,https://github.com/HTNam1710/ADS_Final/blob/main/Data/diem_chuan_2024_final.csv
KHA,7340120,Kinh doanh quốc tế,7340120,2024,https://github.com/HTNam1710/ADS_Final/blob/main/Data/diem_chuan_2024_final.csv
KHA,7340121,Kinh doanh thương mại,7340121,2024,https://github.com/HTNam1710/ADS_Final/blob/main/Data/diem_chuan_2024_final.csv
KHA,7340122,Thương mại điện tử,7340122,2024,https://github.com/HTNam1710/ADS_Final/blob/main/Data/diem_chuan_2024_final.csv
KHA,7340201,Tài chính - Ngân hàng,7340201,2024,https://github.com/HTNam1710/ADS_Final/blob/main/Data/diem_chuan_2024_final.csv
KHA,7340204,Bảo hiểm,7340204,2024,https://github.com/HTNam1710/ADS_Final/blob/main/Data/diem_chuan_2024_final.csv
KHA,7340301,Kế toán,7340301,2024,https://github.com/HTNam1710/ADS_Final/blob/main/Data/diem_chuan_2024_final.csv
KHA,7340302,Kiểm toán,7340302,2024,https://github.com/HTNam1710/ADS_Final/blob/main/Data/diem_chuan_2024_final.csv
KHA,7340401,Khoa học quản lý,7340401,2024,https://github.com/HTNam1710/ADS_Final/blob/main/Data/diem_chuan_2024_final.csv
KHA,7340403,Quản lý công,7340403,2024,https://github.com/HTNam1710/ADS_Final/blob/main/Data/diem_chuan_2024_final.csv
KHA,7340404,Quản trị nhân lực,7340404,2024,https://github.com/HTNam1710/ADS_Final/blob/main/Data/diem_chuan_2024_final.csv
KHA,7340405,Hệ thống thông tin quản lý,7340405,2024,https://github.com/HTNam1710/ADS_Final/blob/main/Data/diem_chuan_2024_final.csv
KHA,7340409,Quản lý dự án,7340409,2024,https://github.com/HTNam1710/ADS_Final/blob/main/Data/diem_chuan_2024_final.csv
KHA,7380101,Luật,7380101,2024,https://github.com/HTNam1710/ADS_Final/blob/main/Data/diem_chuan_2024_final.csv
KHA,7380107,Luật kinh tế,7380107,2024,https://github.com/HTNam1710/ADS_Final/blob/main/Data/diem_chuan_2024_final.csv
KHA,7480101,Khoa học máy tính,7480101,2024,https://github.com/HTNam1710/ADS_Final/blob/main/Data/diem_chuan_2024_final.csv
KHA,7480104,Hệ thống thông tin,7480104,2024,https://github.com/HTNam1710/ADS_Final/blob/main/Data/diem_chuan_2024_final.csv
KHA,7480201,Công nghệ thông tin,7480201,2024,https://github.com/HTNam1710/ADS_Final/blob/main/Data/diem_chuan_2024_final.csv
KHA,7480202,An toàn thông tin,7480202,2024,https://github.com/HTNam1710/ADS_Final/blob/main/Data/diem_chuan_2024_final.csv
KHA,7510605,Logistics và Quản lý chuỗi cung ứng,7510605,2024,https://github.com/HTNam1710/ADS_Final/blob/main/Data/diem_chuan_2024_final.csv
KHA,7620114,Kinh doanh nông nghiệp,7620114,2024,https://github.com/HTNam1710/ADS_Final/blob/main/Data/diem_chuan_2024_final.csv
KHA,7620115,Kinh tế nông nghiệp,7620115,2024,https://github.com/HTNam1710/ADS_Final/blob/main/Data/diem_chuan_2024_final.csv
KHA,7810103,Quản trị dịch vụ du lịch và lữ hành,7810103,2024,https://github.com/HTNam1710/ADS_Final/blob/main/Data/diem_chuan_2024_final.csv
KHA,7810201,Quản trị khách sạn,7810201,2024,https://github.com/HTNam1710/ADS_Final/blob/main/Data/diem_chuan_2024_final.csv
KHA,7850101,Quản lý tài nguyên và môi trường,7850101,2024,https://github.com/HTNam1710/ADS_Final/blob/main/Data/diem_chuan_2024_final.csv
KHA,7850102,Kinh tế tài nguyên thiên nhiên,7850102,2024,https://github.com/HTNam1710/ADS_Final/blob/main/Data/diem_chuan_2024_final.csv
KHA,7850103,Quản lý đất đai,7850103,2024,https://github.com/HTNam1710/ADS_Final/blob/main/Data/diem_chuan_2024_final.csv
KHA,EBBA,Quản trị kinh doanh (E-BBA),,2024,https://github.com/HTNam1710/ADS_Final/blob/main/Data/diem_chuan_2024_final.csv
KHA,EP01,Khởi nghiệp và phát triển kinh doanh (BBAE)/ngành QTKD,,2024,https://github.com/HTNam1710/ADS_Final/blob/main/Data/diem_chuan_2024_final.csv
KHA,EP02,Định phí Bảo hiểm & Quản trị rủi ro (Actuary),,2024,https://github.com/HTNam1710/ADS_Final/blob/main/Data/diem_chuan_2024_final.csv
KHA,EP03,Khoa học dữ liệu trong Kinh tế & Kinh doanh (DSEB),,2024,https://github.com/HTNam1710/ADS_Final/blob/main/Data/diem_chuan_2024_final.csv
KHA,EP04,Kế toán tích hợp chứng chỉ quốc tế (ICAEW CFAB),,2024,https://github.com/HTNam1710/ADS_Final/blob/main/Data/diem_chuan_2024_final.csv
KHA,EP05,Kinh doanh số (E-BDB)/ngành QTKD,,2024,https://github.com/HTNam1710/ADS_Final/blob/main/Data/diem_chuan_2024_final.csv
KHA,EP06,Phân tích kinh doanh (BA)/ngành QTKD,,2024,https://github.com/HTNam1710/ADS_Final/blob/main/Data/diem_chuan_2024_final.csv
KHA,EP07,Quản trị điều hành thông minh (E-SOM)/ngành QTKD,,2024,https://github.com/HTNam1710/ADS_Final/blob/main/Data/diem_chuan_2024_final.csv
KHA,EP08,Quản trị chất lượng và Đổi mới (E-MQI)/ngành QTKD,,2024,https://github.com/HTNam1710/ADS_Final/blob/main/Data/diem_chuan_2024_final.csv
KHA,EP09,Công nghệ tài chính (BFT)/ngành TC-NH,,2024,https://github.com/HTNam1710/ADS_Final/blob/main/Data/diem_chuan_2024_final.csv
KHA,EP10,Tài chính và Đầu tư (BFI)/ngành TC-NH,,2024,https://github.com/HTNam1710/ADS_Final/blob/main/Data/diem_chuan_2024_final.csv
KHA,EP11,Quản trị khách sạn quốc tế (IHME),,2024,https://github.com/HTNam1710/ADS_Final/blob/main/Data/diem_chuan_2024_final.csv
KHA,EP12,Kiểm toán tích hợp chứng chỉ quốc tế (ICAEW CFAB),,2024,https://github.com/HTNam1710/ADS_Final/blob/main/Data/diem_chuan_2024_final.csv
KHA,EP13,Kinh tế tài chính (FE)/ngành Kinh tế,,2024,https://github.com/HTNam1710/ADS_Final/blob/main/Data/diem_chuan_2024_final.csv
KHA,EP14,Logistics và Quản lý CCU tích hợp chứng chỉ Logistic quốc tế (LSIC),,2024,https://github.com/HTNam1710/ADS_Final/blob/main/Data/diem_chuan_2024_final.csv
KHA,EP15,Khoa học dữ liệu,,2024,https://github.com/HTNam1710/ADS_Final/blob/main/Data/diem_chuan_2024_final.csv
KHA,EP16,Trí tuệ nhân tạo,,2024,https://github.com/HTNam1710/ADS_Final/blob/main/Data/diem_chuan_2024_final.csv
KHA,EP17,Kỹ thuật phần mềm,,2024,https://github.com/HTNam1710/ADS_Final/blob/main/Data/diem_chuan_2024_final.csv
KHA,EP18,Quản trị giải trí và sự kiện,,2024,https://github.com/HTNam1710/ADS_Final/blob/main/Data/diem_chuan_2024_final.csv
KHA,EPMP,Quản lý công và Chính sách (E-PMP)/ngành Kinh tế,,2024,https://github.com/HTNam1710/ADS_Final/blob/main/Data/diem_chuan_2024_final.csv
KHA,POHE1,Quản trị khách sạn,,2024,https://github.com/HTNam1710/ADS_Final/blob/main/Data/diem_chuan_2024_final.csv
KHA,POHE2,Quản trị lữ hành,,2024,https://github.com/HTNam1710/ADS_Final/blob/main/Data/diem_chuan_2024_final.csv
KHA,POHE3,Truyền thông Marketing,,2024,https://github.com/HTNam1710/ADS_Final/blob/main/Data/diem_chuan_2024_final.csv
KHA,POHE4,Luật kinh doanh,,2024,https://github.com/HTNam1710/ADS_Final/blob/main/Data/diem_chuan_2024_final.csv
KHA,POHE5,Quản trị kinh doanh thương mại,,2024,https://github.com/HTNam1710/ADS_Final/blob/main/Data/diem_chuan_2024_final.csv
KHA,POHE6,Quản lý thị trường,,2024,https://github.com/HTNam1710/ADS_Final/blob/main/Data/diem_chuan_2024_final.csv
KHA,POHE7,Thẩm định giá,,2024,https://github.com/HTNam1710/ADS_Final/blob/main/Data/diem_chuan_2024_final.csv
BKA,BF-E12,Kỹ thuật Thực phẩm (CT tiên tiến),,2024,https://github.com/HTNam1710/ADS_Final/blob/main/Data/diem_chuan_2024_final.csv
BKA,BF-E19,Kỹ thuật sinh học (CT tiên tiến),,2024,https://github.com/HTNam1710/ADS_Final/blob/main/Data/diem_chuan_2024_final.csv
BKA,BF1,Kỹ thuật Sinh học,,2024,https://github.com/HTNam1710/ADS_Final/blob/main/Data/diem_chuan_2024_final.csv
BKA,BF2,Kỹ thuật Thực phẩm,,2024,https://github.com/HTNam1710/ADS_Final/blob/main/Data/diem_chuan_2024_final.csv
BKA,CH-E11,Kỹ thuật Hóa dược (CT tiên tiến),,2024,https://github.com/HTNam1710/ADS_Final/blob/main/Data/diem_chuan_2024_final.csv
BKA,CH1,Kỹ thuật Hóa học,,2024,https://github.com/HTNam1710/ADS_Final/blob/main/Data/diem_chuan_2024_final.csv
BKA,CH2,Hóa học,,2024,https://github.com/HTNam1710/ADS_Final/blob/main/Data/diem_chuan_2024_final.csv
BKA,ED2,Công nghệ Giáo dục,,2024,https://github.com/HTNam1710/ADS_Final/blob/main/Data/diem_chuan_2024_final.csv
BKA,ED3,Quản lý giáo dục,,2024,https://github.com/HTNam1710/ADS_Final/blob/main/Data/diem_chuan_2024_final.csv
BKA,EE-E18,Hệ thống điện và năng lượng tái tạo (CT tiên tiến),,2024,https://github.com/HTNam1710/ADS_Final/blob/main/Data/diem_chuan_2024_final.csv
BKA,EE-E8,Kỹ thuật Điều khiển - Tự động hoá (CT tiên tiến),,2024,https://github.com/HTNam1710/ADS_Final/blob/main/Data/diem_chuan_2024_final.csv
BKA,EE-EP,Tin học công nghiệp và Tự động hóa (Chương trình Việt - Pháp PFIEV),,2024,https://github.com/HTNam1710/ADS_Final/blob/main/Data/diem_chuan_2024_final.csv
BKA,EE1,Kỹ thuật điện,,2024,https://github.com/HTNam1710/ADS_Final/blob/main/Data/diem_chuan_2024_final.csv
BKA,EE2,Kỹ thuật điều khiển - Tự động hóa,,2024,https://github.com/HTNam1710/ADS_Final/blob/main/Data/diem_chuan_2024_final.csv
BKA,EM-E13,Phân tích kinh doanh (CT tiên tiến),,2024,https://github.com/HTNam1710/ADS_Final/blob/main/Data/diem_chuan_2024_final.csv
BKA,EM-E14,Logistics và Quản lý chuỗi cung ứng (CT tiên tiến),,2024,https://github.com/HTNam1710/ADS_Final/blob/main/Data/diem_chuan_2024_final.csv
BKA,EM1,Quản lý năng lượng,,2024,https://github.com/HTNam1710/ADS_Final/blob/main/Data/diem_chuan_2024_final.csv
BKA,EM2,Quản lý Công nghiệp,,2024,https://github.com/HTNam1710/ADS_Final/blob/main/Data/diem_chuan_2024_final.csv
BKA,EM3,Quản trị Kinh doanh,,2024,https://github.com/HTNam1710/ADS_Final/blob/main/Data/diem_chuan_2024_final.csv
BKA,EM4,Kế toán,,2024,https://github.com/HTNam1710/ADS_Final/blob/main/Data/diem_chuan_2024_final.csv
BKA,EM5,Tài chính - Ngân hàng,,2024,https://github.com/HTNam1710/ADS_Final/blob/main/Data/diem_chuan_2024_final.csv
BKA,ET-E16,Truyền thông số và Kỹ thuật đa phương tiện (CT tiên tiến),,2024,https://github.com/HTNam1710/ADS_Final/blob/main/Data/diem_chuan_2024_final.csv
BKA,ET-E4,Kỹ thuật Điện tử - Viễn thông (CT tiên tiến),,2024,https://github.com/HTNam1710/ADS_Final/blob/main/Data/diem_chuan_2024_final.csv
BKA,ET-E5,Kỹ thuật Y sinh (CT tiên tiến),,2024,https://github.com/HTNam1710/ADS_Final/blob/main/Data/diem_chuan_2024_final.csv
BKA,ET-E9,Hệ thống nhúng thông minh và IoT (CT tiên tiến),,2024,https://github.com/HTNam1710/ADS_Final/blob/main/Data/diem_chuan_2024_final.csv
BKA,ET-LUH,Điện tử - Viễn thông - ĐH Leibniz Hannover (CHLB Đức),,2024,https://github.com/HTNam1710/ADS_Final/blob/main/Data/diem_chuan_2024_final.csv
BKA,ET1,Kỹ thuật Điện tử - Viễn thông,,2024,https://github.com/HTNam1710/ADS_Final/blob/main/Data/diem_chuan_2024_final.csv
BKA,ET2,Kỹ thuật Y sinh,,2024,https://github.com/HTNam1710/ADS_Final/blob/main/Data/diem_chuan_2024_final.csv
BKA,EV1,Kỹ thuật Môi trường,,2024,https://github.com/HTNam1710/ADS_Final/blob/main/Data/diem_chuan_2024_final.csv
BKA,EV2,Quản lý Tài nguyên và Môi trường,,2024,https://github.com/HTNam1710/ADS_Final/blob/main/Data/diem_chuan_2024_final.csv
BKA,FL1,Tiếng Anh KHKT và Công nghệ,,2024,https://github.com/HTNam1710/ADS_Final/blob/main/Data/diem_chuan_2024_final.csv
BKA,FL2,Tiếng Anh chuyên nghiệp quốc tế,,2024,https://github.com/HTNam1710/ADS_Final/blob/main/Data/diem_chuan_2024_final.csv
BKA,HE1,Kỹ thuật Nhiệt,,2024,https://github.com/HTNam1710/ADS_Final/blob/main/Data/diem_chuan_2024_final.csv
BKA,IT-E10,Khoa học dữ liệu và Trí tuệ nhân tạo (CT tiên tiến),,2024,https://github.com/HTNam1710/ADS_Final/blob/main/Data/diem_chuan_2024_final.csv
BKA,IT-E15,An toàn không gian số - Cyber security (CT tiên tiến),,2024,https://github.com/HTNam1710/ADS_Final/blob/main/Data/diem_chuan_2024_final.csv
BKA,IT-E6,Công nghệ Thông tin (Việt – Nhật),,2024,https://github.com/HTNam1710/ADS_Final/blob/main/Data/diem_chuan_2024_final.csv
BKA,IT-E7,Công nghệ Thông tin (Global ICT),,2024,https://github.com/HTNam1710/ADS_Final/blob/main/Data/diem_chuan_2024_final.csv
BKA,IT-EP,Công nghệ Thông tin (Việt-Pháp),,2024,https://github.com/HTNam1710/ADS_Final/blob/main/Data/diem_chuan_2024_final.csv
BKA,IT1,CNTT: Khoa học Máy tính,,2024,https://github.com/HTNam1710/ADS_Final/blob/main/Data/diem_chuan_2024_final.csv
BKA,IT2,CNTT: Kỹ thuật Máy tính,,2024,https://github.com/HTNam1710/ADS_Final/blob/main/Data/diem_chuan_2024_final.csv
BKA,ME-E1,Kỹ thuật Cơ điện tử (CT tiên tiến),,2024,https://github.com/HTNam1710/ADS_Final/blob/main/Data/diem_chuan_2024_final.csv
BKA,ME-GU,Cơ khí Chế tạo máy – hợp tác với trường ĐH Griffith (Úc),,2024,https://github.com/HTNam1710/ADS_Final/blob/main/Data/diem_chuan_2024_final.csv
BKA,ME-LUH,Cơ điện tử - hợp tác với ĐH Leibniz Hannover (CHLB Đức),,2024,https://github.com/HTNam1710/ADS_Final/blob/main/Data/diem_chuan_2024_final.csv
BKA,ME-NUT,Cơ điện tử - hợp tác với ĐHCN Nagaoka (Nhật Bản),,2024,https://github.com/HTNam1710/ADS_Final/blob/main/Data/diem_chuan_2024_final.csv
BKA,ME1,Kỹ thuật Cơ điện tử,,2024,https://github.com/HTNam1710/ADS_Final/blob/main/Data/diem_chuan_2024_final.csv
BKA,ME2,Kỹ thuật Cơ khí,,2024,https://github.com/HTNam1710/ADS_Final/blob/main/Data/diem_chuan_2024_final.csv
BKA,MI1,Toán - Tin,,2024,https://github.com/HTNam1710/ADS_Final/blob/main/Data/diem_chuan_2024_final.csv
BKA,MI2,Hệ thống Thông tin quản lý,,2024,https://github.com/HTNam1710/ADS_Final/blob/main/Data/diem_chuan_2024_final.csv
BKA,MS-E3,Khoa học và Kỹ thuật Vật liệu (CT tiên tiến),,2024,https://github.com/HTNam1710/ADS_Final/blob/main/Data/diem_chuan_2024_final.csv
BKA,MS1,Kỹ thuật Vật liệu,,2024,https://github.com/HTNam1710/ADS_Final/blob/main/Data/diem_chuan_2024_final.csv
BKA,MS2,Kỹ thuật Vi điện tử và Công nghệ nano,,2024,https://github.com/HTNam1710/ADS_Final/blob/main/Data/diem_chuan_2024_final.csv
BKA,MS3,Công nghệ vật liệu Polyme và Compozit,,2024,https://github.com/HTNam1710/ADS_Final/blob/main/Data/diem_chuan_2024_final.csv
BKA,MS5,Kỹ thuật in,,2024,https://github.com/HTNam1710/ADS_Final/blob/main/Data/diem_chuan_2024_final.csv
BKA,PH1,Vật lý Kỹ thuật,,2024,https://github.com/HTNam1710/ADS_Final/blob/main/Data/diem_chuan_2024_final.csv
BKA,PH2,Kỹ thuật Hạt nhân,,2024,https://github.com/HTNam1710/ADS_Final/blob/main/Data/diem_chuan_2024_final.csv
BKA,PH3,Vật lý Y khoa,,2024,https://github.com/HTNam1710/ADS_Final/blob/main/Data/diem_chuan_2024_final.csv
BKA,TE-E2,Kỹ thuật Ô tô (CT tiên tiến),,2024,https://github.com/HTNam1710/ADS_Final/blob/main/Data/diem_chuan_2024_final.csv
BKA,TE-EP,Cơ khí hàng không (Chương trình Việt - Pháp PFIEV),,2024,https://github.com/HTNam1710/ADS_Final/blob/main/Data/diem_chuan_2024_final.csv
BKA,TE1,Kỹ thuật Ô tô,,2024,https://github.com/HTNam1710/ADS_Final/blob/main/Data/diem_chuan_2024_final.csv
BKA,TE2,Kỹ thuật Cơ khí động lực,,2024,https://github.com/HTNam1710/ADS_Final/blob/main/Data/diem_chuan_2024_final.csv
BKA,TE3,Kỹ thuật Hàng không,,2024,https://github.com/HTNam1710/ADS_Final/blob/main/Data/diem_chuan_2024_final.csv
BKA,TROY-BA,Quản trị Kinh doanh - Hợp tác với ĐH Troy (Hoa Kỳ),,2024,https://github.com/HTNam1710/ADS_Final/blob/main/Data/diem_chuan_2024_final.csv
BKA,TROY-IT,Khoa học Máy tính - hợp tác với ĐH Troy (Hoa Kỳ),,2024,https://github.com/HTNam1710/ADS_Final/blob/main/Data/diem_chuan_2024_final.csv
BKA,TX1,Công nghệ Dệt May,,2024,https://github.com/HTNam1710/ADS_Final/blob/main/Data/diem_chuan_2024_final.csv
HTC,7220201,Ngôn ngữ Anh,7220201,2024,https://github.com/HTNam1710/ADS_Final/blob/main/Data/diem_chuan_2024_final.csv
HTC,7310101,Kinh tế,7310101,2024,https://github.com/HTNam1710/ADS_Final/blob/main/Data/diem_chuan_2024_final.csv
HTC,7340101,Quản trị kinh doanh,7340101,2024,https://github.com/HTNam1710/ADS_Final/blob/main/Data/diem_chuan_2024_final.csv
HTC,73402011,Tài chính - Ngân hàng 1,7340201,2024,https://github.com/HTNam1710/ADS_Final/blob/main/Data/diem_chuan_2024_final.csv
HTC,73402012,Tài chính - Ngân hàng 2,7340201,2024,https://github.com/HTNam1710/ADS_Final/blob/main/Data/diem_chuan_2024_final.csv
HTC,73402013,Tài chính - Ngân hàng 3,7340201,2024,https://github.com/HTNam1710/ADS_Final/blob/main/Data/diem_chuan_2024_final.csv
HTC,7340201C06,Hải quan và Logistics (theo định hướng FIATA),7340201,2024,https://github.com/HTNam1710/ADS_Final/blob/main/Data/diem_chuan_2024_final.csv
HTC,7340201C09,Phân tích tài chính (theo định hướng ICAEW),7340201,2024,https://github.com/HTNam1710/ADS_Final/blob/main/Data/diem_chuan_2024_final.csv
HTC,7340201C11,Tài chính doanh nghiệp (theo định hướng ACCA),7340201,2024,https://github.com/HTNam1710/ADS_Final/blob/main/Data/diem_chuan_2024_final.csv
HTC,7340301,Kế toán,7340301,2024,https://github.com/HTNam1710/ADS_Final/blob/main/Data/diem_chuan_2024_final.csv
HTC,7340301C21,Kế toán doanh nghiệp (theo định hướng ACCA),7340301,2024,https://github.com/HTNam1710/ADS_Final/blob/main/Data/diem_chuan_2024_final.csv
HTC,7340301C22,Kiểm toán (theo định hướng ICAEW),7340301,2024,https://github.com/HTNam1710/ADS_Final/blob/main/Data/diem_chuan_2024_final.csv
HTC,7340401C35,Digital Marketing (theo định hướng ICDL),7340401,2024,https://github.com/HTNam1710/ADS_Final/blob/main/Data/diem_chuan_2024_final.csv
HTC,7340405,Hệ thống thông tin quản lý,7340405,2024,https://github.com/HTNam1710/ADS_Final/blob/main/Data/diem_chuan_2024_final.csv
NHH,ACT01,Kế toán (Chương trình Chất lượng cao),,2024,https://github.com/HTNam1710/ADS_Final/blob/main/Data/diem_chuan_2024_final.csv
NHH,ACT02,Kế toán,,2024,https://github.com/HTNam1710/ADS_Final/blob/main/Data/diem_chuan_2024_final.csv
NHH,ACT03,"Kế toán (Liên kết với ĐH Sunderland, Anh quốc. Cấp song bằng)",,2024,https://github.com/HTNam1710/ADS_Final/blob/main/Data/diem_chuan_2024_final.csv
NHH,ACT04,Kiểm toán,,2024,https://github.com/HTNam1710/ADS_Final/blob/main/Data/diem_chuan_2024_final.csv
NHH,BANK01,Ngân hàng (Chương trình Chất lượng cao),,2024,https://github.com/HTNam1710/ADS_Final/blob/main/Data/diem_chuan_2024_final.csv
NHH,BANK02,Ngân hàng,,2024,https://github.com/HTNam1710/ADS_Final/blob/main/Data/diem_chuan_2024_final.csv
NHH,BANK03,Ngân hàng số,,2024,https://github.com/HTNam1710/ADS_Final/blob/main/Data/diem_chuan_2024_final.csv
NHH,BANK04,"Tài chính-Ngân hàng (Liên kết với ĐH Sunderland, Anh quốc. Cấp song bằng)",,2024,https://github.com/HTNam1710/ADS_Final/blob/main/Data/diem_chuan_2024_final.csv
NHH,BANK05,"Ngân hàng và Tài chính quốc té (Liên kết với ĐH Coventry, Anh quốc. Cấp song bằng)",,2024,https://github.com/HTNam1710/ADS_Final/blob/main/Data/diem_chuan_2024_final.csv
NHH,BANK06,Ngân hàng và Tài chính quốc tế (Chương trình Chất lượng cao),,2024,https://github.com/HTNam1710/ADS_Final/blob/main/Data/diem_chuan_2024_final.csv
NHH,BUS01,Quản trị kinh doanh (Chương trình Chất lượng cao),,2024,https://github.com/HTNam1710/ADS_Final/blob/main/Data/diem_chuan_2024_final.csv
NHH,BUS02,Quản trị kinh doanh,,2024,https://github.com/HTNam1710/ADS_Final/blob/main/Data/diem_chuan_2024_final.csv
NHH,BUS03,Quản trị du lịch,,2024,https://github.com/HTNam1710/ADS_Final/blob/main/Data/diem_chuan_2024_final.csv
NHH,BUS04,"Quản trị kinh doanh (Liên kết với ĐH CityU, Hoa kỳ. Cấp song bằng)",,2024,https://github.com/HTNam1710/ADS_Final/blob/main/Data/diem_chuan_2024_final.csv
NHH,BUS05,"Marketing số (Liên kết với ĐH Coventry, Anh quốc. Cấp một bằng của đối tác)",,2024,https://github.com/HTNam1710/ADS_Final/blob/main/Data/diem_chuan_2024_final.csv
NHH,BUS06,Marketing số (Chương trình Chất lượng cao),,2024,https://github.com/HTNam1710/ADS_Final/blob/main/Data/diem_chuan_2024_final.csv
NHH,ECON01,Kinh tế đầu tư,,2024,https://github.com/HTNam1710/ADS_Final/blob/main/Data/diem_chuan_2024_final.csv
NHH,ECON02,Kinh tế đầu tư (Chương trình Chất lượng cao),,2024,https://github.com/HTNam1710/ADS_Final/blob/main/Data/diem_chuan_2024_final.csv
NHH,FIN01,Tài chính (Chương trình Chất lượng cao),,2024,https://github.com/HTNam1710/ADS_Final/blob/main/Data/diem_chuan_2024_final.csv
NHH,FIN02,Tài chính,,2024,https://github.com/HTNam1710/ADS_Final/blob/main/Data/diem_chuan_2024_final.csv
NHH,FIN03,Công nghệ tài chính,,2024,https://github.com/HTNam1710/ADS_Final/blob/main/Data/diem_chuan_2024_final.csv
NHH,FL01,Ngôn ngữ Anh,,2024,https://github.com/HTNam1710/ADS_Final/blob/main/Data/diem_chuan_2024_final.csv
NHH,IB01,Kinh doanh quốc tế,,2024,https://github.com/HTNam1710/ADS_Final/blob/main/Data/diem_chuan_2024_final.csv
NHH,IB02,Logistics và quản lý chuỗi cung ứng,,2024,https://github.com/HTNam1710/ADS_Final/blob/main/Data/diem_chuan_2024_final.csv
NHH,IB03,"Kinh doanh quốc tế (Liên kết với ĐH Coventry, Anh quốc. Cấp song bằng)",,2024,https://github.com/HTNam1710/ADS_Final/blob/main/Data/diem_chuan_2024_final.csv
NHH,IB04,Kinh doanh quốc tế (Chương trình Chất lượng cao),,2024,https://github.com/HTNam1710/ADS_Final/blob/main/Data/diem_chuan_2024_final.csv
NHH,IT01,Công nghệ thông tin,,2024,https://github.com/HTNam1710/ADS_Final/blob/main/Data/diem_chuan_2024_final.csv
NHH,LAW01,Luật kinh tế,,2024,https://github.com/HTNam1710/ADS_Final/blob/main/Data/diem_chuan_2024_final.csv
NHH,LAW02,Luật kinh tế,,2024,https://github.com/HTNam1710/ADS_Final/blob/main/Data/diem_chuan_2024_final.csv
NHH,MIS01,Hệ thống thông tin quản lý,,2024,https://github.com/HTNam1710/ADS_Final/blob/main/Data/diem_chuan_2024_final.csv
NTH,KDQH1.1,Chương trình tiêu chuẩn Kinh doanh quốc tế,,2024,https://github.com/HTNam1710/ADS_Final/blob/main/Data/diem_chuan_2024_final.csv
NTH,KDQH2.1,Chương trình CLC Kinh doanh quốc tế,,2024,https://github.com/HTNam1710/ADS_Final/blob/main/Data/diem_chuan_2024_final.csv
NTH,KDQH2.2,Chương trình ĐHNNQT Logistics và Quản lý chuỗi cung ứng,,2024,https://github.com/HTNam1710/ADS_Final/blob/main/Data/diem_chuan_2024_final.csv
NTH,KDQH2.3,Chương trình ĐHNNQT Kinh doanh quốc tế theo mô hình tiên tiến Nhật Bản,,2024,https://github.com/HTNam1710/ADS_Final/blob/main/Data/diem_chuan_2024_final.csv
NTH,KDQH2.4,Chương trình ĐHNNQT Kinh doanh số,,2024,https://github.com/HTNam1710/ADS_Final/blob/main/Data/diem_chuan_2024_final.csv
NTH,KDQH4.1,Chương trình tiên tiến i-Hons hợp tác với Đại học Queensland về Kinh doanh quốc tế và Phân tích dữ liệu kinh doanh,,2024,https://github.com/HTNam1710/ADS_Final/blob/main/Data/diem_chuan_2024_final.csv
NTH,KHMH2.1,Chương trình ĐHNNQT Khoa học máy tính và dữ liệu trong kinh tế và kinh doanh,,2024,https://github.com/HTNam1710/ADS_Final/blob/main/Data/diem_chuan_2024_final.csv
NTH,KTCH2.1,Chương trình ĐHPTQT Kinh tế chính trị quốc tế,,2024,https://github.com/HTNam1710/ADS_Final/blob/main/Data/diem_chuan_2024_final.csv
NTH,KTEH1.1,Chương trình tiêu chuẩn Kinh tế đối ngoại,,2024,https://github.com/HTNam1710/ADS_Final/blob/main/Data/diem_chuan_2024_final.csv
NTH,KTEH1.2,Chương trình tiêu chuẩn Thương mại quốc tế,,2024,https://github.com/HTNam1710/ADS_Final/blob/main/Data/diem_chuan_2024_final.csv
NTH,KTEH2.1,Chương trình CLC Kinh tế đối ngoại,,2024,https://github.com/HTNam1710/ADS_Final/blob/main/Data/diem_chuan_2024_final.csv
NTH,KTEH4.1,Chương trình tiên tiến Kinh tế đối ngoại,,2024,https://github.com/HTNam1710/ADS_Final/blob/main/Data/diem_chuan_2024_final.csv
NTH,KTKH1.1,Chương trình tiêu chuẩn Kế toán - Kiểm toán,,2024,https://github.com/HTNam1710/ADS_Final/blob/main/Data/diem_chuan_2024_final.csv
NTH,KTKH2.1,Chương trình ĐHNNQT Kế toán - Kiểm toán theo định hướng ACCA,,2024,https://github.com/HTNam1710/ADS_Final/blob/main/Data/diem_chuan_2024_final.csv
NTH,KTKQ1.1,Chương trình tiêu chuẩn Kế toán - Kiểm toán,,2024,https://github.com/HTNam1710/ADS_Final/blob/main/Data/diem_chuan_2024_final.csv
NTH,KTQH1.1,Chương trình tiêu chuẩn Kinh tế quốc tế,,2024,https://github.com/HTNam1710/ADS_Final/blob/main/Data/diem_chuan_2024_final.csv
NTH,KTQH1.2,Chương trình tiêu chuẩn Kinh tế và Phát triển quốc tế,,2024,https://github.com/HTNam1710/ADS_Final/blob/main/Data/diem_chuan_2024_final.csv
NTH,KTQH2.1,Chương trình CLC Kinh tế quốc tế,,2024,https://github.com/HTNam1710/ADS_Final/blob/main/Data/diem_chuan_2024_final.csv
NTH,LAWH1.1,Chương trình tiêu chuẩn Luật thương mại quốc tế,,2024,https://github.com/HTNam1710/ADS_Final/blob/main/Data/diem_chuan_2024_final.csv
NTH,LAWH2.1,Chương trình ĐHNNQT Luật Kinh doanh quốc tế theo mô hình thực hành nghề nghiệp,,2024,https://github.com/HTNam1710/ADS_Final/blob/main/Data/diem_chuan_2024_final.csv
NTH,MKTH2.1,Chương trình ĐHNNQT Marketing số,,2024,https://github.com/HTNam1710/ADS_Final/blob/main/Data/diem_chuan_2024_final.csv
NTH,NNAH1.1,Chương trình tiêu chuẩn Tiếng Anh Thương mại,,2024,https://github.com/HTNam1710/ADS_Final/blob/main/Data/diem_chuan_2024_final.csv
NTH,NNAH2.1,Chương trình CLC Tiếng Anh Thương mại,,2024,https://github.com/HTNam1710/ADS_Final/blob/main/Data/diem_chuan_2024_final.csv
NTH,NNNH1.1,Chương trình tiêu chuẩn Tiếng Nhật thương mại,,2024,https://github.com/HTNam1710/ADS_Final/blob/main/Data/diem_chuan_2024_final.csv
NTH,NNNH2.1,Chương trình CLC ngành Tiếng Nhật thương mại,,2024,https://github.com/HTNam1710/ADS_Final/blob/main/Data/diem_chuan_2024_final.csv
NTH,NNPH1.1,Chương trình tiêu chuẩn Tiếng Pháp thương mại,,2024,https://github.com/HTNam1710/ADS_Final/blob/main/Data/diem_chuan_2024_final.csv
NTH,NNPH2.1,Chương trình CLC Tiếng Pháp thương mại,,2024,https://github.com/HTNam1710/ADS_Final/blob/main/Data/diem_chuan_2024_final.csv
NTH,NNTH1.1,Chương trình tiêu chuẩn Tiếng Trung Thương mại,,2024,https://github.com/HTNam1710/ADS_Final/blob/main/Data/diem_chuan_2024_final.csv
NTH,NNTH2.1,Chương trình CLC Tiếng Trung Thương mại,,2024,https://github.com/HTNam1710/ADS_Final/blob/main/Data/diem_chuan_2024_final.csv
NTH,NTH01-01,Ngành Luật,,2024,https://github.com/HTNam1710/ADS_Final/blob/main/Data/diem_chuan_2024_final.csv
NTH,NTH01-02,Ngành Kinh tế,,2024,https://github.com/HTNam1710/ADS_Final/blob/main/Data/diem_chuan_2024_final.csv
NTH,NTH02,Ngành Quản trị kinh doanh Ngành Kinh doanh quốc tế Ngành quản trị khách sạn Ngành Marketing,,2024,https://github.com/HTNam1710/ADS_Final/blob/main/Data/diem_chuan_2024_final.csv
NTH,NTH03,Ngành Kế toán Ngành Tài chính - Ngân hàng,,2024,https://github.com/HTNam1710/ADS_Final/blob/main/Data/diem_chuan_2024_final.csv
NTH,NTH04,Ngành Ngôn ngữ Anh,,2024,https://github.com/HTNam1710/ADS_Final/blob/main/Data/diem_chuan_2024_final.csv
NTH,NTH05,Ngành Ngôn ngữ Pháp,,2024,https://github.com/HTNam1710/ADS_Final/blob/main/Data/diem_chuan_2024_final.csv
NTH,NTH06,Ngành Ngôn ngữ Trung,,2024,https://github.com/HTNam1710/ADS_Final/blob/main/Data/diem_chuan_2024_final.csv
NTH,NTH07,Ngành Ngôn ngữ Nhật,,2024,https://github.com/HTNam1710/ADS_Final/blob/main/Data/diem_chuan_2024_final.csv
NTH,NTH09,Ngành Kinh tế chính trị,,2024,https://github.com/HTNam1710/ADS_Final/blob/main/Data/diem_chuan_2024_final.csv
NTH,NTH10,Ngành Khoa học máy tính,,2024,https://github.com/HTNam1710/ADS_Final/blob/main/Data/diem_chuan_2024_final.csv
NTH,QKSH2.1,Chương trình ĐHNNQT Quản trị khách sạn,,2024,https://github.com/HTNam1710/ADS_Final/blob/main/Data/diem_chuan_2024_final.csv
NTH,QTKH1.1,Chương trình tiêu chuẩn Quản trị kinh doanh quốc tế,,2024,https://github.com/HTNam1710/ADS_Final/blob/main/Data/diem_chuan_2024_final.csv
NTH,QTKH2.1,Chương trình CLC Quản trị kinh doanh quốc tế,,2024,https://github.com/HTNam1710/ADS_Final/blob/main/Data/diem_chuan_2024_final.csv
NTH,QTKH4.1,Chương trình tiên tiến Quản trị kinh doanh quốc tế,,2024,https://github.com/HTNam1710/ADS_Final/blob/main/Data/diem_chuan_2024_final.csv
NTH,TCHH1.1,Chương trình tiêu chuẩn Tài chính quốc tế,,2024,https://github.com/HTNam1710/ADS_Final/blob/main/Data/diem_chuan_2024_final.csv
NTH,TCHH1.2,Chương trình tiêu chuẩn Ngân hàng,,2024,https://github.com/HTNam1710/ADS_Final/blob/main/Data/diem_chuan_2024_final.csv
NTH,TCHH1.3,Chương trình tiêu chuẩn Phân tích và đầu tư tài chính,,2024,https://github.com/HTNam1710/ADS_Final/blob/main/Data/diem_chuan_2024_final.csv
NTH,TCHH2.1,Chương trình CLC Ngân hàng và Tài chính quốc tế,,2024,https://github.com/HTNam1710/ADS_Final/blob/main/Data/diem_chuan_2024_final.csv
NTH,TCHH4.1,Chương trình tiên tiến Tài chính - Ngân hàng,,2024,https://github.com/HTNam1710/ADS_Final/blob/main/Data/diem_chuan_2024_final.csv
QSB,106,Khoa học Máy tính,,2024,https://github.com/HTNam1710/ADS_Final/blob/main/Data/diem_chuan_2024_final.csv
QSB,107,Kỹ thuật Máy tính,,2024,https://github.com/HTNam1710/ADS_Final/blob/main/Data/diem_chuan_2024_final.csv
QSB,108,Điện - Điện tử - Viễn thông - Tự động hóa -Thiết kế Vi mạch (Nhóm ngành),,2024,https://github.com/HTNam1710/ADS_Final/blob/main/Data/diem_chuan_2024_final.csv
QSB,109,Kỹ thuật Cơ khí,,2024,https://github.com/HTNam1710/ADS_Final/blob/main/Data/diem_chuan_2024_final.csv
QSB,110,Kỹ thuật Cơ Điện tử,,2024,https://github.com/HTNam1710/ADS_Final/blob/main/Data/diem_chuan_2024_final.csv
QSB,112,Dệt - May (Nhóm ngành),,2024,https://github.com/HTNam1710/ADS_Final/blob/main/Data/diem_chuan_2024_final.csv
QSB,114,Hóa - Thực phẩm - Sinh học (Nhóm ngành),,2024,https://github.com/HTNam1710/ADS_Final/blob/main/Data/diem_chuan_2024_final.csv
QSB,115,Xây dựng và Quản lý Dự án Xây dựng (Nhóm ngành),,2024,https://github.com/HTNam1710/ADS_Final/blob/main/Data/diem_chuan_2024_final.csv
QSB,117,Kiến trúc,,2024,https://github.com/HTNam1710/ADS_Final/blob/main/Data/diem_chuan_2024_final.csv
QSB,120,Dầu khí - Địa chất (Nhóm ngành),,2024,https://github.com/HTNam1710/ADS_Final/blob/main/Data/diem_chuan_2024_final.csv
QSB,123,Quản lý Công nghiệp,,2024,https://github.com/HTNam1710/ADS_Final/blob/main/Data/diem_chuan_2024_final.csv
QSB,125,Tài nguyên và Môi trường,,2024,https://github.com/HTNam1710/ADS_Final/blob/main/Data/diem_chuan_2024_final.csv
QSB,128,Logistics và Hệ thống Công nghiệp,,2024,https://github.com/HTNam1710/ADS_Final/blob/main/Data/diem_chuan_2024_final.csv
QSB,129,Kỹ thuật Vật liệu,,2024,https://github.com/HTNam1710/ADS_Final/blob/main/Data/diem_chuan_2024_final.csv
QSB,137,Vật lý Kỹ thuật,,2024,https://github.com/HTNam1710/ADS_Final/blob/main/Data/diem_chuan_2024_final.csv
QSB,138,Cơ Kỹ thuật,,2024,https://github.com/HTNam1710/ADS_Final/blob/main/Data/diem_chuan_2024_final.csv
QSB,140,Kỹ thuật Nhiệt,,2024,https://github.com/HTNam1710/ADS_Final/blob/main/Data/diem_chuan_2024_final.csv
QSB,141,Bảo dưỡng Công nghiệp,,2024,https://github.com/HTNam1710/ADS_Final/blob/main/Data/diem_chuan_2024_final.csv
QSB,142,Kỹ thuật Ô tô,,2024,https://github.com/HTNam1710/ADS_Final/blob/main/Data/diem_chuan_2024_final.csv
QSB,145,(Song ngành) Tàu thủy - Hàng không,,2024,https://github.com/HTNam1710/ADS_Final/blob/main/Data/diem_chuan_2024_final.csv
QSB,146,Khoa học Dữ liệu,,2024,https://github.com/HTNam1710/ADS_Final/blob/main/Data/diem_chuan_2024_final.csv
QSB,147,Địa Kỹ thuật Xây dựng,,2024,https://github.com/HTNam1710/ADS_Final/blob/main/Data/diem_chuan_2024_final.csv
QSB,148,Kinh tế Xây dựng,,2024,https://github.com/HTNam1710/ADS_Final/blob/main/Data/diem_chuan_2024_final.csv
QSB,206,Khoa học Máy tính,,2024,https://github.com/HTNam1710/ADS_Final/blob/main/Data/diem_chuan_2024_final.csv
QSB,207,Kỹ thuật Máy tính,,2024,https://github.com/HTNam1710/ADS_Final/blob/main/Data/diem_chuan_2024_final.csv
QSB,208,Kỹ thuật Điện - Điện tử,,2024,https://github.com/HTNam1710/ADS_Final/blob/main/Data/diem_chuan_2024_final.csv
QSB,209,Kỹ thuật Cơ khí,,2024,https://github.com/HTNam1710/ADS_Final/blob/main/Data/diem_chuan_2024_final.csv
QSB,210,Kỹ thuật Cơ Điện tử,,2024,https://github.com/HTNam1710/ADS_Final/blob/main/Data/diem_chuan_2024_final.csv
QSB,211,Kỹ thuật Robot,,2024,https://github.com/HTNam1710/ADS_Final/blob/main/Data/diem_chuan_2024_final.csv
QSB,214,Kỹ thuật Hóa học,,2024,https://github.com/HTNam1710/ADS_Final/blob/main/Data/diem_chuan_2024_final.csv
QSB,215,Quàn lý Dự án Xây dựng và Kỹ thuật Xây dựng (Nhóm ngành),,2024,https://github.com/HTNam1710/ADS_Final/blob/main/Data/diem_chuan_2024_final.csv
QSB,217,Kiến trúc cảnh quan,,2024,https://github.com/HTNam1710/ADS_Final/blob/main/Data/diem_chuan_2024_final.csv
QSB,218,Công nghệ Sinh học,,2024,https://github.com/HTNam1710/ADS_Final/blob/main/Data/diem_chuan_2024_final.csv
QSB,219,Công nghệ Thực phẩm,,2024,https://github.com/HTNam1710/ADS_Final/blob/main/Data/diem_chuan_2024_final.csv
QSB,220,Kỹ thuật Dầu khí,,2024,https://github.com/HTNam1710/ADS_Final/blob/main/Data/diem_chuan_2024_final.csv
QSB,223,Quản lý Công nghiệp,,2024,https://github.com/HTNam1710/ADS_Final/blob/main/Data/diem_chuan_2024_final.csv
QSB,225,Tài nguyên và Môi trường,,2024,https://github.com/HTNam1710/ADS_Final/blob/main/Data/diem_chuan_2024_final.csv
QSB,228,Logistics và Hệ thống Công nghiệp,,2024,https://github.com/HTNam1710/ADS_Final/blob/main/Data/diem_chuan_2024_final.csv
QSB,229,Kỹ thuật Vật liệu Công nghệ cao,,2024,https://github.com/HTNam1710/ADS_Final/blob/main/Data/diem_chuan_2024_final.csv
QSB,237,Kỹ thuật Y Sinh,,2024,https://github.com/HTNam1710/ADS_Final/blob/main/Data/diem_chuan_2024_final.csv
QSB,242,Kỹ thuật Ô tô,,2024,https://github.com/HTNam1710/ADS_Final/blob/main/Data/diem_chuan_2024_final.csv
QSB,245,Kỹ thuật Hàng không,,2024,https://github.com/HTNam1710/ADS_Final/blob/main/Data/diem_chuan_2024_final.csv
QSB,266,Khoa học Máy tính,,2024,https://github.com/HTNam1710/ADS_Final/blob/main/Data/diem_chuan_2024_final.csv
QSB,268,Cơ Kỹ thuật,,2024,https://github.com/HTNam1710/ADS_Final/blob/main/Data/diem_chuan_2024_final.csv
YHB,7310401,Tâm lý học,7310401,2024,https://github.com/HTNam1710/ADS_Final/blob/main/Data/diem_chuan_2024_final.csv
YHB,7720101,Y khoa,7720101,2024,https://github.com/HTNam1710/ADS_Final/blob/main/Data/diem_chuan_2024_final.csv
YHB,7720101YHT,Y khoa Phân hiệu Thanh Hóa,7720101,2024,https://github.com/HTNam1710/ADS_Final/blob/main/Data/diem_chuan_2024_final.csv
YHB,7720110,Y học dự phòng,7720110,2024,https://github.com/HTNam1710/ADS_Final/blob/main/Data/diem_chuan_2024_final.csv
YHB,7720115,Y học cổ truyền,7720115,2024,https://github.com/HTNam1710/ADS_Final/blob/main/Data/diem_chuan_2024_final.csv
YHB,7720301,Điều dưỡng chương trình tiên tiến,7720301,2024,https://github.com/HTNam1710/ADS_Final/blob/main/Data/diem_chuan_2024_final.csv
YHB,7720301YHT,Điều dưỡng Phân hiệu Thanh Hóa,7720301,2024,https://github.com/HTNam1710/ADS_Final/blob/main/Data/diem_chuan_2024_final.csv
YHB,7720302,Hộ sinh,7720302,2024,https://github.com/HTNam1710/ADS_Final/blob/main/Data/diem_chuan_2024_final.csv
YHB,7720401,Dinh dưỡng,7720401,2024,https://github.com/HTNam1710/ADS_Final/blob/main/Data/diem_chuan_2024_final.csv
YHB,7720501,Răng hàm mặt,7720501,2024,https://github.com/HTNam1710/ADS_Final/blob/main/Data/diem_chuan_2024_final.csv
YHB,7720502,Kỹ thuật phục hồi hình răng,7720502,2024,https://github.com/HTNam1710/ADS_Final/blob/main/Data/diem_chuan_2024_final.csv
YHB,7720601,Kỹ thuật xét nghiệm Y học,7720601,2024,https://github.com/HTNam1710/ADS_Final/blob/main/Data/diem_chuan_2024_final.csv
YHB,7720601YHT,Kỹ thuật Xét nghiệm y học Phân hiệu Thanh Hóa,7720601,2024,https://github.com/HTNam1710/ADS_Final/blob/main/Data/diem_chuan_2024_final.csv
YHB,7720603,Kỹ thuật phục hồi chức năng,7720603,2024,https://github.com/HTNam1710/ADS_Final/blob/main/Data/diem_chuan_2024_final.csv
YHB,7720603YHT,Kỹ thuật Phục hồi chức năng Phân hiệu Thanh Hóa,7720603,2024,https://github.com/HTNam1710/ADS_Final/blob/main/Data/diem_chuan_2024_final.csv
YHB,7720699,Khúc xạ nhãn khoa,7720699,2024,https://github.com/HTNam1710/ADS_Final/blob/main/Data/diem_chuan_2024_final.csv
YHB,7720701,Y tế công cộng,7720701,2024,https://github.com/HTNam1710/ADS_Final/blob/main/Data/diem_chuan_2024_final.csv
BVH,7320101,Báo chí,7320101,2024,https://github.com/HTNam1710/ADS_Final/blob/main/Data/diem_chuan_2024_final.csv
BVH,7320104,Truyền thông đa phương tiện,7320104,2024,https://github.com/HTNam1710/ADS_Final/blob/main/Data/diem_chuan_2024_final.csv
BVH,7329001,Công nghệ đa phương tiện,7329001,2024,https://github.com/HTNam1710/ADS_Final/blob/main/Data/diem_chuan_2024_final.csv
BVH,7329001_GAM,Thiết kế và phát triển Game (ngành Công nghệ đa phương tiện),7329001,2024,https://github.com/HTNam1710/ADS_Final/blob/main/Data/diem_chuan_2024_final.csv
BVH,7340101,Quản trị kinh doanh,7340101,2024,https://github.com/HTNam1710/ADS_Final/blob/main/Data/diem_chuan_2024_final.csv
BVH,7340115,Marketing,7340115,2024,https://github.com/HTNam1710/ADS_Final/blob/main/Data/diem_chuan_2024_final.csv
BVH,7340115_CLC,Marketing chất lượng cao,7340115,2024,https://github.com/HTNam1710/ADS_Final/blob/main/Data/diem_chuan_2024_final.csv
BVH,7340115_QHC,Quan hệ công chúng (ngành Marketing),7340115,2024,https://github.com/HTNam1710/ADS_Final/blob/main/Data/diem_chuan_2024_final.csv
BVH,7340122,Thương mại điện tử,7340122,2024,https://github.com/HTNam1710/ADS_Final/blob/main/Data/diem_chuan_2024_final.csv
BVH,7340205,Công nghệ tài chính (Fintech),7340205,2024,https://github.com/HTNam1710/ADS_Final/blob/main/Data/diem_chuan_2024_final.csv
BVH,7340301,Kế toán,7340301,2024,https://github.com/HTNam1710/ADS_Final/blob/main/Data/diem_chuan_2024_final.csv
BVH,7340301_CLC,Kế toán chất lượng cao (chuẩn quốc tế ACCA),7340301,2024,https://github.com/HTNam1710/ADS_Final/blob/main/Data/diem_chuan_2024_final.csv
BVH,7480101,Khoa học máy tính (định hướng Khoa học dữ liệu),7480101,2024,https://github.com/HTNam1710/ADS_Final/blob/main/Data/diem_chuan_2024_final.csv
BVH,7480102,Kỹ thuật dữ liệu (ngành Mạng máy tính và truyền thông dữ liệu),7480102,2024,https://github.com/HTNam1710/ADS_Final/blob/main/Data/diem_chuan_2024_final.csv
BVH,7480201,Công nghệ thông tin,7480201,2024,https://github.com/HTNam1710/ADS_Final/blob/main/Data/diem_chuan_2024_final.csv
BVH,7480201_CLC,Công nghệ thông tin chất lượng cao,7480201,2024,https://github.com/HTNam1710/ADS_Final/blob/main/Data/diem_chuan_2024_final.csv
BVH,7480201_UDU,Công nghệ thông tin (Cử nhân định hướng ứng dụng),7480201,2024,https://github.com/HTNam1710/ADS_Final/blob/main/Data/diem_chuan_2024_final.csv
BVH,7480201_VNH,Công nghệ thông tin Việt - Nhật,7480201,2024,https://github.com/HTNam1710/ADS_Final/blob/main/Data/diem_chuan_2024_final.csv
BVH,7480202,An toàn thông tin,7480202,2024,https://github.com/HTNam1710/ADS_Final/blob/main/Data/diem_chuan_2024_final.csv
BVH,7510301,"Công nghệ Kỹ thuật Điện, điện tử",7510301,2024,https://github.com/HTNam1710/ADS_Final/blob/main/Data/diem_chuan_2024_final.csv
BVH,7520207,Kỹ thuật Điện tử viễn thông,7520207,2024,https://github.com/HTNam1710/ADS_Final/blob/main/Data/diem_chuan_2024_final.csv
BVH,7520216,Kỹ thuật Điều khiển và tự động hóa,7520216,2024,https://github.com/HTNam1710/ADS_Final/blob/main/Data/diem_chuan_2024_final.csv
SPH,7140114C,Quản lí giáo dục,7140114,2024,https://github.com/HTNam1710/ADS_Final/blob/main/Data/diem_chuan_2024_final.csv
SPH,7140114D,Quản lí giáo dục,7140114,2024,https://github.com/HTNam1710/ADS_Final/blob/main/Data/diem_chuan_2024_final.csv
SPH,7140201A,Giáo dục Mầm non,7140201,2024,https://github.com/HTNam1710/ADS_Final/blob/main/Data/diem_chuan_2024_final.csv
SPH,7140201B,Giáo dục Mầm non - SP Tiếng Anh,7140201,2024,https://github.com/HTNam1710/ADS_Final/blob/main/Data/diem_chuan_2024_final.csv
SPH,7140201C,Giáo dục Mầm non - SP Tiếng Anh,7140201,2024,https://github.com/HTNam1710/ADS_Final/blob/main/Data/diem_chuan_2024_final.csv
SPH,7140202A,Giáo dục Tiểu học,7140202,2024,https://github.com/HTNam1710/ADS_Final/blob/main/Data/diem_chuan_2024_final.csv
SPH,7140202B,Giáo dục Tiểu học - SP Tiếng Anh,7140202,2024,https://github.com/HTNam1710/ADS_Final/blob/main/Data/diem_chuan_2024_final.csv
SPH,7140203C,Giáo dục đặc biệt,7140203,2024,https://github.com/HTNam1710/ADS_Final/blob/main/Data/diem_chuan_2024_final.csv
SPH,7140203D,Giáo dục đặc biệt,7140203,2024,https://github.com/HTNam1710/ADS_Final/blob/main/Data/diem_chuan_2024_final.csv
SPH,7140204B,Giáo dục công dân,7140204,2024,https://github.com/HTNam1710/ADS_Final/blob/main/Data/diem_chuan_2024_final.csv
SPH,7140204C,Giáo dục công dân,7140204,2024,https://github.com/HTNam1710/ADS_Final/blob/main/Data/diem_chuan_2024_final.csv
SPH,7140205B,Giáo dục chính trị,7140205,2024,https://github.com/HTNam1710/ADS_Final/blob/main/Data/diem_chuan_2024_final.csv
SPH,7140205C,Giáo dục chính trị,7140205,2024,https://github.com/HTNam1710/ADS_Final/blob/main/Data/diem_chuan_2024_final.csv
SPH,7140206,Giáo dục thể chất,7140206,2024,https://github.com/HTNam1710/ADS_Final/blob/main/Data/diem_chuan_2024_final.csv
SPH,7140208C,Giáo dục Quốc phòng và An ninh,7140208,2024,https://github.com/HTNam1710/ADS_Final/blob/main/Data/diem_chuan_2024_final.csv
SPH,7140208D,Giáo dục Quốc phòng và An ninh,7140208,2024,https://github.com/HTNam1710/ADS_Final/blob/main/Data/diem_chuan_2024_final.csv
SPH,7140209A,Sư phạm Toán học,7140209,2024,https://github.com/HTNam1710/ADS_Final/blob/main/Data/diem_chuan_2024_final.csv
SPH,7140209B,Sư phạm Toán học (dạy Toán bằng tiếng Anh),7140209,2024,https://github.com/HTNam1710/ADS_Final/blob/main/Data/diem_chuan_2024_final.csv
SPH,7140209D,Sư phạm Toán học (dạy Toán bằng tiếng Anh),7140209,2024,https://github.com/HTNam1710/ADS_Final/blob/main/Data/diem_chuan_2024_final.csv
SPH,7140210A,Sư phạm Tin học,7140210,2024,https://github.com/HTNam1710/ADS_Final/blob/main/Data/diem_chuan_2024_final.csv
SPH,7140210B,Sư phạm Tin học,7140210,2024,https://github.com/HTNam1710/ADS_Final/blob/main/Data/diem_chuan_2024_final.csv
SPH,7140211A,Sư phạm Vật lí,7140211,2024,https://github.com/HTNam1710/ADS_Final/blob/main/Data/diem_chuan_2024_final.csv
SPH,7140211B,Sư phạm Vật lí,7140211,2024,https://github.com/HTNam1710/ADS_Final/blob/main/Data/diem_chuan_2024_final.csv
SPH,7140211C,Sư phạm Vật lí (dạy Vật lí bằng tiếng Anh),7140211,2024,https://github.com/HTNam1710/ADS_Final/blob/main/Data/diem_chuan_2024_final.csv
SPH,7140211D,Sư phạm Vật lí (dạy Vật lí bằng tiếng Anh),7140211,2024,https://github.com/HTNam1710/ADS_Final/blob/main/Data/diem_chuan_2024_final.csv
SPH,7140212A,Sư phạm Hoá học,7140212,2024,https://github.com/HTNam1710/ADS_Final/blob/main/Data/diem_chuan_2024_final.csv
SPH,7140212B,Sư phạm Hoá học (dạy Hoá học bằng tiếng Anh),7140212,2024,https://github.com/HTNam1710/ADS_Final/blob/main/Data/diem_chuan_2024_final.csv
SPH,7140212C,Sư phạm Hoá học,7140212,2024,https://github.com/HTNam1710/ADS_Final/blob/main/Data/diem_chuan_2024_final.csv
SPH,7140213B,Sư phạm Sinh học,7140213,2024,https://github.com/HTNam1710/ADS_Final/blob/main/Data/diem_chuan_2024_final.csv
SPH,7140213D,Sư phạm Sinh học,7140213,2024,https://github.com/HTNam1710/ADS_Final/blob/main/Data/diem_chuan_2024_final.csv
SPH,7140217C,Sư phạm Ngữ văn,7140217,2024,https://github.com/HTNam1710/ADS_Final/blob/main/Data/diem_chuan_2024_final.csv
SPH,7140217D,Sư phạm Ngữ văn,7140217,2024,https://github.com/HTNam1710/ADS_Final/blob/main/Data/diem_chuan_2024_final.csv
SPH,7140218C,Sư phạm Lịch sử,7140218,2024,https://github.com/HTNam1710/ADS_Final/blob/main/Data/diem_chuan_2024_final.csv
SPH,7140218D,Sư phạm Lịch sử,7140218,2024,https://github.com/HTNam1710/ADS_Final/blob/main/Data/diem_chuan_2024_final.csv
SPH,7140219B,Sư phạm Địa lí,7140219,2024,https://github.com/HTNam1710/ADS_Final/blob/main/Data/diem_chuan_2024_final.csv
SPH,7140219C,Sư phạm Địa lí,7140219,2024,https://github.com/HTNam1710/ADS_Final/blob/main/Data/diem_chuan_2024_final.csv
SPH,7140221A,Sư phạm Âm nhạc,7140221,2024,https://github.com/HTNam1710/ADS_Final/blob/main/Data/diem_chuan_2024_final.csv
SPH,7140221B,Sư phạm Âm nhạc,7140221,2024,https://github.com/HTNam1710/ADS_Final/blob/main/Data/diem_chuan_2024_final.csv
SPH,7140222A,Sư phạm Mỹ thuật,7140222,2024,https://github.com/HTNam1710/ADS_Final/blob/main/Data/diem_chuan_2024_final.csv
SPH,7140222B,Sư phạm Mỹ thuật,7140222,2024,https://github.com/HTNam1710/ADS_Final/blob/main/Data/diem_chuan_2024_final.csv
SPH,7140231A,Sư phạm Tiếng Anh,7140231,2024,https://github.com/HTNam1710/ADS_Final/blob/main/Data/diem_chuan_2024_final.csv
SPH,7140233C,Sư phạm Tiếng Pháp,7140233,2024,https://github.com/HTNam1710/ADS_Final/blob/main/Data/diem_chuan_2024_final.csv
SPH,7140233D,Sư phạm Tiếng Pháp,7140233,2024,https://github.com/HTNam1710/ADS_Final/blob/main/Data/diem_chuan_2024_final.csv
SPH,7140246A,Sư phạm Công nghệ,7140246,2024,https://github.com/HTNam1710/ADS_Final/blob/main/Data/diem_chuan_2024_final.csv
SPH,7140246B,Sư phạm Công nghệ,7140246,2024,https://github.com/HTNam1710/ADS_Final/blob/main/Data/diem_chuan_2024_final.csv
SPH,7140247A,Sư phạm Khoa học tự nhiên,7140247,2024,https://github.com/HTNam1710/ADS_Final/blob/main/Data/diem_chuan_2024_final.csv
SPH,7140247B,Sư phạm Khoa học tự nhiên,7140247,2024,https://github.com/HTNam1710/ADS_Final/blob/main/Data/diem_chuan_2024_final.csv
SPH,7140249A,Sư phạm Lịch sử - Địa lí,7140249,2024,https://github.com/HTNam1710/ADS_Final/blob/main/Data/diem_chuan_2024_final.csv
SPH,7220201,Ngôn ngữ Anh,7220201,2024,https://github.com/HTNam1710/ADS_Final/blob/main/Data/diem_chuan_2024_final.csv
SPH,7220204A,Ngôn ngữ Trung Quốc,7220204,2024,https://github.com/HTNam1710/ADS_Final/blob/main/Data/diem_chuan_2024_final.csv
SPH,7220204B,Ngôn ngữ Trung Quốc,7220204,2024,https://github.com/HTNam1710/ADS_Final/blob/main/Data/diem_chuan_2024_final.csv
SPH,7229001B,Triết học (Triết học Mác Lê-nin),7229001,2024,https://github.com/HTNam1710/ADS_Final/blob/main/Data/diem_chuan_2024_final.csv
SPH,7229001C,Triết học (Triết học Mác Lê-nin),7229001,2024,https://github.com/HTNam1710/ADS_Final/blob/main/Data/diem_chuan_2024_final.csv
SPH,7229030C,Văn học,7229030,2024,https://github.com/HTNam1710/ADS_Final/blob/main/Data/diem_chuan_2024_final.csv
SPH,7229030D,Văn học,7229030,2024,https://github.com/HTNam1710/ADS_Final/blob/main/Data/diem_chuan_2024_final.csv
SPH,7310201B,Chính trị học,7310201,2024,https://github.com/HTNam1710/ADS_Final/blob/main/Data/diem_chuan_2024_final.csv
SPH,7310201C,Chính trị học,7310201,2024,https://github.com/HTNam1710/ADS_Final/blob/main/Data/diem_chuan_2024_final.csv
SPH,7310401C,Tâm lý học (Tâm lý học trường học),7310401,2024,https://github.com/HTNam1710/ADS_Final/blob/main/Data/diem_chuan_2024_final.csv
SPH,7310401D,Tâm lý học (Tâm lý học trường học),7310401,2024,https://github.com/HTNam1710/ADS_Final/blob/main/Data/diem_chuan_2024_final.csv
SPH,7310403C,Tâm lý học giáo dục,7310403,2024,https://github.com/HTNam1710/ADS_Final/blob/main/Data/diem_chuan_2024_final.csv
SPH,7310403D,Tâm lý học giáo dục,7310403,2024,https://github.com/HTNam1710/ADS_Final/blob/main/Data/diem_chuan_2024_final.csv
SPH,7310630C,Việt Nam học,7310630,2024,https://github.com/HTNam1710/ADS_Final/blob/main/Data/diem_chuan_2024_final.csv
SPH,7310630D,Việt Nam học,7310630,2024,https://github.com/HTNam1710/ADS_Final/blob/main/Data/diem_chuan_2024_final.csv
SPH,7420101B,Sinh học,7420101,2024,https://github.com/HTNam1710/ADS_Final/blob/main/Data/diem_chuan_2024_final.csv
SPH,7420101D,Sinh học,7420101,2024,https://github.com/HTNam1710/ADS_Final/blob/main/Data/diem_chuan_2024_final.csv
SPH,7440112A,Hóa học,7440112,2024,https://github.com/HTNam1710/ADS_Final/blob/main/Data/diem_chuan_2024_final.csv
SPH,7440112B,Hóa học,7440112,2024,https://github.com/HTNam1710/ADS_Final/blob/main/Data/diem_chuan_2024_final.csv
SPH,7460101A,Toán học,7460101,2024,https://github.com/HTNam1710/ADS_Final/blob/main/Data/diem_chuan_2024_final.csv
SPH,7460101D,Toán học,7460101,2024,https://github.com/HTNam1710/ADS_Final/blob/main/Data/diem_chuan_2024_final.csv
SPH,7480201A,Công nghệ thông tin,7480201,2024,https://github.com/HTNam1710/ADS_Final/blob/main/Data/diem_chuan_2024_final.csv
SPH,7480201B,Công nghệ thông tin,7480201,2024,https://github.com/HTNam1710/ADS_Final/blob/main/Data/diem_chuan_2024_final.csv
SPH,7760101C,Công tác xã hội,7760101,2024,https://github.com/HTNam1710/ADS_Final/blob/main/Data/diem_chuan_2024_final.csv
SPH,7760101D,Công tác xã hội,7760101,2024,https://github.com/HTNam1710/ADS_Final/blob/main/Data/diem_chuan_2024_final.csv
SPH,7760103C,Hỗ trợ giáo dục người khuyết tật,7760103,2024,https://github.com/HTNam1710/ADS_Final/blob/main/Data/diem_chuan_2024_final.csv
SPH,7760103D,Hỗ trợ giáo dục người khuyết tật,7760103,2024,https://github.com/HTNam1710/ADS_Final/blob/main/Data/diem_chuan_2024_final.csv
SPH,7810103C,Quản trị dịch vụ du lịch và lữ hành,7810103,2024,https://github.com/HTNam1710/ADS_Final/blob/main/Data/diem_chuan_2024_final.csv
SPH,7810103D,Quản trị dịch vụ du lịch và lữ hành,7810103,2024,https://github.com/HTNam1710/ADS_Final/blob/main/Data/diem_chuan_2024_final.csv
TMU,TM01,Quản trị kinh doanh (Quản trị kinh doanh),,2024,https://github.com/HTNam1710/ADS_Final/blob/main/Data/diem_chuan_2024_final.csv
TMU,TM02,Quản trị kinh doanh (Quản trị kinh doanh - Chương trình định hướng chuyên sâu nghề nghiệp quốc tế - IPOP),,2024,https://github.com/HTNam1710/ADS_Final/blob/main/Data/diem_chuan_2024_final.csv
TMU,TM03,Quản trị kinh doanh (Khởi nghiệp và phát triển kinh doanh),,2024,https://github.com/HTNam1710/ADS_Final/blob/main/Data/diem_chuan_2024_final.csv
TMU,TM04,Marketing (Marketing thương mại),,2024,https://github.com/HTNam1710/ADS_Final/blob/main/Data/diem_chuan_2024_final.csv
TMU,TM05,Marketing (Quản trị thương hiệu),,2024,https://github.com/HTNam1710/ADS_Final/blob/main/Data/diem_chuan_2024_final.csv
TMU,TM06,Logistics và Quản lý chuỗi cung ứng (Logistics và Quản lý chuỗi cung ứng),,2024,https://github.com/HTNam1710/ADS_Final/blob/main/Data/diem_chuan_2024_final.csv
TMU,TM07,Kế toán (Kế toán doanh nghiệp),,2024,https://github.com/HTNam1710/ADS_Final/blob/main/Data/diem_chuan_2024_final.csv
TMU,TM08,Kế toán (Kế toán tích hợp chứng chỉ quốc tế ICAEW CFAB - Chương trình định hướng chuyên sâu nghề nghiệp quốc tế -IPOP),,2024,https://github.com/HTNam1710/ADS_Final/blob/main/Data/diem_chuan_2024_final.csv
TMU,TM09,Kế toán (Kế toán công),,2024,https://github.com/HTNam1710/ADS_Final/blob/main/Data/diem_chuan_2024_final.csv
TMU,TM10,Kiểm toán (Kiểm toán),,2024,https://github.com/HTNam1710/ADS_Final/blob/main/Data/diem_chuan_2024_final.csv
TMU,TM11,Kinh doanh quốc tế (Thương mại quốc tế),,2024,https://github.com/HTNam1710/ADS_Final/blob/main/Data/diem_chuan_2024_final.csv
TMU,TM12,Kinh tế quốc tế (Kinh tế quốc tế),,2024,https://github.com/HTNam1710/ADS_Final/blob/main/Data/diem_chuan_2024_final.csv
TMU,TM13,Kinh tế (Quản lý kinh tế),,2024,https://github.com/HTNam1710/ADS_Final/blob/main/Data/diem_chuan_2024_final.csv
TMU,TM14,Tài chính - Ngân hàng (Tài chính - Ngân hàng thương mại),,2024,https://github.com/HTNam1710/ADS_Final/blob/main/Data/diem_chuan_2024_final.csv
TMU,TM15,Tài chính - Ngân hàng (Tài chính - Ngân hàng thương mại - Chương trình định hướng chuyên sâu nghề nghiệp quốc tế -IPOP),,2024,https://github.com/HTNam1710/ADS_Final/blob/main/Data/diem_chuan_2024_final.csv
TMU,TM16,Tài chính - Ngân hàng (Tài chính công),,2024,https://github.com/HTNam1710/ADS_Final/blob/main/Data/diem_chuan_2024_final.csv
TMU,TM17,Thương mại điện từ (Quản trị Thương mại điện tử),,2024,https://github.com/HTNam1710/ADS_Final/blob/main/Data/diem_chuan_2024_final.csv
TMU,TM18,Ngôn ngữ Anh (Tiếng Anh thương mại),,2024,https://github.com/HTNam1710/ADS_Final/blob/main/Data/diem_chuan_2024_final.csv
TMU,TM19,Luật kinh tế (Luật kinh tế),,2024,https://github.com/HTNam1710/ADS_Final/blob/main/Data/diem_chuan_2024_final.csv
TMU,TM20,Quản trị kinh doanh (Tiếng Pháp thương mại),,2024,https://github.com/HTNam1710/ADS_Final/blob/main/Data/diem_chuan_2024_final.csv
TMU,TM21,Ngôn ngữ Trung Quốc (Tiếng Trung thương mại),,2024,https://github.com/HTNam1710/ADS_Final/blob/main/Data/diem_chuan_2024_final.csv
TMU,TM22,Hệ thống thông tin quản lý (Quản trị Hệ thống thông tin),,2024,https://github.com/HTNam1710/ADS_Final/blob/main/Data/diem_chuan_2024_final.csv
TMU,TM23,Quản trị nhân lực (Quản trị nhân lực doanh nghiệp),,2024,https://github.com/HTNam1710/ADS_Final/blob/main/Data/diem_chuan_2024_final.csv
TMU,TM24,Quản trị khách sạn (Quản trị khách sạn - Chương trình định hướng nghề nghiệp),,2024,https://github.com/HTNam1710/ADS_Final/blob/main/Data/diem_chuan_2024_final.csv
TMU,TM25,Quản trị dịch vụ du lịch và lữ hành (Quản trị dịch vụ du lịch và lữ hành - Chương trình định hướng nghề nghiệp),,2024,https://github.com/HTNam1710/ADS_Final/blob/main/Data/diem_chuan_2024_final.csv
TMU,TM26,Hệ thống thông tin quản lý (Quản trị Hệ thống thông tin - Chương trình định hướng nghề nghiệp),,2024,https://github.com/HTNam1710/ADS_Final/blob/main/Data/diem_chuan_2024_final.csv
TMU,TM27,Quản trị nhân lực (Quản trị nhân lực doanh nghiệp - Chương trình định hướng chuyên sâu nghề nghiệp quốc tế - IPOP),,2024,https://github.com/HTNam1710/ADS_Final/blob/main/Data/diem_chuan_2024_final.csv
TMU,TM28,Marketing (Marketing số),,2024,https://github.com/HTNam1710/ADS_Final/blob/main/Data/diem_chuan_2024_final.csv
TMU,TM29,Luật kinh tế (Luật Thương mại quốc tế),,2024,https://github.com/HTNam1710/ADS_Final/blob/main/Data/diem_chuan_2024_final.csv
TMU,TM30,Thương mại điện tử (Kinh doanh số),,2024,https://github.com/HTNam1710/ADS_Final/blob/main/Data/diem_chuan_2024_final.csv
TMU,TM31,Quàn trị khách sạn (Quản trị khách sạn),,2024,https://github.com/HTNam1710/ADS_Final/blob/main/Data/diem_chuan_2024_final.csv
TMU,TM32,Quản trị dịch vụ du lịch và lữ hành (Quản trị dịch vụ du lịch và lữ hành),,2024,https://github.com/HTNam1710/ADS_Final/blob/main/Data/diem_chuan_2024_final.csv
TMU,TM33,Kinh tế số (Phân tích kinh doanh trong môi trường số),,2024,https://github.com/HTNam1710/ADS_Final/blob/main/Data/diem_chuan_2024_final.csv
TMU,TM34,Quản trị khách sạn (Quản trị khách sạn - Chương trình định hướng chuyên sâu nghề nghiệp quốc tế - IPOP),,2024,https://github.com/HTNam1710/ADS_Final/blob/main/Data/diem_chuan_2024_final.csv
TMU,TM35,Marketing (Marketing thương mại - Chương trình định hướng chuyên sâu nghề nghiệp quốc tế - IPOP),,2024,https://github.com/HTNam1710/ADS_Final/blob/main/Data/diem_chuan_2024_final.csv
TMU,TM36,Kinh doanh quốc tế (Thương mại quốc tế - Chương trình định hướng chuyên sâu nghề nghiệp quốc tế - 1P0P),,2024,https://github.com/HTNam1710/ADS_Final/blob/main/Data/diem_chuan_2024_final.csv
TMU,TM37,Logistics và Quản lý chuỗi cung ứng (Logistics và xuất nhập khẩu - Chương trình định hướng chuyên sâu nghề nghiệp quốc tế - IPOP),,2024,https://github.com/HTNam1710/ADS_Final/blob/main/Data/diem_chuan_2024_final.csv
TMU,TM38,Tài chính - Ngân hàng (Công nghệ Tài chính ngân hàng),,2024,https://github.com/HTNam1710/ADS_Final/blob/main/Data/diem_chuan_2024_final.csv
SPS,51140201,Giáo dục Mầm non (trình độ CĐ),,2024,https://github.com/HTNam1710/ADS_Final/blob/main/Data/diem_chuan_2024_final.csv
SPS,7140101,Giáo dục học,7140101,2024,https://github.com/HTNam1710/ADS_Final/blob/main/Data/diem_chuan_2024_final.csv
SPS,7140114,Quản lý giáo dục,7140114,2024,https://github.com/HTNam1710/ADS_Final/blob/main/Data/diem_chuan_2024_final.csv
SPS,7140201,Giáo dục Mầm non,7140201,2024,https://github.com/HTNam1710/ADS_Final/blob/main/Data/diem_chuan_2024_final.csv
SPS,7140201_LA,Giáo dục Mầm non,7140201,2024,https://github.com/HTNam1710/ADS_Final/blob/main/Data/diem_chuan_2024_final.csv
SPS,7140202,Giáo dục Tiểu học,7140202,2024,https://github.com/HTNam1710/ADS_Final/blob/main/Data/diem_chuan_2024_final.csv
SPS,7140202_LA,Giáo dục Tiểu học,7140202,2024,https://github.com/HTNam1710/ADS_Final/blob/main/Data/diem_chuan_2024_final.csv
SPS,7140203,Giáo dục Đặc biệt,7140203,2024,https://github.com/HTNam1710/ADS_Final/blob/main/Data/diem_chuan_2024_final.csv
SPS,7140204,Giáo dục công dân,7140204,2024,https://github.com/HTNam1710/ADS_Final/blob/main/Data/diem_chuan_2024_final.csv
SPS,7140205,Giáo dục Chính trị,7140205,2024,https://github.com/HTNam1710/ADS_Final/blob/main/Data/diem_chuan_2024_final.csv
SPS,7140206,Giáo dục Thể chất,7140206,2024,https://github.com/HTNam1710/ADS_Final/blob/main/Data/diem_chuan_2024_final.csv
SPS,7140206_LA,Giáo dục Thể chất,7140206,2024,https://github.com/HTNam1710/ADS_Final/blob/main/Data/diem_chuan_2024_final.csv
SPS,7140208,Giáo dục Quốc phòng - An ninh,7140208,2024,https://github.com/HTNam1710/ADS_Final/blob/main/Data/diem_chuan_2024_final.csv
SPS,7140209,Sư phạm Toán học,7140209,2024,https://github.com/HTNam1710/ADS_Final/blob/main/Data/diem_chuan_2024_final.csv
SPS,7140209_LA,Sư phạm Toán học,7140209,2024,https://github.com/HTNam1710/ADS_Final/blob/main/Data/diem_chuan_2024_final.csv
SPS,7140210,Sư phạm Tin học,7140210,2024,https://github.com/HTNam1710/ADS_Final/blob/main/Data/diem_chuan_2024_final.csv
SPS,7140211,Sư phạm Vật lý,7140211,2024,https://github.com/HTNam1710/ADS_Final/blob/main/Data/diem_chuan_2024_final.csv
SPS,7140212,Sư phạm Hoá học,7140212,2024,https://github.com/HTNam1710/ADS_Final/blob/main/Data/diem_chuan_2024_final.csv
SPS,7140213,Sư phạm Sinh học,7140213,2024,https://github.com/HTNam1710/ADS_Final/blob/main/Data/diem_chuan_2024_final.csv
SPS,7140217,Sư phạm Ngữ văn,7140217,2024,https://github.com/HTNam1710/ADS_Final/blob/main/Data/diem_chuan_2024_final.csv
SPS,7140217_LA,Sư phạm Ngữ văn,7140217,2024,https://github.com/HTNam1710/ADS_Final/blob/main/Data/diem_chuan_2024_final.csv
SPS,7140218,Sư phạm Lịch sử,7140218,2024,https://github.com/HTNam1710/ADS_Final/blob/main/Data/diem_chuan_2024_final.csv
SPS,7140219,Sư phạm Địa lý,7140219,2024,https://github.com/HTNam1710/ADS_Final/blob/main/Data/diem_chuan_2024_final.csv
SPS,7140231,Sư phạm Tiếng Anh,7140231,2024,https://github.com/HTNam1710/ADS_Final/blob/main/Data/diem_chuan_2024_final.csv
SPS,7140231_LA,Sư phạm Tiếng Anh,7140231,2024,https://github.com/HTNam1710/ADS_Final/blob/main/Data/diem_chuan_2024_final.csv
SPS,7140232,Sư phạm Tiếng Nga,7140232,2024,https://github.com/HTNam1710/ADS_Final/blob/main/Data/diem_chuan_2024_final.csv
SPS,7140233,Sư phạm Tiếng Pháp,7140233,2024,https://github.com/HTNam1710/ADS_Final/blob/main/Data/diem_chuan_2024_final.csv
SPS,7140234,Sư phạm Tiếng Trung Quốc,7140234,2024,https://github.com/HTNam1710/ADS_Final/blob/main/Data/diem_chuan_2024_final.csv
SPS,7140246,Sư phạm công nghệ,7140246,2024,https://github.com/HTNam1710/ADS_Final/blob/main/Data/diem_chuan_2024_final.csv
SPS,7140247,Sư phạm khoa học tự nhiên,7140247,2024,https://github.com/HTNam1710/ADS_Final/blob/main/Data/diem_chuan_2024_final.csv
SPS,7140249,Sư phạm Lịch sử - Địa lý,7140249,2024,https://github.com/HTNam1710/ADS_Final/blob/main/Data/diem_chuan_2024_final.csv
SPS,7220201,Ngôn ngữ Anh,7220201,2024,https://github.com/HTNam1710/ADS_Final/blob/main/Data/diem_chuan_2024_final.csv
SPS,7220202,Ngôn ngữ Nga,7220202,2024,https://github.com/HTNam1710/ADS_Final/blob/main/Data/diem_chuan_2024_final.csv
SPS,7220203,Ngôn ngữ Pháp,7220203,2024,https://github.com/HTNam1710/ADS_Final/blob/main/Data/diem_chuan_2024_final.csv
SPS,7220204,Ngôn ngữ Trung Quốc,7220204,2024,https://github.com/HTNam1710/ADS_Final/blob/main/Data/diem_chuan_2024_final.csv
SPS,7220209,Ngôn ngữ Nhật,7220209,2024,https://github.com/HTNam1710/ADS_Final/blob/main/Data/diem_chuan_2024_final.csv
SPS,7220210,Ngôn ngữ Hàn quốc,7220210,2024,https://github.com/HTNam1710/ADS_Final/blob/main/Data/diem_chuan_2024_final.csv
SPS,7229030,Văn học,7229030,2024,https://github.com/HTNam1710/ADS_Final/blob/main/Data/diem_chuan_2024_final.csv
SPS,7310401,Tâm lý học,7310401,2024,https://github.com/HTNam1710/ADS_Final/blob/main/Data/diem_chuan_2024_final.csv
SPS,7310403,Tâm lý học giáo dục,7310403,2024,https://github.com/HTNam1710/ADS_Final/blob/main/Data/diem_chuan_2024_final.csv
SPS,7310501,Địa lý học,7310501,2024,https://github.com/HTNam1710/ADS_Final/blob/main/Data/diem_chuan_2024_final.csv
SPS,7310601,Quốc tế học,7310601,2024,https://github.com/HTNam1710/ADS_Final/blob/main/Data/diem_chuan_2024_final.csv
SPS,7310630,Việt Nam học,7310630,2024,https://github.com/HTNam1710/ADS_Final/blob/main/Data/diem_chuan_2024_final.csv
SPS,7420203,Sinh học ứng dụng,7420203,2024,https://github.com/HTNam1710/ADS_Final/blob/main/Data/diem_chuan_2024_final.csv
SPS,7440102,Vật lý học,7440102,2024,https://github.com/HTNam1710/ADS_Final/blob/main/Data/diem_chuan_2024_final.csv
SPS,7440112,Hoá học,7440112,2024,https://github.com/HTNam1710/ADS_Final/blob/main/Data/diem_chuan_2024_final.csv
SPS,7480201,Công nghệ thông tin,7480201,2024,https://github.com/HTNam1710/ADS_Final/blob/main/Data/diem_chuan_2024_final.csv
SPS,7760101,Công tác xã hội,7760101,2024,https://github.com/HTNam1710/ADS_Final/blob/main/Data/diem_chuan_2024_final.csv
SPS,7810101,Du lịch,7810101,2024,https://github.com/HTNam1710/ADS_Final/blob/main/Data/diem_chuan_2024_final.csv
YDS,7720101,Y khoa,7720101,2024,https://github.com/HTNam1710/ADS_Final/blob/main/Data/diem_chuan_2024_final.csv
YDS,7720110,Y học dự phòng,7720110,2024,https://github.com/HTNam1710/ADS_Final/blob/main/Data/diem_chuan_2024_final.csv
YDS,7720115,Y học cố truyền,7720115,2024,https://github.com/HTNam1710/ADS_Final/blob/main/Data/diem_chuan_2024_final.csv
YDS,7720201,Dược học,7720201,2024,https://github.com/HTNam1710/ADS_Final/blob/main/Data/diem_chuan_2024_final.csv
YDS,7720203,Hóa dược,7720203,2024,https://github.com/HTNam1710/ADS_Final/blob/main/Data/diem_chuan_2024_final.csv
YDS,7720301,Điều dưỡng,7720301,2024,https://github.com/HTNam1710/ADS_Final/blob/main/Data/diem_chuan_2024_final.csv
YDS,7720301_03,Điều dưỡng chuyên ngành Gây mê hồi sức,7720301,2024,https://github.com/HTNam1710/ADS_Final/blob/main/Data/diem_chuan_2024_final.csv
YDS,7720302,Hộ sinh,7720302,2024,https://github.com/HTNam1710/ADS_Final/blob/main/Data/diem_chuan_2024_final.csv
YDS,7720401,Dinh dưỡng,7720401,2024,https://github.com/HTNam1710/ADS_Final/blob/main/Data/diem_chuan_2024_final.csv
YDS,7720501,Răng - Hàm - Mặt,7720501,2024,https://github.com/HTNam1710/ADS_Final/blob/main/Data/diem_chuan_2024_final.csv
YDS,7720502,Kỹ thuật phục hình răng,7720502,2024,https://github.com/HTNam1710/ADS_Final/blob/main/Data/diem_chuan_2024_final.csv
YDS,7720601,Kỹ thuật xét nghiệm y học,7720601,2024,https://github.com/HTNam1710/ADS_Final/blob/main/Data/diem_chuan_2024_final.csv
YDS,7720602,Kỹ thuật hình ảnh y học,7720602,2024,https://github.com/HTNam1710/ADS_Final/blob/main/Data/diem_chuan_2024_final.csv
YDS,7720603,Kỹ thuật phục hồi chức năng,7720603,2024,https://github.com/HTNam1710/ADS_Final/blob/main/Data/diem_chuan_2024_final.csv
YDS,7720701,Y tế công cộng,7720701,2024,https://github.com/HTNam1710/ADS_Final/blob/main/Data/diem_chuan_2024_final.csv
QHI,CN1,Công nghệ thông tin,,2024,https://github.com/HTNam1710/ADS_Final/blob/main/Data/diem_chuan_2024_final.csv
QHI,CN10,Công nghệ nông nghiệp,,2024,https://github.com/HTNam1710/ADS_Final/blob/main/Data/diem_chuan_2024_final.csv
QHI,CN11,Kỹ thuật điều khiển và tự động hoá,,2024,https://github.com/HTNam1710/ADS_Final/blob/main/Data/diem_chuan_2024_final.csv
QHI,CN12,Trí tuệ nhân tạo,,2024,https://github.com/HTNam1710/ADS_Final/blob/main/Data/diem_chuan_2024_final.csv
QHI,CN13,Kỹ thuật năng lượng,,2024,https://github.com/HTNam1710/ADS_Final/blob/main/Data/diem_chuan_2024_final.csv
QHI,CN14,Hệ thống thông tin,,2024,https://github.com/HTNam1710/ADS_Final/blob/main/Data/diem_chuan_2024_final.csv
QHI,CN15,Mạng máy tính và truyền thông dữ liệu,,2024,https://github.com/HTNam1710/ADS_Final/blob/main/Data/diem_chuan_2024_final.csv
QHI,CN17,Kỹ thuật Robot,,2024,https://github.com/HTNam1710/ADS_Final/blob/main/Data/diem_chuan_2024_final.csv
QHI,CN18,Thiết kế công nghiệp và đồ họa,,2024,https://github.com/HTNam1710/ADS_Final/blob/main/Data/diem_chuan_2024_final.csv
QHI,CN2,Kỹ thuật máy tính,,2024,https://github.com/HTNam1710/ADS_Final/blob/main/Data/diem_chuan_2024_final.csv
QHI,CN3,Vật lý kỹ thuật,,2024,https://github.com/HTNam1710/ADS_Final/blob/main/Data/diem_chuan_2024_final.csv
QHI,CN4,Cơ kỹ thuật,,2024,https://github.com/HTNam1710/ADS_Final/blob/main/Data/diem_chuan_2024_final.csv
QHI,CN5,Công nghệ kỹ thuật xây dựng,,2024,https://github.com/HTNam1710/ADS_Final/blob/main/Data/diem_chuan_2024_final.csv
QHI,CN6,Công nghệ kỹ thuật cơ – điện tử,,2024,https://github.com/HTNam1710/ADS_Final/blob/main/Data/diem_chuan_2024_final.csv
QHI,CN7,Công nghệ hàng không vũ trụ,,2024,https://github.com/HTNam1710/ADS_Final/blob/main/Data/diem_chuan_2024_final.csv
QHI,CN8,Khoa học máy tính,,2024,https://github.com/HTNam1710/ADS_Final/blob/main/Data/diem_chuan_2024_final.csv
QHI,CN9,Công nghệ kỹ thuật điện tử – viễn thông,,2024,https://github.com/HTNam1710/ADS_Final/blob/main/Data/diem_chuan_2024_final.csv
HNM,7140114,Quản lý giáo dục,7140114,2024,https://github.com/HTNam1710/ADS_Final/blob/main/Data/diem_chuan_2024_final.csv
HNM,7140201,Giáo dục Mầm non,7140201,2024,https://github.com/HTNam1710/ADS_Final/blob/main/Data/diem_chuan_2024_final.csv
HNM,7140202,Giáo dục Tiểu học,7140202,2024,https://github.com/HTNam1710/ADS_Final/blob/main/Data/diem_chuan_2024_final.csv
HNM,7140204,Giáo dục Công dân,7140204,2024,https://github.com/HTNam1710/ADS_Final/blob/main/Data/diem_chuan_2024_final.csv
HNM,7140206,Giáo dục Thể chất,7140206,2024,https://github.com/HTNam1710/ADS_Final/blob/main/Data/diem_chuan_2024_final.csv
HNM,7140209,Sư phạm Toán học,7140209,2024,https://github.com/HTNam1710/ADS_Final/blob/main/Data/diem_chuan_2024_final.csv
HNM,7140211,Sư phạm Vật lý,7140211,2024,https://github.com/HTNam1710/ADS_Final/blob/main/Data/diem_chuan_2024_final.csv
HNM,7140217,Sư phạm Ngữ văn,7140217,2024,https://github.com/HTNam1710/ADS_Final/blob/main/Data/diem_chuan_2024_final.csv
HNM,7140218,Sư phạm Lịch sử,7140218,2024,https://github.com/HTNam1710/ADS_Final/blob/main/Data/diem_chuan_2024_final.csv
HNM,7220201,Ngôn ngữ Anh,7220201,2024,https://github.com/HTNam1710/ADS_Final/blob/main/Data/diem_chuan_2024_final.csv
HNM,7220204,Ngôn ngữ Trung Quốc,7220204,2024,https://github.com/HTNam1710/ADS_Final/blob/main/Data/diem_chuan_2024_final.csv
HNM,7229030,Văn học,7229030,2024,https://github.com/HTNam1710/ADS_Final/blob/main/Data/diem_chuan_2024_final.csv
HNM,7229040,Văn hóa học,7229040,2024,https://github.com/HTNam1710/ADS_Final/blob/main/Data/diem_chuan_2024_final.csv
HNM,7310201,Chính trị học,7310201,2024,https://github.com/HTNam1710/ADS_Final/blob/main/Data/diem_chuan_2024_final.csv
HNM,7310401,Tâm lý học,7310401,2024,https://github.com/HTNam1710/ADS_Final/blob/main/Data/diem_chuan_2024_final.csv
HNM,7310630,Việt Nam học,7310630,2024,https://github.com/HTNam1710/ADS_Final/blob/main/Data/diem_chuan_2024_final.csv
HNM,7340101,Quản trị kinh doanh,7340101,2024,https://github.com/HTNam1710/ADS_Final/blob/main/Data/diem_chuan_2024_final.csv
HNM,7340201,Tài chính - Ngân hàng,7340201,2024,https://github.com/HTNam1710/ADS_Final/blob/main/Data/diem_chuan_2024_final.csv
HNM,7340403,Quản lý công,7340403,2024,https://github.com/HTNam1710/ADS_Final/blob/main/Data/diem_chuan_2024_final.csv
HNM,7380101,Luật,7380101,2024,https://github.com/HTNam1710/ADS_Final/blob/main/Data/diem_chuan_2024_final.csv
HNM,7460112,Toán ứng dụng,7460112,2024,https://github.com/HTNam1710/ADS_Final/blob/main/Data/diem_chuan_2024_final.csv
HNM,7480201,Công nghệ thông tin,7480201,2024,https://github.com/HTNam1710/ADS_Final/blob/main/Data/diem_chuan_2024_final.csv
HNM,7510406,Công nghệ kỹ thuật môi trường,7510406,2024,https://github.com/HTNam1710/ADS_Final/blob/main/Data/diem_chuan_2024_final.csv
HNM,7510605,Logistics và quản lý chuỗi cung ứng,7510605,2024,https://github.com/HTNam1710/ADS_Final/blob/main/Data/diem_chuan_2024_final.csv
HNM,7760101,Công tác xã hội,7760101,2024,https://github.com/HTNam1710/ADS_Final/blob/main/Data/diem_chuan_2024_final.csv
HNM,7810103,Quản trị dịch vụ du lịch và lữ hành,7810103,2024,https://github.com/HTNam1710/ADS_Final/blob/main/Data/diem_chuan_2024_final.csv
HNM,7810201,Quản trị khách sạn,7810201,2024,https://github.com/HTNam1710/ADS_Final/blob/main/Data/diem_chuan_2024_final.csv
HNM,7850201,Bảo hộ lao động,7850201,2024,https://github.com/HTNam1710/ADS_Final/blob/main/Data/diem_chuan_2024_final.csv
GHA,7220201,Ngôn ngữ Anh,7220201,2024,https://github.com/HTNam1710/ADS_Final/blob/main/Data/diem_chuan_2024_final.csv
GHA,7310101,Kinh tế,7310101,2024,https://github.com/HTNam1710/ADS_Final/blob/main/Data/diem_chuan_2024_final.csv
GHA,7340101,Quản trị kinh doanh,7340101,2024,https://github.com/HTNam1710/ADS_Final/blob/main/Data/diem_chuan_2024_final.csv
GHA,7340101 QT,Quản trị kinh doanh (Chương trình CLC Quản trị kinh doanh Việt - Anh),7340101,2024,https://github.com/HTNam1710/ADS_Final/blob/main/Data/diem_chuan_2024_final.csv
GHA,7340201,Tài chính - Ngân hàng,7340201,2024,https://github.com/HTNam1710/ADS_Final/blob/main/Data/diem_chuan_2024_final.csv
GHA,7340301,Kế toán,7340301,2024,https://github.com/HTNam1710/ADS_Final/blob/main/Data/diem_chuan_2024_final.csv
GHA,7340301 QT,Kế toán (Chương trình chất lượng cao Kế toán tổng hợp Việt - Anh),7340301,2024,https://github.com/HTNam1710/ADS_Final/blob/main/Data/diem_chuan_2024_final.csv
GHA,7460112,Toán ứng dụng,7460112,2024,https://github.com/HTNam1710/ADS_Final/blob/main/Data/diem_chuan_2024_final.csv
GHA,7480101,Khoa học máy tính,7480101,2024,https://github.com/HTNam1710/ADS_Final/blob/main/Data/diem_chuan_2024_final.csv
GHA,7480106,Kỹ thuật máy tính,7480106,2024,https://github.com/HTNam1710/ADS_Final/blob/main/Data/diem_chuan_2024_final.csv
GHA,7480201,Công nghệ thông tin,7480201,2024,https://github.com/HTNam1710/ADS_Final/blob/main/Data/diem_chuan_2024_final.csv
GHA,7480201 QT,Công nghệ thông tin (Chương trình chất lượng cao Công nghệ thông tin Việt - Anh),7480201,2024,https://github.com/HTNam1710/ADS_Final/blob/main/Data/diem_chuan_2024_final.csv
GHA,7510104,Công nghệ kỹ thuật giao thông,7510104,2024,https://github.com/HTNam1710/ADS_Final/blob/main/Data/diem_chuan_2024_final.csv
GHA,7510605,Logistics và quản lý chuỗi cung ứng,7510605,2024,https://github.com/HTNam1710/ADS_Final/blob/main/Data/diem_chuan_2024_final.csv
GHA,7520103,Kỹ thuật cơ khí,7520103,2024,https://github.com/HTNam1710/ADS_Final/blob/main/Data/diem_chuan_2024_final.csv
GHA,7520103 QT,Kỹ thuật cơ khí (Chương trình chất lượng cao Cơ khí ô tô Việt - Anh),7520103,2024,https://github.com/HTNam1710/ADS_Final/blob/main/Data/diem_chuan_2024_final.csv
GHA,7520114,Kỹ thuật cơ điện tử,7520114,2024,https://github.com/HTNam1710/ADS_Final/blob/main/Data/diem_chuan_2024_final.csv
GHA,7520115,Kỹ thuật nhiệt,7520115,2024,https://github.com/HTNam1710/ADS_Final/blob/main/Data/diem_chuan_2024_final.csv
GHA,7520116,Kỹ thuật cơ khí động lực,7520116,2024,https://github.com/HTNam1710/ADS_Final/blob/main/Data/diem_chuan_2024_final.csv
GHA,7520130,Kỹ thuật ô tô,7520130,2024,https://github.com/HTNam1710/ADS_Final/blob/main/Data/diem_chuan_2024_final.csv
GHA,7520201,Kỹ thuật điện,7520201,2024,https://github.com/HTNam1710/ADS_Final/blob/main/Data/diem_chuan_2024_final.csv
GHA,7520207,Kỹ thuật điện tử - viễn thông,7520207,2024,https://github.com/HTNam1710/ADS_Final/blob/main/Data/diem_chuan_2024_final.csv
GHA,7520216,Kỹ thuật điều khiển và tự động hoá,7520216,2024,https://github.com/HTNam1710/ADS_Final/blob/main/Data/diem_chuan_2024_final.csv
GHA,7520218,Kỹ thuật robot và trí tuệ nhân tạo,7520218,2024,https://github.com/HTNam1710/ADS_Final/blob/main/Data/diem_chuan_2024_final.csv
GHA,7520219,Hệ thống giao thông thông minh,7520219,2024,https://github.com/HTNam1710/ADS_Final/blob/main/Data/diem_chuan_2024_final.csv
GHA,7520320,Kỹ thuật môi trường,7520320,2024,https://github.com/HTNam1710/ADS_Final/blob/main/Data/diem_chuan_2024_final.csv
GHA,7580101,Kiến trúc,7580101,2024,https://github.com/HTNam1710/ADS_Final/blob/main/Data/diem_chuan_2024_final.csv
GHA,7580106,Quản lý đô thị và công trình,7580106,2024,https://github.com/HTNam1710/ADS_Final/blob/main/Data/diem_chuan_2024_final.csv
GHA,7580201,Kỹ thuật xây dựng,7580201,2024,https://github.com/HTNam1710/ADS_Final/blob/main/Data/diem_chuan_2024_final.csv
GHA,7580201 QT,Kỹ thuật xây dựng (Chương trình tiên tiến Kỹ thuật xây dựng công trình giao thông),7580201,2024,https://github.com/HTNam1710/ADS_Final/blob/main/Data/diem_chuan_2024_final.csv
GHA,7580202,Kỹ thuật xây dựng công trình thuỷ,7580202,2024,https://github.com/HTNam1710/ADS_Final/blob/main/Data/diem_chuan_2024_final.csv
GHA,7580205,Kỹ thuật xây dựng công trình giao thông,7580205,2024,https://github.com/HTNam1710/ADS_Final/blob/main/Data/diem_chuan_2024_final.csv
GHA,7580205 QT,"Kỹ thuật xây dựng công trình giao thông (gồm các Chương trình chất lượng cao: Cầu • Đường bộ Việt • Pháp, Cầu - Đường bộ Việt - Anh, Công trình giao thông đô thị Việt -Nhật)",7580205,2024,https://github.com/HTNam1710/ADS_Final/blob/main/Data/diem_chuan_2024_final.csv
GHA,7580210,Kỹ thuật cơ sở hạ tầng,7580210,2024,https://github.com/HTNam1710/ADS_Final/blob/main/Data/diem_chuan_2024_final.csv
GHA,7580301,Kinh tế xây dựng,7580301,2024,https://github.com/HTNam1710/ADS_Final/blob/main/Data/diem_chuan_2024_final.csv
GHA,7580301 QT,Kinh tế xây dựng (Chương trình chất lượng cao Kinh tế xây dựng công trình Giao thông Việt - Anh),7580301,2024,https://github.com/HTNam1710/ADS_Final/blob/main/Data/diem_chuan_2024_final.csv
GHA,7580302,Quản lý xây dựng,7580302,2024,https://github.com/HTNam1710/ADS_Final/blob/main/Data/diem_chuan_2024_final.csv
GHA,7580302 QT,Quản lý xây dựng (Chương trình chất lượng cao Quản lý xây dựng Việt - Anh),7580302,2024,https://github.com/HTNam1710/ADS_Final/blob/main/Data/diem_chuan_2024_final.csv
GHA,7810103,Quản trị dịch vụ du lịch và lữ hành,7810103,2024,https://github.com/HTNam1710/ADS_Final/blob/main/Data/diem_chuan_2024_final.csv
GHA,7840101,Khai thác vận tải,7840101,2024,https://github.com/HTNam1710/ADS_Final/blob/main/Data/diem_chuan_2024_final.csv
GHA,7840104,Kinh tế vận tải,7840104,2024,https://github.com/HTNam1710/ADS_Final/blob/main/Data/diem_chuan_2024_final.csv
YTB,7720101,Y khoa,7720101,2024,https://github.com/HTNam1710/ADS_Final/blob/main/Data/diem_chuan_2024_final.csv
YTB,7720110,Y học dự phòng,7720110,2024,https://github.com/HTNam1710/ADS_Final/blob/main/Data/diem_chuan_2024_final.csv
YTB,7720115,Y học cổ truyền,7720115,2024,https://github.com/HTNam1710/ADS_Final/blob/main/Data/diem_chuan_2024_final.csv
YTB,7720201,Dược học,7720201,2024,https://github.com/HTNam1710/ADS_Final/blob/main/Data/diem_chuan_2024_final.csv
YTB,7720301,Điều dưỡng,7720301,2024,https://github.com/HTNam1710/ADS_Final/blob/main/Data/diem_chuan_2024_final.csv
YTB,7720601,Kỹ thuật xét nghiệm,7720601,2024,https://github.com/HTNam1710/ADS_Final/blob/main/Data/diem_chuan_2024_final.csv
KMA,7480201KMA,Công nghệ thông tin,7480201,2024,https://github.com/HTNam1710/ADS_Final/blob/main/Data/diem_chuan_2024_final.csv
KMA,7480202KMA,An toàn thông tin,7480202,2024,https://github.com/HTNam1710/ADS_Final/blob/main/Data/diem_chuan_2024_final.csv
KMA,7480202KMP,An toàn thông tin,7480202,2024,https://github.com/HTNam1710/ADS_Final/blob/main/Data/diem_chuan_2024_final.csv
KMA,7520207,Kỹ thuật điện tử - viễn thông,7520207,2024,https://github.com/HTNam1710/ADS_Final/blob/main/Data/diem_chuan_2024_final.csv
DCN,7210404,Thiết kế thời trang,7210404,2024,https://github.com/HTNam1710/ADS_Final/blob/main/Data/diem_chuan_2024_final.csv
DCN,7220201,Ngôn ngữ Anh,7220201,2024,https://github.com/HTNam1710/ADS_Final/blob/main/Data/diem_chuan_2024_final.csv
DCN,7220204,Ngôn ngữ Trung Quốc,7220204,2024,https://github.com/HTNam1710/ADS_Final/blob/main/Data/diem_chuan_2024_final.csv
DCN,7220204LK,Ngôn ngữ Trung Quốc (LK2+2 với ĐHKHKT Quảng Tây),7220204,2024,https://github.com/HTNam1710/ADS_Final/blob/main/Data/diem_chuan_2024_final.csv
DCN,7220209,Ngôn ngữ Nhật,7220209,2024,https://github.com/HTNam1710/ADS_Final/blob/main/Data/diem_chuan_2024_final.csv
DCN,7220210,Ngôn ngữ Hàn Quốc,7220210,2024,https://github.com/HTNam1710/ADS_Final/blob/main/Data/diem_chuan_2024_final.csv
DCN,7229020,Ngôn ngữ học,7229020,2024,https://github.com/HTNam1710/ADS_Final/blob/main/Data/diem_chuan_2024_final.csv
DCN,7310104,Kinh tế đầu tư,7310104,2024,https://github.com/HTNam1710/ADS_Final/blob/main/Data/diem_chuan_2024_final.csv
DCN,7310612,Trung Quốc học,7310612,2024,https://github.com/HTNam1710/ADS_Final/blob/main/Data/diem_chuan_2024_final.csv
DCN,7320113,Công nghệ đa phương tiện,7320113,2024,https://github.com/HTNam1710/ADS_Final/blob/main/Data/diem_chuan_2024_final.csv
DCN,7340101,Quản trị kinh doanh,7340101,2024,https://github.com/HTNam1710/ADS_Final/blob/main/Data/diem_chuan_2024_final.csv
DCN,7340115,Marketing,7340115,2024,https://github.com/HTNam1710/ADS_Final/blob/main/Data/diem_chuan_2024_final.csv
DCN,7340125,Phân tích dữ liệu kinh doanh,7340125,2024,https://github.com/HTNam1710/ADS_Final/blob/main/Data/diem_chuan_2024_final.csv
DCN,7340201,Tài chính – Ngân hàng,7340201,2024,https://github.com/HTNam1710/ADS_Final/blob/main/Data/diem_chuan_2024_final.csv
DCN,7340301,Kế toán,7340301,2024,https://github.com/HTNam1710/ADS_Final/blob/main/Data/diem_chuan_2024_final.csv
DCN,7340302,Kiểm toán,7340302,2024,https://github.com/HTNam1710/ADS_Final/blob/main/Data/diem_chuan_2024_final.csv
DCN,7340404,Quản trị nhân lực,7340404,2024,https://github.com/HTNam1710/ADS_Final/blob/main/Data/diem_chuan_2024_final.csv
DCN,7340406,Quản trị văn phòng,7340406,2024,https://github.com/HTNam1710/ADS_Final/blob/main/Data/diem_chuan_2024_final.csv
DCN,7480101,Khoa học máy tính,7480101,2024,https://github.com/HTNam1710/ADS_Final/blob/main/Data/diem_chuan_2024_final.csv
DCN,7480102,Mạng máy tính và truyền thông dữ liệu,7480102,2024,https://github.com/HTNam1710/ADS_Final/blob/main/Data/diem_chuan_2024_final.csv
DCN,7480103,Kỹ thuật phần mềm,7480103,2024,https://github.com/HTNam1710/ADS_Final/blob/main/Data/diem_chuan_2024_final.csv
DCN,7480104,Hệ thống thông tin,7480104,2024,https://github.com/HTNam1710/ADS_Final/blob/main/Data/diem_chuan_2024_final.csv
DCN,7480108,Công nghệ kỹ thuật máy tính,7480108,2024,https://github.com/HTNam1710/ADS_Final/blob/main/Data/diem_chuan_2024_final.csv
DCN,7480201,Công nghệ thông tin,7480201,2024,https://github.com/HTNam1710/ADS_Final/blob/main/Data/diem_chuan_2024_final.csv
DCN,74802021,An toàn thông tin,7480202,2024,https://github.com/HTNam1710/ADS_Final/blob/main/Data/diem_chuan_2024_final.csv
DCN,7510201,Công nghệ kỹ thuật cơ khí,7510201,2024,https://github.com/HTNam1710/ADS_Final/blob/main/Data/diem_chuan_2024_final.csv
DCN,7510203,Công nghệ kỹ thuật cơ điện tử,7510203,2024,https://github.com/HTNam1710/ADS_Final/blob/main/Data/diem_chuan_2024_final.csv
DCN,7510204,Công nghệ kỹ thuật cơ điện tử ô tô,7510204,2024,https://github.com/HTNam1710/ADS_Final/blob/main/Data/diem_chuan_2024_final.csv
DCN,7510205,Công nghệ kỹ thuật ô tô,7510205,2024,https://github.com/HTNam1710/ADS_Final/blob/main/Data/diem_chuan_2024_final.csv
DCN,7510206,Công nghệ kỹ thuật nhiệt,7510206,2024,https://github.com/HTNam1710/ADS_Final/blob/main/Data/diem_chuan_2024_final.csv
DCN,7510209,Robot và trí tuệ nhân tạo,7510209,2024,https://github.com/HTNam1710/ADS_Final/blob/main/Data/diem_chuan_2024_final.csv
DCN,7510213,Thiết kế cơ khí và kiểu dáng công nghiệp,7510213,2024,https://github.com/HTNam1710/ADS_Final/blob/main/Data/diem_chuan_2024_final.csv
DCN,7510301,"Công nghệ kỹ thuật điện, điện tử",7510301,2024,https://github.com/HTNam1710/ADS_Final/blob/main/Data/diem_chuan_2024_final.csv
DCN,7510302,Công nghệ kỹ thuật điện tử - viễn thông,7510302,2024,https://github.com/HTNam1710/ADS_Final/blob/main/Data/diem_chuan_2024_final.csv
DCN,75103021,Công nghệ kỹ thuật điện tử y sinh,7510302,2024,https://github.com/HTNam1710/ADS_Final/blob/main/Data/diem_chuan_2024_final.csv
DCN,7510303,Công nghệ kỹ thuật điều khiển và tự động hóa,7510303,2024,https://github.com/HTNam1710/ADS_Final/blob/main/Data/diem_chuan_2024_final.csv
DCN,75103031,Kỹ thuật sản xuất thông minh,7510303,2024,https://github.com/HTNam1710/ADS_Final/blob/main/Data/diem_chuan_2024_final.csv
DCN,7510401,Công nghệ kỹ thuật hoá học,7510401,2024,https://github.com/HTNam1710/ADS_Final/blob/main/Data/diem_chuan_2024_final.csv
DCN,7510406,Công nghệ kỹ thuật môi trường,7510406,2024,https://github.com/HTNam1710/ADS_Final/blob/main/Data/diem_chuan_2024_final.csv
DCN,7510605,Logistics và quản lý chuỗi cung ứng,7510605,2024,https://github.com/HTNam1710/ADS_Final/blob/main/Data/diem_chuan_2024_final.csv
DCN,7519003,Công nghệ kỹ thuật khuôn mẫu,7519003,2024,https://github.com/HTNam1710/ADS_Final/blob/main/Data/diem_chuan_2024_final.csv
DCN,75190071,Năng lượng tái tạo,7519007,2024,https://github.com/HTNam1710/ADS_Final/blob/main/Data/diem_chuan_2024_final.csv
DCN,7520116,Kỹ thuật cơ khí động lực,7520116,2024,https://github.com/HTNam1710/ADS_Final/blob/main/Data/diem_chuan_2024_final.csv
DCN,7520118,Kỹ thuật hệ thống công nghiệp,7520118,2024,https://github.com/HTNam1710/ADS_Final/blob/main/Data/diem_chuan_2024_final.csv
DCN,7540101,Công nghệ thực phẩm,7540101,2024,https://github.com/HTNam1710/ADS_Final/blob/main/Data/diem_chuan_2024_final.csv
DCN,7540203,"Công nghệ vật liệu dệt, may",7540203,2024,https://github.com/HTNam1710/ADS_Final/blob/main/Data/diem_chuan_2024_final.csv
DCN,7540204,"Công nghệ dệt, may",7540204,2024,https://github.com/HTNam1710/ADS_Final/blob/main/Data/diem_chuan_2024_final.csv
DCN,7720203,Hóa dược,7720203,2024,https://github.com/HTNam1710/ADS_Final/blob/main/Data/diem_chuan_2024_final.csv
DCN,7810101,Du lịch,7810101,2024,https://github.com/HTNam1710/ADS_Final/blob/main/Data/diem_chuan_2024_final.csv
DCN,7810103,Quản trị dịch vụ du lịch và lữ hành,7810103,2024,https://github.com/HTNam1710/ADS_Final/blob/main/Data/diem_chuan_2024_final.csv
DCN,7810201,Quản trị khách sạn,7810201,2024,https://github.com/HTNam1710/ADS_Final/blob/main/Data/diem_chuan_2024_final.csv
DCN,7810202,Quản trị nhà hàng và dịch vụ ăn uống,7810202,2024,https://github.com/HTNam1710/ADS_Final/blob/main/Data/diem_chuan_2024_final.csv
YPB,7720101A,Y khoa (A),7720101,2024,https://github.com/HTNam1710/ADS_Final/blob/main/Data/diem_chuan_2024_final.csv
YPB,7720101B,Y khoa (B),7720101,2024,https://github.com/HTNam1710/ADS_Final/blob/main/Data/diem_chuan_2024_final.csv
YPB,7720110,Y học dự phòng,7720110,2024,https://github.com/HTNam1710/ADS_Final/blob/main/Data/diem_chuan_2024_final.csv
YPB,7720115,Y học cổ truyền,7720115,2024,https://github.com/HTNam1710/ADS_Final/blob/main/Data/diem_chuan_2024_final.csv
YPB,7720201A,Dược học (A),7720201,2024,https://github.com/HTNam1710/ADS_Final/blob/main/Data/diem_chuan_2024_final.csv
YPB,7720201B,Dược học (B),7720201,2024,https://github.com/HTNam1710/ADS_Final/blob/main/Data/diem_chuan_2024_final.csv
YPB,7720201D,Dược học (D),7720201,2024,https://github.com/HTNam1710/ADS_Final/blob/main/Data/diem_chuan_2024_final.csv
YPB,7720301,Điều dưỡng,7720301,2024,https://github.com/HTNam1710/ADS_Final/blob/main/Data/diem_chuan_2024_final.csv
YPB,7720501,Răng hàm mặt,7720501,2024,https://github.com/HTNam1710/ADS_Final/blob/main/Data/diem_chuan_2024_final.csv
YPB,7720601,Kỹ thuật xét nghiệm y học,7720601,2024,https://github.com/HTNam1710/ADS_Final/blob/main/Data/diem_chuan_2024_final.csv
IUH,7210404,Thiết kế thời trang,7210404,2024,https://github.com/HTNam1710/ADS_Final/blob/main/Data/diem_chuan_2024_final.csv
IUH,7220201,Ngôn ngữ anh,7220201,2024,https://github.com/HTNam1710/ADS_Final/blob/main/Data/diem_chuan_2024_final.csv
IUH,7340101,Quản trị kinh doanh gồm 03 chuyên ngành: Quản trị kinh doanh; Quản trị nguồn nhân lực; Logistics và Quản lý chuỗi cung ứng,7340101,2024,https://github.com/HTNam1710/ADS_Final/blob/main/Data/diem_chuan_2024_final.csv
IUH,7340101C,Quản trị kinh doanh gồm 03 chuyên ngành: Quản trị kinh doanh; Quản trị nguồn nhân lực; Logistics và Quản lý chuỗi cung ứng,7340101,2024,https://github.com/HTNam1710/ADS_Final/blob/main/Data/diem_chuan_2024_final.csv
IUH,7340115,Marketing,7340115,2024,https://github.com/HTNam1710/ADS_Final/blob/main/Data/diem_chuan_2024_final.csv
IUH,7340115C,Marketing,7340115,2024,https://github.com/HTNam1710/ADS_Final/blob/main/Data/diem_chuan_2024_final.csv
IUH,7340120,Kinh doanh quốc tế,7340120,2024,https://github.com/HTNam1710/ADS_Final/blob/main/Data/diem_chuan_2024_final.csv
IUH,7340120C,Kinh doanh quốc tế,7340120,2024,https://github.com/HTNam1710/ADS_Final/blob/main/Data/diem_chuan_2024_final.csv
IUH,7340122,Thương mại điện tử,7340122,2024,https://github.com/HTNam1710/ADS_Final/blob/main/Data/diem_chuan_2024_final.csv
IUH,7340122C,Thương mại điện tử,7340122,2024,https://github.com/HTNam1710/ADS_Final/blob/main/Data/diem_chuan_2024_final.csv
IUH,7340201,Tài chính ngân hàng gồm 02 chuyên ngành: Ngân hàng; Tài chính,7340201,2024,https://github.com/HTNam1710/ADS_Final/blob/main/Data/diem_chuan_2024_final.csv
IUH,7340201C,Tài chính ngân hàng gồm 02 chuyên ngành: Ngân hàng; Tài chính,7340201,2024,https://github.com/HTNam1710/ADS_Final/blob/main/Data/diem_chuan_2024_final.csv
IUH,7340301,Kế toán gồm 02 chuyên ngành: Kế toán; Thuế,7340301,2024,https://github.com/HTNam1710/ADS_Final/blob/main/Data/diem_chuan_2024_final.csv
IUH,7340301C,Kế toán gồm 02 chuyên ngành: Kế toán; Thuế,7340301,2024,https://github.com/HTNam1710/ADS_Final/blob/main/Data/diem_chuan_2024_final.csv
IUH,7340301Q,Kế toán tích hợp chứng chỉ quốc tế Advanced Diploma in Accounting & Business của Hiệp hội Kế toán công chứng Anh (ACCA),7340301,2024,https://github.com/HTNam1710/ADS_Final/blob/main/Data/diem_chuan_2024_final.csv
IUH,7340302,Kiểm toán gồm 02 chuyên ngành: Kiểm toán; Phân tích kinh doanh.,7340302,2024,https://github.com/HTNam1710/ADS_Final/blob/main/Data/diem_chuan_2024_final.csv
IUH,7340302C,Kiếm toán gồm 02 chuyên ngành: Kiểm toán; Phân tích kinh doanh.,7340302,2024,https://github.com/HTNam1710/ADS_Final/blob/main/Data/diem_chuan_2024_final.csv
IUH,7340302Q,Kiểm toán tích hợp chứng chỉ quốc tế CFAB cùa Viện Kế toán Công chứng Anh và xứ Wales (ICAEW),7340302,2024,https://github.com/HTNam1710/ADS_Final/blob/main/Data/diem_chuan_2024_final.csv
IUH,7380107,Luật kinh tế,7380107,2024,https://github.com/HTNam1710/ADS_Final/blob/main/Data/diem_chuan_2024_final.csv
IUH,7380107C,Luật kinh tế,7380107,2024,https://github.com/HTNam1710/ADS_Final/blob/main/Data/diem_chuan_2024_final.csv
IUH,7380108,Luật quốc tế,7380108,2024,https://github.com/HTNam1710/ADS_Final/blob/main/Data/diem_chuan_2024_final.csv
IUH,7380108C,Luật quốc tế,7380108,2024,https://github.com/HTNam1710/ADS_Final/blob/main/Data/diem_chuan_2024_final.csv
IUH,7420201,Công nghệ sinh học gồm 03 chuyên ngành: Công nghệ sinh học y dược; Công nghệ sinh học nông nghiệp; Công nghệ sinh học thẩm mĩ,7420201,2024,https://github.com/HTNam1710/ADS_Final/blob/main/Data/diem_chuan_2024_final.csv
IUH,7420201C,Công nghệ sinh học gồm 03 chuyên ngành: Công nghệ sinh học y dược; Công nghệ sinh học nông nghiệp; Công nghệ sinh học thẩm mĩ,7420201,2024,https://github.com/HTNam1710/ADS_Final/blob/main/Data/diem_chuan_2024_final.csv
IUH,7460108,Chuyên ngành Khoa học dữ liệu thuộc ngành Khoa học máy tính,7460108,2024,https://github.com/HTNam1710/ADS_Final/blob/main/Data/diem_chuan_2024_final.csv
IUH,7480108,Kỹ thuật máy tính gồm 02 chuyên ngành: Công nghệ kỹ thuật máy tính; Công nghệ kỹ thuật vi mạch,7480108,2024,https://github.com/HTNam1710/ADS_Final/blob/main/Data/diem_chuan_2024_final.csv
IUH,7480108C,Kỹ thuật máy tính gồm 02 chuyên ngành: Công nghệ kỹ thuật máy tính; Công nghệ kỹ thuật vi mạch,7480108,2024,https://github.com/HTNam1710/ADS_Final/blob/main/Data/diem_chuan_2024_final.csv
IUH,7480201,Nhóm ngành Công nghệ thông tin gồm 04 ngành và 01 chuyên ngành: Công nghệ thông tin; Kỹ thuật phần mềm; Khoa học máy tính; Hệ thống thông tin; Chuyên ngành: Quản lý đô thị thông minh và bền vững,7480201,2024,https://github.com/HTNam1710/ADS_Final/blob/main/Data/diem_chuan_2024_final.csv
IUH,7480201C,Nhóm ngành Công nghệ thông tin Chương trình tăng cường tiếng Anh gồm 04 ngành: Công nghệ thông tin; Kỹ thuật phần mềm; Khoa học máy tính; Hệ thống thông tin.,7480201,2024,https://github.com/HTNam1710/ADS_Final/blob/main/Data/diem_chuan_2024_final.csv
IUH,7510201,Công nghệ kỹ thuật cơ khí,7510201,2024,https://github.com/HTNam1710/ADS_Final/blob/main/Data/diem_chuan_2024_final.csv
IUH,7510201C,Công nghệ kỹ thuật cơ khí,7510201,2024,https://github.com/HTNam1710/ADS_Final/blob/main/Data/diem_chuan_2024_final.csv
IUH,7510202,Công nghệ chế tạo máy,7510202,2024,https://github.com/HTNam1710/ADS_Final/blob/main/Data/diem_chuan_2024_final.csv
IUH,7510202C,Công nghệ chế tạo máy,7510202,2024,https://github.com/HTNam1710/ADS_Final/blob/main/Data/diem_chuan_2024_final.csv
IUH,7510203,Công nghệ kỹ thuật cơ điện tử,7510203,2024,https://github.com/HTNam1710/ADS_Final/blob/main/Data/diem_chuan_2024_final.csv
IUH,7510203C,Công nghệ kỹ thuật cơ điện tử,7510203,2024,https://github.com/HTNam1710/ADS_Final/blob/main/Data/diem_chuan_2024_final.csv
IUH,7510205,Công nghệ kỹ thuật ô tô gồm 02 chuyên ngành: Công nghệ kỹ thuật ô tô; Công nghệ kỹ thuật ô tô điện,7510205,2024,https://github.com/HTNam1710/ADS_Final/blob/main/Data/diem_chuan_2024_final.csv
IUH,7510205C,Công nghệ kỹ thuật ô tô gồm 02 chuyên ngành: Công nghệ kỹ thuật ô tô; Công nghệ kỹ thuật ô tô điện,7510205,2024,https://github.com/HTNam1710/ADS_Final/blob/main/Data/diem_chuan_2024_final.csv
IUH,7510206,Công nghệ kỹ thuật nhiệt gồm 02 chuyên ngành: Công nghệ kỹ thuật nhiệt; Công nghệ kỹ thuật năng lượng,7510206,2024,https://github.com/HTNam1710/ADS_Final/blob/main/Data/diem_chuan_2024_final.csv
IUH,7510206C,Công nghệ kỹ thuật nhiệt gồm 02 chuyên ngành: Công nghệ kỹ thuật nhiệt; Công nghệ kỹ thuật năng lượng,7510206,2024,https://github.com/HTNam1710/ADS_Final/blob/main/Data/diem_chuan_2024_final.csv
IUH,7510301,Công nghệ kỹ thuật điện; điện tử gồm 02 chuyên ngành: Công nghệ kỹ thuật điện; điện tử; Năng lượng tái tạo,7510301,2024,https://github.com/HTNam1710/ADS_Final/blob/main/Data/diem_chuan_2024_final.csv
IUH,7510301C,Công nghệ kỹ thuật điện; điện tử gồm 02 chuyền ngành: Công nghệ kỹ thuật điện; điện tử; Năng lượng tái tạo,7510301,2024,https://github.com/HTNam1710/ADS_Final/blob/main/Data/diem_chuan_2024_final.csv
IUH,7510302,Công nghệ kỹ thuật điện tử - viễn thông gồm 03 chuyên ngành: Điện tử công nghiệp; Điện tử viễn thông; IOT và Trí tuệ nhân tạo ứng dụng,7510302,2024,https://github.com/HTNam1710/ADS_Final/blob/main/Data/diem_chuan_2024_final.csv
IUH,7510302C,Công nghệ kỹ thuật điện tử - viễn thông Chương trình tăng cường tiếng Anh gồm 02 chuyên ngành: Điện tử công nghiệp; Điện tử viễn thông,7510302,2024,https://github.com/HTNam1710/ADS_Final/blob/main/Data/diem_chuan_2024_final.csv
IUH,7510303,Tự động hóa gồm 02 chuyên ngành: Công nghệ kỹ thuật điều khiển và tự động hóa; Robot và hệ thống điều khiển thông minh,7510303,2024,https://github.com/HTNam1710/ADS_Final/blob/main/Data/diem_chuan_2024_final.csv
IUH,7510303C,Tự động hóa gồm 02 chuyên ngành: Công nghệ kỹ thuật điều khiển và tự động hóa; Robot và hệ thống điều khiển thông minh,7510303,2024,https://github.com/HTNam1710/ADS_Final/blob/main/Data/diem_chuan_2024_final.csv
IUH,7510401,Công nghệ hóa học gồm 03 chuyên ngành: Công nghệ kỹ thuật hóa học; Kỹ thuật hóa phân tích; Hóa dược.,7510401,2024,https://github.com/HTNam1710/ADS_Final/blob/main/Data/diem_chuan_2024_final.csv
IUH,7510401C,Công nghệ hóa học gồm 03 chuyên ngành: Công nghệ kỹ thuật hóa học; Kỹ thuật hóa phân tích; Hóa dược.,7510401,2024,https://github.com/HTNam1710/ADS_Final/blob/main/Data/diem_chuan_2024_final.csv
IUH,7510406,Công nghệ kỹ thuật môi trường,7510406,2024,https://github.com/HTNam1710/ADS_Final/blob/main/Data/diem_chuan_2024_final.csv
IUH,7540101,Công nghệ thực phẩm,7540101,2024,https://github.com/HTNam1710/ADS_Final/blob/main/Data/diem_chuan_2024_final.csv
IUH,7540101C,Công nghệ thực phẩm,7540101,2024,https://github.com/HTNam1710/ADS_Final/blob/main/Data/diem_chuan_2024_final.csv
IUH,7540106,Đảm bảo chất lượng và An toàn thực phẩm,7540106,2024,https://github.com/HTNam1710/ADS_Final/blob/main/Data/diem_chuan_2024_final.csv
IUH,7540204,"Công nghệ dệt, may",7540204,2024,https://github.com/HTNam1710/ADS_Final/blob/main/Data/diem_chuan_2024_final.csv
IUH,7580201,Kỹ thuật xây dựng,7580201,2024,https://github.com/HTNam1710/ADS_Final/blob/main/Data/diem_chuan_2024_final.csv
IUH,7580205,Kỹ thuật xây dựng công trình giao thông,7580205,2024,https://github.com/HTNam1710/ADS_Final/blob/main/Data/diem_chuan_2024_final.csv
IUH,7580302,Quản lý xây dựng,7580302,2024,https://github.com/HTNam1710/ADS_Final/blob/main/Data/diem_chuan_2024_final.csv
IUH,7720201,Dược học,7720201,2024,https://github.com/HTNam1710/ADS_Final/blob/main/Data/diem_chuan_2024_final.csv
IUH,7720497,Dinh dưỡng và Khoa học thực phẩm,7720497,2024,https://github.com/HTNam1710/ADS_Final/blob/main/Data/diem_chuan_2024_final.csv
IUH,7810103,Quản trị dịch vụ du lịch và lữ hành,7810103,2024,https://github.com/HTNam1710/ADS_Final/blob/main/Data/diem_chuan_2024_final.csv
IUH,7810103C,Quản trị dịch vụ du lịch và lữ hành,7810103,2024,https://github.com/HTNam1710/ADS_Final/blob/main/Data/diem_chuan_2024_final.csv
IUH,7850101,Quản lý tài nguyên và môi trường,7850101,2024,https://github.com/HTNam1710/ADS_Final/blob/main/Data/diem_chuan_2024_final.csv
IUH,7850103,Ngành Quản lý đất đai gồm 02 chuyên ngành: Quán lý đất đai; Kinh tế tài nguyên thiên nhiên.,7850103,2024,https://github.com/HTNam1710/ADS_Final/blob/main/Data/diem_chuan_2024_final.csv
HPN,7310101,Kinh tế,7310101,2024,https://github.com/HTNam1710/ADS_Final/blob/main/Data/diem_chuan_2024_final.csv
HPN,7310109,Kinh tế số,7310109,2024,https://github.com/HTNam1710/ADS_Final/blob/main/Data/diem_chuan_2024_final.csv
HPN,7310399,Giới và Phát triển,7310399,2024,https://github.com/HTNam1710/ADS_Final/blob/main/Data/diem_chuan_2024_final.csv
HPN,7310401,Tâm lý học,7310401,2024,https://github.com/HTNam1710/ADS_Final/blob/main/Data/diem_chuan_2024_final.csv
HPN,7320104,Truyền thông đa phương tiện,7320104,2024,https://github.com/HTNam1710/ADS_Final/blob/main/Data/diem_chuan_2024_final.csv
HPN,7340101,Quản trị kinh doanh,7340101,2024,https://github.com/HTNam1710/ADS_Final/blob/main/Data/diem_chuan_2024_final.csv
HPN,7340101TA,Quản trị kinh doanh (chương trình đào tạo bằng tiếng Anh),7340101,2024,https://github.com/HTNam1710/ADS_Final/blob/main/Data/diem_chuan_2024_final.csv
HPN,7380101,Luật,7380101,2024,https://github.com/HTNam1710/ADS_Final/blob/main/Data/diem_chuan_2024_final.csv
HPN,7380107,Luật kinh tế,7380107,2024,https://github.com/HTNam1710/ADS_Final/blob/main/Data/diem_chuan_2024_final.csv
HPN,7480201,Công nghệ thông tin,7480201,2024,https://github.com/HTNam1710/ADS_Final/blob/main/Data/diem_chuan_2024_final.csv
HPN,7760101,Công tác xã hội,7760101,2024,https://github.com/HTNam1710/ADS_Final/blob/main/Data/diem_chuan_2024_final.csv
HPN,7810103,Quản trị dịch vụ Du lịch và lữ hành,7810103,2024,https://github.com/HTNam1710/ADS_Final/blob/main/Data/diem_chuan_2024_final.csv
DKH,7420201,Công nghệ sinh học,7420201,2024,https://github.com/HTNam1710/ADS_Final/blob/main/Data/diem_chuan_2024_final.csv
DKH,7440112,Hóa học,7440112,2024,https://github.com/HTNam1710/ADS_Final/blob/main/Data/diem_chuan_2024_final.csv
DKH,7720201,Dược học,7720201,2024,https://github.com/HTNam1710/ADS_Final/blob/main/Data/diem_chuan_2024_final.csv
DKH,7720203,Hóa dược,7720203,2024,https://github.com/HTNam1710/ADS_Final/blob/main/Data/diem_chuan_2024_final.csv
ANH,7480201,Ngành Công nghệ thông tin,7480201,2024,https://github.com/HTNam1710/ADS_Final/blob/main/Data/diem_chuan_2024_final.csv
ANH,7720101,Ngành Y khoa (gửi đào tạo tại Học viện Quân y),7720101,2024,https://github.com/HTNam1710/ADS_Final/blob/main/Data/diem_chuan_2024_final.csv
ANH,7860100,Ngành Nghiệp vụ an ninh,7860100,2024,https://github.com/HTNam1710/ADS_Final/blob/main/Data/diem_chuan_2024_final.csv
ANH,7860114,Ngành An ninh mạng và phòng chống tội phạm công nghệ cao,7860114,2024,https://github.com/HTNam1710/ADS_Final/blob/main/Data/diem_chuan_2024_final.csv
DKY,7720101,Y khoa,7720101,2024,https://github.com/HTNam1710/ADS_Final/blob/main/Data/diem_chuan_2024_final.csv
DKY,7720301,Điều dưỡng,7720301,2024,https://github.com/HTNam1710/ADS_Final/blob/main/Data/diem_chuan_2024_final.csv
DKY,7720601,Kỹ thuật xét nghiệm y học,7720601,2024,https://github.com/HTNam1710/ADS_Final/blob/main/Data/diem_chuan_2024_final.csv
DKY,7720602,Kỹ thuật Hình ảnh y học,7720602,2024,https://github.com/HTNam1710/ADS_Final/blob/main/Data/diem_chuan_2024_final.csv
DKY,7720603,Kỹ thuật phục hồi chức năng,7720603,2024,https://github.com/HTNam1710/ADS_Final/blob/main/Data/diem_chuan_2024_final.csv
GTS,7220201,Ngôn ngữ Anh,7220201,2024,https://github.com/HTNam1710/ADS_Final/blob/main/Data/diem_chuan_2024_final.csv
GTS,7220201E,Ngôn ngữ Anh (chuyên ngành Tiếng Anh thương mại; logistics và vận tải quốc tế) - Chương trình học hoàn toàn bằng tiếng Anh,7220201,2024,https://github.com/HTNam1710/ADS_Final/blob/main/Data/diem_chuan_2024_final.csv
GTS,7340405A,Hệ thống thông tin quản lý - Chương trình tiên tiến,7340405,2024,https://github.com/HTNam1710/ADS_Final/blob/main/Data/diem_chuan_2024_final.csv
GTS,7380101,Luật,7380101,2024,https://github.com/HTNam1710/ADS_Final/blob/main/Data/diem_chuan_2024_final.csv
GTS,7460108A,Khoa học dữ liệu - Chương trình tiên tiến,7460108,2024,https://github.com/HTNam1710/ADS_Final/blob/main/Data/diem_chuan_2024_final.csv
GTS,7480102A,Mạng máy tính và truyền thông dữ liệu - Chương trình tiên tiến,7480102,2024,https://github.com/HTNam1710/ADS_Final/blob/main/Data/diem_chuan_2024_final.csv
GTS,748020101A,Công nghệ thông tin - Chương trình tiên tiến,7480201,2024,https://github.com/HTNam1710/ADS_Final/blob/main/Data/diem_chuan_2024_final.csv
GTS,748020101E,Công nghệ thông tin - Chương trình học hoàn toàn bằng tiếng Anh,7480201,2024,https://github.com/HTNam1710/ADS_Final/blob/main/Data/diem_chuan_2024_final.csv
GTS,748020104A,Công nghệ thông tin (chuyên ngành Khoa học dữ liệu và AI) - Chương trình tiên tiến,7480201,2024,https://github.com/HTNam1710/ADS_Final/blob/main/Data/diem_chuan_2024_final.csv
GTS,748020105A,Công nghệ thông tin (chuyên ngành Smart logistics) - Chương trình tiên tiến,7480201,2024,https://github.com/HTNam1710/ADS_Final/blob/main/Data/diem_chuan_2024_final.csv
GTS,748020106A,Công nghệ thông tin (chuyên ngành Công nghệ ô tô số) - Chương trình tiên tiến,7480201,2024,https://github.com/HTNam1710/ADS_Final/blob/main/Data/diem_chuan_2024_final.csv
GTS,7510104A,Công nghệ kỹ thuật giao thông (chuyên ngành Quy hoạch và quản lý giao thông; Logistics và hạ tầng giao thông) - Chương trình tiên tiến,7510104,2024,https://github.com/HTNam1710/ADS_Final/blob/main/Data/diem_chuan_2024_final.csv
GTS,7510201A,Công nghệ kỹ thuật cơ khí - Chương trình tiên tiến,7510201,2024,https://github.com/HTNam1710/ADS_Final/blob/main/Data/diem_chuan_2024_final.csv
GTS,7510205A,Công nghệ kỹ thuật ô tô - Chương trình tiên tiến,7510205,2024,https://github.com/HTNam1710/ADS_Final/blob/main/Data/diem_chuan_2024_final.csv
GTS,7510303A,Công nghệ kỹ thuật điều khiển và tự động hóa - Chương trình tiên tiến,7510303,2024,https://github.com/HTNam1710/ADS_Final/blob/main/Data/diem_chuan_2024_final.csv
GTS,7510605A,Logistics và quản lý chuỗi cung ứng - Chương trình tiên tiến,7510605,2024,https://github.com/HTNam1710/ADS_Final/blob/main/Data/diem_chuan_2024_final.csv
GTS,7510605E,Logistics và quản lý chuỗi cung ứng - Chương trình học hoàn toàn bằng tiếng Anh,7510605,2024,https://github.com/HTNam1710/ADS_Final/blob/main/Data/diem_chuan_2024_final.csv
GTS,7520103A,Kỹ thuật cơ khí- Chương trình tiên tiến,7520103,2024,https://github.com/HTNam1710/ADS_Final/blob/main/Data/diem_chuan_2024_final.csv
GTS,7520122,Kỹ thuật tàu thủy,7520122,2024,https://github.com/HTNam1710/ADS_Final/blob/main/Data/diem_chuan_2024_final.csv
GTS,7520130A,Kỹ thuật ô tô - Chương trình tiên tiến,7520130,2024,https://github.com/HTNam1710/ADS_Final/blob/main/Data/diem_chuan_2024_final.csv
GTS,7520201,Kỹ thuật điện,7520201,2024,https://github.com/HTNam1710/ADS_Final/blob/main/Data/diem_chuan_2024_final.csv
GTS,7520207A,Kỹ thuật điện tử - viễn thông - Chương trình tiên tiến,7520207,2024,https://github.com/HTNam1710/ADS_Final/blob/main/Data/diem_chuan_2024_final.csv
GTS,7520216A,Kỹ thuật điều khiển và tự động hóa - Chương trình tiên tiến,7520216,2024,https://github.com/HTNam1710/ADS_Final/blob/main/Data/diem_chuan_2024_final.csv
GTS,7520320,Kỹ thuật môi trường,7520320,2024,https://github.com/HTNam1710/ADS_Final/blob/main/Data/diem_chuan_2024_final.csv
GTS,7580201,Kỹ thuật xây dựng,7580201,2024,https://github.com/HTNam1710/ADS_Final/blob/main/Data/diem_chuan_2024_final.csv
GTS,7580202,Kỹ thuật xây dựng công trình thủy,7580202,2024,https://github.com/HTNam1710/ADS_Final/blob/main/Data/diem_chuan_2024_final.csv
GTS,7580205,Kỹ thuật xây dựng công trình giao thông,7580205,2024,https://github.com/HTNam1710/ADS_Final/blob/main/Data/diem_chuan_2024_final.csv
GTS,758030101A,Kinh tế xây dựng (chuyên ngành Kinh tế xây dựng) - Chương trình tiên tiến,7580301,2024,https://github.com/HTNam1710/ADS_Final/blob/main/Data/diem_chuan_2024_final.csv
GTS,758030103A,Kinh tế xây dựng (chuyên ngành Kinh tế và quản lý bất động sản) - Chương trình tiên tiến,7580301,2024,https://github.com/HTNam1710/ADS_Final/blob/main/Data/diem_chuan_2024_final.csv
GTS,7580302A,Quản lý xây dựng - Chương trình tiên tiến,7580302,2024,https://github.com/HTNam1710/ADS_Final/blob/main/Data/diem_chuan_2024_final.csv
GTS,784010101A,Khai thác vận tải (chuyên ngành Quản trị logistics và vận tải đa phương thức) - Chương trình tiên tiến,7840101,2024,https://github.com/HTNam1710/ADS_Final/blob/main/Data/diem_chuan_2024_final.csv
GTS,784010102A,Khai thác vận tải - Chương trình tiên tiến,7840101,2024,https://github.com/HTNam1710/ADS_Final/blob/main/Data/diem_chuan_2024_final.csv
GTS,784010401A,Kinh tế vận tải (chuyên ngành Kinh tế vận tải biển) - Chương trình tiên tiến,7840104,2024,https://github.com/HTNam1710/ADS_Final/blob/main/Data/diem_chuan_2024_final.csv
GTS,784010402A,Kinh tế vận tải (chuyên ngành Kinh tế vận tải hàng không) - Chương trình tiên tiến,7840104,2024,https://github.com/HTNam1710/ADS_Final/blob/main/Data/diem_chuan_2024_final.csv
GTS,7840106,Khoa học hàng hải (chuyên ngành Kỹ thuật điện; điện tử và điều khiển; Cơ điện tử),7840106,2024,https://github.com/HTNam1710/ADS_Final/blob/main/Data/diem_chuan_2024_final.csv
GTS,784010604A,Khoa học hàng hải (chuyên ngành Quản lý hàng hải) - Chương trình tiên tiến,7840106,2024,https://github.com/HTNam1710/ADS_Final/blob/main/Data/diem_chuan_2024_final.csv
GTS,784010606,Khoa học hàng hải (chuyên ngành Điều khiển và quản lý tàu biển),7840106,2024,https://github.com/HTNam1710/ADS_Final/blob/main/Data/diem_chuan_2024_final.csv
GTS,784010607,Khoa học hàng hải (chuyên ngành Khai thác máy tàu thủy và quản lý kỹ thuật),7840106,2024,https://github.com/HTNam1710/ADS_Final/blob/main/Data/diem_chuan_2024_final.csv
GTS,784010609A,Khoa học hàng hải (chuyên ngành Quản lý cảng và logistics) - Chương trình tiên tiến,7840106,2024,https://github.com/HTNam1710/ADS_Final/blob/main/Data/diem_chuan_2024_final.csv
HYD,7720101,Y khoa,7720101,2024,https://github.com/HTNam1710/ADS_Final/blob/main/Data/diem_chuan_2024_final.csv
HYD,7720115,Y học cổ truyền,7720115,2024,https://github.com/HTNam1710/ADS_Final/blob/main/Data/diem_chuan_2024_final.csv
HYD,7720201,Dược học,7720201,2024,https://github.com/HTNam1710/ADS_Final/blob/main/Data/diem_chuan_2024_final.csv
CSH,7860100,Nhóm ngành nghiệp vụ Cảnh sát,7860100,2024,https://github.com/HTNam1710/ADS_Final/blob/main/Data/diem_chuan_2024_final.csv
DKK,7220201DKD,Ngôn ngữ Anh,7220201,2024,https://github.com/HTNam1710/ADS_Final/blob/main/Data/diem_chuan_2024_final.csv
DKK,7220201DKK,Ngôn ngữ Anh,7220201,2024,https://github.com/HTNam1710/ADS_Final/blob/main/Data/diem_chuan_2024_final.csv
DKK,7340101DKD,Quản trị kinh doanh,7340101,2024,https://github.com/HTNam1710/ADS_Final/blob/main/Data/diem_chuan_2024_final.csv
DKK,7340101DKK,Quản trị kinh doanh,7340101,2024,https://github.com/HTNam1710/ADS_Final/blob/main/Data/diem_chuan_2024_final.csv
DKK,7340115DKD,Marketing,7340115,2024,https://github.com/HTNam1710/ADS_Final/blob/main/Data/diem_chuan_2024_final.csv
DKK,7340115DKK,Marketing,7340115,2024,https://github.com/HTNam1710/ADS_Final/blob/main/Data/diem_chuan_2024_final.csv
DKK,7340121DKD,Kinh doanh thương mại,7340121,2024,https://github.com/HTNam1710/ADS_Final/blob/main/Data/diem_chuan_2024_final.csv
DKK,7340121DKK,Kinh doanh thương mại,7340121,2024,https://github.com/HTNam1710/ADS_Final/blob/main/Data/diem_chuan_2024_final.csv
DKK,7340201DKD,Tài chính - Ngân hàng,7340201,2024,https://github.com/HTNam1710/ADS_Final/blob/main/Data/diem_chuan_2024_final.csv
DKK,7340201DKK,Tài chính - Ngân hàng,7340201,2024,https://github.com/HTNam1710/ADS_Final/blob/main/Data/diem_chuan_2024_final.csv
DKK,7340204DKD,Bảo hiểm,7340204,2024,https://github.com/HTNam1710/ADS_Final/blob/main/Data/diem_chuan_2024_final.csv
DKK,7340204DKK,Bảo hiểm,7340204,2024,https://github.com/HTNam1710/ADS_Final/blob/main/Data/diem_chuan_2024_final.csv
DKK,7340301DKD,Kế toán,7340301,2024,https://github.com/HTNam1710/ADS_Final/blob/main/Data/diem_chuan_2024_final.csv
DKK,7340301DKK,Kế toán,7340301,2024,https://github.com/HTNam1710/ADS_Final/blob/main/Data/diem_chuan_2024_final.csv
DKK,7340302DKD,Kiểm toán,7340302,2024,https://github.com/HTNam1710/ADS_Final/blob/main/Data/diem_chuan_2024_final.csv
DKK,7340302DKK,Kiểm toán,7340302,2024,https://github.com/HTNam1710/ADS_Final/blob/main/Data/diem_chuan_2024_final.csv
DKK,7460108DKD,Khoa học dữ liệu,7460108,2024,https://github.com/HTNam1710/ADS_Final/blob/main/Data/diem_chuan_2024_final.csv
DKK,7460108DKK,Khoa học dữ liệu,7460108,2024,https://github.com/HTNam1710/ADS_Final/blob/main/Data/diem_chuan_2024_final.csv
DKK,7480102DKD,Mạng máy tính và truyền thông dữ liệu,7480102,2024,https://github.com/HTNam1710/ADS_Final/blob/main/Data/diem_chuan_2024_final.csv
DKK,7480102DKK,Mạng máy tính và truyền thông dữ liệu,7480102,2024,https://github.com/HTNam1710/ADS_Final/blob/main/Data/diem_chuan_2024_final.csv
DKK,7480108DKD,Công nghệ kỹ thuật máy tính,7480108,2024,https://github.com/HTNam1710/ADS_Final/blob/main/Data/diem_chuan_2024_final.csv
DKK,7480108DKK,Công nghệ kỹ thuật máy tính,7480108,2024,https://github.com/HTNam1710/ADS_Final/blob/main/Data/diem_chuan_2024_final.csv
DKK,7480201DKD,Công nghệ thông tin,7480201,2024,https://github.com/HTNam1710/ADS_Final/blob/main/Data/diem_chuan_2024_final.csv
DKK,7480201DKK,Công nghệ thông tin,7480201,2024,https://github.com/HTNam1710/ADS_Final/blob/main/Data/diem_chuan_2024_final.csv
DKK,7510201DKD,Công nghệ kỹ thuật cơ khí,7510201,2024,https://github.com/HTNam1710/ADS_Final/blob/main/Data/diem_chuan_2024_final.csv
DKK,7510201DKK,Công nghệ kỹ thuật cơ khí,7510201,2024,https://github.com/HTNam1710/ADS_Final/blob/main/Data/diem_chuan_2024_final.csv
DKK,7510203DKD,Công nghệ kỹ thuật cơ điện tử,7510203,2024,https://github.com/HTNam1710/ADS_Final/blob/main/Data/diem_chuan_2024_final.csv
DKK,7510203DKK,Công nghệ kỹ thuật cơ điện tử,7510203,2024,https://github.com/HTNam1710/ADS_Final/blob/main/Data/diem_chuan_2024_final.csv
DKK,7510205DKD,Công nghệ kỹ thuật Ô tô,7510205,2024,https://github.com/HTNam1710/ADS_Final/blob/main/Data/diem_chuan_2024_final.csv
DKK,7510205DKK,Công nghệ kỹ thuật Ô tô,7510205,2024,https://github.com/HTNam1710/ADS_Final/blob/main/Data/diem_chuan_2024_final.csv
DKK,7510301DKD,"Công nghệ kỹ thuật điện, điện tử",7510301,2024,https://github.com/HTNam1710/ADS_Final/blob/main/Data/diem_chuan_2024_final.csv
DKK,7510301DKK,"Công nghệ kỹ thuật điện, điện tử",7510301,2024,https://github.com/HTNam1710/ADS_Final/blob/main/Data/diem_chuan_2024_final.csv
DKK,7510302DKD,Công nghệ kỹ thuật điện tử - viễn thông,7510302,2024,https://github.com/HTNam1710/ADS_Final/blob/main/Data/diem_chuan_2024_final.csv
DKK,7510302DKK,Công nghệ kỹ thuật điện tử - viễn thông,7510302,2024,https://github.com/HTNam1710/ADS_Final/blob/main/Data/diem_chuan_2024_final.csv
DKK,7510303DKD,CNKT điều khiển và tự động hoá,7510303,2024,https://github.com/HTNam1710/ADS_Final/blob/main/Data/diem_chuan_2024_final.csv
DKK,7510303DKK,CNKT điều khiển và tự động hoá,7510303,2024,https://github.com/HTNam1710/ADS_Final/blob/main/Data/diem_chuan_2024_final.csv
DKK,7510605DKD,Logistic và Quản lý chuỗi cung ứng,7510605,2024,https://github.com/HTNam1710/ADS_Final/blob/main/Data/diem_chuan_2024_final.csv
DKK,7510605DKK,Logistic và Quản lý chuỗi cung ứng,7510605,2024,https://github.com/HTNam1710/ADS_Final/blob/main/Data/diem_chuan_2024_final.csv
DKK,7540101DKD,Công nghệ thực phẩm,7540101,2024,https://github.com/HTNam1710/ADS_Final/blob/main/Data/diem_chuan_2024_final.csv
DKK,7540101DKK,Công nghệ thực phẩm,7540101,2024,https://github.com/HTNam1710/ADS_Final/blob/main/Data/diem_chuan_2024_final.csv
DKK,7540202DKD,"Công nghệ sợi, dệt",7540202,2024,https://github.com/HTNam1710/ADS_Final/blob/main/Data/diem_chuan_2024_final.csv
DKK,7540202DKK,"Công nghệ sợi, dệt",7540202,2024,https://github.com/HTNam1710/ADS_Final/blob/main/Data/diem_chuan_2024_final.csv
DKK,7540204DKD,"Công nghệ dệt, may",7540204,2024,https://github.com/HTNam1710/ADS_Final/blob/main/Data/diem_chuan_2024_final.csv
DKK,7540204DKK,"Công nghệ dệt, may",7540204,2024,https://github.com/HTNam1710/ADS_Final/blob/main/Data/diem_chuan_2024_final.csv
DKK,7810103DKD,Quản trị dịch vụ du lịch và lữ hành,7810103,2024,https://github.com/HTNam1710/ADS_Final/blob/main/Data/diem_chuan_2024_final.csv
DKK,7810103DKK,Quản trị dịch vụ du lịch và lữ hành,7810103,2024,https://github.com/HTNam1710/ADS_Final/blob/main/Data/diem_chuan_2024_final.csv
DKK,7810201DKD,Quản trị khách sạn,7810201,2024,https://github.com/HTNam1710/ADS_Final/blob/main/Data/diem_chuan_2024_final.csv
DKK,7810201DKK,Quản trị khách sạn,7810201,2024,https://github.com/HTNam1710/ADS_Final/blob/main/Data/diem_chuan_2024_final.csv
DCT,7220201,Ngôn ngữ Anh,7220201,2024,https://github.com/HTNam1710/ADS_Final/blob/main/Data/diem_chuan_2024_final.csv
DCT,7220204,Ngôn ngữ Trung Quốc,7220204,2024,https://github.com/HTNam1710/ADS_Final/blob/main/Data/diem_chuan_2024_final.csv
DCT,7340101,Quản trị kinh doanh,7340101,2024,https://github.com/HTNam1710/ADS_Final/blob/main/Data/diem_chuan_2024_final.csv
DCT,7340115,Marketing,7340115,2024,https://github.com/HTNam1710/ADS_Final/blob/main/Data/diem_chuan_2024_final.csv
DCT,7340120,Kinh doanh quốc tế,7340120,2024,https://github.com/HTNam1710/ADS_Final/blob/main/Data/diem_chuan_2024_final.csv
DCT,7340122,Thương mại điện tử,7340122,2024,https://github.com/HTNam1710/ADS_Final/blob/main/Data/diem_chuan_2024_final.csv
DCT,7340123,Kinh doanh thời trang và Dệt may,7340123,2024,https://github.com/HTNam1710/ADS_Final/blob/main/Data/diem_chuan_2024_final.csv
DCT,7340129,Quản trị kinh doanh thực phẩm,7340129,2024,https://github.com/HTNam1710/ADS_Final/blob/main/Data/diem_chuan_2024_final.csv
DCT,7340201,Tài chính ngân hàng,7340201,2024,https://github.com/HTNam1710/ADS_Final/blob/main/Data/diem_chuan_2024_final.csv
DCT,7340205,Công nghệ tài chính,7340205,2024,https://github.com/HTNam1710/ADS_Final/blob/main/Data/diem_chuan_2024_final.csv
DCT,7340301,Kế toán,7340301,2024,https://github.com/HTNam1710/ADS_Final/blob/main/Data/diem_chuan_2024_final.csv
DCT,7380107,Luật kinh tế,7380107,2024,https://github.com/HTNam1710/ADS_Final/blob/main/Data/diem_chuan_2024_final.csv
DCT,7420201,Công nghệ sinh học,7420201,2024,https://github.com/HTNam1710/ADS_Final/blob/main/Data/diem_chuan_2024_final.csv
DCT,7460108,Khoa học dữ liệu,7460108,2024,https://github.com/HTNam1710/ADS_Final/blob/main/Data/diem_chuan_2024_final.csv
DCT,7480201,Công nghệ thông tin,7480201,2024,https://github.com/HTNam1710/ADS_Final/blob/main/Data/diem_chuan_2024_final.csv
DCT,7480202,An toàn thông tin,7480202,2024,https://github.com/HTNam1710/ADS_Final/blob/main/Data/diem_chuan_2024_final.csv
DCT,7510202,Công nghệ chế tạo máy,7510202,2024,https://github.com/HTNam1710/ADS_Final/blob/main/Data/diem_chuan_2024_final.csv
DCT,7510203,Công nghệ kỹ thuật - cơ điện tử,7510203,2024,https://github.com/HTNam1710/ADS_Final/blob/main/Data/diem_chuan_2024_final.csv
DCT,7510301,Công nghệ kỹ thuật Điện;Điện tử,7510301,2024,https://github.com/HTNam1710/ADS_Final/blob/main/Data/diem_chuan_2024_final.csv
DCT,7510303,Công nghệ kỹ thuật điều khiển và tự động hóa,7510303,2024,https://github.com/HTNam1710/ADS_Final/blob/main/Data/diem_chuan_2024_final.csv
DCT,7510401,Công nghệ kỹ thuật hóa học,7510401,2024,https://github.com/HTNam1710/ADS_Final/blob/main/Data/diem_chuan_2024_final.csv
DCT,7510406,Công nghệ kỹ thuật môi trường,7510406,2024,https://github.com/HTNam1710/ADS_Final/blob/main/Data/diem_chuan_2024_final.csv
DCT,7510605,Logistic và quản lý chuỗi cung ứng,7510605,2024,https://github.com/HTNam1710/ADS_Final/blob/main/Data/diem_chuan_2024_final.csv
DCT,7520115,Kỹ thuật nhiệt,7520115,2024,https://github.com/HTNam1710/ADS_Final/blob/main/Data/diem_chuan_2024_final.csv
DCT,7540101,Công nghệ thực phẩm,7540101,2024,https://github.com/HTNam1710/ADS_Final/blob/main/Data/diem_chuan_2024_final.csv
DCT,7540105,Công nghệ chế biến thủy sản,7540105,2024,https://github.com/HTNam1710/ADS_Final/blob/main/Data/diem_chuan_2024_final.csv
DCT,7540106,Đảm bảo chất lượng & ATTP,7540106,2024,https://github.com/HTNam1710/ADS_Final/blob/main/Data/diem_chuan_2024_final.csv
DCT,7540204,Công nghệ dệt; may,7540204,2024,https://github.com/HTNam1710/ADS_Final/blob/main/Data/diem_chuan_2024_final.csv
DCT,7810103,Quản trị dịch vụ du lịch và lữ hành,7810103,2024,https://github.com/HTNam1710/ADS_Final/blob/main/Data/diem_chuan_2024_final.csv
DCT,7810201,Quản trị khách sạn,7810201,2024,https://github.com/HTNam1710/ADS_Final/blob/main/Data/diem_chuan_2024_final.csv
DCT,7810202,Quản trị nhà hàng và dịch vụ ăn uống,7810202,2024,https://github.com/HTNam1710/ADS_Final/blob/main/Data/diem_chuan_2024_final.csv
DCT,7819009,Khoa học dinh dưỡng và ẩm thực,7819009,2024,https://github.com/HTNam1710/ADS_Final/blob/main/Data/diem_chuan_2024_final.csv
DCT,7819010,Khoa học chế biến món ăn,7819010,2024,https://github.com/HTNam1710/ADS_Final/blob/main/Data/diem_chuan_2024_final.csv
DCT,7850101,Quản lý tài nguyên và môi trường,7850101,2024,https://github.com/HTNam1710/ADS_Final/blob/main/Data/diem_chuan_2024_final.csv
LAH,7860201,Chỉ huy tham mưu Lục quân,7860201,2024,https://github.com/HTNam1710/ADS_Final/blob/main/Data/diem_chuan_2024_final.csv
HQH,7860202,Chỉ huy tham mưu Hải quân,7860202,2024,https://github.com/HTNam1710/ADS_Final/blob/main/Data/diem_chuan_2024_final.csv
HHK,7220201,Ngôn ngữ Anh,7220201,2024,https://github.com/HTNam1710/ADS_Final/blob/main/Data/diem_chuan_2024_final.csv
HHK,7340101,Quản trị kinh doanh,7340101,2024,https://github.com/HTNam1710/ADS_Final/blob/main/Data/diem_chuan_2024_final.csv
HHK,7340101E,Quản trị kinh doanh hàng không - Chương trình học bằng Tiếng Anh,7340101,2024,https://github.com/HTNam1710/ADS_Final/blob/main/Data/diem_chuan_2024_final.csv
HHK,7340120,Kinh doanh quốc tế,7340120,2024,https://github.com/HTNam1710/ADS_Final/blob/main/Data/diem_chuan_2024_final.csv
HHK,7340404,Quản trị nhân lực,7340404,2024,https://github.com/HTNam1710/ADS_Final/blob/main/Data/diem_chuan_2024_final.csv
HHK,7480201,Công nghệ thông tin,7480201,2024,https://github.com/HTNam1710/ADS_Final/blob/main/Data/diem_chuan_2024_final.csv
HHK,7510102Q,Công nghệ kỹ thuật công trình xây dựng (CN: Quản lý và khai thác cảng HK),7510102,2024,https://github.com/HTNam1710/ADS_Final/blob/main/Data/diem_chuan_2024_final.csv
HHK,7510102X,Công nghệ kỹ thuật công trình xây dựng (CN: Xây dựng và phát triển cảng HK),7510102,2024,https://github.com/HTNam1710/ADS_Final/blob/main/Data/diem_chuan_2024_final.csv
HHK,7510302,Công nghệ kỹ thuật điện tử - viễn thông,7510302,2024,https://github.com/HTNam1710/ADS_Final/blob/main/Data/diem_chuan_2024_final.csv
HHK,7510303,Công nghệ kỹ thuật điều khiển và tự động hóa,7510303,2024,https://github.com/HTNam1710/ADS_Final/blob/main/Data/diem_chuan_2024_final.csv
HHK,7520120,Kỹ thuật hàng không,7520120,2024,https://github.com/HTNam1710/ADS_Final/blob/main/Data/diem_chuan_2024_final.csv
HHK,7520120E,Kỹ thuật hàng không - Chương trình học Tiếng Anh,7520120,2024,https://github.com/HTNam1710/ADS_Final/blob/main/Data/diem_chuan_2024_final.csv
HHK,7810103,Quản trị dịch vụ du lịch và lữ hành,7810103,2024,https://github.com/HTNam1710/ADS_Final/blob/main/Data/diem_chuan_2024_final.csv
HHK,7810103T,Quản trị dịch vụ du lịch và lữ hành (CN: Quản trị dịch vụ thương mại hàng không),7810103,2024,https://github.com/HTNam1710/ADS_Final/blob/main/Data/diem_chuan_2024_final.csv
HHK,7840102,Quản lý hoạt động bay,7840102,2024,https://github.com/HTNam1710/ADS_Final/blob/main/Data/diem_chuan_2024_final.csv
HHK,7840102E,Quản lý hoạt động bay - Chương trình học Tiếng Anh,7840102,2024,https://github.com/HTNam1710/ADS_Final/blob/main/Data/diem_chuan_2024_final.csv
HHK,7840104E,Kinh tế vận tải - Chương trình học bằng Tiếng Anh (CN: Logistics và vận tải đa phương thức),7840104,2024,https://github.com/HTNam1710/ADS_Final/blob/main/Data/diem_chuan_2024_final.csv
HHK,7840104K,Kinh tế vận tải (CN: Kinh tế hàng không),7840104,2024,https://github.com/HTNam1710/ADS_Final/blob/main/Data/diem_chuan_2024_final.csv
HHK,7840104L,Kinh tế vận tải (CN: Logistics và quản lý chuỗi cung ứng; Logistics và vận tải đa phương thức),7840104,2024,https://github.com/HTNam1710/ADS_Final/blob/main/Data/diem_chuan_2024_final.csv
PKA,BI01,Công nghệ sinh học,,2024,https://github.com/HTNam1710/ADS_Final/blob/main/Data/diem_chuan_2024_final.csv
PKA,CHE1,Kỹ thuật hóa học,,2024,https://github.com/HTNam1710/ADS_Final/blob/main/Data/diem_chuan_2024_final.csv
PKA,DEN1,Răng - Hàm - Mặt,,2024,https://github.com/HTNam1710/ADS_Final/blob/main/Data/diem_chuan_2024_final.csv
PKA,EEE-AI,Kỹ thuật robot và Trí tuệ nhân tạo (Một số học phần Chuyên ngành học bằng tiếng Anh),,2024,https://github.com/HTNam1710/ADS_Final/blob/main/Data/diem_chuan_2024_final.csv
PKA,EEE1,Kỹ thuật điều khiển và Tự động hóa,,2024,https://github.com/HTNam1710/ADS_Final/blob/main/Data/diem_chuan_2024_final.csv
PKA,EEE2,Kỹ thuật y sinh (Điện tử y sinh),,2024,https://github.com/HTNam1710/ADS_Final/blob/main/Data/diem_chuan_2024_final.csv
PKA,EEE3,Kỹ thuật điện tử - viễn thông (Hệ thống nhúng thông minh và Iot),,2024,https://github.com/HTNam1710/ADS_Final/blob/main/Data/diem_chuan_2024_final.csv
PKA,EEE4,Kỹ thuật điện tử - viễn thông (thiết kế vi mạch bán dẫn),,2024,https://github.com/HTNam1710/ADS_Final/blob/main/Data/diem_chuan_2024_final.csv
PKA,F0S1,Đông phương học,,2024,https://github.com/HTNam1710/ADS_Final/blob/main/Data/diem_chuan_2024_final.csv
PKA,FBE1,Quản trị kinh doanh,,2024,https://github.com/HTNam1710/ADS_Final/blob/main/Data/diem_chuan_2024_final.csv
PKA,FBE2,Kế toán,,2024,https://github.com/HTNam1710/ADS_Final/blob/main/Data/diem_chuan_2024_final.csv
PKA,FBE3,Tài chính - Ngân hàng,,2024,https://github.com/HTNam1710/ADS_Final/blob/main/Data/diem_chuan_2024_final.csv
PKA,FBE4,Quản trị nhân lực,,2024,https://github.com/HTNam1710/ADS_Final/blob/main/Data/diem_chuan_2024_final.csv
PKA,FBE5,Luật kinh tế,,2024,https://github.com/HTNam1710/ADS_Final/blob/main/Data/diem_chuan_2024_final.csv
PKA,FBE6,Kinh doanh quốc tế (các học phần chuyên ngành học bằng tiếng anh),,2024,https://github.com/HTNam1710/ADS_Final/blob/main/Data/diem_chuan_2024_final.csv
PKA,FBE7,Logistics và quản lý chuỗi cung ứng (một số học phần chuyên ngành học bằng tiếng anh),,2024,https://github.com/HTNam1710/ADS_Final/blob/main/Data/diem_chuan_2024_final.csv
PKA,FBE8,Marketing,,2024,https://github.com/HTNam1710/ADS_Final/blob/main/Data/diem_chuan_2024_final.csv
PKA,FBE9,Công nghệ tài chính,,2024,https://github.com/HTNam1710/ADS_Final/blob/main/Data/diem_chuan_2024_final.csv
PKA,FIDT1,Kinh tế số,,2024,https://github.com/HTNam1710/ADS_Final/blob/main/Data/diem_chuan_2024_final.csv
PKA,FIDT2,Kinh doanh số,,2024,https://github.com/HTNam1710/ADS_Final/blob/main/Data/diem_chuan_2024_final.csv
PKA,FIDT3,Thương mại điện tử,,2024,https://github.com/HTNam1710/ADS_Final/blob/main/Data/diem_chuan_2024_final.csv
PKA,FIDT4,Logistics số,,2024,https://github.com/HTNam1710/ADS_Final/blob/main/Data/diem_chuan_2024_final.csv
PKA,FIDT5,Công nghệ marketing,,2024,https://github.com/HTNam1710/ADS_Final/blob/main/Data/diem_chuan_2024_final.csv
PKA,FLC1,Ngôn ngữ Trung Quốc,,2024,https://github.com/HTNam1710/ADS_Final/blob/main/Data/diem_chuan_2024_final.csv
PKA,FLE1,Ngôn ngữ Anh,,2024,https://github.com/HTNam1710/ADS_Final/blob/main/Data/diem_chuan_2024_final.csv
PKA,FLF1,Ngôn ngữ Pháp,,2024,https://github.com/HTNam1710/ADS_Final/blob/main/Data/diem_chuan_2024_final.csv
PKA,FLJ1,Ngôn ngữ Nhật,,2024,https://github.com/HTNam1710/ADS_Final/blob/main/Data/diem_chuan_2024_final.csv
PKA,FLK1,Ngôn ngữ Hàn Quốc,,2024,https://github.com/HTNam1710/ADS_Final/blob/main/Data/diem_chuan_2024_final.csv
PKA,FTME,Y học cổ truyền,,2024,https://github.com/HTNam1710/ADS_Final/blob/main/Data/diem_chuan_2024_final.csv
PKA,FTS1,Du lịch (định hướng quản trị du lịch),,2024,https://github.com/HTNam1710/ADS_Final/blob/main/Data/diem_chuan_2024_final.csv
PKA,FTS2,Quản trị khách sạn,,2024,https://github.com/HTNam1710/ADS_Final/blob/main/Data/diem_chuan_2024_final.csv
PKA,FTS3,Kinh doanh du lịch số,,2024,https://github.com/HTNam1710/ADS_Final/blob/main/Data/diem_chuan_2024_final.csv
PKA,FTS4,Hướng dẫn du lịch quốc tế,,2024,https://github.com/HTNam1710/ADS_Final/blob/main/Data/diem_chuan_2024_final.csv
PKA,HM1,Quản lý bệnh viện,,2024,https://github.com/HTNam1710/ADS_Final/blob/main/Data/diem_chuan_2024_final.csv
PKA,ICT-TN,Tài năng khoa học máy tính,,2024,https://github.com/HTNam1710/ADS_Final/blob/main/Data/diem_chuan_2024_final.csv
PKA,ICT-VJ,Công nghệ thông tin Việt Nhật,,2024,https://github.com/HTNam1710/ADS_Final/blob/main/Data/diem_chuan_2024_final.csv
PKA,ICT1,Công nghệ thông tin,,2024,https://github.com/HTNam1710/ADS_Final/blob/main/Data/diem_chuan_2024_final.csv
PKA,ICT2,Kỹ thuật phần mềm (một số học phần chuyên ngành học bằng tiếng anh),,2024,https://github.com/HTNam1710/ADS_Final/blob/main/Data/diem_chuan_2024_final.csv
PKA,ICT3,Khoa học máy tính,,2024,https://github.com/HTNam1710/ADS_Final/blob/main/Data/diem_chuan_2024_final.csv
PKA,ICT4,An toàn thông tin,,2024,https://github.com/HTNam1710/ADS_Final/blob/main/Data/diem_chuan_2024_final.csv
PKA,ICT5,Trí tuệ nhân tạo,,2024,https://github.com/HTNam1710/ADS_Final/blob/main/Data/diem_chuan_2024_final.csv
PKA,MED1,Y khoa,,2024,https://github.com/HTNam1710/ADS_Final/blob/main/Data/diem_chuan_2024_final.csv
PKA,MEM1,Kỹ thuật cơ điện tử,,2024,https://github.com/HTNam1710/ADS_Final/blob/main/Data/diem_chuan_2024_final.csv
PKA,MEM2,Kỹ thuật cơ khí,,2024,https://github.com/HTNam1710/ADS_Final/blob/main/Data/diem_chuan_2024_final.csv
PKA,MSE-AI,Vật liệu thông minh và trí tuệ nhân tạo,,2024,https://github.com/HTNam1710/ADS_Final/blob/main/Data/diem_chuan_2024_final.csv
PKA,MSE-IC,Chip bán dẫn và công nghệ đóng gói,,2024,https://github.com/HTNam1710/ADS_Final/blob/main/Data/diem_chuan_2024_final.csv
PKA,MSE1,Vật liệu tiên tiến và công nghệ nano,,2024,https://github.com/HTNam1710/ADS_Final/blob/main/Data/diem_chuan_2024_final.csv
PKA,MTT1,Kỹ thuật xét nghiệm y học,,2024,https://github.com/HTNam1710/ADS_Final/blob/main/Data/diem_chuan_2024_final.csv
PKA,NUR1,Điều dưỡng,,2024,https://github.com/HTNam1710/ADS_Final/blob/main/Data/diem_chuan_2024_final.csv
PKA,PHA1,Dược học,,2024,https://github.com/HTNam1710/ADS_Final/blob/main/Data/diem_chuan_2024_final.csv
PKA,RET1,Kỹ thuật phục hồi chức năng,,2024,https://github.com/HTNam1710/ADS_Final/blob/main/Data/diem_chuan_2024_final.csv
PKA,RTS1,Kỹ thuật hình ảnh y học,,2024,https://github.com/HTNam1710/ADS_Final/blob/main/Data/diem_chuan_2024_final.csv
PKA,VEE1,Kỹ thuật ô tô,,2024,https://github.com/HTNam1710/ADS_Final/blob/main/Data/diem_chuan_2024_final.csv
PKA,VEE2,Cơ điện tử ô tô,,2024,https://github.com/HTNam1710/ADS_Final/blob/main/Data/diem_chuan_2024_final.csv
PKA,VEE3,Kỹ thuật phần mềm ô tô,,2024,https://github.com/HTNam1710/ADS_Final/blob/main/Data/diem_chuan_2024_final.csv
PKH,7860226,"Chỉ huy Tham mưu Phòng không, Không quân và Tác chiến điện tử",7860226,2024,https://github.com/HTNam1710/ADS_Final/blob/main/Data/diem_chuan_2024_final.csv
CSS,7860100,Nhóm ngành nghiệp vụ Cảnh sát,7860100,2024,https://github.com/HTNam1710/ADS_Final/blob/main/Data/diem_chuan_2024_final.csv
TTH,7860221,Ngành Chỉ huy tham mưu thông tin,7860221,2024,https://github.com/HTNam1710/ADS_Final/blob/main/Data/diem_chuan_2024_final.csv
NHF,7220201,Ngôn ngữ Anh,7220201,2024,https://github.com/HTNam1710/ADS_Final/blob/main/Data/diem_chuan_2024_final.csv
NHF,7220201 TT,Ngôn ngữ Anh - chương trình tiên tiến (TT),7220201,2024,https://github.com/HTNam1710/ADS_Final/blob/main/Data/diem_chuan_2024_final.csv
NHF,7220202,Ngôn ngữ Nga,7220202,2024,https://github.com/HTNam1710/ADS_Final/blob/main/Data/diem_chuan_2024_final.csv
NHF,7220203,Ngôn ngữ Pháp,7220203,2024,https://github.com/HTNam1710/ADS_Final/blob/main/Data/diem_chuan_2024_final.csv
NHF,7220204,Ngôn ngữ Trung Quốc,7220204,2024,https://github.com/HTNam1710/ADS_Final/blob/main/Data/diem_chuan_2024_final.csv
NHF,7220204 TT,Ngôn ngữ Trung Quốc - TT,7220204,2024,https://github.com/HTNam1710/ADS_Final/blob/main/Data/diem_chuan_2024_final.csv
NHF,7220205,Ngôn ngữ Đức,7220205,2024,https://github.com/HTNam1710/ADS_Final/blob/main/Data/diem_chuan_2024_final.csv
NHF,7220206,Ngôn ngữ Tây Ban Nha,7220206,2024,https://github.com/HTNam1710/ADS_Final/blob/main/Data/diem_chuan_2024_final.csv
NHF,7220207,Ngôn ngữ Bồ Đào Nha,7220207,2024,https://github.com/HTNam1710/ADS_Final/blob/main/Data/diem_chuan_2024_final.csv
NHF,7220208,Ngôn ngữ Italia,7220208,2024,https://github.com/HTNam1710/ADS_Final/blob/main/Data/diem_chuan_2024_final.csv
NHF,7220208 TT,Ngôn ngữ Italia - TT,7220208,2024,https://github.com/HTNam1710/ADS_Final/blob/main/Data/diem_chuan_2024_final.csv
NHF,7220209,Ngôn ngữ Nhật,7220209,2024,https://github.com/HTNam1710/ADS_Final/blob/main/Data/diem_chuan_2024_final.csv
NHF,7220210,Ngôn ngữ Hàn Quốc,7220210,2024,https://github.com/HTNam1710/ADS_Final/blob/main/Data/diem_chuan_2024_final.csv
NHF,7310111,Nghiên cứu phát triển (dạy bằng tiếng Anh),7310111,2024,https://github.com/HTNam1710/ADS_Final/blob/main/Data/diem_chuan_2024_final.csv
NHF,7310601,Quốc tế học (dạy bằng tiếng Anh),7310601,2024,https://github.com/HTNam1710/ADS_Final/blob/main/Data/diem_chuan_2024_final.csv
NHF,7320104,Truyền thông đa phương tiện (dạy bằng tiếng Anh),7320104,2024,https://github.com/HTNam1710/ADS_Final/blob/main/Data/diem_chuan_2024_final.csv
NHF,7320109,Truyền thông doanh nghiệp (dạy bằng Tiếng Pháp),7320109,2024,https://github.com/HTNam1710/ADS_Final/blob/main/Data/diem_chuan_2024_final.csv
NHF,7340101,Quản trị kinh doanh (dạy bằng tiếng Anh),7340101,2024,https://github.com/HTNam1710/ADS_Final/blob/main/Data/diem_chuan_2024_final.csv
NHF,7340115,Marketing (dạy bằng tiếng Anh),7340115,2024,https://github.com/HTNam1710/ADS_Final/blob/main/Data/diem_chuan_2024_final.csv
NHF,7340201,Tài chính - Ngân hàng (dạy bằng tiêng Anh),7340201,2024,https://github.com/HTNam1710/ADS_Final/blob/main/Data/diem_chuan_2024_final.csv
NHF,7340205,Công nghệ tài chính (dạy bằng tiếng Anh),7340205,2024,https://github.com/HTNam1710/ADS_Final/blob/main/Data/diem_chuan_2024_final.csv
NHF,7340301,Kế toán (dạy bằng tiếng Anh),7340301,2024,https://github.com/HTNam1710/ADS_Final/blob/main/Data/diem_chuan_2024_final.csv
NHF,7480201,Công nghệ thông tin (dạy bằng tiếng Anh),7480201,2024,https://github.com/HTNam1710/ADS_Final/blob/main/Data/diem_chuan_2024_final.csv
NHF,7480201 TT,Công nghệ thông tin (dạy bằng tiếng Anh) - TT,7480201,2024,https://github.com/HTNam1710/ADS_Final/blob/main/Data/diem_chuan_2024_final.csv
NHF,7810103,Quản trị dịch vụ du lịch và lữ hành (dạy bằng tiếng Anh),7810103,2024,https://github.com/HTNam1710/ADS_Final/blob/main/Data/diem_chuan_2024_final.csv
NHF,7810103 TT,Quản tri dịch vụ du lịch và lữ hành (dạy bằng tiếng Anh) - TT,7810103,2024,https://github.com/HTNam1710/ADS_Final/blob/main/Data/diem_chuan_2024_final.csv
KQH,7860220,Đào tạo kỹ sư quân sự,7860220,2024,https://github.com/HTNam1710/ADS_Final/blob/main/Data/diem_chuan_2024_final.csv
YTC,7460108,Khoa học dữ liệu,7460108,2024,https://github.com/HTNam1710/ADS_Final/blob/main/Data/diem_chuan_2024_final.csv
YTC,7720401,Dinh dưỡng,7720401,2024,https://github.com/HTNam1710/ADS_Final/blob/main/Data/diem_chuan_2024_final.csv
YTC,7720601,Kỹ thuật xét nghiệm y học,7720601,2024,https://github.com/HTNam1710/ADS_Final/blob/main/Data/diem_chuan_2024_final.csv
YTC,7720603,Kỹ thuật phục hồi chức năng,7720603,2024,https://github.com/HTNam1710/ADS_Final/blob/main/Data/diem_chuan_2024_final.csv
YTC,7720701,Y tế công cộng,7720701,2024,https://github.com/HTNam1710/ADS_Final/blob/main/Data/diem_chuan_2024_final.csv
YTC,7760101,Công tác xã hội,7760101,2024,https://github.com/HTNam1710/ADS_Final/blob/main/Data/diem_chuan_2024_final.csv
HQT,HQT01,Quan hệ quốc tế,,2024,https://github.com/HTNam1710/ADS_Final/blob/main/Data/diem_chuan_2024_final.csv
HQT,HQT02,Ngôn ngữ Anh,,2024,https://github.com/HTNam1710/ADS_Final/blob/main/Data/diem_chuan_2024_final.csv
HQT,HQT03,Kinh tế quốc tế,,2024,https://github.com/HTNam1710/ADS_Final/blob/main/Data/diem_chuan_2024_final.csv
HQT,HQT04,Luật quốc tế,,2024,https://github.com/HTNam1710/ADS_Final/blob/main/Data/diem_chuan_2024_final.csv
HQT,HQT05,Truyền thông quốc tế,,2024,https://github.com/HTNam1710/ADS_Final/blob/main/Data/diem_chuan_2024_final.csv
HQT,HQT06,Kinh doanh quốc tế,,2024,https://github.com/HTNam1710/ADS_Final/blob/main/Data/diem_chuan_2024_final.csv
HQT,HQT07,Luật thương mại quốc tế,,2024,https://github.com/HTNam1710/ADS_Final/blob/main/Data/diem_chuan_2024_final.csv
HQT,HQT08-01,Hàn Quốc học,,2024,https://github.com/HTNam1710/ADS_Final/blob/main/Data/diem_chuan_2024_final.csv
HQT,HQT08-02,Hoa Kỳ học,,2024,https://github.com/HTNam1710/ADS_Final/blob/main/Data/diem_chuan_2024_final.csv
HQT,HQT08-03,Nhật Bản học,,2024,https://github.com/HTNam1710/ADS_Final/blob/main/Data/diem_chuan_2024_final.csv
HQT,HQT08-04,Trung Quốc học,,2024,https://github.com/HTNam1710/ADS_Final/blob/main/Data/diem_chuan_2024_final.csv
ANS,7860100,Nghiệp vụ An ninh,7860100,2024,https://github.com/HTNam1710/ADS_Final/blob/main/Data/diem_chuan_2024_final.csv
YCT,7520212,Kỹ thuật Y sinh,7520212,2024,https://github.com/HTNam1710/ADS_Final/blob/main/Data/diem_chuan_2024_final.csv
YCT,7720101,Y khoa,7720101,2024,https://github.com/HTNam1710/ADS_Final/blob/main/Data/diem_chuan_2024_final.csv
YCT,7720110,Y học dự phòng,7720110,2024,https://github.com/HTNam1710/ADS_Final/blob/main/Data/diem_chuan_2024_final.csv
YCT,7720115,Y học cổ truyền,7720115,2024,https://github.com/HTNam1710/ADS_Final/blob/main/Data/diem_chuan_2024_final.csv
YCT,7720201,Dược học,7720201,2024,https://github.com/HTNam1710/ADS_Final/blob/main/Data/diem_chuan_2024_final.csv
YCT,7720301,Điều dưỡng,7720301,2024,https://github.com/HTNam1710/ADS_Final/blob/main/Data/diem_chuan_2024_final.csv
YCT,7720302,Hộ sinh,7720302,2024,https://github.com/HTNam1710/ADS_Final/blob/main/Data/diem_chuan_2024_final.csv
YCT,7720501,Răng hàm mặt,7720501,2024,https://github.com/HTNam1710/ADS_Final/blob/main/Data/diem_chuan_2024_final.csv
YCT,7720601,Kỹ thuật Xét nghiệm y học,7720601,2024,https://github.com/HTNam1710/ADS_Final/blob/main/Data/diem_chuan_2024_final.csv
YCT,7720602,Kỹ thuật Hình ảnh y học,7720602,2024,https://github.com/HTNam1710/ADS_Final/blob/main/Data/diem_chuan_2024_final.csv
YCT,7720701,Y tế công cộng,7720701,2024,https://github.com/HTNam1710/ADS_Final/blob/main/Data/diem_chuan_2024_final.csv
TDM,7140101,Giáo dục học,7140101,2024,https://github.com/HTNam1710/ADS_Final/blob/main/Data/diem_chuan_2024_final.csv
TDM,7140201,Giáo dục Mầm non,7140201,2024,https://github.com/HTNam1710/ADS_Final/blob/main/Data/diem_chuan_2024_final.csv
TDM,7140202,Giáo dục Tiểu học,7140202,2024,https://github.com/HTNam1710/ADS_Final/blob/main/Data/diem_chuan_2024_final.csv
TDM,7210403,Thiết kế đồ họa,7210403,2024,https://github.com/HTNam1710/ADS_Final/blob/main/Data/diem_chuan_2024_final.csv
TDM,7210405,Âm nhạc,7210405,2024,https://github.com/HTNam1710/ADS_Final/blob/main/Data/diem_chuan_2024_final.csv
TDM,7220201,Ngôn ngữ Anh,7220201,2024,https://github.com/HTNam1710/ADS_Final/blob/main/Data/diem_chuan_2024_final.csv
TDM,7220204,Ngôn ngữ Trung Quốc,7220204,2024,https://github.com/HTNam1710/ADS_Final/blob/main/Data/diem_chuan_2024_final.csv
TDM,7220210,Ngôn ngữ Hàn Quốc,7220210,2024,https://github.com/HTNam1710/ADS_Final/blob/main/Data/diem_chuan_2024_final.csv
TDM,7310205,Quản lý nhà nước,7310205,2024,https://github.com/HTNam1710/ADS_Final/blob/main/Data/diem_chuan_2024_final.csv
TDM,7310206,Quan hệ quốc tế,7310206,2024,https://github.com/HTNam1710/ADS_Final/blob/main/Data/diem_chuan_2024_final.csv
TDM,7310401,Tâm lý học,7310401,2024,https://github.com/HTNam1710/ADS_Final/blob/main/Data/diem_chuan_2024_final.csv
TDM,7320104,Truyền thông đa phương tiện,7320104,2024,https://github.com/HTNam1710/ADS_Final/blob/main/Data/diem_chuan_2024_final.csv
TDM,7340101,Quản trị kinh doanh,7340101,2024,https://github.com/HTNam1710/ADS_Final/blob/main/Data/diem_chuan_2024_final.csv
TDM,7340115,Marketing,7340115,2024,https://github.com/HTNam1710/ADS_Final/blob/main/Data/diem_chuan_2024_final.csv
TDM,7340122,Thương mại điện tử,7340122,2024,https://github.com/HTNam1710/ADS_Final/blob/main/Data/diem_chuan_2024_final.csv
TDM,7340201,Tài chính - Ngân hàng,7340201,2024,https://github.com/HTNam1710/ADS_Final/blob/main/Data/diem_chuan_2024_final.csv
TDM,7340301,Kế toán,7340301,2024,https://github.com/HTNam1710/ADS_Final/blob/main/Data/diem_chuan_2024_final.csv
TDM,7340302,Kiểm toán,7340302,2024,https://github.com/HTNam1710/ADS_Final/blob/main/Data/diem_chuan_2024_final.csv
TDM,7380101,Luật,7380101,2024,https://github.com/HTNam1710/ADS_Final/blob/main/Data/diem_chuan_2024_final.csv
TDM,7420201,Công nghệ sinh học,7420201,2024,https://github.com/HTNam1710/ADS_Final/blob/main/Data/diem_chuan_2024_final.csv
TDM,7440112,Hóa học,7440112,2024,https://github.com/HTNam1710/ADS_Final/blob/main/Data/diem_chuan_2024_final.csv
TDM,7460101,Toán học,7460101,2024,https://github.com/HTNam1710/ADS_Final/blob/main/Data/diem_chuan_2024_final.csv
TDM,7480103,Kỳ thuật phần mềm,7480103,2024,https://github.com/HTNam1710/ADS_Final/blob/main/Data/diem_chuan_2024_final.csv
TDM,7480201,Công nghệ thông tin,7480201,2024,https://github.com/HTNam1710/ADS_Final/blob/main/Data/diem_chuan_2024_final.csv
TDM,7510205,Công nghệ kỹ thuật ô tô,7510205,2024,https://github.com/HTNam1710/ADS_Final/blob/main/Data/diem_chuan_2024_final.csv
TDM,7510601,Quản lý công nghiệp,7510601,2024,https://github.com/HTNam1710/ADS_Final/blob/main/Data/diem_chuan_2024_final.csv
TDM,7510605,Logistics và Quản lý chuỗi cung ứng,7510605,2024,https://github.com/HTNam1710/ADS_Final/blob/main/Data/diem_chuan_2024_final.csv
TDM,7520114,Kỹ thuật cơ điện tử,7520114,2024,https://github.com/HTNam1710/ADS_Final/blob/main/Data/diem_chuan_2024_final.csv
TDM,7520201,Kỹ thuật điện,7520201,2024,https://github.com/HTNam1710/ADS_Final/blob/main/Data/diem_chuan_2024_final.csv
TDM,7520216,Kỹ thuật điều khiển và tự động hóa,7520216,2024,https://github.com/HTNam1710/ADS_Final/blob/main/Data/diem_chuan_2024_final.csv
TDM,7520320,Kỹ thuật môi trường,7520320,2024,https://github.com/HTNam1710/ADS_Final/blob/main/Data/diem_chuan_2024_final.csv
TDM,7540101,Công nghệ thực phẩm,7540101,2024,https://github.com/HTNam1710/ADS_Final/blob/main/Data/diem_chuan_2024_final.csv
TDM,7580101,Kiến trúc,7580101,2024,https://github.com/HTNam1710/ADS_Final/blob/main/Data/diem_chuan_2024_final.csv
TDM,7580201,Kỹ thuật xây dựng,7580201,2024,https://github.com/HTNam1710/ADS_Final/blob/main/Data/diem_chuan_2024_final.csv
TDM,7760101,Công tác xã hội,7760101,2024,https://github.com/HTNam1710/ADS_Final/blob/main/Data/diem_chuan_2024_final.csv
TDM,7810101,Du lịch,7810101,2024,https://github.com/HTNam1710/ADS_Final/blob/main/Data/diem_chuan_2024_final.csv
TDM,7850101,Quản lý Tài nguyên và Môi trường,7850101,2024,https://github.com/HTNam1710/ADS_Final/blob/main/Data/diem_chuan_2024_final.csv
TDM,7850103,Quản lý đất đai,7850103,2024,https://github.com/HTNam1710/ADS_Final/blob/main/Data/diem_chuan_2024_final.csv
TYS,7720101,Y khoa,7720101,2024,https://github.com/HTNam1710/ADS_Final/blob/main/Data/diem_chuan_2024_final.csv
TYS,7720115,Y học cổ truyền,7720115,2024,https://github.com/HTNam1710/ADS_Final/blob/main/Data/diem_chuan_2024_final.csv
TYS,7720201,Dược học,7720201,2024,https://github.com/HTNam1710/ADS_Final/blob/main/Data/diem_chuan_2024_final.csv
TYS,7720301,Điều dưỡng,7720301,2024,https://github.com/HTNam1710/ADS_Final/blob/main/Data/diem_chuan_2024_final.csv
TYS,7720302,Hộ sinh,7720302,2024,https://github.com/HTNam1710/ADS_Final/blob/main/Data/diem_chuan_2024_final.csv
TYS,7720401,Dinh dưỡng,7720401,2024,https://github.com/HTNam1710/ADS_Final/blob/main/Data/diem_chuan_2024_final.csv
TYS,7720501,Răng Hàm Mặt,7720501,2024,https://github.com/HTNam1710/ADS_Final/blob/main/Data/diem_chuan_2024_final.csv
TYS,7720601,Kỹ thuật xét nghiệm y học,7720601,2024,https://github.com/HTNam1710/ADS_Final/blob/main/Data/diem_chuan_2024_final.csv
TYS,7720602,Kỹ thuật hình ảnh y học,7720602,2024,https://github.com/HTNam1710/ADS_Final/blob/main/Data/diem_chuan_2024_final.csv
TYS,7720603,Kỹ thuật phục hồi chức năng,7720603,2024,https://github.com/HTNam1710/ADS_Final/blob/main/Data/diem_chuan_2024_final.csv
TYS,7720699,Khúc xạ nhãn khoa,7720699,2024,https://github.com/HTNam1710/ADS_Final/blob/main/Data/diem_chuan_2024_final.csv
TYS,7720701,Y tế công cộng,7720701,2024,https://github.com/HTNam1710/ADS_Final/blob/main/Data/diem_chuan_2024_final.csv
DTL,7210403,Thiết kế đồ họa,7210403,2024,https://github.com/HTNam1710/ADS_Final/blob/main/Data/diem_chuan_2024_final.csv
DTL,7220201,Ngôn ngữ Anh,7220201,2024,https://github.com/HTNam1710/ADS_Final/blob/main/Data/diem_chuan_2024_final.csv
DTL,7220204,Ngôn ngữ Trung Quốc,7220204,2024,https://github.com/HTNam1710/ADS_Final/blob/main/Data/diem_chuan_2024_final.csv
DTL,7220209,Ngôn ngữ Nhật,7220209,2024,https://github.com/HTNam1710/ADS_Final/blob/main/Data/diem_chuan_2024_final.csv
DTL,7220210,Ngôn ngữ Hàn Quốc,7220210,2024,https://github.com/HTNam1710/ADS_Final/blob/main/Data/diem_chuan_2024_final.csv
DTL,7310106,Kinh tế quốc tế,7310106,2024,https://github.com/HTNam1710/ADS_Final/blob/main/Data/diem_chuan_2024_final.csv
DTL,7310630,Việt Nam học,7310630,2024,https://github.com/HTNam1710/ADS_Final/blob/main/Data/diem_chuan_2024_final.csv
DTL,7320104,Truyền thông đa phương tiện,7320104,2024,https://github.com/HTNam1710/ADS_Final/blob/main/Data/diem_chuan_2024_final.csv
DTL,7340101,Quản trị kinh doanh,7340101,2024,https://github.com/HTNam1710/ADS_Final/blob/main/Data/diem_chuan_2024_final.csv
DTL,7340115,Marketing,7340115,2024,https://github.com/HTNam1710/ADS_Final/blob/main/Data/diem_chuan_2024_final.csv
DTL,7340122,Thương mại điện tử,7340122,2024,https://github.com/HTNam1710/ADS_Final/blob/main/Data/diem_chuan_2024_final.csv
DTL,7340201,Tài chính ngân hàng,7340201,2024,https://github.com/HTNam1710/ADS_Final/blob/main/Data/diem_chuan_2024_final.csv
DTL,7340301,Kế toán,7340301,2024,https://github.com/HTNam1710/ADS_Final/blob/main/Data/diem_chuan_2024_final.csv
DTL,7380107,Luật kinh tế,7380107,2024,https://github.com/HTNam1710/ADS_Final/blob/main/Data/diem_chuan_2024_final.csv
DTL,7480101,Khoa học máy tính,7480101,2024,https://github.com/HTNam1710/ADS_Final/blob/main/Data/diem_chuan_2024_final.csv
DTL,7480201,Công nghệ thông tin,7480201,2024,https://github.com/HTNam1710/ADS_Final/blob/main/Data/diem_chuan_2024_final.csv
DTL,7480207,Trí tuệ nhân tạo,7480207,2024,https://github.com/HTNam1710/ADS_Final/blob/main/Data/diem_chuan_2024_final.csv
DTL,7510605,Logistic và quản lý chuỗi cung ứng,7510605,2024,https://github.com/HTNam1710/ADS_Final/blob/main/Data/diem_chuan_2024_final.csv
DTL,7720301,Điều dưỡng,7720301,2024,https://github.com/HTNam1710/ADS_Final/blob/main/Data/diem_chuan_2024_final.csv
DTL,7810103,Quản trị dịch vụ du lịch và lữ hàng,7810103,2024,https://github.com/HTNam1710/ADS_Final/blob/main/Data/diem_chuan_2024_final.csv
DTL,7810201,Quản trị khách sạn,7810201,2024,https://github.com/HTNam1710/ADS_Final/blob/main/Data/diem_chuan_2024_final.csv
TLA,TLA101,Kỹ thuật xây dựng công trình thủy,,2024,https://github.com/HTNam1710/ADS_Final/blob/main/Data/diem_chuan_2024_final.csv
TLA,TLA102,Kỹ thuật tài nguyên nước,,2024,https://github.com/HTNam1710/ADS_Final/blob/main/Data/diem_chuan_2024_final.csv
TLA,TLA103,Tài nguyên nước và môi trường (Thủy văn học),,2024,https://github.com/HTNam1710/ADS_Final/blob/main/Data/diem_chuan_2024_final.csv
TLA,TLA104,Kỹ thuật xây dựng dân dụng và công nghiệp (Kỹ thuật xây dựng),,2024,https://github.com/HTNam1710/ADS_Final/blob/main/Data/diem_chuan_2024_final.csv
TLA,TLA105,"Nhóm ngành Kỹ thuật Cơ khí (Gồm các ngành: Kỹ thuật cơ khí, Công nghệ chế tạo máy)",,2024,https://github.com/HTNam1710/ADS_Final/blob/main/Data/diem_chuan_2024_final.csv
TLA,TLA106,Công nghệ thông tin,,2024,https://github.com/HTNam1710/ADS_Final/blob/main/Data/diem_chuan_2024_final.csv
TLA,TLA107,Kỹ thuật cấp thoát nước,,2024,https://github.com/HTNam1710/ADS_Final/blob/main/Data/diem_chuan_2024_final.csv
TLA,TLA109,Kỹ thuật môi trường,,2024,https://github.com/HTNam1710/ADS_Final/blob/main/Data/diem_chuan_2024_final.csv
TLA,TLA110,Xây dựng và quản lý hạ tầng đô thị (Kỹ thuật cơ sở hạ tầng),,2024,https://github.com/HTNam1710/ADS_Final/blob/main/Data/diem_chuan_2024_final.csv
TLA,TLA111,Công nghệ kỹ thuật xây dựng,,2024,https://github.com/HTNam1710/ADS_Final/blob/main/Data/diem_chuan_2024_final.csv
TLA,TLA112,Kỹ thuật điện,,2024,https://github.com/HTNam1710/ADS_Final/blob/main/Data/diem_chuan_2024_final.csv
TLA,TLA113,Kỹ thuật xây dựng công trình giao thông,,2024,https://github.com/HTNam1710/ADS_Final/blob/main/Data/diem_chuan_2024_final.csv
TLA,TLA114,Quản lý xây dựng,,2024,https://github.com/HTNam1710/ADS_Final/blob/main/Data/diem_chuan_2024_final.csv
TLA,TLA116,Hệ thống thông tin,,2024,https://github.com/HTNam1710/ADS_Final/blob/main/Data/diem_chuan_2024_final.csv
TLA,TLA117,Kỹ thuật phần mềm,,2024,https://github.com/HTNam1710/ADS_Final/blob/main/Data/diem_chuan_2024_final.csv
TLA,TLA118,Kỹ thuật hóa học,,2024,https://github.com/HTNam1710/ADS_Final/blob/main/Data/diem_chuan_2024_final.csv
TLA,TLA119,Công nghệ sinh học,,2024,https://github.com/HTNam1710/ADS_Final/blob/main/Data/diem_chuan_2024_final.csv
TLA,TLA120,Kỹ thuật cơ điện tử,,2024,https://github.com/HTNam1710/ADS_Final/blob/main/Data/diem_chuan_2024_final.csv
TLA,TLA121,Kỹ thuật điều khiển và tự động hóa,,2024,https://github.com/HTNam1710/ADS_Final/blob/main/Data/diem_chuan_2024_final.csv
TLA,TLA123,Kỹ thuật ô tô,,2024,https://github.com/HTNam1710/ADS_Final/blob/main/Data/diem_chuan_2024_final.csv
TLA,TLA124,Kỹ thuật điện tử - viễn thông,,2024,https://github.com/HTNam1710/ADS_Final/blob/main/Data/diem_chuan_2024_final.csv
TLA,TLA126,Trí tuệ nhân tạo và khoa học dữ liệu,,2024,https://github.com/HTNam1710/ADS_Final/blob/main/Data/diem_chuan_2024_final.csv
TLA,TLA127,An ninh mạng,,2024,https://github.com/HTNam1710/ADS_Final/blob/main/Data/diem_chuan_2024_final.csv
TLA,TLA128,Kỹ thuật Robot và Điều khiển thông minh,,2024,https://github.com/HTNam1710/ADS_Final/blob/main/Data/diem_chuan_2024_final.csv
TLA,TLA201,Kỹ thuật xây dựng (Chương trình tiên tiến học bằng tiếng Anh),,2024,https://github.com/HTNam1710/ADS_Final/blob/main/Data/diem_chuan_2024_final.csv
TLA,TLA202,Kỹ thuật tài nguyên nước (Chương trình tiên tiến học bằng tiếng Anh),,2024,https://github.com/HTNam1710/ADS_Final/blob/main/Data/diem_chuan_2024_final.csv
TLA,TLA203,Ngôn ngữ Anh,,2024,https://github.com/HTNam1710/ADS_Final/blob/main/Data/diem_chuan_2024_final.csv
TLA,TLA204,Ngôn ngữ Trung Quốc,,2024,https://github.com/HTNam1710/ADS_Final/blob/main/Data/diem_chuan_2024_final.csv
TLA,TLA301,Luật,,2024,https://github.com/HTNam1710/ADS_Final/blob/main/Data/diem_chuan_2024_final.csv
TLA,TLA302,Luật kinh tế,,2024,https://github.com/HTNam1710/ADS_Final/blob/main/Data/diem_chuan_2024_final.csv
TLA,TLA401,Kinh tế,,2024,https://github.com/HTNam1710/ADS_Final/blob/main/Data/diem_chuan_2024_final.csv
TLA,TLA402,Quản trị kinh doanh,,2024,https://github.com/HTNam1710/ADS_Final/blob/main/Data/diem_chuan_2024_final.csv
TLA,TLA403,Kế toán,,2024,https://github.com/HTNam1710/ADS_Final/blob/main/Data/diem_chuan_2024_final.csv
TLA,TLA404,Kinh tế xây dựng,,2024,https://github.com/HTNam1710/ADS_Final/blob/main/Data/diem_chuan_2024_final.csv
TLA,TLA405,Thương mại điện tử,,2024,https://github.com/HTNam1710/ADS_Final/blob/main/Data/diem_chuan_2024_final.csv
TLA,TLA406,Quản trị dịch vụ du lịch và lữ hành,,2024,https://github.com/HTNam1710/ADS_Final/blob/main/Data/diem_chuan_2024_final.csv
TLA,TLA407,Logistics và quản lý chuỗi cung ứng,,2024,https://github.com/HTNam1710/ADS_Final/blob/main/Data/diem_chuan_2024_final.csv
TLA,TLA408,Tài chính - Ngân hàng,,2024,https://github.com/HTNam1710/ADS_Final/blob/main/Data/diem_chuan_2024_final.csv
TLA,TLA409,Kiểm toán,,2024,https://github.com/HTNam1710/ADS_Final/blob/main/Data/diem_chuan_2024_final.csv
TLA,TLA410,Kinh tế số,,2024,https://github.com/HTNam1710/ADS_Final/blob/main/Data/diem_chuan_2024_final.csv
QST,7420101,Sinh học,7420101,2024,https://github.com/HTNam1710/ADS_Final/blob/main/Data/diem_chuan_2024_final.csv
QST,7420101_DKD,Sinh học (Chương trình tăng cường tiếng Anh),7420101,2024,https://github.com/HTNam1710/ADS_Final/blob/main/Data/diem_chuan_2024_final.csv
QST,7420201,Công nghệ Sinh học,7420201,2024,https://github.com/HTNam1710/ADS_Final/blob/main/Data/diem_chuan_2024_final.csv
QST,7420201_DKD,Công nghệ Sinh học (Chương trình tăng cường tiếng Anh),7420201,2024,https://github.com/HTNam1710/ADS_Final/blob/main/Data/diem_chuan_2024_final.csv
QST,7440102_DKD,Vật lý học (Chương trình tăng cường tiếng Anh),7440102,2024,https://github.com/HTNam1710/ADS_Final/blob/main/Data/diem_chuan_2024_final.csv
QST,7440102_NN,"Nhóm ngành Vật lý học, Công nghệ Vật lý điện tử và tin học, Công nghệ bán dẫn",7440102,2024,https://github.com/HTNam1710/ADS_Final/blob/main/Data/diem_chuan_2024_final.csv
QST,7440112,Hoá học,7440112,2024,https://github.com/HTNam1710/ADS_Final/blob/main/Data/diem_chuan_2024_final.csv
QST,7440112_DKD,Hóa học (Chương trình tăng cường tiếng Anh),7440112,2024,https://github.com/HTNam1710/ADS_Final/blob/main/Data/diem_chuan_2024_final.csv
QST,7440122,Khoa học Vật liệu,7440122,2024,https://github.com/HTNam1710/ADS_Final/blob/main/Data/diem_chuan_2024_final.csv
QST,7440122_DKD,Khoa học Vật liệu (Chương trình tăng cường tiếng Anh),7440122,2024,https://github.com/HTNam1710/ADS_Final/blob/main/Data/diem_chuan_2024_final.csv
QST,7440201_NN,Ngành Địa chất học,7440201,2024,https://github.com/HTNam1710/ADS_Final/blob/main/Data/diem_chuan_2024_final.csv
QST,7440228,Hải dương học,7440228,2024,https://github.com/HTNam1710/ADS_Final/blob/main/Data/diem_chuan_2024_final.csv
QST,7440301,Khoa học Môi trường,7440301,2024,https://github.com/HTNam1710/ADS_Final/blob/main/Data/diem_chuan_2024_final.csv
QST,7440301_DKD,Khoa học Môi trường (Chương trình tăng cường tiếng Anh),7440301,2024,https://github.com/HTNam1710/ADS_Final/blob/main/Data/diem_chuan_2024_final.csv
QST,7460101_NN,"Nhóm Ngành Toán học, Toán tin, Toán ứng dụng",7460101,2024,https://github.com/HTNam1710/ADS_Final/blob/main/Data/diem_chuan_2024_final.csv
QST,7460108,Khoa học dữ liệu,7460108,2024,https://github.com/HTNam1710/ADS_Final/blob/main/Data/diem_chuan_2024_final.csv
QST,7480101_TT,Khoa học máy tính (Chương trình Tiên tiến),7480101,2024,https://github.com/HTNam1710/ADS_Final/blob/main/Data/diem_chuan_2024_final.csv
QST,7480107,Trí tuệ nhân tạo,7480107,2024,https://github.com/HTNam1710/ADS_Final/blob/main/Data/diem_chuan_2024_final.csv
QST,7480201_DKD,Công nghệ thông tin (Chương trình tăng cường tiếng Anh),7480201,2024,https://github.com/HTNam1710/ADS_Final/blob/main/Data/diem_chuan_2024_final.csv
QST,7480201_NN,Nhóm ngành máy tính và Công nghệ thông tin,7480201,2024,https://github.com/HTNam1710/ADS_Final/blob/main/Data/diem_chuan_2024_final.csv
QST,7510401_DKD,Công nghệ kỹ thuật Hoá học (Chương trình tăng cường tiếng Anh),7510401,2024,https://github.com/HTNam1710/ADS_Final/blob/main/Data/diem_chuan_2024_final.csv
QST,7510402,Công nghệ Vật liệu,7510402,2024,https://github.com/HTNam1710/ADS_Final/blob/main/Data/diem_chuan_2024_final.csv
QST,7510406,Công nghệ Kỹ thuật Môi trường,7510406,2024,https://github.com/HTNam1710/ADS_Final/blob/main/Data/diem_chuan_2024_final.csv
QST,7520207_DKD,Kỹ thuật điện tử - viễn thông (Chương trình tăng cường tiếng Anh),7520207,2024,https://github.com/HTNam1710/ADS_Final/blob/main/Data/diem_chuan_2024_final.csv
QST,7520207_NN,"Nhóm ngành Kỹ thuật điện tử -viễn thông, Thiết kế vi mạch",7520207,2024,https://github.com/HTNam1710/ADS_Final/blob/main/Data/diem_chuan_2024_final.csv
QST,7520402,Kỹ thuật hạt nhân,7520402,2024,https://github.com/HTNam1710/ADS_Final/blob/main/Data/diem_chuan_2024_final.csv
QST,7520403,Vật lý Y khoa,7520403,2024,https://github.com/HTNam1710/ADS_Final/blob/main/Data/diem_chuan_2024_final.csv
QST,7520501,Kỹ thuật địa chất,7520501,2024,https://github.com/HTNam1710/ADS_Final/blob/main/Data/diem_chuan_2024_final.csv
QST,7850101,Quán lý tài nguyên và môi trường,7850101,2024,https://github.com/HTNam1710/ADS_Final/blob/main/Data/diem_chuan_2024_final.csv
VHH,7220201,Ngôn ngữ Anh,7220201,2024,https://github.com/HTNam1710/ADS_Final/blob/main/Data/diem_chuan_2024_final.csv
VHH,7229040A,Văn hóa học - Nghiên cứu văn hóa,7229040,2024,https://github.com/HTNam1710/ADS_Final/blob/main/Data/diem_chuan_2024_final.csv
VHH,7229040B,Văn hoá học - Văn hóa truyền thông,7229040,2024,https://github.com/HTNam1710/ADS_Final/blob/main/Data/diem_chuan_2024_final.csv
VHH,7229040C,Văn hóa học - Văn hóa đối ngoại,7229040,2024,https://github.com/HTNam1710/ADS_Final/blob/main/Data/diem_chuan_2024_final.csv
VHH,7229042A,Quản lý văn hoá - Chính sách văn hóa và quản lý nghệ thuật,7229042,2024,https://github.com/HTNam1710/ADS_Final/blob/main/Data/diem_chuan_2024_final.csv
VHH,7229042B,Quản lý văn hoá - Quản lý di sản văn hóa,7229042,2024,https://github.com/HTNam1710/ADS_Final/blob/main/Data/diem_chuan_2024_final.csv
VHH,7229042D,Quản lý văn hoá - Tổ chức sự kiện,7229042,2024,https://github.com/HTNam1710/ADS_Final/blob/main/Data/diem_chuan_2024_final.csv
VHH,7320101,Báo chí,7320101,2024,https://github.com/HTNam1710/ADS_Final/blob/main/Data/diem_chuan_2024_final.csv
VHH,7320201A,Thông tin - Thư viện - Quản trị thư viện,7320201,2024,https://github.com/HTNam1710/ADS_Final/blob/main/Data/diem_chuan_2024_final.csv
VHH,7320201B,Thông tin - Thư viện - Thư viện và thiết bị trường học,7320201,2024,https://github.com/HTNam1710/ADS_Final/blob/main/Data/diem_chuan_2024_final.csv
VHH,7320205,Quản lý thông tin,7320205,2024,https://github.com/HTNam1710/ADS_Final/blob/main/Data/diem_chuan_2024_final.csv
VHH,7320305,Bảo tàng học,7320305,2024,https://github.com/HTNam1710/ADS_Final/blob/main/Data/diem_chuan_2024_final.csv
VHH,7320402,Kinh doanh xuất bản phẩm,7320402,2024,https://github.com/HTNam1710/ADS_Final/blob/main/Data/diem_chuan_2024_final.csv
VHH,7380101,Luật,7380101,2024,https://github.com/HTNam1710/ADS_Final/blob/main/Data/diem_chuan_2024_final.csv
VHH,7810101A,Du lịch - Văn hóa du lịch,7810101,2024,https://github.com/HTNam1710/ADS_Final/blob/main/Data/diem_chuan_2024_final.csv
VHH,7810101B,"Du lịch - Lữ hành, hướng dẫn du lịch",7810101,2024,https://github.com/HTNam1710/ADS_Final/blob/main/Data/diem_chuan_2024_final.csv
VHH,7810101C,Du lịch - Hướng dẫn du lịch quốc tế,7810101,2024,https://github.com/HTNam1710/ADS_Final/blob/main/Data/diem_chuan_2024_final.csv
VHH,7810103A,Quản trị dịch vụ du lịch và lữ hành,7810103,2024,https://github.com/HTNam1710/ADS_Final/blob/main/Data/diem_chuan_2024_final.csv
VHH,7810103B,Quản trị dịch vụ du lịch và lữ hành - Quản trị du lịch cộng đồng,7810103,2024,https://github.com/HTNam1710/ADS_Final/blob/main/Data/diem_chuan_2024_final.csv
DTT,7210403,Thiết kế đồ họa,7210403,2024,https://github.com/HTNam1710/ADS_Final/blob/main/Data/diem_chuan_2024_final.csv
DTT,7210404,Thiết kế thời trang,7210404,2024,https://github.com/HTNam1710/ADS_Final/blob/main/Data/diem_chuan_2024_final.csv
DTT,7220201,Ngôn ngữ Anh,7220201,2024,https://github.com/HTNam1710/ADS_Final/blob/main/Data/diem_chuan_2024_final.csv
DTT,7220204,Ngôn ngữ Trung Quốc,7220204,2024,https://github.com/HTNam1710/ADS_Final/blob/main/Data/diem_chuan_2024_final.csv
DTT,7310301,Xã hội học,7310301,2024,https://github.com/HTNam1710/ADS_Final/blob/main/Data/diem_chuan_2024_final.csv
DTT,7310630,Việt Nam học (Chuyên ngành Du lịch và lữ hành),7310630,2024,https://github.com/HTNam1710/ADS_Final/blob/main/Data/diem_chuan_2024_final.csv
DTT,7310630Q,Việt Nam học (Chuyên ngành Du lịch và Quản lý du lịch),7310630,2024,https://github.com/HTNam1710/ADS_Final/blob/main/Data/diem_chuan_2024_final.csv
DTT,7340101,Quản trị kinh doanh (Chuyên ngành Quản trị nguồn nhân lực),7340101,2024,https://github.com/HTNam1710/ADS_Final/blob/main/Data/diem_chuan_2024_final.csv
DTT,7340101N,Quản trị kinh doanh (Chuyên ngành Quản trị nhà hàng - khách sạn),7340101,2024,https://github.com/HTNam1710/ADS_Final/blob/main/Data/diem_chuan_2024_final.csv
DTT,7340115,Marketing,7340115,2024,https://github.com/HTNam1710/ADS_Final/blob/main/Data/diem_chuan_2024_final.csv
DTT,7340120,Kinh doanh quốc tế,7340120,2024,https://github.com/HTNam1710/ADS_Final/blob/main/Data/diem_chuan_2024_final.csv
DTT,7340201,Tài chính - Ngân hàng,7340201,2024,https://github.com/HTNam1710/ADS_Final/blob/main/Data/diem_chuan_2024_final.csv
DTT,7340301,Kế toán,7340301,2024,https://github.com/HTNam1710/ADS_Final/blob/main/Data/diem_chuan_2024_final.csv
DTT,7340408,Quan hệ lao động (Chuyên ngành Quản lý quan hệ lao động. Chuyên ngành Hành vi tổ chức),7340408,2024,https://github.com/HTNam1710/ADS_Final/blob/main/Data/diem_chuan_2024_final.csv
DTT,7380101,Luật,7380101,2024,https://github.com/HTNam1710/ADS_Final/blob/main/Data/diem_chuan_2024_final.csv
DTT,7420201,Công nghệ sinh học,7420201,2024,https://github.com/HTNam1710/ADS_Final/blob/main/Data/diem_chuan_2024_final.csv
DTT,7440301,Khoa học môi trường,7440301,2024,https://github.com/HTNam1710/ADS_Final/blob/main/Data/diem_chuan_2024_final.csv
DTT,7460112,Toán ứng dụng,7460112,2024,https://github.com/HTNam1710/ADS_Final/blob/main/Data/diem_chuan_2024_final.csv
DTT,7460201,Thống kê,7460201,2024,https://github.com/HTNam1710/ADS_Final/blob/main/Data/diem_chuan_2024_final.csv
DTT,7480101,Khoa học máy tính,7480101,2024,https://github.com/HTNam1710/ADS_Final/blob/main/Data/diem_chuan_2024_final.csv
DTT,7480102,Mạng máy tính và truyền thông dữ liệu,7480102,2024,https://github.com/HTNam1710/ADS_Final/blob/main/Data/diem_chuan_2024_final.csv
DTT,7480103,Kỹ thuật phần mềm,7480103,2024,https://github.com/HTNam1710/ADS_Final/blob/main/Data/diem_chuan_2024_final.csv
DTT,7510406,Công nghệ kỹ thuật môi trường (Chuyên ngành cấp thoát nước và môi trường nước),7510406,2024,https://github.com/HTNam1710/ADS_Final/blob/main/Data/diem_chuan_2024_final.csv
DTT,7520114,Kỹ thuật cơ điện tử,7520114,2024,https://github.com/HTNam1710/ADS_Final/blob/main/Data/diem_chuan_2024_final.csv
DTT,7520201,Kỹ thuật điện,7520201,2024,https://github.com/HTNam1710/ADS_Final/blob/main/Data/diem_chuan_2024_final.csv
DTT,7520207,Kỹ thuật điện tử - viễn thông,7520207,2024,https://github.com/HTNam1710/ADS_Final/blob/main/Data/diem_chuan_2024_final.csv
DTT,7520216,Kỹ thuật điều khiển và tự động hóa,7520216,2024,https://github.com/HTNam1710/ADS_Final/blob/main/Data/diem_chuan_2024_final.csv
DTT,7520301,Kỹ thuật hóa học,7520301,2024,https://github.com/HTNam1710/ADS_Final/blob/main/Data/diem_chuan_2024_final.csv
DTT,7580101,Kiến trúc,7580101,2024,https://github.com/HTNam1710/ADS_Final/blob/main/Data/diem_chuan_2024_final.csv
DTT,7580105,Quy hoạch vùng và đô thị,7580105,2024,https://github.com/HTNam1710/ADS_Final/blob/main/Data/diem_chuan_2024_final.csv
DTT,7580108,Thiết kế nội thất,7580108,2024,https://github.com/HTNam1710/ADS_Final/blob/main/Data/diem_chuan_2024_final.csv
DTT,7580201,Kỹ thuật xây dựng,7580201,2024,https://github.com/HTNam1710/ADS_Final/blob/main/Data/diem_chuan_2024_final.csv
DTT,7580205,Kỹ thuật xây dựng công trình giao thông,7580205,2024,https://github.com/HTNam1710/ADS_Final/blob/main/Data/diem_chuan_2024_final.csv
DTT,7580302,Quản lý xây dựng,7580302,2024,https://github.com/HTNam1710/ADS_Final/blob/main/Data/diem_chuan_2024_final.csv
DTT,7720201,Dược học,7720201,2024,https://github.com/HTNam1710/ADS_Final/blob/main/Data/diem_chuan_2024_final.csv
DTT,7760101,Công tác xã hội,7760101,2024,https://github.com/HTNam1710/ADS_Final/blob/main/Data/diem_chuan_2024_final.csv
DTT,7810301,Quản lý thể dục thể thao (Chuyên ngành kinh doanh thể thao và tổ chức sự kiện),7810301,2024,https://github.com/HTNam1710/ADS_Final/blob/main/Data/diem_chuan_2024_final.csv
DTT,7810301G,Quản lý thể dục thể thao (Chuyên ngành Golf),7810301,2024,https://github.com/HTNam1710/ADS_Final/blob/main/Data/diem_chuan_2024_final.csv
DTT,7850201,Bảo hộ lao động,7850201,2024,https://github.com/HTNam1710/ADS_Final/blob/main/Data/diem_chuan_2024_final.csv
DTT,D7310630Q,Việt Nam học (Chuyên ngành Du lịch và Quản lý du lịch) - Chương trình dự bị đại học bằng tiếng Anh,,2024,https://github.com/HTNam1710/ADS_Final/blob/main/Data/diem_chuan_2024_final.csv
DTT,D7340101N,Quản trị kinh doanh (Chuyên ngành Quản trị nhà hàng - khách sạn) - Chương trình dự bị đại học bằng tiếng Anh,,2024,https://github.com/HTNam1710/ADS_Final/blob/main/Data/diem_chuan_2024_final.csv
DTT,D7340115,Marketing - Chương trình dự bị đại học bằng tiếng Anh,,2024,https://github.com/HTNam1710/ADS_Final/blob/main/Data/diem_chuan_2024_final.csv
DTT,D7340120,Kinh doanh quốc tế - Chương trình dự bị đại học bằng tiếng Anh,,2024,https://github.com/HTNam1710/ADS_Final/blob/main/Data/diem_chuan_2024_final.csv
DTT,D7340201,Tài chính - Ngân hàng - Chương trình dự bị đại học bằng tiếng Anh,,2024,https://github.com/HTNam1710/ADS_Final/blob/main/Data/diem_chuan_2024_final.csv
DTT,D7340301,Kế toán (Chuyên ngành Kế toán quốc tế) - Chương trình dự bị đại học bằng tiếng Anh,,2024,https://github.com/HTNam1710/ADS_Final/blob/main/Data/diem_chuan_2024_final.csv
DTT,D7420201,Công nghệ sinh học - Chương trình dự bị đại học bằng tiếng Anh,,2024,https://github.com/HTNam1710/ADS_Final/blob/main/Data/diem_chuan_2024_final.csv
DTT,D7480101,Khoa học máy tính - Chương trình dự bị đại học bằng tiếng Anh,,2024,https://github.com/HTNam1710/ADS_Final/blob/main/Data/diem_chuan_2024_final.csv
DTT,D7480103,Kỹ thuật phần mềm - Chương trình dự bị đại học bằng tiếng Anh,,2024,https://github.com/HTNam1710/ADS_Final/blob/main/Data/diem_chuan_2024_final.csv
DTT,D7520216,Kỹ thuật điều khiển và tự động hóa - Chương trình dự bị đại học bằng tiếng Anh,,2024,https://github.com/HTNam1710/ADS_Final/blob/main/Data/diem_chuan_2024_final.csv
DTT,D7580201,Kỹ thuật xây dựng - Chương trình dự bị đại học bằng tiếng Anh,,2024,https://github.com/HTNam1710/ADS_Final/blob/main/Data/diem_chuan_2024_final.csv
DTT,DK7340101E,Quản trị kinh doanh toàn cầu (đơn bằng 2+2) - Chương trình dự bị liên kết Đại học Emlyon (Pháp),,2024,https://github.com/HTNam1710/ADS_Final/blob/main/Data/diem_chuan_2024_final.csv
DTT,DK7340101L,Quản trị kinh doanh (đơn bằng 3+1) – Chương trình dự bị liên kết Đại học Lunghwa (Đài Loan),,2024,https://github.com/HTNam1710/ADS_Final/blob/main/Data/diem_chuan_2024_final.csv
DTT,DK7340101N,Quản trị nhà hàng - khách sạn (song bằng 2.5+1.5) - Chương trình dự bị liên kết Đại học Taylor's (Malaysia),,2024,https://github.com/HTNam1710/ADS_Final/blob/main/Data/diem_chuan_2024_final.csv
DTT,DK7340120L,Kinh doanh quốc tế (song bằng 3+1) – Chương trình dự bị liên kết Đại học La Trobe (Úc),,2024,https://github.com/HTNam1710/ADS_Final/blob/main/Data/diem_chuan_2024_final.csv
DTT,DK7340201M,"Kinh doanh (Tài chính, Kinh doanh quốc tế, Marketing, Kế toán, Quản trị nguồn nhân lực & Quan hệ lao động) (đơn bằng 2+1,5) - Chương trình dự bị liên kết Đại học Massey (New Zealand)",,2024,https://github.com/HTNam1710/ADS_Final/blob/main/Data/diem_chuan_2024_final.csv
DTT,DK7340201X,Tài chính và kiểm soát (song bằng 3+1) - Chương trình dự bị liên kết Đại học Khoa học ứng dụng Saxion (Hà Lan),,2024,https://github.com/HTNam1710/ADS_Final/blob/main/Data/diem_chuan_2024_final.csv
DTT,DK7340301,"Kế toán (song bằng 3+1) - Chương trình dự bị liên kết Đại học West of England, Bristol (Vương quốc Anh)",,2024,https://github.com/HTNam1710/ADS_Final/blob/main/Data/diem_chuan_2024_final.csv
DTT,DK7480101L,Công nghệ thông tin (song bằng 2+2) - Chương trình dự bị liên kết Đại học La Trobe (Úc),,2024,https://github.com/HTNam1710/ADS_Final/blob/main/Data/diem_chuan_2024_final.csv
DTT,DK7520201,Kỹ thuật điện – điện tử (song bằng 2.5+1.5) - Chương trình dự bị liên kết Đại học Khoa học ứng dụng Saxion (Hà Lan),,2024,https://github.com/HTNam1710/ADS_Final/blob/main/Data/diem_chuan_2024_final.csv
DTT,DK7580201,Kỹ thuật xây dựng (song bằng 2+2) - Chương trình dự bị liên kết Đại học La Trobe (Úc),,2024,https://github.com/HTNam1710/ADS_Final/blob/main/Data/diem_chuan_2024_final.csv
DTT,F7210403,Thiết kế đồ họa - Chất lượng cao,,2024,https://github.com/HTNam1710/ADS_Final/blob/main/Data/diem_chuan_2024_final.csv
DTT,F7220201,Ngôn ngữ Anh - Chất lượng cao,,2024,https://github.com/HTNam1710/ADS_Final/blob/main/Data/diem_chuan_2024_final.csv
DTT,F7310630Q,Việt Nam học (Chuyên ngành Du lịch và Quản lý du lịch) - Chất lượng cao,,2024,https://github.com/HTNam1710/ADS_Final/blob/main/Data/diem_chuan_2024_final.csv
DTT,F7340101,Quản trị kinh doanh (Chuyên ngành Quản trị nguồn nhân lực) - Chất lượng cao,,2024,https://github.com/HTNam1710/ADS_Final/blob/main/Data/diem_chuan_2024_final.csv
DTT,F7340101N,Quản trị kinh doanh (Chuyên ngành Quản trị nhà hàng - khách sạn) - Chất lượng cao,,2024,https://github.com/HTNam1710/ADS_Final/blob/main/Data/diem_chuan_2024_final.csv
DTT,F7340115,Marketing - Chất lượng cao,,2024,https://github.com/HTNam1710/ADS_Final/blob/main/Data/diem_chuan_2024_final.csv
DTT,F7340120,Kinh doanh quốc tế - Chất lượng cao,,2024,https://github.com/HTNam1710/ADS_Final/blob/main/Data/diem_chuan_2024_final.csv
DTT,F7340201,Tài chính - Ngân hàng - Chất lượng cao,,2024,https://github.com/HTNam1710/ADS_Final/blob/main/Data/diem_chuan_2024_final.csv
DTT,F7340301,Kế toán - Chất lượng cao,,2024,https://github.com/HTNam1710/ADS_Final/blob/main/Data/diem_chuan_2024_final.csv
DTT,F7380101,Luật - Chất lượng cao,,2024,https://github.com/HTNam1710/ADS_Final/blob/main/Data/diem_chuan_2024_final.csv
DTT,F7420201,Công nghệ sinh học - Chất lượng cao,,2024,https://github.com/HTNam1710/ADS_Final/blob/main/Data/diem_chuan_2024_final.csv
DTT,F7480101,Khoa học máy tính - Chất lượng cao,,2024,https://github.com/HTNam1710/ADS_Final/blob/main/Data/diem_chuan_2024_final.csv
DTT,F7480103,Kỹ thuật phần mềm - Chất lượng cao,,2024,https://github.com/HTNam1710/ADS_Final/blob/main/Data/diem_chuan_2024_final.csv
DTT,F7520201,Kỹ thuật điện - Chất lượng cao,,2024,https://github.com/HTNam1710/ADS_Final/blob/main/Data/diem_chuan_2024_final.csv
DTT,F7520207,Kỹ thuật điện tử - viễn thông - Chất lượng cao,,2024,https://github.com/HTNam1710/ADS_Final/blob/main/Data/diem_chuan_2024_final.csv
DTT,F7520216,Kỹ thuật điều khiển và tự động hóa - Chất lượng cao,,2024,https://github.com/HTNam1710/ADS_Final/blob/main/Data/diem_chuan_2024_final.csv
DTT,F7520301,Kỹ thuật hóa học - Chất lượng cao,,2024,https://github.com/HTNam1710/ADS_Final/blob/main/Data/diem_chuan_2024_final.csv
DTT,F7580101,Kiến trúc - Chất lượng cao,,2024,https://github.com/HTNam1710/ADS_Final/blob/main/Data/diem_chuan_2024_final.csv
DTT,F7580201,Kỹ thuật xây dựng - Chất lượng cao,,2024,https://github.com/HTNam1710/ADS_Final/blob/main/Data/diem_chuan_2024_final.csv
DTT,FA7220201,Ngôn ngữ Anh - Chương trình đại học bằng tiếng Anh,,2024,https://github.com/HTNam1710/ADS_Final/blob/main/Data/diem_chuan_2024_final.csv
DTT,FA7310630Q,Việt Nam học (Chuyên ngành Du lịch và Quản lý du lịch) - Chương trình đại học bằng tiếng Anh,,2024,https://github.com/HTNam1710/ADS_Final/blob/main/Data/diem_chuan_2024_final.csv
DTT,FA7340101N,Quản trị kinh doanh (Chuyên ngành Quản trị nhà hàng - khách sạn) - Chương trình đại học bằng tiếng Anh,,2024,https://github.com/HTNam1710/ADS_Final/blob/main/Data/diem_chuan_2024_final.csv
DTT,FA7340115,Marketing - Chương trình đại học bằng tiếng Anh,,2024,https://github.com/HTNam1710/ADS_Final/blob/main/Data/diem_chuan_2024_final.csv
DTT,FA7340120,Kinh doanh quốc tế - Chương trình đại học bằng tiếng Anh,,2024,https://github.com/HTNam1710/ADS_Final/blob/main/Data/diem_chuan_2024_final.csv
DTT,FA7340201,Tài chính - Ngân hàng - Chương trình đại học bằng tiếng Anh,,2024,https://github.com/HTNam1710/ADS_Final/blob/main/Data/diem_chuan_2024_final.csv
DTT,FA7340301,Kế toán (Chuyên ngành Kế toán quốc tế) - Chương trình đại học bằng tiếng Anh,,2024,https://github.com/HTNam1710/ADS_Final/blob/main/Data/diem_chuan_2024_final.csv
DTT,FA7420201,Công nghệ sinh học - Chương trình đại học bằng tiếng Anh,,2024,https://github.com/HTNam1710/ADS_Final/blob/main/Data/diem_chuan_2024_final.csv
DTT,FA7480101,Khoa học máy tính - Chương trình đại học bằng tiếng Anh,,2024,https://github.com/HTNam1710/ADS_Final/blob/main/Data/diem_chuan_2024_final.csv
DTT,FA7480103,Kỹ thuật phần mềm -Chương trình đại học bằng tiếng Anh,,2024,https://github.com/HTNam1710/ADS_Final/blob/main/Data/diem_chuan_2024_final.csv
DTT,FA7520216,Kỹ thuật điều khiển và tự động hóa - Chương trình đại học bằng tiếng Anh,,2024,https://github.com/HTNam1710/ADS_Final/blob/main/Data/diem_chuan_2024_final.csv
DTT,FA7580201,Kỹ thuật xây dựng - Chương trình đại học bằng tiếng Anh,,2024,https://github.com/HTNam1710/ADS_Final/blob/main/Data/diem_chuan_2024_final.csv
DTT,K7340101,Quản trị kinh doanh (song bằng 2+2) - Chương trình liên kết Đại học Kinh tế Praha (Cộng hòa Séc),,2024,https://github.com/HTNam1710/ADS_Final/blob/main/Data/diem_chuan_2024_final.csv
DTT,K7340101E,Quản trị kinh doanh toàn cầu (đơn bằng 2+2) - Chương trình liên kết Đại học Emlyon (Pháp),,2024,https://github.com/HTNam1710/ADS_Final/blob/main/Data/diem_chuan_2024_final.csv
DTT,K7340101L,Quản trị kinh doanh (đơn bằng 3+1) – Chương trình liên kết Đại học Lunghwa (Đài Loan),,2024,https://github.com/HTNam1710/ADS_Final/blob/main/Data/diem_chuan_2024_final.csv
DTT,K7340101N,Quản trị nhà hàng - khách sạn (song bằng 2.5+1.5) - Chương trình liên kết Đại học Taylor's (Malaysia),,2024,https://github.com/HTNam1710/ADS_Final/blob/main/Data/diem_chuan_2024_final.csv
DTT,K7340120L,Kinh doanh quốc tế (song bằng 3+1) – Chương trình liên kết Đại học La Trobe (Úc),,2024,https://github.com/HTNam1710/ADS_Final/blob/main/Data/diem_chuan_2024_final.csv
DTT,K7340201M,"Kinh doanh (Tài chính, Kinh doanh quốc tế, Marketing. Kế toán, Quản trị nguồn nhân lực & Quan hệ lao động) (đơn bằng 2+1.5) - Chương trình liên kết Đại học Massey (New Zealand)",,2024,https://github.com/HTNam1710/ADS_Final/blob/main/Data/diem_chuan_2024_final.csv
DTT,K7340201X,Tài chính và kiểm soát (song bằng 3+1) - Chương trình liên kết Đại học Khoa học ứng dụng Saxion (Hà Lan),,2024,https://github.com/HTNam1710/ADS_Final/blob/main/Data/diem_chuan_2024_final.csv
DTT,K7340301,Kế toán (song bằng 3+1) - Chương trình liên kết Đại học West of England. Bristol (Vương quốc Anh),,2024,https://github.com/HTNam1710/ADS_Final/blob/main/Data/diem_chuan_2024_final.csv
DTT,K7480101L,Công nghệ thông tin (song bằng 2+2) - Chương trình liên kết Đại học La Trobe (Úc),,2024,https://github.com/HTNam1710/ADS_Final/blob/main/Data/diem_chuan_2024_final.csv
DTT,K7480101T,Khoa học máy tính (đơn bằng 2+2) - Chương trình liên kết Đại học Kỹ thuật Ostrava (Cộng hòa Séc),,2024,https://github.com/HTNam1710/ADS_Final/blob/main/Data/diem_chuan_2024_final.csv
DTT,K7520201,Kỹ thuật điện – điện tử (song bằng 2.5+1.5) - Chương trình liên kết Đại học Khoa học ứng dụng Saxion (Hà Lan),,2024,https://github.com/HTNam1710/ADS_Final/blob/main/Data/diem_chuan_2024_final.csv
DTT,K7580201,Kỹ thuật xây dựng (song bằng 2+2) - Chương trình liên kết Đại học La Trobe (Úc),,2024,https://github.com/HTNam1710/ADS_Final/blob/main/Data/diem_chuan_2024_final.csv
DTT,N7210403,Thiết kế đồ họa,,2024,https://github.com/HTNam1710/ADS_Final/blob/main/Data/diem_chuan_2024_final.csv
DTT,N7220201,Ngôn ngữ Anh,,2024,https://github.com/HTNam1710/ADS_Final/blob/main/Data/diem_chuan_2024_final.csv
DTT,N7310630,Việt Nam học (Chuyên ngành Du lịch và lữ hành),,2024,https://github.com/HTNam1710/ADS_Final/blob/main/Data/diem_chuan_2024_final.csv
DTT,N7340101N,Quản trị kinh doanh (Chuyên ngành Quản trị nhà hàng - khách sạn),,2024,https://github.com/HTNam1710/ADS_Final/blob/main/Data/diem_chuan_2024_final.csv
DTT,N7340115,Marketing,,2024,https://github.com/HTNam1710/ADS_Final/blob/main/Data/diem_chuan_2024_final.csv
DTT,N7340301,Kế toán,,2024,https://github.com/HTNam1710/ADS_Final/blob/main/Data/diem_chuan_2024_final.csv
DTT,N7380101,Luật,,2024,https://github.com/HTNam1710/ADS_Final/blob/main/Data/diem_chuan_2024_final.csv
DTT,N7480101,Khoa học máy tính,,2024,https://github.com/HTNam1710/ADS_Final/blob/main/Data/diem_chuan_2024_final.csv
DTT,N7480103,Kỹ thuật phần mềm,,2024,https://github.com/HTNam1710/ADS_Final/blob/main/Data/diem_chuan_2024_final.csv
HVN,HVN01,Thú y,,2024,https://github.com/HTNam1710/ADS_Final/blob/main/Data/diem_chuan_2024_final.csv
HVN,HVN02,Chăn nuôi thú y - thuỷ sản,,2024,https://github.com/HTNam1710/ADS_Final/blob/main/Data/diem_chuan_2024_final.csv
HVN,HVN03,Nông nghiệp sinh thái và Nông nghiệp đô thị,,2024,https://github.com/HTNam1710/ADS_Final/blob/main/Data/diem_chuan_2024_final.csv
HVN,HVN04,Công nghệ kỹ thuật ô tô và Cơ điện tử,,2024,https://github.com/HTNam1710/ADS_Final/blob/main/Data/diem_chuan_2024_final.csv
HVN,HVN05,Kỹ thuật cơ khí,,2024,https://github.com/HTNam1710/ADS_Final/blob/main/Data/diem_chuan_2024_final.csv
HVN,HVN06,"Kỹ thuật điện, Điện tử và Tự động hoá",,2024,https://github.com/HTNam1710/ADS_Final/blob/main/Data/diem_chuan_2024_final.csv
HVN,HVN07,Logistics và Quản lý chuỗi cung ứng,,2024,https://github.com/HTNam1710/ADS_Final/blob/main/Data/diem_chuan_2024_final.csv
HVN,HVN08,"Quản trị kinh doanh, Thương mại và Du lịch",,2024,https://github.com/HTNam1710/ADS_Final/blob/main/Data/diem_chuan_2024_final.csv
HVN,HVN09,Công nghệ sinh học và Công nghệ dược liệu,,2024,https://github.com/HTNam1710/ADS_Final/blob/main/Data/diem_chuan_2024_final.csv
HVN,HVN10,Công nghệ thực phẩm và Chế biến,,2024,https://github.com/HTNam1710/ADS_Final/blob/main/Data/diem_chuan_2024_final.csv
HVN,HVN11,Kinh tế và Quản lý,,2024,https://github.com/HTNam1710/ADS_Final/blob/main/Data/diem_chuan_2024_final.csv
HVN,HVN12,Xã hội học,,2024,https://github.com/HTNam1710/ADS_Final/blob/main/Data/diem_chuan_2024_final.csv
HVN,HVN13,Luật,,2024,https://github.com/HTNam1710/ADS_Final/blob/main/Data/diem_chuan_2024_final.csv
HVN,HVN14,Công nghệ thông tin và Kỹ thuật số,,2024,https://github.com/HTNam1710/ADS_Final/blob/main/Data/diem_chuan_2024_final.csv
HVN,HVN15,"Quản lý đất đai, Bất động sản và Môi trường",,2024,https://github.com/HTNam1710/ADS_Final/blob/main/Data/diem_chuan_2024_final.csv
HVN,HVN16,Khoa học môi trường,,2024,https://github.com/HTNam1710/ADS_Final/blob/main/Data/diem_chuan_2024_final.csv
HVN,HVN17,Ngôn ngữ Anh,,2024,https://github.com/HTNam1710/ADS_Final/blob/main/Data/diem_chuan_2024_final.csv
HVN,HVN18,Sư phạm công nghệ,,2024,https://github.com/HTNam1710/ADS_Final/blob/main/Data/diem_chuan_2024_final.csv
QHX,QHX01,Báo chí,,2024,https://github.com/HTNam1710/ADS_Final/blob/main/Data/diem_chuan_2024_final.csv
QHX,QHX02,Chính trị học,,2024,https://github.com/HTNam1710/ADS_Final/blob/main/Data/diem_chuan_2024_final.csv
QHX,QHX03,Công tác xã hội,,2024,https://github.com/HTNam1710/ADS_Final/blob/main/Data/diem_chuan_2024_final.csv
QHX,QHX04,Đông Nam Á học,,2024,https://github.com/HTNam1710/ADS_Final/blob/main/Data/diem_chuan_2024_final.csv
QHX,QHX05,Đông phương học,,2024,https://github.com/HTNam1710/ADS_Final/blob/main/Data/diem_chuan_2024_final.csv
QHX,QHX06,Hán Nôm,,2024,https://github.com/HTNam1710/ADS_Final/blob/main/Data/diem_chuan_2024_final.csv
QHX,QHX07,Khoa học quản lý,,2024,https://github.com/HTNam1710/ADS_Final/blob/main/Data/diem_chuan_2024_final.csv
QHX,QHX08,Lịch sử,,2024,https://github.com/HTNam1710/ADS_Final/blob/main/Data/diem_chuan_2024_final.csv
QHX,QHX09,Lưu trữ học,,2024,https://github.com/HTNam1710/ADS_Final/blob/main/Data/diem_chuan_2024_final.csv
QHX,QHX10,Ngôn ngữ học,,2024,https://github.com/HTNam1710/ADS_Final/blob/main/Data/diem_chuan_2024_final.csv
QHX,QHX11,Nhân học,,2024,https://github.com/HTNam1710/ADS_Final/blob/main/Data/diem_chuan_2024_final.csv
QHX,QHX12,Nhật Bản học,,2024,https://github.com/HTNam1710/ADS_Final/blob/main/Data/diem_chuan_2024_final.csv
QHX,QHX13,Quan hệ công chúng,,2024,https://github.com/HTNam1710/ADS_Final/blob/main/Data/diem_chuan_2024_final.csv
QHX,QHX14,Quản lý thông tin,,2024,https://github.com/HTNam1710/ADS_Final/blob/main/Data/diem_chuan_2024_final.csv
QHX,QHX15,Quản trị dịch vụ du lịch và lữ hành,,2024,https://github.com/HTNam1710/ADS_Final/blob/main/Data/diem_chuan_2024_final.csv
QHX,QHX16,Quản trị khách sạn,,2024,https://github.com/HTNam1710/ADS_Final/blob/main/Data/diem_chuan_2024_final.csv
QHX,QHX17,Quản trị văn phòng,,2024,https://github.com/HTNam1710/ADS_Final/blob/main/Data/diem_chuan_2024_final.csv
QHX,QHX18,Quốc tế học,,2024,https://github.com/HTNam1710/ADS_Final/blob/main/Data/diem_chuan_2024_final.csv
QHX,QHX19,Tâm lý học,,2024,https://github.com/HTNam1710/ADS_Final/blob/main/Data/diem_chuan_2024_final.csv
QHX,QHX20,Thông tin - thư viện,,2024,https://github.com/HTNam1710/ADS_Final/blob/main/Data/diem_chuan_2024_final.csv
QHX,QHX21,Tôn giáo học,,2024,https://github.com/HTNam1710/ADS_Final/blob/main/Data/diem_chuan_2024_final.csv
QHX,QHX22,Triết học,,2024,https://github.com/HTNam1710/ADS_Final/blob/main/Data/diem_chuan_2024_final.csv
QHX,QHX23,Văn học,,2024,https://github.com/HTNam1710/ADS_Final/blob/main/Data/diem_chuan_2024_final.csv
QHX,QHX24,Việt Nam học,,2024,https://github.com/HTNam1710/ADS_Final/blob/main/Data/diem_chuan_2024_final.csv
QHX,QHX25,Xã hội học,,2024,https://github.com/HTNam1710/ADS_Final/blob/main/Data/diem_chuan_2024_final.csv
QHX,QHX26,Hàn Quốc,,2024,https://github.com/HTNam1710/ADS_Final/blob/main/Data/diem_chuan_2024_final.csv
QHX,QHX27,Văn hoá học,,2024,https://github.com/HTNam1710/ADS_Final/blob/main/Data/diem_chuan_2024_final.csv
QHX,QHX28,Điện ảnh và Nghệ thuật đại chúng,,2024,https://github.com/HTNam1710/ADS_Final/blob/main/Data/diem_chuan_2024_final.csv
LPH,7220201,Ngôn ngữ Anh,7220201,2024,https://github.com/HTNam1710/ADS_Final/blob/main/Data/diem_chuan_2024_final.csv
LPH,7380101,Luật,7380101,2024,https://github.com/HTNam1710/ADS_Final/blob/main/Data/diem_chuan_2024_final.csv
LPH,7380107,Luật Kinh tế,7380107,2024,https://github.com/HTNam1710/ADS_Final/blob/main/Data/diem_chuan_2024_final.csv
LPH,7380109,Luật Thương mại quốc tế,7380109,2024,https://github.com/HTNam1710/ADS_Final/blob/main/Data/diem_chuan_2024_final.csv
QHF,7140231,Sư phạm tiếng Anh,7140231,2024,https://github.com/HTNam1710/ADS_Final/blob/main/Data/diem_chuan_2024_final.csv
QHF,7140234,Sư phạm tiếng Trung,7140234,2024,https://github.com/HTNam1710/ADS_Final/blob/main/Data/diem_chuan_2024_final.csv
QHF,7140235,Sư phạm tiếng Đức,7140235,2024,https://github.com/HTNam1710/ADS_Final/blob/main/Data/diem_chuan_2024_final.csv
QHF,7140236,Sư phạm tiếng Nhật,7140236,2024,https://github.com/HTNam1710/ADS_Final/blob/main/Data/diem_chuan_2024_final.csv
QHF,7140237,Sư phạm tiếng Hàn Quốc,7140237,2024,https://github.com/HTNam1710/ADS_Final/blob/main/Data/diem_chuan_2024_final.csv
QHF,7220201,Ngôn ngữ Anh,7220201,2024,https://github.com/HTNam1710/ADS_Final/blob/main/Data/diem_chuan_2024_final.csv
QHF,7220202,Ngôn ngữ Nga,7220202,2024,https://github.com/HTNam1710/ADS_Final/blob/main/Data/diem_chuan_2024_final.csv
QHF,7220203,Ngôn ngữ Pháp,7220203,2024,https://github.com/HTNam1710/ADS_Final/blob/main/Data/diem_chuan_2024_final.csv
QHF,7220204,Ngôn ngữ Trung Quốc,7220204,2024,https://github.com/HTNam1710/ADS_Final/blob/main/Data/diem_chuan_2024_final.csv
QHF,7220205,Ngôn ngữ Đức,7220205,2024,https://github.com/HTNam1710/ADS_Final/blob/main/Data/diem_chuan_2024_final.csv
QHF,7220209,Ngôn ngữ Nhật,7220209,2024,https://github.com/HTNam1710/ADS_Final/blob/main/Data/diem_chuan_2024_final.csv
QHF,7220210,Ngôn ngữ Hàn Quốc,7220210,2024,https://github.com/HTNam1710/ADS_Final/blob/main/Data/diem_chuan_2024_final.csv
QHF,7220211,Ngôn ngữ Ả Rập,7220211,2024,https://github.com/HTNam1710/ADS_Final/blob/main/Data/diem_chuan_2024_final.csv
QHF,7220212QTD,Văn hóa và truyền thông xuyên quốc gia,7220212,2024,https://github.com/HTNam1710/ADS_Final/blob/main/Data/diem_chuan_2024_final.csv
QHF,7903124,Kinh tế - Tài chính,7903124,2024,https://github.com/HTNam1710/ADS_Final/blob/main/Data/diem_chuan_2024_final.csv
HBT,527,"Kinh tế, chuyên ngành Quản lý kinh tế",,2024,https://github.com/HTNam1710/ADS_Final/blob/main/Data/diem_chuan_2024_final.csv
HBT,530,"Chính trị học, chuyên ngành Công tác tư tưởng - văn hóa",,2024,https://github.com/HTNam1710/ADS_Final/blob/main/Data/diem_chuan_2024_final.csv
HBT,531,"Chính tri học, chuyên ngành Chính trị phát triển",,2024,https://github.com/HTNam1710/ADS_Final/blob/main/Data/diem_chuan_2024_final.csv
HBT,532,Quản lý nhà nước,,2024,https://github.com/HTNam1710/ADS_Final/blob/main/Data/diem_chuan_2024_final.csv
HBT,533,"Chính trị học, chuyên ngành Tư tưởng Hồ Chí Minh",,2024,https://github.com/HTNam1710/ADS_Final/blob/main/Data/diem_chuan_2024_final.csv
HBT,538,"Chính tri học, chuyên ngành Truyền thông chính sách",,2024,https://github.com/HTNam1710/ADS_Final/blob/main/Data/diem_chuan_2024_final.csv
HBT,602,"Báo chí, chuyên ngành Báo in",,2024,https://github.com/HTNam1710/ADS_Final/blob/main/Data/diem_chuan_2024_final.csv
HBT,603,"Báo chí, chuyên ngành Ảnh báo chí",,2024,https://github.com/HTNam1710/ADS_Final/blob/main/Data/diem_chuan_2024_final.csv
HBT,604,"Báo chí, chuyên ngành Báo phát thanh",,2024,https://github.com/HTNam1710/ADS_Final/blob/main/Data/diem_chuan_2024_final.csv
HBT,605,"Báo chí, chuyên ngành Báo truyền hình",,2024,https://github.com/HTNam1710/ADS_Final/blob/main/Data/diem_chuan_2024_final.csv
HBT,606,"Báo chí, chuyên ngành Quay phim truyền hình",,2024,https://github.com/HTNam1710/ADS_Final/blob/main/Data/diem_chuan_2024_final.csv
HBT,607,"Báo chí, chuyên ngành Báo mạng điện tử",,2024,https://github.com/HTNam1710/ADS_Final/blob/main/Data/diem_chuan_2024_final.csv
HBT,610,"Quan hệ quốc tế, chuyên ngành Thông tin đối ngoại",,2024,https://github.com/HTNam1710/ADS_Final/blob/main/Data/diem_chuan_2024_final.csv
HBT,611,"Quan hệ quốc tế, chuyên ngành Quan hệ chính trị và Truyền thông quốc tế",,2024,https://github.com/HTNam1710/ADS_Final/blob/main/Data/diem_chuan_2024_final.csv
HBT,614,"Quan hệ quốc tế, chuyên ngành Quan hệ quốc tế và Truyền thông toàn cầu",,2024,https://github.com/HTNam1710/ADS_Final/blob/main/Data/diem_chuan_2024_final.csv
HBT,615,"Quan hệ công chúng, chuyên ngành Quan hệ công chúng chuyên nghiệp",,2024,https://github.com/HTNam1710/ADS_Final/blob/main/Data/diem_chuan_2024_final.csv
HBT,616,"Quan hệ công chúng, chuyên ngành Truyền thông marketing",,2024,https://github.com/HTNam1710/ADS_Final/blob/main/Data/diem_chuan_2024_final.csv
HBT,7220201,Ngôn ngữ Anh,7220201,2024,https://github.com/HTNam1710/ADS_Final/blob/main/Data/diem_chuan_2024_final.csv
HBT,7229001,Triết học,7229001,2024,https://github.com/HTNam1710/ADS_Final/blob/main/Data/diem_chuan_2024_final.csv
HBT,7229008,Chủ nghĩa xã hội khoa học,7229008,2024,https://github.com/HTNam1710/ADS_Final/blob/main/Data/diem_chuan_2024_final.csv
HBT,7229010,Lịch sử,7229010,2024,https://github.com/HTNam1710/ADS_Final/blob/main/Data/diem_chuan_2024_final.csv
HBT,7310102,Kinh tế chính trị,7310102,2024,https://github.com/HTNam1710/ADS_Final/blob/main/Data/diem_chuan_2024_final.csv
HBT,7310202,Xây dựng Đảng và Chính quyền nhà nước,7310202,2024,https://github.com/HTNam1710/ADS_Final/blob/main/Data/diem_chuan_2024_final.csv
HBT,7310202,Xây dựng Đảng và chính quyền nhà nước,7310202,2024,https://github.com/HTNam1710/ADS_Final/blob/main/Data/diem_chuan_2024_final.csv
HBT,7310301,Xã hội học,7310301,2024,https://github.com/HTNam1710/ADS_Final/blob/main/Data/diem_chuan_2024_final.csv
HBT,7320104,Truyền thông đa phương tiện,7320104,2024,https://github.com/HTNam1710/ADS_Final/blob/main/Data/diem_chuan_2024_final.csv
HBT,7320105,Truyền thông đại chúng,7320105,2024,https://github.com/HTNam1710/ADS_Final/blob/main/Data/diem_chuan_2024_final.csv
HBT,7320107,Truyền thông quốc tế,7320107,2024,https://github.com/HTNam1710/ADS_Final/blob/main/Data/diem_chuan_2024_final.csv
HBT,7320110,Quảng cáo,7320110,2024,https://github.com/HTNam1710/ADS_Final/blob/main/Data/diem_chuan_2024_final.csv
HBT,7340403,Quản lý công,7340403,2024,https://github.com/HTNam1710/ADS_Final/blob/main/Data/diem_chuan_2024_final.csv
HBT,7760101,Công tác xã hội,7760101,2024,https://github.com/HTNam1710/ADS_Final/blob/main/Data/diem_chuan_2024_final.csv
HBT,801,"Xuất bản, chuyên ngành Biên tập xuất bản",,2024,https://github.com/HTNam1710/ADS_Final/blob/main/Data/diem_chuan_2024_final.csv
HBT,802,"Xuất bản, chuyên ngành Xuất bản điện tử",,2024,https://github.com/HTNam1710/ADS_Final/blob/main/Data/diem_chuan_2024_final.csv
QHT,QHT01,Toán học,,2024,https://github.com/HTNam1710/ADS_Final/blob/main/Data/diem_chuan_2024_final.csv
QHT,QHT02,Toán tin,,2024,https://github.com/HTNam1710/ADS_Final/blob/main/Data/diem_chuan_2024_final.csv
QHT,QHT03,Vật lý học,,2024,https://github.com/HTNam1710/ADS_Final/blob/main/Data/diem_chuan_2024_final.csv
QHT,QHT04,Khoa học vật liệu,,2024,https://github.com/HTNam1710/ADS_Final/blob/main/Data/diem_chuan_2024_final.csv
QHT,QHT05,Công nghệ kỹ thuật hạt nhân,,2024,https://github.com/HTNam1710/ADS_Final/blob/main/Data/diem_chuan_2024_final.csv
QHT,QHT06,Hoá học,,2024,https://github.com/HTNam1710/ADS_Final/blob/main/Data/diem_chuan_2024_final.csv
QHT,QHT07,Công nghệ kỹ thuật hoá học,,2024,https://github.com/HTNam1710/ADS_Final/blob/main/Data/diem_chuan_2024_final.csv
QHT,QHT08,Sinh học,,2024,https://github.com/HTNam1710/ADS_Final/blob/main/Data/diem_chuan_2024_final.csv
QHT,QHT09,Công nghệ sinh học,,2024,https://github.com/HTNam1710/ADS_Final/blob/main/Data/diem_chuan_2024_final.csv
QHT,QHT10,Địa lý tự nhiên,,2024,https://github.com/HTNam1710/ADS_Final/blob/main/Data/diem_chuan_2024_final.csv
QHT,QHT12,Quản lý đất đai,,2024,https://github.com/HTNam1710/ADS_Final/blob/main/Data/diem_chuan_2024_final.csv
QHT,QHT13,Khoa học môi trường,,2024,https://github.com/HTNam1710/ADS_Final/blob/main/Data/diem_chuan_2024_final.csv
QHT,QHT15,Công nghệ kỹ thuật môi trường,,2024,https://github.com/HTNam1710/ADS_Final/blob/main/Data/diem_chuan_2024_final.csv
QHT,QHT16,Khí tượng và khí hậu học,,2024,https://github.com/HTNam1710/ADS_Final/blob/main/Data/diem_chuan_2024_final.csv
QHT,QHT17,Hải dương học,,2024,https://github.com/HTNam1710/ADS_Final/blob/main/Data/diem_chuan_2024_final.csv
QHT,QHT18,Địa chất học,,2024,https://github.com/HTNam1710/ADS_Final/blob/main/Data/diem_chuan_2024_final.csv
QHT,QHT20,Quản lý tài nguyên và môi trường,,2024,https://github.com/HTNam1710/ADS_Final/blob/main/Data/diem_chuan_2024_final.csv
QHT,QHT43,Hoá dược,,2024,https://github.com/HTNam1710/ADS_Final/blob/main/Data/diem_chuan_2024_final.csv
QHT,QHT81,Sinh dược học,,2024,https://github.com/HTNam1710/ADS_Final/blob/main/Data/diem_chuan_2024_final.csv
QHT,QHT82,"Môi trường, sức khoẻ và an toàn",,2024,https://github.com/HTNam1710/ADS_Final/blob/main/Data/diem_chuan_2024_final.csv
QHT,QHT91,Khoa học thông tin địa không gian,,2024,https://github.com/HTNam1710/ADS_Final/blob/main/Data/diem_chuan_2024_final.csv
QHT,QHT92,Tài nguyên và môi trường nước,,2024,https://github.com/HTNam1710/ADS_Final/blob/main/Data/diem_chuan_2024_final.csv
QHT,QHT93,Khoa học dữ liệu,,2024,https://github.com/HTNam1710/ADS_Final/blob/main/Data/diem_chuan_2024_final.csv
QHT,QHT94,Kỹ thuật điện tử và tin học,,2024,https://github.com/HTNam1710/ADS_Final/blob/main/Data/diem_chuan_2024_final.csv
QHT,QHT95,Quản lý phát triển đô thị và bất động sản,,2024,https://github.com/HTNam1710/ADS_Final/blob/main/Data/diem_chuan_2024_final.csv
QHT,QHT96,Khoa học và công nghệ thực phẩm,,2024,https://github.com/HTNam1710/ADS_Final/blob/main/Data/diem_chuan_2024_final.csv
QHT,QHT98,Khoa học máy tính và thông tin,,2024,https://github.com/HTNam1710/ADS_Final/blob/main/Data/diem_chuan_2024_final.csv
QHE,7310101,Kinh tế,7310101,2024,https://github.com/HTNam1710/ADS_Final/blob/main/Data/diem_chuan_2024_final.csv
QHE,7310105,Kinh tế phát triển,7310105,2024,https://github.com/HTNam1710/ADS_Final/blob/main/Data/diem_chuan_2024_final.csv
QHE,7310106,Kinh tế quốc tế,7310106,2024,https://github.com/HTNam1710/ADS_Final/blob/main/Data/diem_chuan_2024_final.csv
QHE,7340101,Quản trị kinh doanh,7340101,2024,https://github.com/HTNam1710/ADS_Final/blob/main/Data/diem_chuan_2024_final.csv
QHE,7340201,Tài chính - Ngân hàng,7340201,2024,https://github.com/HTNam1710/ADS_Final/blob/main/Data/diem_chuan_2024_final.csv
QHE,7340301,Kế toán,7340301,2024,https://github.com/HTNam1710/ADS_Final/blob/main/Data/diem_chuan_2024_final.csv
QSX,7140101,Giáo dục học,7140101,2024,https://github.com/HTNam1710/ADS_Final/blob/main/Data/diem_chuan_2024_final.csv
QSX,7140114,Quản lý giáo dục,7140114,2024,https://github.com/HTNam1710/ADS_Final/blob/main/Data/diem_chuan_2024_final.csv
QSX,7210213,Nghệ thuật học,7210213,2024,https://github.com/HTNam1710/ADS_Final/blob/main/Data/diem_chuan_2024_final.csv
QSX,7220201,Ngôn ngữ Anh,7220201,2024,https://github.com/HTNam1710/ADS_Final/blob/main/Data/diem_chuan_2024_final.csv
QSX,7220201_CLC,Ngôn ngữ Anh (chuẩn quốc tế),7220201,2024,https://github.com/HTNam1710/ADS_Final/blob/main/Data/diem_chuan_2024_final.csv
QSX,7220201_LKH,"Ngôn ngữ Anh (liên kết với Trường Đại học Minnesota Crookston, Hoa Kỳ)",7220201,2024,https://github.com/HTNam1710/ADS_Final/blob/main/Data/diem_chuan_2024_final.csv
QSX,7220202,Ngôn ngữ Nga,7220202,2024,https://github.com/HTNam1710/ADS_Final/blob/main/Data/diem_chuan_2024_final.csv
QSX,7220203,Ngôn ngữ Pháp,7220203,2024,https://github.com/HTNam1710/ADS_Final/blob/main/Data/diem_chuan_2024_final.csv
QSX,7220204,Ngôn ngữ Trung Quốc,7220204,2024,https://github.com/HTNam1710/ADS_Final/blob/main/Data/diem_chuan_2024_final.csv
QSX,7220204_CLC,Ngôn ngữ Trung Quốc (chuẩn quốc tế),7220204,2024,https://github.com/HTNam1710/ADS_Final/blob/main/Data/diem_chuan_2024_final.csv
QSX,7220204_LKT,"Ngôn ngữ Trung Quốc ( LK với ĐHSP Quảng Tây, TQ)",7220204,2024,https://github.com/HTNam1710/ADS_Final/blob/main/Data/diem_chuan_2024_final.csv
QSX,7220205,Ngôn ngữ Đức,7220205,2024,https://github.com/HTNam1710/ADS_Final/blob/main/Data/diem_chuan_2024_final.csv
QSX,7220205_CLC,Ngôn ngữ Đức (chuẩn quốc tế),7220205,2024,https://github.com/HTNam1710/ADS_Final/blob/main/Data/diem_chuan_2024_final.csv
QSX,7220206,Ngôn ngữ Tây Ban Nha,7220206,2024,https://github.com/HTNam1710/ADS_Final/blob/main/Data/diem_chuan_2024_final.csv
QSX,7220208,Ngôn ngữ Italia,7220208,2024,https://github.com/HTNam1710/ADS_Final/blob/main/Data/diem_chuan_2024_final.csv
QSX,7229001,Triết học,7229001,2024,https://github.com/HTNam1710/ADS_Final/blob/main/Data/diem_chuan_2024_final.csv
QSX,7229009,Tôn giáo học,7229009,2024,https://github.com/HTNam1710/ADS_Final/blob/main/Data/diem_chuan_2024_final.csv
QSX,7229010,Lịch sử,7229010,2024,https://github.com/HTNam1710/ADS_Final/blob/main/Data/diem_chuan_2024_final.csv
QSX,7229020,Ngôn ngữ học,7229020,2024,https://github.com/HTNam1710/ADS_Final/blob/main/Data/diem_chuan_2024_final.csv
QSX,7229030,Văn học,7229030,2024,https://github.com/HTNam1710/ADS_Final/blob/main/Data/diem_chuan_2024_final.csv
QSX,7229040,Văn hóa học,7229040,2024,https://github.com/HTNam1710/ADS_Final/blob/main/Data/diem_chuan_2024_final.csv
QSX,7310206,Quan hệ quốc tế,7310206,2024,https://github.com/HTNam1710/ADS_Final/blob/main/Data/diem_chuan_2024_final.csv
QSX,7310206_CLC,Quan hệ quốc tế (chuẩn quốc té),7310206,2024,https://github.com/HTNam1710/ADS_Final/blob/main/Data/diem_chuan_2024_final.csv
QSX,7310206_LKD,"Quan hệ quốc tế (liên kết với ĐH Deakin, Úc)",7310206,2024,https://github.com/HTNam1710/ADS_Final/blob/main/Data/diem_chuan_2024_final.csv
QSX,7310301,Xã hội học,7310301,2024,https://github.com/HTNam1710/ADS_Final/blob/main/Data/diem_chuan_2024_final.csv
QSX,7310302,Nhân học,7310302,2024,https://github.com/HTNam1710/ADS_Final/blob/main/Data/diem_chuan_2024_final.csv
QSX,7310401,Tâm lý học,7310401,2024,https://github.com/HTNam1710/ADS_Final/blob/main/Data/diem_chuan_2024_final.csv
QSX,7310403,Tâm lý học giáo dục,7310403,2024,https://github.com/HTNam1710/ADS_Final/blob/main/Data/diem_chuan_2024_final.csv
QSX,7310501,Địa lý học,7310501,2024,https://github.com/HTNam1710/ADS_Final/blob/main/Data/diem_chuan_2024_final.csv
QSX,7310601,Quốc tế học,7310601,2024,https://github.com/HTNam1710/ADS_Final/blob/main/Data/diem_chuan_2024_final.csv
QSX,7310608,Đông phương học,7310608,2024,https://github.com/HTNam1710/ADS_Final/blob/main/Data/diem_chuan_2024_final.csv
QSX,7310613,Nhật Bản học,7310613,2024,https://github.com/HTNam1710/ADS_Final/blob/main/Data/diem_chuan_2024_final.csv
QSX,7310613_CLC,Nhật Bản học (chuẩn quốc tế),7310613,2024,https://github.com/HTNam1710/ADS_Final/blob/main/Data/diem_chuan_2024_final.csv
QSX,7310614,Hàn Quốc học,7310614,2024,https://github.com/HTNam1710/ADS_Final/blob/main/Data/diem_chuan_2024_final.csv
QSX,7310630,Việt Nam học,7310630,2024,https://github.com/HTNam1710/ADS_Final/blob/main/Data/diem_chuan_2024_final.csv
QSX,73106a1,Kinh doanh thương mại Hàn Quốc,,2024,https://github.com/HTNam1710/ADS_Final/blob/main/Data/diem_chuan_2024_final.csv
QSX,73106a2,Kinh doanh thương mại Hàn Quốc,,2024,https://github.com/HTNam1710/ADS_Final/blob/main/Data/diem_chuan_2024_final.csv
QSX,73106a3,Kinh doanh thương mại Hàn Quốc,,2024,https://github.com/HTNam1710/ADS_Final/blob/main/Data/diem_chuan_2024_final.csv
QSX,7320101,Báo chí,7320101,2024,https://github.com/HTNam1710/ADS_Final/blob/main/Data/diem_chuan_2024_final.csv
QSX,7320101_CLC,Báo chí (chuẩn quốc tế),7320101,2024,https://github.com/HTNam1710/ADS_Final/blob/main/Data/diem_chuan_2024_final.csv
QSX,7320101_LKD,"Truyền thông (liên kết với Đại học Deakin, Úc)",7320101,2024,https://github.com/HTNam1710/ADS_Final/blob/main/Data/diem_chuan_2024_final.csv
QSX,7320104,Truyền thông đa phương tiện,7320104,2024,https://github.com/HTNam1710/ADS_Final/blob/main/Data/diem_chuan_2024_final.csv
QSX,7320201,Thông tin - Thư viện,7320201,2024,https://github.com/HTNam1710/ADS_Final/blob/main/Data/diem_chuan_2024_final.csv
QSX,7320205,Quản lý thông tin,7320205,2024,https://github.com/HTNam1710/ADS_Final/blob/main/Data/diem_chuan_2024_final.csv
QSX,7320303,Lưu trữ học,7320303,2024,https://github.com/HTNam1710/ADS_Final/blob/main/Data/diem_chuan_2024_final.csv
QSX,7340406,Quản trị văn phòng,7340406,2024,https://github.com/HTNam1710/ADS_Final/blob/main/Data/diem_chuan_2024_final.csv
QSX,7580112,Đô thị học,7580112,2024,https://github.com/HTNam1710/ADS_Final/blob/main/Data/diem_chuan_2024_final.csv
QSX,7760101,Công tác xã hội,7760101,2024,https://github.com/HTNam1710/ADS_Final/blob/main/Data/diem_chuan_2024_final.csv
QSX,7810103,Quản trị dịch vụ du lịch và lữ hành,7810103,2024,https://github.com/HTNam1710/ADS_Final/blob/main/Data/diem_chuan_2024_final.csv
QSX,7810103_CLC,Quản trị dịch vụ du lịch và lữ hành (chuẩn quốc tế),7810103,2024,https://github.com/HTNam1710/ADS_Final/blob/main/Data/diem_chuan_2024_final.csv
DTS,7140101,Giáo dục học,7140101,2024,https://github.com/HTNam1710/ADS_Final/blob/main/Data/diem_chuan_2024_final.csv
DTS,7140201,Giáo dục Mầm non,7140201,2024,https://github.com/HTNam1710/ADS_Final/blob/main/Data/diem_chuan_2024_final.csv
DTS,7140202,Giáo dục Tiểu học,7140202,2024,https://github.com/HTNam1710/ADS_Final/blob/main/Data/diem_chuan_2024_final.csv
DTS,7140205,Giáo dục Chính trị,7140205,2024,https://github.com/HTNam1710/ADS_Final/blob/main/Data/diem_chuan_2024_final.csv
DTS,7140206,Giáo dục Thể chất,7140206,2024,https://github.com/HTNam1710/ADS_Final/blob/main/Data/diem_chuan_2024_final.csv
DTS,7140209,Sư phạm Toán học,7140209,2024,https://github.com/HTNam1710/ADS_Final/blob/main/Data/diem_chuan_2024_final.csv
DTS,7140210,Sư phạm Tin học,7140210,2024,https://github.com/HTNam1710/ADS_Final/blob/main/Data/diem_chuan_2024_final.csv
DTS,7140211,Sư phạm Vật lý,7140211,2024,https://github.com/HTNam1710/ADS_Final/blob/main/Data/diem_chuan_2024_final.csv
DTS,7140212,Sư phạm Hoá học,7140212,2024,https://github.com/HTNam1710/ADS_Final/blob/main/Data/diem_chuan_2024_final.csv
DTS,7140213,Sư phạm Sinh học,7140213,2024,https://github.com/HTNam1710/ADS_Final/blob/main/Data/diem_chuan_2024_final.csv
DTS,7140217,Sư phạm Ngữ văn,7140217,2024,https://github.com/HTNam1710/ADS_Final/blob/main/Data/diem_chuan_2024_final.csv
DTS,7140218,Sư phạm Lịch sử,7140218,2024,https://github.com/HTNam1710/ADS_Final/blob/main/Data/diem_chuan_2024_final.csv
DTS,7140219,Sư phạm Địa lí,7140219,2024,https://github.com/HTNam1710/ADS_Final/blob/main/Data/diem_chuan_2024_final.csv
DTS,7140231,Sư phạm Tiếng Anh,7140231,2024,https://github.com/HTNam1710/ADS_Final/blob/main/Data/diem_chuan_2024_final.csv
DTS,7140247,Sư phạm Khoa học Tự nhiên,7140247,2024,https://github.com/HTNam1710/ADS_Final/blob/main/Data/diem_chuan_2024_final.csv
DTS,7140249,Sư phạm Lịch sử - Địa lí,7140249,2024,https://github.com/HTNam1710/ADS_Final/blob/main/Data/diem_chuan_2024_final.csv
DTS,7310403,Tâm lý học giáo dục,7310403,2024,https://github.com/HTNam1710/ADS_Final/blob/main/Data/diem_chuan_2024_final.csv
LCH,7310202,Xây dựng Đảng và chính quyền Nhà nước,7310202,2024,https://github.com/HTNam1710/ADS_Final/blob/main/Data/diem_chuan_2024_final.csv
TCT,7140201,Giáo dục Mầm non,7140201,2024,https://github.com/HTNam1710/ADS_Final/blob/main/Data/diem_chuan_2024_final.csv
TCT,7140202,Giáo dục Tiểu học,7140202,2024,https://github.com/HTNam1710/ADS_Final/blob/main/Data/diem_chuan_2024_final.csv
TCT,7140204,Giáo dục Công dân,7140204,2024,https://github.com/HTNam1710/ADS_Final/blob/main/Data/diem_chuan_2024_final.csv
TCT,7140206,Giáo dục thể chất,7140206,2024,https://github.com/HTNam1710/ADS_Final/blob/main/Data/diem_chuan_2024_final.csv
TCT,7140209,Sư phạm Toán học,7140209,2024,https://github.com/HTNam1710/ADS_Final/blob/main/Data/diem_chuan_2024_final.csv
TCT,7140210,Sư phạm Tin học,7140210,2024,https://github.com/HTNam1710/ADS_Final/blob/main/Data/diem_chuan_2024_final.csv
TCT,7140211,Sư phạm Vật lý,7140211,2024,https://github.com/HTNam1710/ADS_Final/blob/main/Data/diem_chuan_2024_final.csv
TCT,7140212,Sư phạm Hóa học,7140212,2024,https://github.com/HTNam1710/ADS_Final/blob/main/Data/diem_chuan_2024_final.csv
TCT,7140213,Sư phạm Sinh học,7140213,2024,https://github.com/HTNam1710/ADS_Final/blob/main/Data/diem_chuan_2024_final.csv
TCT,7140217,Sư phạm Ngữ văn,7140217,2024,https://github.com/HTNam1710/ADS_Final/blob/main/Data/diem_chuan_2024_final.csv
TCT,7140218,Sư phạm Lịch sử,7140218,2024,https://github.com/HTNam1710/ADS_Final/blob/main/Data/diem_chuan_2024_final.csv
TCT,7140219,Sư phạm Địa lý,7140219,2024,https://github.com/HTNam1710/ADS_Final/blob/main/Data/diem_chuan_2024_final.csv
TCT,7140231,Sư phạm tiếng Anh,7140231,2024,https://github.com/HTNam1710/ADS_Final/blob/main/Data/diem_chuan_2024_final.csv
TCT,7140233,Sư phạm tiếng Pháp,7140233,2024,https://github.com/HTNam1710/ADS_Final/blob/main/Data/diem_chuan_2024_final.csv
TCT,7140247,Sư phạm Khoa học tự nhiên,7140247,2024,https://github.com/HTNam1710/ADS_Final/blob/main/Data/diem_chuan_2024_final.csv
TCT,7220201,Ngôn ngữ Anh,7220201,2024,https://github.com/HTNam1710/ADS_Final/blob/main/Data/diem_chuan_2024_final.csv
TCT,7220201C,Ngôn ngữ Anh (CTCLC),7220201,2024,https://github.com/HTNam1710/ADS_Final/blob/main/Data/diem_chuan_2024_final.csv
TCT,7220201H,Ngôn ngữ Anh (Khu Hòa An),7220201,2024,https://github.com/HTNam1710/ADS_Final/blob/main/Data/diem_chuan_2024_final.csv
TCT,7220203,Ngôn ngữ Pháp,7220203,2024,https://github.com/HTNam1710/ADS_Final/blob/main/Data/diem_chuan_2024_final.csv
TCT,7229001,Triết học,7229001,2024,https://github.com/HTNam1710/ADS_Final/blob/main/Data/diem_chuan_2024_final.csv
TCT,7229030,Văn học,7229030,2024,https://github.com/HTNam1710/ADS_Final/blob/main/Data/diem_chuan_2024_final.csv
TCT,7310101,Kinh tế,7310101,2024,https://github.com/HTNam1710/ADS_Final/blob/main/Data/diem_chuan_2024_final.csv
TCT,7310201,Chính trị học,7310201,2024,https://github.com/HTNam1710/ADS_Final/blob/main/Data/diem_chuan_2024_final.csv
TCT,7310301,Xã hội học,7310301,2024,https://github.com/HTNam1710/ADS_Final/blob/main/Data/diem_chuan_2024_final.csv
TCT,7320101,Báo chí,7320101,2024,https://github.com/HTNam1710/ADS_Final/blob/main/Data/diem_chuan_2024_final.csv
TCT,7320104,Truyền thông đa phương tiện,7320104,2024,https://github.com/HTNam1710/ADS_Final/blob/main/Data/diem_chuan_2024_final.csv
TCT,7320201,Thông tin - thư viện,7320201,2024,https://github.com/HTNam1710/ADS_Final/blob/main/Data/diem_chuan_2024_final.csv
TCT,7340101,Quản trị kinh doanh,7340101,2024,https://github.com/HTNam1710/ADS_Final/blob/main/Data/diem_chuan_2024_final.csv
TCT,7340101C,Quản trị kinh doanh (CTCLC),7340101,2024,https://github.com/HTNam1710/ADS_Final/blob/main/Data/diem_chuan_2024_final.csv
TCT,7340101H,Quản trị kinh doanh (Khu Hòa An),7340101,2024,https://github.com/HTNam1710/ADS_Final/blob/main/Data/diem_chuan_2024_final.csv
TCT,7340115,Marketing,7340115,2024,https://github.com/HTNam1710/ADS_Final/blob/main/Data/diem_chuan_2024_final.csv
TCT,7340120,Kinh doanh quốc tế,7340120,2024,https://github.com/HTNam1710/ADS_Final/blob/main/Data/diem_chuan_2024_final.csv
TCT,7340120C,Kinh doanh quốc tế (CTCLC),7340120,2024,https://github.com/HTNam1710/ADS_Final/blob/main/Data/diem_chuan_2024_final.csv
TCT,7340121,Kinh doanh thương mại,7340121,2024,https://github.com/HTNam1710/ADS_Final/blob/main/Data/diem_chuan_2024_final.csv
TCT,7340201,Tài chính - Ngân hàng,7340201,2024,https://github.com/HTNam1710/ADS_Final/blob/main/Data/diem_chuan_2024_final.csv
TCT,7340201C,Tài chính - Ngân hàng (CTCLC),7340201,2024,https://github.com/HTNam1710/ADS_Final/blob/main/Data/diem_chuan_2024_final.csv
TCT,7340301,Kế toán,7340301,2024,https://github.com/HTNam1710/ADS_Final/blob/main/Data/diem_chuan_2024_final.csv
TCT,7340302,Kiểm toán,7340302,2024,https://github.com/HTNam1710/ADS_Final/blob/main/Data/diem_chuan_2024_final.csv
TCT,7380101,Luật,7380101,2024,https://github.com/HTNam1710/ADS_Final/blob/main/Data/diem_chuan_2024_final.csv
TCT,7380101H,Luật (Khu Hòa An),7380101,2024,https://github.com/HTNam1710/ADS_Final/blob/main/Data/diem_chuan_2024_final.csv
TCT,7380107,Luật kinh tế,7380107,2024,https://github.com/HTNam1710/ADS_Final/blob/main/Data/diem_chuan_2024_final.csv
TCT,7420101,Sinh học,7420101,2024,https://github.com/HTNam1710/ADS_Final/blob/main/Data/diem_chuan_2024_final.csv
TCT,7420201,Công nghệ sinh học,7420201,2024,https://github.com/HTNam1710/ADS_Final/blob/main/Data/diem_chuan_2024_final.csv
TCT,7420201T,Công nghệ sinh học (CTTT),7420201,2024,https://github.com/HTNam1710/ADS_Final/blob/main/Data/diem_chuan_2024_final.csv
TCT,7420203,Sinh học ứng dụng,7420203,2024,https://github.com/HTNam1710/ADS_Final/blob/main/Data/diem_chuan_2024_final.csv
TCT,7440112,Hóa học,7440112,2024,https://github.com/HTNam1710/ADS_Final/blob/main/Data/diem_chuan_2024_final.csv
TCT,7440301,Khoa học môi trường,7440301,2024,https://github.com/HTNam1710/ADS_Final/blob/main/Data/diem_chuan_2024_final.csv
TCT,7460112,Toán ứng dụng,7460112,2024,https://github.com/HTNam1710/ADS_Final/blob/main/Data/diem_chuan_2024_final.csv
TCT,7460201,Thống kê,7460201,2024,https://github.com/HTNam1710/ADS_Final/blob/main/Data/diem_chuan_2024_final.csv
TCT,7480101,Khoa học máy tính,7480101,2024,https://github.com/HTNam1710/ADS_Final/blob/main/Data/diem_chuan_2024_final.csv
TCT,7480102,Mạng máy tính và truyền thông dữ liệu,7480102,2024,https://github.com/HTNam1710/ADS_Final/blob/main/Data/diem_chuan_2024_final.csv
TCT,7480103,Kỹ thuật phần mềm,7480103,2024,https://github.com/HTNam1710/ADS_Final/blob/main/Data/diem_chuan_2024_final.csv
TCT,7480103C,Kỹ thuật phần mềm (CTCLC),7480103,2024,https://github.com/HTNam1710/ADS_Final/blob/main/Data/diem_chuan_2024_final.csv
TCT,7480104,Hệ thống thông tin,7480104,2024,https://github.com/HTNam1710/ADS_Final/blob/main/Data/diem_chuan_2024_final.csv
TCT,7480104C,Hệ thống thông tin (CTCLC),7480104,2024,https://github.com/HTNam1710/ADS_Final/blob/main/Data/diem_chuan_2024_final.csv
TCT,7480106,Kỹ thuật máy tính (Thiết kế vi mạch bán dẫn),7480106,2024,https://github.com/HTNam1710/ADS_Final/blob/main/Data/diem_chuan_2024_final.csv
TCT,7480201,Công nghệ thông tin,7480201,2024,https://github.com/HTNam1710/ADS_Final/blob/main/Data/diem_chuan_2024_final.csv
TCT,7480201C,Công nghệ thông tin (CTCLC),7480201,2024,https://github.com/HTNam1710/ADS_Final/blob/main/Data/diem_chuan_2024_final.csv
TCT,7480201H,Công nghệ thông tin (Khu Hòa An),7480201,2024,https://github.com/HTNam1710/ADS_Final/blob/main/Data/diem_chuan_2024_final.csv
TCT,7480202,An toàn thông tin,7480202,2024,https://github.com/HTNam1710/ADS_Final/blob/main/Data/diem_chuan_2024_final.csv
TCT,7510401,Công nghệ kỹ thuật hóa học,7510401,2024,https://github.com/HTNam1710/ADS_Final/blob/main/Data/diem_chuan_2024_final.csv
TCT,7510401C,Công nghệ kỹ thuật hóa học (CTCLC),7510401,2024,https://github.com/HTNam1710/ADS_Final/blob/main/Data/diem_chuan_2024_final.csv
TCT,7510601,Quản lý công nghiệp,7510601,2024,https://github.com/HTNam1710/ADS_Final/blob/main/Data/diem_chuan_2024_final.csv
TCT,7510605,Logistics và Quản lý chuỗi cung ứng,7510605,2024,https://github.com/HTNam1710/ADS_Final/blob/main/Data/diem_chuan_2024_final.csv
TCT,7520103,Kỹ thuật cơ khí (Cơ khí chế tạo máy),7520103,2024,https://github.com/HTNam1710/ADS_Final/blob/main/Data/diem_chuan_2024_final.csv
TCT,7520114,Kỹ thuật cơ điện tử,7520114,2024,https://github.com/HTNam1710/ADS_Final/blob/main/Data/diem_chuan_2024_final.csv
TCT,7520130,Kỹ thuật ô tô,7520130,2024,https://github.com/HTNam1710/ADS_Final/blob/main/Data/diem_chuan_2024_final.csv
TCT,7520201,Kỹ thuật điện,7520201,2024,https://github.com/HTNam1710/ADS_Final/blob/main/Data/diem_chuan_2024_final.csv
TCT,7520201C,Kỹ thuật điện (CTCLC),7520201,2024,https://github.com/HTNam1710/ADS_Final/blob/main/Data/diem_chuan_2024_final.csv
TCT,7520207,Kỹ thuật điện tử - viễn thông,7520207,2024,https://github.com/HTNam1710/ADS_Final/blob/main/Data/diem_chuan_2024_final.csv
TCT,7520212,Kỹ thuật y sinh,7520212,2024,https://github.com/HTNam1710/ADS_Final/blob/main/Data/diem_chuan_2024_final.csv
TCT,7520216,Kỹ thuật điều khiển và tự động hóa,7520216,2024,https://github.com/HTNam1710/ADS_Final/blob/main/Data/diem_chuan_2024_final.csv
TCT,7520216C,Kỹ thuật điều khiển và tự dộng hóa (CTCLC),7520216,2024,https://github.com/HTNam1710/ADS_Final/blob/main/Data/diem_chuan_2024_final.csv
TCT,7520309,Kỹ thuật vật liệu,7520309,2024,https://github.com/HTNam1710/ADS_Final/blob/main/Data/diem_chuan_2024_final.csv
TCT,7520320,Kỹ thuật môi trường,7520320,2024,https://github.com/HTNam1710/ADS_Final/blob/main/Data/diem_chuan_2024_final.csv
TCT,7520401,Vật lý Kỹ thuật,7520401,2024,https://github.com/HTNam1710/ADS_Final/blob/main/Data/diem_chuan_2024_final.csv
TCT,7540101,Công nghệ thực phẩm,7540101,2024,https://github.com/HTNam1710/ADS_Final/blob/main/Data/diem_chuan_2024_final.csv
TCT,7540101C,Công nghệ thực phẩm (CTCLC),7540101,2024,https://github.com/HTNam1710/ADS_Final/blob/main/Data/diem_chuan_2024_final.csv
TCT,7540104,Công nghệ sau thu hoạch,7540104,2024,https://github.com/HTNam1710/ADS_Final/blob/main/Data/diem_chuan_2024_final.csv
TCT,7540105,Công nghệ chế biến thủy sản,7540105,2024,https://github.com/HTNam1710/ADS_Final/blob/main/Data/diem_chuan_2024_final.csv
TCT,7580101,Kiến trúc,7580101,2024,https://github.com/HTNam1710/ADS_Final/blob/main/Data/diem_chuan_2024_final.csv
TCT,7580105,Quy hoạch vùng và đô thị,7580105,2024,https://github.com/HTNam1710/ADS_Final/blob/main/Data/diem_chuan_2024_final.csv
TCT,7580201,Kỹ thuật xây dựng,7580201,2024,https://github.com/HTNam1710/ADS_Final/blob/main/Data/diem_chuan_2024_final.csv
TCT,7580201C,Kỹ thuật xây dựng (CTCLC),7580201,2024,https://github.com/HTNam1710/ADS_Final/blob/main/Data/diem_chuan_2024_final.csv
TCT,7580202,Kỹ thuật xây dựng công trình thủy,7580202,2024,https://github.com/HTNam1710/ADS_Final/blob/main/Data/diem_chuan_2024_final.csv
TCT,7580205,Kỹ thuật xây dựng công trình giao thông,7580205,2024,https://github.com/HTNam1710/ADS_Final/blob/main/Data/diem_chuan_2024_final.csv
TCT,7580213,Kỹ thuật cấp thoát nước,7580213,2024,https://github.com/HTNam1710/ADS_Final/blob/main/Data/diem_chuan_2024_final.csv
TCT,7620103,Khoa học đất (Quản lý đất và công nghệ phân bón),7620103,2024,https://github.com/HTNam1710/ADS_Final/blob/main/Data/diem_chuan_2024_final.csv
TCT,7620105,Chăn nuôi,7620105,2024,https://github.com/HTNam1710/ADS_Final/blob/main/Data/diem_chuan_2024_final.csv
TCT,7620109,Nông học,7620109,2024,https://github.com/HTNam1710/ADS_Final/blob/main/Data/diem_chuan_2024_final.csv
TCT,7620110,"Khoa học cây trồng, 2 chuyên ngành: - Khoa học cây trồng; - Nông nghiệp công nghệ cao.",7620110,2024,https://github.com/HTNam1710/ADS_Final/blob/main/Data/diem_chuan_2024_final.csv
TCT,7620112,Bảo vệ thực vật,7620112,2024,https://github.com/HTNam1710/ADS_Final/blob/main/Data/diem_chuan_2024_final.csv
TCT,7620113,Công nghệ rau hoa quả và cảnh quan,7620113,2024,https://github.com/HTNam1710/ADS_Final/blob/main/Data/diem_chuan_2024_final.csv
TCT,7620114H,Kinh doanh nông nghiệp (Khu Hòa An),7620114,2024,https://github.com/HTNam1710/ADS_Final/blob/main/Data/diem_chuan_2024_final.csv
TCT,7620115,Kinh tế nông nghiệp,7620115,2024,https://github.com/HTNam1710/ADS_Final/blob/main/Data/diem_chuan_2024_final.csv
TCT,7620115H,Kinh tế nông nghiệp (Khu Hòa An),7620115,2024,https://github.com/HTNam1710/ADS_Final/blob/main/Data/diem_chuan_2024_final.csv
TCT,7620301,Nuôi trồng thủy sản,7620301,2024,https://github.com/HTNam1710/ADS_Final/blob/main/Data/diem_chuan_2024_final.csv
TCT,7620301T,Nuôi trồng thủy sản (CTTT),7620301,2024,https://github.com/HTNam1710/ADS_Final/blob/main/Data/diem_chuan_2024_final.csv
TCT,7620302,Bệnh học thủy sản,7620302,2024,https://github.com/HTNam1710/ADS_Final/blob/main/Data/diem_chuan_2024_final.csv
TCT,7620305,Quản lý thủy sản,7620305,2024,https://github.com/HTNam1710/ADS_Final/blob/main/Data/diem_chuan_2024_final.csv
TCT,7640101,Thú y,7640101,2024,https://github.com/HTNam1710/ADS_Final/blob/main/Data/diem_chuan_2024_final.csv
TCT,7720203,Hóa dược,7720203,2024,https://github.com/HTNam1710/ADS_Final/blob/main/Data/diem_chuan_2024_final.csv
TCT,7810101,Du lịch,7810101,2024,https://github.com/HTNam1710/ADS_Final/blob/main/Data/diem_chuan_2024_final.csv
TCT,7810101H,Du lịch (Khu Hòa An),7810101,2024,https://github.com/HTNam1710/ADS_Final/blob/main/Data/diem_chuan_2024_final.csv
TCT,7810103,Quản trị dịch vụ du lịch và lữ hành,7810103,2024,https://github.com/HTNam1710/ADS_Final/blob/main/Data/diem_chuan_2024_final.csv
TCT,7810103C,Quản trị dịch vụ du lịch và lữ hành (CTCLC),7810103,2024,https://github.com/HTNam1710/ADS_Final/blob/main/Data/diem_chuan_2024_final.csv
TCT,7850101,Quản lý tài nguyên và môi trường,7850101,2024,https://github.com/HTNam1710/ADS_Final/blob/main/Data/diem_chuan_2024_final.csv
TCT,7850102,Kinh tế tài nguyên thiên nhiên,7850102,2024,https://github.com/HTNam1710/ADS_Final/blob/main/Data/diem_chuan_2024_final.csv
TCT,7850103,Quản lý đất đai,7850103,2024,https://github.com/HTNam1710/ADS_Final/blob/main/Data/diem_chuan_2024_final.csv
DKS,7380101,"Luật, chuyên ngành Kiểm sát",7380101,2024,https://github.com/HTNam1710/ADS_Final/blob/main/Data/diem_chuan_2024_final.csv
DKS,7380101,Luật,7380101,2024,https://github.com/HTNam1710/ADS_Final/blob/main/Data/diem_chuan_2024_final.csv
DKS,7380107,Luật kinh tế,7380107,2024,https://github.com/HTNam1710/ADS_Final/blob/main/Data/diem_chuan_2024_final.csv
BPH,7380101,Ngành Luật,7380101,2024,https://github.com/HTNam1710/ADS_Final/blob/main/Data/diem_chuan_2024_final.csv
BPH,7860214,Ngành Biên phòng,7860214,2024,https://github.com/HTNam1710/ADS_Final/blob/main/Data/diem_chuan_2024_final.csv
QHL,7380101,Luật,7380101,2024,https://github.com/HTNam1710/ADS_Final/blob/main/Data/diem_chuan_2024_final.csv
QHL,7380101CLC,Luật chất lượng cao,7380101,2024,https://github.com/HTNam1710/ADS_Final/blob/main/Data/diem_chuan_2024_final.csv
QHL,7380109,Luật Thương mại quốc tế,7380109,2024,https://github.com/HTNam1710/ADS_Final/blob/main/Data/diem_chuan_2024_final.csv
QHL,7380110,Luật Kinh doanh,7380110,2024,https://github.com/HTNam1710/ADS_Final/blob/main/Data/diem_chuan_2024_final.csv
DHS,7140201,Giáo dục Mầm non,7140201,2024,https://github.com/HTNam1710/ADS_Final/blob/main/Data/diem_chuan_2024_final.csv
DHS,7140202,Giáo dục Tiểu học,7140202,2024,https://github.com/HTNam1710/ADS_Final/blob/main/Data/diem_chuan_2024_final.csv
DHS,7140202TA,Giáo dục Tiểu học (ĐT bằng Tiếng Anh),7140202,2024,https://github.com/HTNam1710/ADS_Final/blob/main/Data/diem_chuan_2024_final.csv
DHS,7140204,Giáo dục công dân,7140204,2024,https://github.com/HTNam1710/ADS_Final/blob/main/Data/diem_chuan_2024_final.csv
DHS,7140205,Giáo dục Chính trị,7140205,2024,https://github.com/HTNam1710/ADS_Final/blob/main/Data/diem_chuan_2024_final.csv
DHS,7140208,Giáo dục Quốc phòng - An ninh,7140208,2024,https://github.com/HTNam1710/ADS_Final/blob/main/Data/diem_chuan_2024_final.csv
DHS,7140209,Sư phạm Toán học,7140209,2024,https://github.com/HTNam1710/ADS_Final/blob/main/Data/diem_chuan_2024_final.csv
DHS,7140209TA,Sư phạm Toán học (ĐT bằng Tiếng Anh),7140209,2024,https://github.com/HTNam1710/ADS_Final/blob/main/Data/diem_chuan_2024_final.csv
DHS,7140210,Sư phạm Tin học,7140210,2024,https://github.com/HTNam1710/ADS_Final/blob/main/Data/diem_chuan_2024_final.csv
DHS,7140210TA,Sư phạm Tin học (ĐT bằng Tiếng Anh),7140210,2024,https://github.com/HTNam1710/ADS_Final/blob/main/Data/diem_chuan_2024_final.csv
DHS,7140211,Sư phạm Vật lý,7140211,2024,https://github.com/HTNam1710/ADS_Final/blob/main/Data/diem_chuan_2024_final.csv
DHS,7140211 TA,Sư phạm vật lý (ĐT bằng Tiếng Anh),7140211,2024,https://github.com/HTNam1710/ADS_Final/blob/main/Data/diem_chuan_2024_final.csv
DHS,7140212,Sư phạm Hoá học,7140212,2024,https://github.com/HTNam1710/ADS_Final/blob/main/Data/diem_chuan_2024_final.csv
DHS,7140212TA,Sư phạm Hóa học (ĐT bằng Tiếng Anh),7140212,2024,https://github.com/HTNam1710/ADS_Final/blob/main/Data/diem_chuan_2024_final.csv
DHS,7140213,Sư phạm Sinh học,7140213,2024,https://github.com/HTNam1710/ADS_Final/blob/main/Data/diem_chuan_2024_final.csv
DHS,7140213TA,Sư phạm Sinh học (ĐT bằng Tiếng Anh),7140213,2024,https://github.com/HTNam1710/ADS_Final/blob/main/Data/diem_chuan_2024_final.csv
DHS,7140217,Sư phạm Ngữ Văn,7140217,2024,https://github.com/HTNam1710/ADS_Final/blob/main/Data/diem_chuan_2024_final.csv
DHS,7140218,Sư phạm Lịch sử,7140218,2024,https://github.com/HTNam1710/ADS_Final/blob/main/Data/diem_chuan_2024_final.csv
DHS,7140219,Sư phạm Địa lý,7140219,2024,https://github.com/HTNam1710/ADS_Final/blob/main/Data/diem_chuan_2024_final.csv
DHS,7140221,Sư phạm Âm nhạc,7140221,2024,https://github.com/HTNam1710/ADS_Final/blob/main/Data/diem_chuan_2024_final.csv
DHS,7140246,Sư phạm Công nghệ,7140246,2024,https://github.com/HTNam1710/ADS_Final/blob/main/Data/diem_chuan_2024_final.csv
DHS,7140247,Sư phạm Khoa học tự nhiên,7140247,2024,https://github.com/HTNam1710/ADS_Final/blob/main/Data/diem_chuan_2024_final.csv
DHS,7140248,Giáo dục pháp luật,7140248,2024,https://github.com/HTNam1710/ADS_Final/blob/main/Data/diem_chuan_2024_final.csv
DHS,7140249,Sư phạm Lịch sử - Địa lý,7140249,2024,https://github.com/HTNam1710/ADS_Final/blob/main/Data/diem_chuan_2024_final.csv
DHS,7310403,Tâm lý học giáo dục,7310403,2024,https://github.com/HTNam1710/ADS_Final/blob/main/Data/diem_chuan_2024_final.csv
DHS,7480104,Hệ thống thông tin,7480104,2024,https://github.com/HTNam1710/ADS_Final/blob/main/Data/diem_chuan_2024_final.csv
QSC,7340122,Thương mại điện tử,7340122,2024,https://github.com/HTNam1710/ADS_Final/blob/main/Data/diem_chuan_2024_final.csv
QSC,7460104,Khoa học dữ liệu,7460104,2024,https://github.com/HTNam1710/ADS_Final/blob/main/Data/diem_chuan_2024_final.csv
QSC,7480101,Khoa học máy tính,7480101,2024,https://github.com/HTNam1710/ADS_Final/blob/main/Data/diem_chuan_2024_final.csv
QSC,7480102,Mạng máy tính và truyền thông dữ liệu,7480102,2024,https://github.com/HTNam1710/ADS_Final/blob/main/Data/diem_chuan_2024_final.csv
QSC,7480103,Kỹ thuật phần mềm,7480103,2024,https://github.com/HTNam1710/ADS_Final/blob/main/Data/diem_chuan_2024_final.csv
QSC,7480104,Hệ thống thông tin,7480104,2024,https://github.com/HTNam1710/ADS_Final/blob/main/Data/diem_chuan_2024_final.csv
QSC,7480104_TT,Hệ thống thông tin (CT tiên tiến),7480104,2024,https://github.com/HTNam1710/ADS_Final/blob/main/Data/diem_chuan_2024_final.csv
QSC,7480106,Kỹ thuật máy tính,7480106,2024,https://github.com/HTNam1710/ADS_Final/blob/main/Data/diem_chuan_2024_final.csv
QSC,7480107,Trí tuệ nhân tạo,7480107,2024,https://github.com/HTNam1710/ADS_Final/blob/main/Data/diem_chuan_2024_final.csv
QSC,7480201,Công nghệ thông tin,7480201,2024,https://github.com/HTNam1710/ADS_Final/blob/main/Data/diem_chuan_2024_final.csv
QSC,7480201_N,Công nghệ thông tin (Việt - Nhật),7480201,2024,https://github.com/HTNam1710/ADS_Final/blob/main/Data/diem_chuan_2024_final.csv
QSC,7480202,An toàn thông tin,7480202,2024,https://github.com/HTNam1710/ADS_Final/blob/main/Data/diem_chuan_2024_final.csv
QSC,75202a1,Thiết kế vi mạch,,2024,https://github.com/HTNam1710/ADS_Final/blob/main/Data/diem_chuan_2024_final.csv
SGD,7140114,Quản lý giáo dục,7140114,2024,https://github.com/HTNam1710/ADS_Final/blob/main/Data/diem_chuan_2024_final.csv
SGD,7140201,Giáo dục Mầm non,7140201,2024,https://github.com/HTNam1710/ADS_Final/blob/main/Data/diem_chuan_2024_final.csv
SGD,7140202,Giáo dục tiểu học,7140202,2024,https://github.com/HTNam1710/ADS_Final/blob/main/Data/diem_chuan_2024_final.csv
SGD,7140205,Giáo dục chính trị,7140205,2024,https://github.com/HTNam1710/ADS_Final/blob/main/Data/diem_chuan_2024_final.csv
SGD,7140209,Sư phạm Toán học,7140209,2024,https://github.com/HTNam1710/ADS_Final/blob/main/Data/diem_chuan_2024_final.csv
SGD,7140211,Sư phạm Vật lý,7140211,2024,https://github.com/HTNam1710/ADS_Final/blob/main/Data/diem_chuan_2024_final.csv
SGD,7140212,Sư phạm Hóa học,7140212,2024,https://github.com/HTNam1710/ADS_Final/blob/main/Data/diem_chuan_2024_final.csv
SGD,7140213,Sư phạm Sinh học,7140213,2024,https://github.com/HTNam1710/ADS_Final/blob/main/Data/diem_chuan_2024_final.csv
SGD,7140217,Sư phạm Ngữ văn,7140217,2024,https://github.com/HTNam1710/ADS_Final/blob/main/Data/diem_chuan_2024_final.csv
SGD,7140218,Sư phạm Lịch sử,7140218,2024,https://github.com/HTNam1710/ADS_Final/blob/main/Data/diem_chuan_2024_final.csv
SGD,7140219,Sư phạm Địa lý,7140219,2024,https://github.com/HTNam1710/ADS_Final/blob/main/Data/diem_chuan_2024_final.csv
SGD,7140221,Sư phạm Âm nhạc,7140221,2024,https://github.com/HTNam1710/ADS_Final/blob/main/Data/diem_chuan_2024_final.csv
SGD,7140222,Sư phạm Mỹ thuật,7140222,2024,https://github.com/HTNam1710/ADS_Final/blob/main/Data/diem_chuan_2024_final.csv
SGD,7140231,Sư phạm Tiếng Anh,7140231,2024,https://github.com/HTNam1710/ADS_Final/blob/main/Data/diem_chuan_2024_final.csv
SGD,7140247,Sư phạm Khoa học tự nhiên (Đào tạo giáo viên THCS),7140247,2024,https://github.com/HTNam1710/ADS_Final/blob/main/Data/diem_chuan_2024_final.csv
SGD,7140249,Sư phạm Lịch sử - Địa lý (Đào tạo giáo viên THCS),7140249,2024,https://github.com/HTNam1710/ADS_Final/blob/main/Data/diem_chuan_2024_final.csv
SGD,7220201,Ngôn ngữ Anh (CN Thương mại và Du lịch),7220201,2024,https://github.com/HTNam1710/ADS_Final/blob/main/Data/diem_chuan_2024_final.csv
SGD,7220201CLC,Ngôn ngữ Anh (Chương trình chất lượng cao),7220201,2024,https://github.com/HTNam1710/ADS_Final/blob/main/Data/diem_chuan_2024_final.csv
SGD,7310401,Tâm lí học,7310401,2024,https://github.com/HTNam1710/ADS_Final/blob/main/Data/diem_chuan_2024_final.csv
SGD,7310601,Quốc tế học,7310601,2024,https://github.com/HTNam1710/ADS_Final/blob/main/Data/diem_chuan_2024_final.csv
SGD,7310630,Việt Nam học,7310630,2024,https://github.com/HTNam1710/ADS_Final/blob/main/Data/diem_chuan_2024_final.csv
SGD,7320201,Thông tin - Thư viện,7320201,2024,https://github.com/HTNam1710/ADS_Final/blob/main/Data/diem_chuan_2024_final.csv
SGD,7340101,Quản trị kinh doanh,7340101,2024,https://github.com/HTNam1710/ADS_Final/blob/main/Data/diem_chuan_2024_final.csv
SGD,7340101CLC,Quản trị kinh doanh (Chương trình chất lượng cao),7340101,2024,https://github.com/HTNam1710/ADS_Final/blob/main/Data/diem_chuan_2024_final.csv
SGD,7340120,Kinh doanh quốc tế,7340120,2024,https://github.com/HTNam1710/ADS_Final/blob/main/Data/diem_chuan_2024_final.csv
SGD,7340201,Tài chính - Ngân hàng,7340201,2024,https://github.com/HTNam1710/ADS_Final/blob/main/Data/diem_chuan_2024_final.csv
SGD,7340301,Kế toán,7340301,2024,https://github.com/HTNam1710/ADS_Final/blob/main/Data/diem_chuan_2024_final.csv
SGD,7340301CLC,Kế toán (Chương trình chất lượng cao),7340301,2024,https://github.com/HTNam1710/ADS_Final/blob/main/Data/diem_chuan_2024_final.csv
SGD,7340302,Kiểm toán,7340302,2024,https://github.com/HTNam1710/ADS_Final/blob/main/Data/diem_chuan_2024_final.csv
SGD,7340406,Quản trị văn phòng,7340406,2024,https://github.com/HTNam1710/ADS_Final/blob/main/Data/diem_chuan_2024_final.csv
SGD,7380101,Luật,7380101,2024,https://github.com/HTNam1710/ADS_Final/blob/main/Data/diem_chuan_2024_final.csv
SGD,7440301,Khoa học môi trường,7440301,2024,https://github.com/HTNam1710/ADS_Final/blob/main/Data/diem_chuan_2024_final.csv
SGD,7460108,Khoa học dữ liệu,7460108,2024,https://github.com/HTNam1710/ADS_Final/blob/main/Data/diem_chuan_2024_final.csv
SGD,7460112,Toán ứng dụng,7460112,2024,https://github.com/HTNam1710/ADS_Final/blob/main/Data/diem_chuan_2024_final.csv
SGD,7480103,Kỹ thuật phần mềm,7480103,2024,https://github.com/HTNam1710/ADS_Final/blob/main/Data/diem_chuan_2024_final.csv
SGD,7480107,Trí tuệ nhân tạo,7480107,2024,https://github.com/HTNam1710/ADS_Final/blob/main/Data/diem_chuan_2024_final.csv
SGD,7480201,Công nghệ thông tin,7480201,2024,https://github.com/HTNam1710/ADS_Final/blob/main/Data/diem_chuan_2024_final.csv
SGD,7480201CLC,Công nghệ thông tin (Chương trình chất lượng cao),7480201,2024,https://github.com/HTNam1710/ADS_Final/blob/main/Data/diem_chuan_2024_final.csv
SGD,7510301,"Công nghệ kĩ thuật điện, điện tử",7510301,2024,https://github.com/HTNam1710/ADS_Final/blob/main/Data/diem_chuan_2024_final.csv
SGD,7510302,Công nghệ kĩ thuật điện tử - viễn thông,7510302,2024,https://github.com/HTNam1710/ADS_Final/blob/main/Data/diem_chuan_2024_final.csv
SGD,7510406,Công nghệ kĩ thuật môi trường,7510406,2024,https://github.com/HTNam1710/ADS_Final/blob/main/Data/diem_chuan_2024_final.csv
SGD,7520201,Kĩ thuật điện,7520201,2024,https://github.com/HTNam1710/ADS_Final/blob/main/Data/diem_chuan_2024_final.csv
SGD,7520207,Kĩ thuật điện tử - viễn thông (Thiết kế vi mạch),7520207,2024,https://github.com/HTNam1710/ADS_Final/blob/main/Data/diem_chuan_2024_final.csv
SGD,7810101,Du lịch,7810101,2024,https://github.com/HTNam1710/ADS_Final/blob/main/Data/diem_chuan_2024_final.csv
SGD,7810202,Quản trị nhà hàng và dịch vụ ăn uống,7810202,2024,https://github.com/HTNam1710/ADS_Final/blob/main/Data/diem_chuan_2024_final.csv
NQH,7220201,Ngôn ngữ Anh,7220201,2024,https://github.com/HTNam1710/ADS_Final/blob/main/Data/diem_chuan_2024_final.csv
NQH,7220202,Ngôn ngữ Nga,7220202,2024,https://github.com/HTNam1710/ADS_Final/blob/main/Data/diem_chuan_2024_final.csv
NQH,7220204,Ngôn ngữ Trung Quốc,7220204,2024,https://github.com/HTNam1710/ADS_Final/blob/main/Data/diem_chuan_2024_final.csv
NQH,7310206,Quan hệ quốc tế,7310206,2024,https://github.com/HTNam1710/ADS_Final/blob/main/Data/diem_chuan_2024_final.csv
NQH,7860231,Trinh sát kỹ thuật,7860231,2024,https://github.com/HTNam1710/ADS_Final/blob/main/Data/diem_chuan_2024_final.csv
NTS,NTS01,Ngành Kinh tế Ngành Quản trị kinh doanh,,2024,https://github.com/HTNam1710/ADS_Final/blob/main/Data/diem_chuan_2024_final.csv
NTS,NTS02,Ngành Tài chính - Ngân hàng Ngành Kế toán Ngành Kinh doanh quốc tế Ngành Marketing,,2024,https://github.com/HTNam1710/ADS_Final/blob/main/Data/diem_chuan_2024_final.csv
HTA,7380101,Luật,7380101,2024,https://github.com/HTNam1710/ADS_Final/blob/main/Data/diem_chuan_2024_final.csv
DDS,7140201,Giáo dục Mầm non,7140201,2024,https://github.com/HTNam1710/ADS_Final/blob/main/Data/diem_chuan_2024_final.csv
DDS,7140202,Giáo dục Tiểu học,7140202,2024,https://github.com/HTNam1710/ADS_Final/blob/main/Data/diem_chuan_2024_final.csv
DDS,7140204,Giáo dục Công dân,7140204,2024,https://github.com/HTNam1710/ADS_Final/blob/main/Data/diem_chuan_2024_final.csv
DDS,7140205,Giáo dục Chính trị,7140205,2024,https://github.com/HTNam1710/ADS_Final/blob/main/Data/diem_chuan_2024_final.csv
DDS,7140206,Giáo dục thể chất,7140206,2024,https://github.com/HTNam1710/ADS_Final/blob/main/Data/diem_chuan_2024_final.csv
DDS,7140209,Sư phạm Toán học,7140209,2024,https://github.com/HTNam1710/ADS_Final/blob/main/Data/diem_chuan_2024_final.csv
DDS,7140210,Sư phạm Tin học,7140210,2024,https://github.com/HTNam1710/ADS_Final/blob/main/Data/diem_chuan_2024_final.csv
DDS,7140211,Sư phạm Vật lý,7140211,2024,https://github.com/HTNam1710/ADS_Final/blob/main/Data/diem_chuan_2024_final.csv
DDS,7140212,Sư phạm Hoá học,7140212,2024,https://github.com/HTNam1710/ADS_Final/blob/main/Data/diem_chuan_2024_final.csv
DDS,7140213,Sư phạm Sinh học,7140213,2024,https://github.com/HTNam1710/ADS_Final/blob/main/Data/diem_chuan_2024_final.csv
DDS,7140217,Sư phạm Ngữ văn,7140217,2024,https://github.com/HTNam1710/ADS_Final/blob/main/Data/diem_chuan_2024_final.csv
DDS,7140218,Sư phạm Lịch sử,7140218,2024,https://github.com/HTNam1710/ADS_Final/blob/main/Data/diem_chuan_2024_final.csv
DDS,7140219,Sư phạm Địa lý,7140219,2024,https://github.com/HTNam1710/ADS_Final/blob/main/Data/diem_chuan_2024_final.csv
DDS,7140221,Sư phạm Âm nhạc,7140221,2024,https://github.com/HTNam1710/ADS_Final/blob/main/Data/diem_chuan_2024_final.csv
DDS,7140222,Sư phạm Mỹ thuật,7140222,2024,https://github.com/HTNam1710/ADS_Final/blob/main/Data/diem_chuan_2024_final.csv
DDS,7140247,Sư phạm Khoa học tự nhiên,7140247,2024,https://github.com/HTNam1710/ADS_Final/blob/main/Data/diem_chuan_2024_final.csv
DDS,7140249,Sư phạm Lịch sử - Địa lý,7140249,2024,https://github.com/HTNam1710/ADS_Final/blob/main/Data/diem_chuan_2024_final.csv
DDS,7140250,Sư phạm Tin học và Công nghệ Tiểu học,7140250,2024,https://github.com/HTNam1710/ADS_Final/blob/main/Data/diem_chuan_2024_final.csv
DDS,7229010,Lịch sử (chuyên ngành Quan hệ quốc tế),7229010,2024,https://github.com/HTNam1710/ADS_Final/blob/main/Data/diem_chuan_2024_final.csv
DDS,7229030,Văn học,7229030,2024,https://github.com/HTNam1710/ADS_Final/blob/main/Data/diem_chuan_2024_final.csv
DDS,7229040,Văn hoá học,7229040,2024,https://github.com/HTNam1710/ADS_Final/blob/main/Data/diem_chuan_2024_final.csv
DDS,7310401,Tâm lý học,7310401,2024,https://github.com/HTNam1710/ADS_Final/blob/main/Data/diem_chuan_2024_final.csv
DDS,7310501,Địa lý học (chuyên ngành Địa lý du lịch),7310501,2024,https://github.com/HTNam1710/ADS_Final/blob/main/Data/diem_chuan_2024_final.csv
DDS,7310630,Việt Nam học (chuyên ngành Văn hóa du lịch),7310630,2024,https://github.com/HTNam1710/ADS_Final/blob/main/Data/diem_chuan_2024_final.csv
DDS,7320101,Báo chí,7320101,2024,https://github.com/HTNam1710/ADS_Final/blob/main/Data/diem_chuan_2024_final.csv
DDS,7320108,Quan hệ công chúng,7320108,2024,https://github.com/HTNam1710/ADS_Final/blob/main/Data/diem_chuan_2024_final.csv
DDS,7420201,Công nghệ Sinh học,7420201,2024,https://github.com/HTNam1710/ADS_Final/blob/main/Data/diem_chuan_2024_final.csv
DDS,7440112,"Hóa học, gồm các chuyên ngành: Hóa Dược; Hóa phân tích môi trường",7440112,2024,https://github.com/HTNam1710/ADS_Final/blob/main/Data/diem_chuan_2024_final.csv
DDS,7460108,Khoa học dữ liệu,7460108,2024,https://github.com/HTNam1710/ADS_Final/blob/main/Data/diem_chuan_2024_final.csv
DDS,7480201,Công nghệ thông tin,7480201,2024,https://github.com/HTNam1710/ADS_Final/blob/main/Data/diem_chuan_2024_final.csv
DDS,7520401,Vật lý kỹ thuật,7520401,2024,https://github.com/HTNam1710/ADS_Final/blob/main/Data/diem_chuan_2024_final.csv
DDS,7760101,Công tác xã hội,7760101,2024,https://github.com/HTNam1710/ADS_Final/blob/main/Data/diem_chuan_2024_final.csv
DDS,7850101,Quản lý tài nguyên và môi trường,7850101,2024,https://github.com/HTNam1710/ADS_Final/blob/main/Data/diem_chuan_2024_final.csv
SP2,7140201,Giáo dục Mầm non,7140201,2024,https://github.com/HTNam1710/ADS_Final/blob/main/Data/diem_chuan_2024_final.csv
SP2,7140202,Giáo dục Tiểu học,7140202,2024,https://github.com/HTNam1710/ADS_Final/blob/main/Data/diem_chuan_2024_final.csv
SP2,7140204,Giáo dục Công dân,7140204,2024,https://github.com/HTNam1710/ADS_Final/blob/main/Data/diem_chuan_2024_final.csv
SP2,7140206,Giáo dục Thể chất,7140206,2024,https://github.com/HTNam1710/ADS_Final/blob/main/Data/diem_chuan_2024_final.csv
SP2,7140208,Giáo dục Quốc phòng - An ninh,7140208,2024,https://github.com/HTNam1710/ADS_Final/blob/main/Data/diem_chuan_2024_final.csv
SP2,7140209,Sư phạm Toán học,7140209,2024,https://github.com/HTNam1710/ADS_Final/blob/main/Data/diem_chuan_2024_final.csv
SP2,7140210,Sư phạm Tin học,7140210,2024,https://github.com/HTNam1710/ADS_Final/blob/main/Data/diem_chuan_2024_final.csv
SP2,7140211,Sư phạm Vật lý,7140211,2024,https://github.com/HTNam1710/ADS_Final/blob/main/Data/diem_chuan_2024_final.csv
SP2,7140212,Sư phạm Hóa học,7140212,2024,https://github.com/HTNam1710/ADS_Final/blob/main/Data/diem_chuan_2024_final.csv
SP2,7140213,Sư phạm Sinh học,7140213,2024,https://github.com/HTNam1710/ADS_Final/blob/main/Data/diem_chuan_2024_final.csv
SP2,7140217,Sư phạm Ngữ văn,7140217,2024,https://github.com/HTNam1710/ADS_Final/blob/main/Data/diem_chuan_2024_final.csv
SP2,7140218,Sư phạm Lịch sử,7140218,2024,https://github.com/HTNam1710/ADS_Final/blob/main/Data/diem_chuan_2024_final.csv
SP2,7140231,Sư phạm Tiếng Anh,7140231,2024,https://github.com/HTNam1710/ADS_Final/blob/main/Data/diem_chuan_2024_final.csv
SP2,7140247,Sư phạm Khoa học tự nhiên,7140247,2024,https://github.com/HTNam1710/ADS_Final/blob/main/Data/diem_chuan_2024_final.csv
SP2,7140249,Sư phạm Lịch sử - Địa lý,7140249,2024,https://github.com/HTNam1710/ADS_Final/blob/main/Data/diem_chuan_2024_final.csv
SP2,7220201,Ngôn ngữ Anh,7220201,2024,https://github.com/HTNam1710/ADS_Final/blob/main/Data/diem_chuan_2024_final.csv
SP2,7220204,Ngôn ngữ Trung Quốc,7220204,2024,https://github.com/HTNam1710/ADS_Final/blob/main/Data/diem_chuan_2024_final.csv
SP2,7310403,Tâm lý học giáo dục,7310403,2024,https://github.com/HTNam1710/ADS_Final/blob/main/Data/diem_chuan_2024_final.csv
SP2,7310630,Việt Nam học,7310630,2024,https://github.com/HTNam1710/ADS_Final/blob/main/Data/diem_chuan_2024_final.csv
SP2,7420201,Công nghệ sinh học,7420201,2024,https://github.com/HTNam1710/ADS_Final/blob/main/Data/diem_chuan_2024_final.csv
SP2,7440122,Khoa học vật liệu,7440122,2024,https://github.com/HTNam1710/ADS_Final/blob/main/Data/diem_chuan_2024_final.csv
SP2,7480201,Công nghệ thông tin,7480201,2024,https://github.com/HTNam1710/ADS_Final/blob/main/Data/diem_chuan_2024_final.csv
SP2,7810301,Quản lý thể dục thể thao,7810301,2024,https://github.com/HTNam1710/ADS_Final/blob/main/Data/diem_chuan_2024_final.csv
QHS,GD1,Sư phạm Toán và Khoa học Tự nhiên,,2024,https://github.com/HTNam1710/ADS_Final/blob/main/Data/diem_chuan_2024_final.csv
QHS,GD2,"Sư phạm Ngữ văn, Lịch sử, Lịch sử và Địa lý",,2024,https://github.com/HTNam1710/ADS_Final/blob/main/Data/diem_chuan_2024_final.csv
QHS,GD3,Khoa học Giáo dục và Khác,,2024,https://github.com/HTNam1710/ADS_Final/blob/main/Data/diem_chuan_2024_final.csv
QHS,GD4,Giáo dục tiểu học,,2024,https://github.com/HTNam1710/ADS_Final/blob/main/Data/diem_chuan_2024_final.csv
QHS,GD5,Giáo dục mầm non,,2024,https://github.com/HTNam1710/ADS_Final/blob/main/Data/diem_chuan_2024_final.csv
VHS,7220112,Ngành Văn hóa các dân tộc thiểu số Việt Nam,7220112,2024,https://github.com/HTNam1710/ADS_Final/blob/main/Data/diem_chuan_2024_final.csv
VHS,7229040A,"Ngành Văn hóa học, chuyên ngành Văn hóa Việt Nam",7229040,2024,https://github.com/HTNam1710/ADS_Final/blob/main/Data/diem_chuan_2024_final.csv
VHS,7229040B,"Ngành Văn hóa học, chuyên ngành Công nghiệp Văn hóa",7229040,2024,https://github.com/HTNam1710/ADS_Final/blob/main/Data/diem_chuan_2024_final.csv
VHS,7229040C,"Ngành Văn hóa học, chuyên ngành Truyền thông Văn hóa",7229040,2024,https://github.com/HTNam1710/ADS_Final/blob/main/Data/diem_chuan_2024_final.csv
VHS,7229042A,"Ngành Quản lý văn hóa, chuyên ngành Quản lý hoạt động văn hóa xã hội",7229042,2024,https://github.com/HTNam1710/ADS_Final/blob/main/Data/diem_chuan_2024_final.csv
VHS,7229042B,"Ngành Quản lý văn hóa, chuyên ngành Quản lý di sản văn hóa và phát triển du lịch",7229042,2024,https://github.com/HTNam1710/ADS_Final/blob/main/Data/diem_chuan_2024_final.csv
VHS,7229042C,"Ngành Quản lý văn hóa, chuyên ngành Tổ chức, dàn dựng chương trình văn hóa nghệ thuật",7229042,2024,https://github.com/HTNam1710/ADS_Final/blob/main/Data/diem_chuan_2024_final.csv
VHS,7229042D,"Ngành Quản lý văn hóa, chuyên ngành Tổ chức sự kiện văn hóa, thể thao, du lịch",7229042,2024,https://github.com/HTNam1710/ADS_Final/blob/main/Data/diem_chuan_2024_final.csv
VHS,7320201,Ngành Thông tin - Thư viện,7320201,2024,https://github.com/HTNam1710/ADS_Final/blob/main/Data/diem_chuan_2024_final.csv
VHS,7320305,Ngành Bảo tàng học,7320305,2024,https://github.com/HTNam1710/ADS_Final/blob/main/Data/diem_chuan_2024_final.csv
VHS,7320402,Ngành Kinh doanh xuất bản phẩm,7320402,2024,https://github.com/HTNam1710/ADS_Final/blob/main/Data/diem_chuan_2024_final.csv
VHS,7810101,Ngành Du lịch,7810101,2024,https://github.com/HTNam1710/ADS_Final/blob/main/Data/diem_chuan_2024_final.csv
VHS,7810103A,"Ngành Quản trị dịch vụ du lịch và lữ hành, chuyên ngành Quản trị lữ hành",7810103,2024,https://github.com/HTNam1710/ADS_Final/blob/main/Data/diem_chuan_2024_final.csv
VHS,7810103B,"Ngành Quản trị dịch vụ du lịch và lữ hành, chuyên ngành Hướng dẫn du lịch",7810103,2024,https://github.com/HTNam1710/ADS_Final/blob/main/Data/diem_chuan_2024_final.csv
SPK,7140231V,Sư phạm tiếng Anh (đào tạo bằng tiếng Việt),7140231,2024,https://github.com/HTNam1710/ADS_Final/blob/main/Data/diem_chuan_2024_final.csv
SPK,7140246V,Sư phạm Công nghệ (đào tạo bằng tiếng Việt),7140246,2024,https://github.com/HTNam1710/ADS_Final/blob/main/Data/diem_chuan_2024_final.csv
SPK,7210403V,Thiết kế đồ họa (đào tạo bằng tiếng Việt),7210403,2024,https://github.com/HTNam1710/ADS_Final/blob/main/Data/diem_chuan_2024_final.csv
SPK,7210404V,Thiết kế thời trang (đào tạo bằng tiếng Việt),7210404,2024,https://github.com/HTNam1710/ADS_Final/blob/main/Data/diem_chuan_2024_final.csv
SPK,7220201V,Ngôn ngữ Anh (đào tạo bằng tiếng Việt),7220201,2024,https://github.com/HTNam1710/ADS_Final/blob/main/Data/diem_chuan_2024_final.csv
SPK,7310403V,Tâm lý học giáo dục (đào tạo bằng tiếng Việt),7310403,2024,https://github.com/HTNam1710/ADS_Final/blob/main/Data/diem_chuan_2024_final.csv
SPK,7340120V,Kinh doanh Quốc tế (đào tạo bằng tiếng Việt),7340120,2024,https://github.com/HTNam1710/ADS_Final/blob/main/Data/diem_chuan_2024_final.csv
SPK,7340122V,Thương mại điện tử (đào tạo bằng tiếng Việt),7340122,2024,https://github.com/HTNam1710/ADS_Final/blob/main/Data/diem_chuan_2024_final.csv
SPK,7340301V,Kế toán (đào tạo bằng tiếng Việt),7340301,2024,https://github.com/HTNam1710/ADS_Final/blob/main/Data/diem_chuan_2024_final.csv
SPK,7380101V,Luật (đào tạo bằng tiếng Việt),7380101,2024,https://github.com/HTNam1710/ADS_Final/blob/main/Data/diem_chuan_2024_final.csv
SPK,7480108A,Công nghệ kỹ thuật máy tính (đào tạo bằng tiếng Anh),7480108,2024,https://github.com/HTNam1710/ADS_Final/blob/main/Data/diem_chuan_2024_final.csv
SPK,7480108V,Công nghệ kỹ thuật máy tính (đào tạo bằng tiếng Việt),7480108,2024,https://github.com/HTNam1710/ADS_Final/blob/main/Data/diem_chuan_2024_final.csv
SPK,7480118V,Hệ thống nhúng và IoT (đào tạo bằng tiếng Việt),7480118,2024,https://github.com/HTNam1710/ADS_Final/blob/main/Data/diem_chuan_2024_final.csv
SPK,7480201A,Công nghệ thông tin (đào tạo bằng tiếng Anh),7480201,2024,https://github.com/HTNam1710/ADS_Final/blob/main/Data/diem_chuan_2024_final.csv
SPK,7480201N,Công nghệ thông tin (chương trình Việt - Nhật),7480201,2024,https://github.com/HTNam1710/ADS_Final/blob/main/Data/diem_chuan_2024_final.csv
SPK,7480201V,Công nghệ thông tin (đào tạo bằng tiếng Việt),7480201,2024,https://github.com/HTNam1710/ADS_Final/blob/main/Data/diem_chuan_2024_final.csv
SPK,7480202V,An toàn thông tin (đào tạo bằng tiếng Việt),7480202,2024,https://github.com/HTNam1710/ADS_Final/blob/main/Data/diem_chuan_2024_final.csv
SPK,7480203V,Kỹ thuật dữ liệu (đào tạo bằng tiếng Việt),7480203,2024,https://github.com/HTNam1710/ADS_Final/blob/main/Data/diem_chuan_2024_final.csv
SPK,7510102A,Công nghệ kỹ thuật công trình xây dựng (đào tạo bằng tiếng Anh),7510102,2024,https://github.com/HTNam1710/ADS_Final/blob/main/Data/diem_chuan_2024_final.csv
SPK,7510102V,Công nghệ kỹ thuật công trình xây dựng (đào tạo bằng tiếng Việt),7510102,2024,https://github.com/HTNam1710/ADS_Final/blob/main/Data/diem_chuan_2024_final.csv
SPK,7510106V,Hệ thống kỹ thuật công trình xây dựng (đào tạo bằng tiếng Việt),7510106,2024,https://github.com/HTNam1710/ADS_Final/blob/main/Data/diem_chuan_2024_final.csv
SPK,7510201A,Công nghệ kỹ thuật cơ khí (đào tạo bằng tiếng Anh),7510201,2024,https://github.com/HTNam1710/ADS_Final/blob/main/Data/diem_chuan_2024_final.csv
SPK,7510201V,Công nghệ kỹ thuật cơ khí (đào tạo bằng tiếng Việt),7510201,2024,https://github.com/HTNam1710/ADS_Final/blob/main/Data/diem_chuan_2024_final.csv
SPK,7510202A,Công nghệ chế tạo máy (đào tạo bằng tiếng Anh),7510202,2024,https://github.com/HTNam1710/ADS_Final/blob/main/Data/diem_chuan_2024_final.csv
SPK,7510202N,Công nghệ chế tạo máy (chương trình Việt - Nhật),7510202,2024,https://github.com/HTNam1710/ADS_Final/blob/main/Data/diem_chuan_2024_final.csv
SPK,7510202V,Công nghệ chế tạo máy (đào tạo bằng tiếng Việt),7510202,2024,https://github.com/HTNam1710/ADS_Final/blob/main/Data/diem_chuan_2024_final.csv
SPK,7510203A,Công nghệ kỹ thuật cơ điện tử (đào tạo bằng tiếng Anh),7510203,2024,https://github.com/HTNam1710/ADS_Final/blob/main/Data/diem_chuan_2024_final.csv
SPK,7510203V,Công nghệ kỹ thuật cơ điện tử (đào tạo bằng tiếng Việt),7510203,2024,https://github.com/HTNam1710/ADS_Final/blob/main/Data/diem_chuan_2024_final.csv
SPK,7510205A,Công nghệ kỹ thuật ô tô (đào tạo bằng tiếng Anh),7510205,2024,https://github.com/HTNam1710/ADS_Final/blob/main/Data/diem_chuan_2024_final.csv
SPK,7510205N,Công nghệ kỹ thuật ô tô (chương trình Việt - Nhật),7510205,2024,https://github.com/HTNam1710/ADS_Final/blob/main/Data/diem_chuan_2024_final.csv
SPK,7510205V,Công nghệ kỹ thuật ô tô (đào tạo bằng tiếng Việt),7510205,2024,https://github.com/HTNam1710/ADS_Final/blob/main/Data/diem_chuan_2024_final.csv
SPK,7510206A,Công nghệ kỹ thuật nhiệt (đào tạo bằng tiếng Anh),7510206,2024,https://github.com/HTNam1710/ADS_Final/blob/main/Data/diem_chuan_2024_final.csv
SPK,7510206N,Công nghệ kỹ thuật nhiệt (chương trình Việt - Nhật),7510206,2024,https://github.com/HTNam1710/ADS_Final/blob/main/Data/diem_chuan_2024_final.csv
SPK,7510206V,Công nghệ kỹ thuật nhiệt (đào tạo bằng tiếng Việt),7510206,2024,https://github.com/HTNam1710/ADS_Final/blob/main/Data/diem_chuan_2024_final.csv
SPK,7510208V,Năng lượng tái tạo (đào tạo bằng tiếng Việt),7510208,2024,https://github.com/HTNam1710/ADS_Final/blob/main/Data/diem_chuan_2024_final.csv
SPK,7510209V,Robot và trí tuệ nhân tạo (đào tạo bằng tiếng Việt),7510209,2024,https://github.com/HTNam1710/ADS_Final/blob/main/Data/diem_chuan_2024_final.csv
SPK,7510301A,Công nghệ kỹ thuật điện; điện tử (đào tạo bằng tiếng Anh),7510301,2024,https://github.com/HTNam1710/ADS_Final/blob/main/Data/diem_chuan_2024_final.csv
SPK,7510301V,Công nghệ kỹ thuật điện; điện tử (đào tạo bằng tiếng Việt),7510301,2024,https://github.com/HTNam1710/ADS_Final/blob/main/Data/diem_chuan_2024_final.csv
SPK,7510302A,Công nghệ kỹ thuật điện tử - viễn thông (đào tạo bằng tiếng Anh),7510302,2024,https://github.com/HTNam1710/ADS_Final/blob/main/Data/diem_chuan_2024_final.csv
SPK,7510302N,Công nghệ kỹ thuật điện tử; viễn thông (chương trình Việt - Nhật),7510302,2024,https://github.com/HTNam1710/ADS_Final/blob/main/Data/diem_chuan_2024_final.csv
SPK,7510302TKVM,Chương trình đào tạo Kỹ thuật Thiết kế Vi mạch - thuộc ngành CNKT ĐT - Viễn thông (đào tạo bằng tiếng Việt),7510302,2024,https://github.com/HTNam1710/ADS_Final/blob/main/Data/diem_chuan_2024_final.csv
SPK,7510302V,Công nghệ kỹ thuật điện tử; viễn thông (đào tạo bằng tiếng Việt),7510302,2024,https://github.com/HTNam1710/ADS_Final/blob/main/Data/diem_chuan_2024_final.csv
SPK,7510303A,Công nghệ kỹ thuật điều khiển và tự động hóa (đào tạo bằng tiếng Anh),7510303,2024,https://github.com/HTNam1710/ADS_Final/blob/main/Data/diem_chuan_2024_final.csv
SPK,7510303V,Công nghệ kỹ thuật điều khiển và tự động hóa (đào tạo bằng tiếng Việt),7510303,2024,https://github.com/HTNam1710/ADS_Final/blob/main/Data/diem_chuan_2024_final.csv
SPK,7510401V,Công nghệ kỹ thuật hóa học (đào tạo bằng tiếng Việt),7510401,2024,https://github.com/HTNam1710/ADS_Final/blob/main/Data/diem_chuan_2024_final.csv
SPK,7510402V,Công nghệ vật liệu (đào tạo bằng tiếng Việt),7510402,2024,https://github.com/HTNam1710/ADS_Final/blob/main/Data/diem_chuan_2024_final.csv
SPK,7510406V,Công nghệ kỹ thuật môi trường (đào tạo bằng tiếng Việt),7510406,2024,https://github.com/HTNam1710/ADS_Final/blob/main/Data/diem_chuan_2024_final.csv
SPK,7510601A,Quản lý công nghiệp (đào tạo bằng tiếng Anh),7510601,2024,https://github.com/HTNam1710/ADS_Final/blob/main/Data/diem_chuan_2024_final.csv
SPK,7510601V,Quản lý công nghiệp (đào tạo bằng tiếng Việt),7510601,2024,https://github.com/HTNam1710/ADS_Final/blob/main/Data/diem_chuan_2024_final.csv
SPK,7510605V,Logistics và quản lý chuỗi cung ứng (đào tạo bằng tiếng Việt),7510605,2024,https://github.com/HTNam1710/ADS_Final/blob/main/Data/diem_chuan_2024_final.csv
SPK,7510801V,Công nghệ kỹ thuật in (đào tạo bằng tiếng Việt),7510801,2024,https://github.com/HTNam1710/ADS_Final/blob/main/Data/diem_chuan_2024_final.csv
SPK,7520117V,Kỹ thuật công nghiệp (đào tạo bằng tiếng Việt),7520117,2024,https://github.com/HTNam1710/ADS_Final/blob/main/Data/diem_chuan_2024_final.csv
SPK,7520212V,Kỹ thuật y sinh (Điện tử y sinh) (đào tạo bằng tiếng Việt),7520212,2024,https://github.com/HTNam1710/ADS_Final/blob/main/Data/diem_chuan_2024_final.csv
SPK,7540101A,Công nghệ thực phẩm (đào tạo bằng tiếng Anh),7540101,2024,https://github.com/HTNam1710/ADS_Final/blob/main/Data/diem_chuan_2024_final.csv
SPK,7540101V,Công nghệ thực phẩm (đào tạo bằng tiếng Việt),7540101,2024,https://github.com/HTNam1710/ADS_Final/blob/main/Data/diem_chuan_2024_final.csv
SPK,7540209V,Công nghệ may (đào tạo bằng tiếng Việt),7540209,2024,https://github.com/HTNam1710/ADS_Final/blob/main/Data/diem_chuan_2024_final.csv
SPK,7549002V,Kỹ nghệ gỗ và nội thất (đào tạo bằng tiếng Việt),7549002,2024,https://github.com/HTNam1710/ADS_Final/blob/main/Data/diem_chuan_2024_final.csv
SPK,7580101V,Kiến trúc (đào tạo bằng tiếng Việt),7580101,2024,https://github.com/HTNam1710/ADS_Final/blob/main/Data/diem_chuan_2024_final.csv
SPK,7580103V,Kiến trúc nội thất (đào tạo bằng tiếng Việt),7580103,2024,https://github.com/HTNam1710/ADS_Final/blob/main/Data/diem_chuan_2024_final.csv
SPK,7580205V,Kỹ thuật xây dựng công trình giao thông (đào tạo bằng tiếng Việt),7580205,2024,https://github.com/HTNam1710/ADS_Final/blob/main/Data/diem_chuan_2024_final.csv
SPK,7580302V,Quản lý xây dựng (đào tạo bằng tiếng Việt),7580302,2024,https://github.com/HTNam1710/ADS_Final/blob/main/Data/diem_chuan_2024_final.csv
SPK,7810202V,Quản trị nhà hàng và dịch vụ ăn uống (đào tạo bằng tiếng Việt),7810202,2024,https://github.com/HTNam1710/ADS_Final/blob/main/Data/diem_chuan_2024_final.csv
SPK,7840110V,Quản lý và vận hành hạ tầng (đào tạo bằng tiếng Việt),7840110,2024,https://github.com/HTNam1710/ADS_Final/blob/main/Data/diem_chuan_2024_final.csv
HTN,7310202,Xây dựng Đảng và Chính quyền Nhà nước,7310202,2024,https://github.com/HTNam1710/ADS_Final/blob/main/Data/diem_chuan_2024_final.csv
HTN,7310205,Quản lý Nhà nước,7310205,2024,https://github.com/HTNam1710/ADS_Final/blob/main/Data/diem_chuan_2024_final.csv
HTN,7310401,Tâm lý học,7310401,2024,https://github.com/HTNam1710/ADS_Final/blob/main/Data/diem_chuan_2024_final.csv
HTN,7320108,Quan hệ Công chúng,7320108,2024,https://github.com/HTNam1710/ADS_Final/blob/main/Data/diem_chuan_2024_final.csv
HTN,7380101,Luật,7380101,2024,https://github.com/HTNam1710/ADS_Final/blob/main/Data/diem_chuan_2024_final.csv
HTN,7760101,Công tác Xã hội,7760101,2024,https://github.com/HTNam1710/ADS_Final/blob/main/Data/diem_chuan_2024_final.csv
HTN,7760102,Công tác Thanh thiếu niên,7760102,2024,https://github.com/HTNam1710/ADS_Final/blob/main/Data/diem_chuan_2024_final.csv
YQH,7720101,Bác sĩ đa khoa,7720101,2024,https://github.com/HTNam1710/ADS_Final/blob/main/Data/diem_chuan_2024_final.csv
YQH,7720110,Y học dự phòng,7720110,2024,https://github.com/HTNam1710/ADS_Final/blob/main/Data/diem_chuan_2024_final.csv
YQH,7720201,Dược học,7720201,2024,https://github.com/HTNam1710/ADS_Final/blob/main/Data/diem_chuan_2024_final.csv
QSK,7310101_401,Kinh tế (Chuyên ngành Kinh tế học),7310101,2024,https://github.com/HTNam1710/ADS_Final/blob/main/Data/diem_chuan_2024_final.csv
QSK,7310101_403,Kinh tế (Chuyên ngành Kinh tế và Quản lý công),7310101,2024,https://github.com/HTNam1710/ADS_Final/blob/main/Data/diem_chuan_2024_final.csv
QSK,7310106_402,Kinh tế quốc tế (Chuyên ngành Kinh tế đối ngoại),7310106,2024,https://github.com/HTNam1710/ADS_Final/blob/main/Data/diem_chuan_2024_final.csv
QSK,7310108_413,"Toán Kinh tế (Chuyên ngành Toán ứng dụng trong Kinh tế, Quản trị và Tài chính)",7310108,2024,https://github.com/HTNam1710/ADS_Final/blob/main/Data/diem_chuan_2024_final.csv
QSK,7310108_413E,"Toán Kinh tế (Chuyên ngành Toán ứng dụng trong Kinh tế, Quản trị và Tài chính) (Tiếng Anh)",7310108,2024,https://github.com/HTNam1710/ADS_Final/blob/main/Data/diem_chuan_2024_final.csv
QSK,7310108_419,Toán Kinh tế (Chuyên ngành Phân tích dữ liệu),7310108,2024,https://github.com/HTNam1710/ADS_Final/blob/main/Data/diem_chuan_2024_final.csv
QSK,7340101_407,Quản trị kinh doanh (Chuyên ngành Quản trị kinh doanh ),7340101,2024,https://github.com/HTNam1710/ADS_Final/blob/main/Data/diem_chuan_2024_final.csv
QSK,7340101_407E,Quản trị kinh doanh (Chuyên ngành Quản trị kinh doanh )(Tiếng Anh),7340101,2024,https://github.com/HTNam1710/ADS_Final/blob/main/Data/diem_chuan_2024_final.csv
QSK,7340101_415,Quản trị kinh doanh (Chuyên ngành Quản trị du lịch và lữ hành),7340101,2024,https://github.com/HTNam1710/ADS_Final/blob/main/Data/diem_chuan_2024_final.csv
QSK,7340115_410,Marketing (Chuyên ngành Marketing),7340115,2024,https://github.com/HTNam1710/ADS_Final/blob/main/Data/diem_chuan_2024_final.csv
QSK,7340115_410E,Marketing (Chuyên ngành Marketing)(Tiếng Anh),7340115,2024,https://github.com/HTNam1710/ADS_Final/blob/main/Data/diem_chuan_2024_final.csv
QSK,7340115_417,Marketing (Chuyên ngành Digital Marketing),7340115,2024,https://github.com/HTNam1710/ADS_Final/blob/main/Data/diem_chuan_2024_final.csv
QSK,7340120_408,Kinh doanh quốc tế,7340120,2024,https://github.com/HTNam1710/ADS_Final/blob/main/Data/diem_chuan_2024_final.csv
QSK,7340120_408E,Kinh doanh quốc tế (Tiếng Anh),7340120,2024,https://github.com/HTNam1710/ADS_Final/blob/main/Data/diem_chuan_2024_final.csv
QSK,7340122_411,Thương mại điện tử,7340122,2024,https://github.com/HTNam1710/ADS_Final/blob/main/Data/diem_chuan_2024_final.csv
QSK,7340122_411E,Thương mại điện tử (Tiếng Anh),7340122,2024,https://github.com/HTNam1710/ADS_Final/blob/main/Data/diem_chuan_2024_final.csv
QSK,7340201_404,Tài chính - Ngân hàng,7340201,2024,https://github.com/HTNam1710/ADS_Final/blob/main/Data/diem_chuan_2024_final.csv
QSK,7340201_404E,Tài chính - Ngân hàng (Tiếng Anh),7340201,2024,https://github.com/HTNam1710/ADS_Final/blob/main/Data/diem_chuan_2024_final.csv
QSK,7340205_414,Công nghệ tài chính,7340205,2024,https://github.com/HTNam1710/ADS_Final/blob/main/Data/diem_chuan_2024_final.csv
QSK,7340205_414H,Công nghệ tài chính (CT Co-operative Education),7340205,2024,https://github.com/HTNam1710/ADS_Final/blob/main/Data/diem_chuan_2024_final.csv
QSK,7340301_405,Kế toán,7340301,2024,https://github.com/HTNam1710/ADS_Final/blob/main/Data/diem_chuan_2024_final.csv
QSK,7340301_405E,Kế toán (Tích hợp CCQT ICAEW - Tiếng Anh),7340301,2024,https://github.com/HTNam1710/ADS_Final/blob/main/Data/diem_chuan_2024_final.csv
QSK,7340302_409,Kiểm toán,7340302,2024,https://github.com/HTNam1710/ADS_Final/blob/main/Data/diem_chuan_2024_final.csv
QSK,7340403_418,Quản lý công,7340403,2024,https://github.com/HTNam1710/ADS_Final/blob/main/Data/diem_chuan_2024_final.csv
QSK,7340405_406,Hệ thống thông tin quản lý (Chuyên ngành Hệ thông thông tin quản lý),7340405,2024,https://github.com/HTNam1710/ADS_Final/blob/main/Data/diem_chuan_2024_final.csv
QSK,7340405_406H,Hệ thống thông tin quản lý (CT Co - operative Education),7340405,2024,https://github.com/HTNam1710/ADS_Final/blob/main/Data/diem_chuan_2024_final.csv
QSK,7340405_416,Hệ thống thông tin quản lý (Chuyên ngành Kinh doanh số và Trí tuệ nhân tạo),7340405,2024,https://github.com/HTNam1710/ADS_Final/blob/main/Data/diem_chuan_2024_final.csv
QSK,7380101_503,Luật( Chuyên ngành Luật Dân sự),7380101,2024,https://github.com/HTNam1710/ADS_Final/blob/main/Data/diem_chuan_2024_final.csv
QSK,7380101_504,Luật (Chuyên ngành Luật Tài chính - Ngân hàng),7380101,2024,https://github.com/HTNam1710/ADS_Final/blob/main/Data/diem_chuan_2024_final.csv
QSK,7380101_505,Luật (Chuyên ngành Luật và Chính sách công),7380101,2024,https://github.com/HTNam1710/ADS_Final/blob/main/Data/diem_chuan_2024_final.csv
QSK,7380107_501,Luật kinh tế (Chuyên ngành Luật Kinh doanh),7380107,2024,https://github.com/HTNam1710/ADS_Final/blob/main/Data/diem_chuan_2024_final.csv
QSK,7380107_502,Luật Kinh tế (Chuyên ngành Luật thương mại quốc tế),7380107,2024,https://github.com/HTNam1710/ADS_Final/blob/main/Data/diem_chuan_2024_final.csv
QSK,7380107_502E,Luật Kinh tế (Chuyên ngành Luật thương mại quốc tế)(Tiếng Anh),7380107,2024,https://github.com/HTNam1710/ADS_Final/blob/main/Data/diem_chuan_2024_final.csv
HEH,7860218,Hậu cần quân sự,7860218,2024,https://github.com/HTNam1710/ADS_Final/blob/main/Data/diem_chuan_2024_final.csv
LPS,7220201,Ngôn ngữ Anh,7220201,2024,https://github.com/HTNam1710/ADS_Final/blob/main/Data/diem_chuan_2024_final.csv
LPS,7340101,Quản trị kinh doanh,7340101,2024,https://github.com/HTNam1710/ADS_Final/blob/main/Data/diem_chuan_2024_final.csv
LPS,7340102,Quản trị - Luật,7340102,2024,https://github.com/HTNam1710/ADS_Final/blob/main/Data/diem_chuan_2024_final.csv
LPS,7380101,Luật,7380101,2024,https://github.com/HTNam1710/ADS_Final/blob/main/Data/diem_chuan_2024_final.csv
LPS,7380109,Luật thương mại quốc tế,7380109,2024,https://github.com/HTNam1710/ADS_Final/blob/main/Data/diem_chuan_2024_final.csv
DDF,7140231,Sư phạm tiếng Anh,7140231,2024,https://github.com/HTNam1710/ADS_Final/blob/main/Data/diem_chuan_2024_final.csv
DDF,7140233,Sư phạm tiếng Pháp,7140233,2024,https://github.com/HTNam1710/ADS_Final/blob/main/Data/diem_chuan_2024_final.csv
DDF,7140234,Sư phạm tiếng Trung Quốc,7140234,2024,https://github.com/HTNam1710/ADS_Final/blob/main/Data/diem_chuan_2024_final.csv
DDF,7220201,Ngôn ngữ Anh,7220201,2024,https://github.com/HTNam1710/ADS_Final/blob/main/Data/diem_chuan_2024_final.csv
DDF,7220201KT,Ngôn ngữ Anh (Đào tạo 2 năm đầu tại Kon Tum),7220201,2024,https://github.com/HTNam1710/ADS_Final/blob/main/Data/diem_chuan_2024_final.csv
DDF,7220202,Ngôn ngữ Nga,7220202,2024,https://github.com/HTNam1710/ADS_Final/blob/main/Data/diem_chuan_2024_final.csv
DDF,7220203,Ngôn ngữ Pháp,7220203,2024,https://github.com/HTNam1710/ADS_Final/blob/main/Data/diem_chuan_2024_final.csv
DDF,7220204,Ngôn ngữ Trung Quốc,7220204,2024,https://github.com/HTNam1710/ADS_Final/blob/main/Data/diem_chuan_2024_final.csv
DDF,7220209,Ngôn ngữ Nhật,7220209,2024,https://github.com/HTNam1710/ADS_Final/blob/main/Data/diem_chuan_2024_final.csv
DDF,7220210,Ngôn ngữ Hàn Quốc,7220210,2024,https://github.com/HTNam1710/ADS_Final/blob/main/Data/diem_chuan_2024_final.csv
DDF,7220214,Ngôn ngữ Thái Lan,7220214,2024,https://github.com/HTNam1710/ADS_Final/blob/main/Data/diem_chuan_2024_final.csv
DDF,7310601,Quốc tế học,7310601,2024,https://github.com/HTNam1710/ADS_Final/blob/main/Data/diem_chuan_2024_final.csv
DDF,7310608,Đông phương học,7310608,2024,https://github.com/HTNam1710/ADS_Final/blob/main/Data/diem_chuan_2024_final.csv
DDF,7310614,Hàn Quốc học,7310614,2024,https://github.com/HTNam1710/ADS_Final/blob/main/Data/diem_chuan_2024_final.csv
KSA,7220201,Tiếng Anh thương mại,7220201,2024,https://github.com/HTNam1710/ADS_Final/blob/main/Data/diem_chuan_2024_final.csv
KSA,7310101,Kinh tế,7310101,2024,https://github.com/HTNam1710/ADS_Final/blob/main/Data/diem_chuan_2024_final.csv
KSA,7310102,Kinh tế chính trị,7310102,2024,https://github.com/HTNam1710/ADS_Final/blob/main/Data/diem_chuan_2024_final.csv
KSA,7310104_01,Kinh tế đầu tư,7310104,2024,https://github.com/HTNam1710/ADS_Final/blob/main/Data/diem_chuan_2024_final.csv
KSA,7310104_02,Thẩm định giá và quản trị tài sản,7310104,2024,https://github.com/HTNam1710/ADS_Final/blob/main/Data/diem_chuan_2024_final.csv
KSA,7310107,Thống kê kinh doanh,7310107,2024,https://github.com/HTNam1710/ADS_Final/blob/main/Data/diem_chuan_2024_final.csv
KSA,7310108_01,Toán tài chính,7310108,2024,https://github.com/HTNam1710/ADS_Final/blob/main/Data/diem_chuan_2024_final.csv
KSA,7310108_02,Phân tích rủi ro và định phí bảo hiểm,7310108,2024,https://github.com/HTNam1710/ADS_Final/blob/main/Data/diem_chuan_2024_final.csv
KSA,7320106,Truyền thông số và thiết kế đa phương tiện,7320106,2024,https://github.com/HTNam1710/ADS_Final/blob/main/Data/diem_chuan_2024_final.csv
KSA,7340101_01,Quản trị kinh doanh,7340101,2024,https://github.com/HTNam1710/ADS_Final/blob/main/Data/diem_chuan_2024_final.csv
KSA,7340101_02,Kinh doanh số,7340101,2024,https://github.com/HTNam1710/ADS_Final/blob/main/Data/diem_chuan_2024_final.csv
KSA,7340101_03,Quản trị bệnh viện,7340101,2024,https://github.com/HTNam1710/ADS_Final/blob/main/Data/diem_chuan_2024_final.csv
KSA,7340115_01,Marketing,7340115,2024,https://github.com/HTNam1710/ADS_Final/blob/main/Data/diem_chuan_2024_final.csv
KSA,7340115_02,Công nghệ marketing,7340115,2024,https://github.com/HTNam1710/ADS_Final/blob/main/Data/diem_chuan_2024_final.csv
KSA,7340116,Bất động sản,7340116,2024,https://github.com/HTNam1710/ADS_Final/blob/main/Data/diem_chuan_2024_final.csv
KSA,7340120,Kinh doanh quốc tế,7340120,2024,https://github.com/HTNam1710/ADS_Final/blob/main/Data/diem_chuan_2024_final.csv
KSA,7340121,Kinh doanh thương mại,7340121,2024,https://github.com/HTNam1710/ADS_Final/blob/main/Data/diem_chuan_2024_final.csv
KSA,7340122,Thương mại điện tử,7340122,2024,https://github.com/HTNam1710/ADS_Final/blob/main/Data/diem_chuan_2024_final.csv
KSA,7340201_01,Tài chính công,7340201,2024,https://github.com/HTNam1710/ADS_Final/blob/main/Data/diem_chuan_2024_final.csv
KSA,7340201_02,Thuế,7340201,2024,https://github.com/HTNam1710/ADS_Final/blob/main/Data/diem_chuan_2024_final.csv
KSA,7340201_03,Ngân hàng,7340201,2024,https://github.com/HTNam1710/ADS_Final/blob/main/Data/diem_chuan_2024_final.csv
KSA,7340201_04,Thị trường chứng khoán,7340201,2024,https://github.com/HTNam1710/ADS_Final/blob/main/Data/diem_chuan_2024_final.csv
KSA,7340201_05,Tài chính,7340201,2024,https://github.com/HTNam1710/ADS_Final/blob/main/Data/diem_chuan_2024_final.csv
KSA,7340201_06,Đầu tư tài chính,7340201,2024,https://github.com/HTNam1710/ADS_Final/blob/main/Data/diem_chuan_2024_final.csv
KSA,7340201_07,Quản trị Hải quan - Ngoại thương,7340201,2024,https://github.com/HTNam1710/ADS_Final/blob/main/Data/diem_chuan_2024_final.csv
KSA,7340204,Bảo hiểm,7340204,2024,https://github.com/HTNam1710/ADS_Final/blob/main/Data/diem_chuan_2024_final.csv
KSA,7340205,Công nghệ tài chính,7340205,2024,https://github.com/HTNam1710/ADS_Final/blob/main/Data/diem_chuan_2024_final.csv
KSA,7340206,Tài chính quốc tế,7340206,2024,https://github.com/HTNam1710/ADS_Final/blob/main/Data/diem_chuan_2024_final.csv
KSA,7340301_01,Chương trình Kế toán tích hợp chứng chỉ nghề nghiệp quốc tế (của tổ chức nghề nghiệp ICAEW và ACCA),7340301,2024,https://github.com/HTNam1710/ADS_Final/blob/main/Data/diem_chuan_2024_final.csv
KSA,7340301_02,Kế toán công,7340301,2024,https://github.com/HTNam1710/ADS_Final/blob/main/Data/diem_chuan_2024_final.csv
KSA,7340301_03,Kế toán doanh nghiệp,7340301,2024,https://github.com/HTNam1710/ADS_Final/blob/main/Data/diem_chuan_2024_final.csv
KSA,7340302,Kiểm toán,7340302,2024,https://github.com/HTNam1710/ADS_Final/blob/main/Data/diem_chuan_2024_final.csv
KSA,7340403,Quản lý công,7340403,2024,https://github.com/HTNam1710/ADS_Final/blob/main/Data/diem_chuan_2024_final.csv
KSA,7340404,Quản trị nhân lực,7340404,2024,https://github.com/HTNam1710/ADS_Final/blob/main/Data/diem_chuan_2024_final.csv
KSA,7340405_01,Hệ thống thông tin kinh doanh,7340405,2024,https://github.com/HTNam1710/ADS_Final/blob/main/Data/diem_chuan_2024_final.csv
KSA,7340405_02,Hệ thống hoạch định nguồn lực doanh nghiệp,7340405,2024,https://github.com/HTNam1710/ADS_Final/blob/main/Data/diem_chuan_2024_final.csv
KSA,7380101,Luật kinh doanh quốc tế,7380101,2024,https://github.com/HTNam1710/ADS_Final/blob/main/Data/diem_chuan_2024_final.csv
KSA,7380107,Luật kinh tế,7380107,2024,https://github.com/HTNam1710/ADS_Final/blob/main/Data/diem_chuan_2024_final.csv
KSA,7460108,Khoa học dữ liệu,7460108,2024,https://github.com/HTNam1710/ADS_Final/blob/main/Data/diem_chuan_2024_final.csv
KSA,7480101,Khoa học máy tính,7480101,2024,https://github.com/HTNam1710/ADS_Final/blob/main/Data/diem_chuan_2024_final.csv
KSA,7480103,Kỹ thuật phần mềm,7480103,2024,https://github.com/HTNam1710/ADS_Final/blob/main/Data/diem_chuan_2024_final.csv
KSA,7480107_01,Robot và Trí tuệ nhân tạo (hệ kỹ sư),7480107,2024,https://github.com/HTNam1710/ADS_Final/blob/main/Data/diem_chuan_2024_final.csv
KSA,7480107_02,Điều khiển thông minh và tự động hóa,7480107,2024,https://github.com/HTNam1710/ADS_Final/blob/main/Data/diem_chuan_2024_final.csv
KSA,7480201_01,Công nghệ thông tin,7480201,2024,https://github.com/HTNam1710/ADS_Final/blob/main/Data/diem_chuan_2024_final.csv
KSA,7480201_02,Công nghệ nghệ thuật (Arttech),7480201,2024,https://github.com/HTNam1710/ADS_Final/blob/main/Data/diem_chuan_2024_final.csv
KSA,7480201_03,Công nghệ và đổi mới sáng tạo,7480201,2024,https://github.com/HTNam1710/ADS_Final/blob/main/Data/diem_chuan_2024_final.csv
KSA,7480202,An toàn thông tin,7480202,2024,https://github.com/HTNam1710/ADS_Final/blob/main/Data/diem_chuan_2024_final.csv
KSA,7510605_01,Logistics và Quản lý chuỗi cung ứng,7510605,2024,https://github.com/HTNam1710/ADS_Final/blob/main/Data/diem_chuan_2024_final.csv
KSA,7510605_02,Công nghệ Logistics (hệ kỹ sư),7510605,2024,https://github.com/HTNam1710/ADS_Final/blob/main/Data/diem_chuan_2024_final.csv
KSA,7580104,Kiến trúc và thiết kế đô thị thông minh,7580104,2024,https://github.com/HTNam1710/ADS_Final/blob/main/Data/diem_chuan_2024_final.csv
KSA,7620114,Kinh doanh nông nghiệp,7620114,2024,https://github.com/HTNam1710/ADS_Final/blob/main/Data/diem_chuan_2024_final.csv
KSA,7810103,Quản trị dịch vụ du lịch và lữ hành,7810103,2024,https://github.com/HTNam1710/ADS_Final/blob/main/Data/diem_chuan_2024_final.csv
KSA,7810201_01,Quản trị khách sạn,7810201,2024,https://github.com/HTNam1710/ADS_Final/blob/main/Data/diem_chuan_2024_final.csv
KSA,7810201_02,Quản trị sự kiện và dịch vụ giải trí,7810201,2024,https://github.com/HTNam1710/ADS_Final/blob/main/Data/diem_chuan_2024_final.csv
KSA,ASA_Co-op,Cử nhân ISB ASEAN Co-op,,2024,https://github.com/HTNam1710/ADS_Final/blob/main/Data/diem_chuan_2024_final.csv
KSA,ISB_CNTN,Cử nhân Tài năng ISB BBus,,2024,https://github.com/HTNam1710/ADS_Final/blob/main/Data/diem_chuan_2024_final.csv
QHY,7720101,Y khoa,7720101,2024,https://github.com/HTNam1710/ADS_Final/blob/main/Data/diem_chuan_2024_final.csv
QHY,7720201,Dược học,7720201,2024,https://github.com/HTNam1710/ADS_Final/blob/main/Data/diem_chuan_2024_final.csv
QHY,7720301,Điều dưỡng,7720301,2024,https://github.com/HTNam1710/ADS_Final/blob/main/Data/diem_chuan_2024_final.csv
QHY,7720501,Răng Hàm Mặt,7720501,2024,https://github.com/HTNam1710/ADS_Final/blob/main/Data/diem_chuan_2024_final.csv
QHY,7720601,Kĩ thuật Xét nghiệm y học,7720601,2024,https://github.com/HTNam1710/ADS_Final/blob/main/Data/diem_chuan_2024_final.csv
QHY,7720602,Kĩ thuật Hình ảnh y học,7720602,2024,https://github.com/HTNam1710/ADS_Final/blob/main/Data/diem_chuan_2024_final.csv
DDK,7420201,Công nghệ sinh học,7420201,2024,https://github.com/HTNam1710/ADS_Final/blob/main/Data/diem_chuan_2024_final.csv
DDK,7420201A,"Công nghệ sinh học, chuyên ngành Công nghệ sinh học Y Dược",7420201,2024,https://github.com/HTNam1710/ADS_Final/blob/main/Data/diem_chuan_2024_final.csv
DDK,7480106,Kỹ thuật máy tính,7480106,2024,https://github.com/HTNam1710/ADS_Final/blob/main/Data/diem_chuan_2024_final.csv
DDK,7480118VM,Chương trình tiên tiến Việt-Mỹ ngành Hệ thống Nhúng và IoT,7480118,2024,https://github.com/HTNam1710/ADS_Final/blob/main/Data/diem_chuan_2024_final.csv
DDK,7480201,Công nghệ thông tin (Đặc thù - Hợp tác doanh nghiệp),7480201,2024,https://github.com/HTNam1710/ADS_Final/blob/main/Data/diem_chuan_2024_final.csv
DDK,7480201A,Công nghệ thông tin (ngoại ngữ Nhật),7480201,2024,https://github.com/HTNam1710/ADS_Final/blob/main/Data/diem_chuan_2024_final.csv
DDK,7480201B,"Công nghệ thông tin (Đặc thù - Hợp tác doanh nghiệp), chuyên ngành Khoa học dữ liệu và Trí tuệ nhân tạo",7480201,2024,https://github.com/HTNam1710/ADS_Final/blob/main/Data/diem_chuan_2024_final.csv
DDK,7510105,Công nghệ kỹ thuật vật liệu xây dựng,7510105,2024,https://github.com/HTNam1710/ADS_Final/blob/main/Data/diem_chuan_2024_final.csv
DDK,7510202,Công nghệ chế tạo máy,7510202,2024,https://github.com/HTNam1710/ADS_Final/blob/main/Data/diem_chuan_2024_final.csv
DDK,7510601,Quản lý công nghiệp,7510601,2024,https://github.com/HTNam1710/ADS_Final/blob/main/Data/diem_chuan_2024_final.csv
DDK,7510701,Công nghệ dầu khí và khai thác dầu,7510701,2024,https://github.com/HTNam1710/ADS_Final/blob/main/Data/diem_chuan_2024_final.csv
DDK,7520103A,"Kỹ thuật Cơ khí, chuyên ngành Cơ khí động lực",7520103,2024,https://github.com/HTNam1710/ADS_Final/blob/main/Data/diem_chuan_2024_final.csv
DDK,7520103B,"Kỹ thuật Cơ khí, chuyên ngành Cơ khí hàng không",7520103,2024,https://github.com/HTNam1710/ADS_Final/blob/main/Data/diem_chuan_2024_final.csv
DDK,7520114,Kỹ thuật Cơ điện tử,7520114,2024,https://github.com/HTNam1710/ADS_Final/blob/main/Data/diem_chuan_2024_final.csv
DDK,7520115,Kỹ thuật nhiệt,7520115,2024,https://github.com/HTNam1710/ADS_Final/blob/main/Data/diem_chuan_2024_final.csv
DDK,7520118,Kỹ thuật hệ thống công nghiệp,7520118,2024,https://github.com/HTNam1710/ADS_Final/blob/main/Data/diem_chuan_2024_final.csv
DDK,7520122,Kỹ thuật Tàu thủy,7520122,2024,https://github.com/HTNam1710/ADS_Final/blob/main/Data/diem_chuan_2024_final.csv
DDK,7520130,Kỹ thuật ô tô,7520130,2024,https://github.com/HTNam1710/ADS_Final/blob/main/Data/diem_chuan_2024_final.csv
DDK,7520201,Kỹ thuật Điện,7520201,2024,https://github.com/HTNam1710/ADS_Final/blob/main/Data/diem_chuan_2024_final.csv
DDK,7520207,Kỹ thuật điện tử - viễn thông,7520207,2024,https://github.com/HTNam1710/ADS_Final/blob/main/Data/diem_chuan_2024_final.csv
DDK,7520207A,"Kỹ thuật điện tử - viễn thông, chuyên ngành vi điện tử - thiết kế vi mạch",7520207,2024,https://github.com/HTNam1710/ADS_Final/blob/main/Data/diem_chuan_2024_final.csv
DDK,7520207VM,Chương trình tiên tiến Việt - Mỹ ngành Kỹ thuật Điện tử viễn thông,7520207,2024,https://github.com/HTNam1710/ADS_Final/blob/main/Data/diem_chuan_2024_final.csv
DDK,7520216,Kỹ thuật Điều khiển và Tự động hóa,7520216,2024,https://github.com/HTNam1710/ADS_Final/blob/main/Data/diem_chuan_2024_final.csv
DDK,7520301,Kỹ thuật hóa học,7520301,2024,https://github.com/HTNam1710/ADS_Final/blob/main/Data/diem_chuan_2024_final.csv
DDK,7520320,Kỹ thuật môi trường,7520320,2024,https://github.com/HTNam1710/ADS_Final/blob/main/Data/diem_chuan_2024_final.csv
DDK,7540101,Công nghệ thực phẩm,7540101,2024,https://github.com/HTNam1710/ADS_Final/blob/main/Data/diem_chuan_2024_final.csv
DDK,7580101,Kiến trúc,7580101,2024,https://github.com/HTNam1710/ADS_Final/blob/main/Data/diem_chuan_2024_final.csv
DDK,7580201,"Kỹ thuật xây dựng, chuyên ngành Xây dựng dân dụng và công nghiệp",7580201,2024,https://github.com/HTNam1710/ADS_Final/blob/main/Data/diem_chuan_2024_final.csv
DDK,7580201A,"Kỹ thuật xây dựng, chuyên ngành Tin học xây dựng",7580201,2024,https://github.com/HTNam1710/ADS_Final/blob/main/Data/diem_chuan_2024_final.csv
DDK,7580201B,"Kỹ thuật xây dựng, chuyên ngành Kỹ thuật và quản lý xây dựng đô thị thông minh",7580201,2024,https://github.com/HTNam1710/ADS_Final/blob/main/Data/diem_chuan_2024_final.csv
DDK,7580201C,"Kỹ thuật xây dựng, chuyên ngành Mô hình thông tin và trí tuệ nhân tạo trong xây dựng",7580201,2024,https://github.com/HTNam1710/ADS_Final/blob/main/Data/diem_chuan_2024_final.csv
DDK,7580202,Kỹ thuật xây dựng công trình thủy,7580202,2024,https://github.com/HTNam1710/ADS_Final/blob/main/Data/diem_chuan_2024_final.csv
DDK,7580205,Kỹ thuật xây dựng công trình giao thông,7580205,2024,https://github.com/HTNam1710/ADS_Final/blob/main/Data/diem_chuan_2024_final.csv
DDK,7580210,Kỹ thuật cơ sở hạ tầng,7580210,2024,https://github.com/HTNam1710/ADS_Final/blob/main/Data/diem_chuan_2024_final.csv
DDK,7580301,Kinh tế xây dựng,7580301,2024,https://github.com/HTNam1710/ADS_Final/blob/main/Data/diem_chuan_2024_final.csv
DDK,7850101,Quản lý tài nguyên và môi trường,7850101,2024,https://github.com/HTNam1710/ADS_Final/blob/main/Data/diem_chuan_2024_final.csv
DDK,PFIEV,Chương trình đào tạo kỹ sư chất lượng cao Việt - Pháp (PFIEV),,2024,https://github.com/HTNam1710/ADS_Final/blob/main/Data/diem_chuan_2024_final.csv
DHF,7140231,Sư phạm Tiếng Anh,7140231,2024,https://github.com/HTNam1710/ADS_Final/blob/main/Data/diem_chuan_2024_final.csv
DHF,7140233,Sư phạm Tiếng Pháp,7140233,2024,https://github.com/HTNam1710/ADS_Final/blob/main/Data/diem_chuan_2024_final.csv
DHF,7140234,Sư phạm Tiếng Trung Quốc,7140234,2024,https://github.com/HTNam1710/ADS_Final/blob/main/Data/diem_chuan_2024_final.csv
DHF,7220201,Ngôn ngữ Anh,7220201,2024,https://github.com/HTNam1710/ADS_Final/blob/main/Data/diem_chuan_2024_final.csv
DHF,7220202,Ngôn ngữ Nga,7220202,2024,https://github.com/HTNam1710/ADS_Final/blob/main/Data/diem_chuan_2024_final.csv
DHF,7220203,Ngôn ngữ Pháp,7220203,2024,https://github.com/HTNam1710/ADS_Final/blob/main/Data/diem_chuan_2024_final.csv
DHF,7220204,Ngôn ngữ Trung Quốc,7220204,2024,https://github.com/HTNam1710/ADS_Final/blob/main/Data/diem_chuan_2024_final.csv
DHF,7220209,Ngôn ngữ Nhật,7220209,2024,https://github.com/HTNam1710/ADS_Final/blob/main/Data/diem_chuan_2024_final.csv
DHF,7220210,Ngôn ngữ Hàn Quốc,7220210,2024,https://github.com/HTNam1710/ADS_Final/blob/main/Data/diem_chuan_2024_final.csv
DHF,7310401,Quốc tế học,7310401,2024,https://github.com/HTNam1710/ADS_Final/blob/main/Data/diem_chuan_2024_final.csv
DHF,7310630,Việt Nam học,7310630,2024,https://github.com/HTNam1710/ADS_Final/blob/main/Data/diem_chuan_2024_final.csv
DMS,7220201,Ngôn ngữ Anh,7220201,2024,https://github.com/HTNam1710/ADS_Final/blob/main/Data/diem_chuan_2024_final.csv
DMS,7310101,Kinh tế,7310101,2024,https://github.com/HTNam1710/ADS_Final/blob/main/Data/diem_chuan_2024_final.csv
DMS,7310108,Toán kinh tế,7310108,2024,https://github.com/HTNam1710/ADS_Final/blob/main/Data/diem_chuan_2024_final.csv
DMS,7340101,Quản trị kinh doanh,7340101,2024,https://github.com/HTNam1710/ADS_Final/blob/main/Data/diem_chuan_2024_final.csv
DMS,7340101_TATP,Quản trị kinh doanh,7340101,2024,https://github.com/HTNam1710/ADS_Final/blob/main/Data/diem_chuan_2024_final.csv
DMS,7340101_TH,Quản trị kinh doanh,7340101,2024,https://github.com/HTNam1710/ADS_Final/blob/main/Data/diem_chuan_2024_final.csv
DMS,7340115,Marketing,7340115,2024,https://github.com/HTNam1710/ADS_Final/blob/main/Data/diem_chuan_2024_final.csv
DMS,7340115_TATP,Marketing,7340115,2024,https://github.com/HTNam1710/ADS_Final/blob/main/Data/diem_chuan_2024_final.csv
DMS,7340115_TH,Marketing,7340115,2024,https://github.com/HTNam1710/ADS_Final/blob/main/Data/diem_chuan_2024_final.csv
DMS,7340116,Bất động sản,7340116,2024,https://github.com/HTNam1710/ADS_Final/blob/main/Data/diem_chuan_2024_final.csv
DMS,7340120,Kinh doanh quốc tế,7340120,2024,https://github.com/HTNam1710/ADS_Final/blob/main/Data/diem_chuan_2024_final.csv
DMS,7340120_TATP,Kinh doanh quốc tế,7340120,2024,https://github.com/HTNam1710/ADS_Final/blob/main/Data/diem_chuan_2024_final.csv
DMS,7340120_TH,Kinh doanh quốc tế,7340120,2024,https://github.com/HTNam1710/ADS_Final/blob/main/Data/diem_chuan_2024_final.csv
DMS,7340201,Tài chính - Ngân hàng,7340201,2024,https://github.com/HTNam1710/ADS_Final/blob/main/Data/diem_chuan_2024_final.csv
DMS,7340201_TH,Tài chính - Ngân hàng,7340201,2024,https://github.com/HTNam1710/ADS_Final/blob/main/Data/diem_chuan_2024_final.csv
DMS,7340205,Công nghệ tài chính,7340205,2024,https://github.com/HTNam1710/ADS_Final/blob/main/Data/diem_chuan_2024_final.csv
DMS,7340301,Kế toán,7340301,2024,https://github.com/HTNam1710/ADS_Final/blob/main/Data/diem_chuan_2024_final.csv
DMS,7340301_TH,Kế toán,7340301,2024,https://github.com/HTNam1710/ADS_Final/blob/main/Data/diem_chuan_2024_final.csv
DMS,7340405,Hệ thống thông tin quản lý,7340405,2024,https://github.com/HTNam1710/ADS_Final/blob/main/Data/diem_chuan_2024_final.csv
DMS,7380107,Luật kinh tế,7380107,2024,https://github.com/HTNam1710/ADS_Final/blob/main/Data/diem_chuan_2024_final.csv
DMS,7810103_DT,Quản trị dịch vụ du lịch và lữ hành,7810103,2024,https://github.com/HTNam1710/ADS_Final/blob/main/Data/diem_chuan_2024_final.csv
DMS,7810201_DT,Quản trị khách sạn,7810201,2024,https://github.com/HTNam1710/ADS_Final/blob/main/Data/diem_chuan_2024_final.csv
DMS,7810202_DT,Quản trị nhà hàng và dịch vụ ăn uống,7810202,2024,https://github.com/HTNam1710/ADS_Final/blob/main/Data/diem_chuan_2024_final.csv
GSA,7340101,Quản trị kinh doanh,7340101,2024,https://github.com/HTNam1710/ADS_Final/blob/main/Data/diem_chuan_2024_final.csv
GSA,7340120,Kinh doanh quốc tế,7340120,2024,https://github.com/HTNam1710/ADS_Final/blob/main/Data/diem_chuan_2024_final.csv
GSA,7340201,Tài chính - Ngân hàng,7340201,2024,https://github.com/HTNam1710/ADS_Final/blob/main/Data/diem_chuan_2024_final.csv
GSA,7340301,Kế toán,7340301,2024,https://github.com/HTNam1710/ADS_Final/blob/main/Data/diem_chuan_2024_final.csv
GSA,7480201,Công nghệ thông tin,7480201,2024,https://github.com/HTNam1710/ADS_Final/blob/main/Data/diem_chuan_2024_final.csv
GSA,7510605,Logistics và quản lý chuỗi cung ứng,7510605,2024,https://github.com/HTNam1710/ADS_Final/blob/main/Data/diem_chuan_2024_final.csv
GSA,7520114,Kỹ thuật cơ điện tử,7520114,2024,https://github.com/HTNam1710/ADS_Final/blob/main/Data/diem_chuan_2024_final.csv
GSA,7520116,Kỹ thuật cơ khí động lực,7520116,2024,https://github.com/HTNam1710/ADS_Final/blob/main/Data/diem_chuan_2024_final.csv
GSA,7520130,Kỹ thuật ô tô,7520130,2024,https://github.com/HTNam1710/ADS_Final/blob/main/Data/diem_chuan_2024_final.csv
GSA,7520201,Kỹ thuật điện,7520201,2024,https://github.com/HTNam1710/ADS_Final/blob/main/Data/diem_chuan_2024_final.csv
GSA,7520207,Kỹ thuật điện tử - viễn thông,7520207,2024,https://github.com/HTNam1710/ADS_Final/blob/main/Data/diem_chuan_2024_final.csv
GSA,7520216,Kỹ thuật điều khiển và tự động hoá,7520216,2024,https://github.com/HTNam1710/ADS_Final/blob/main/Data/diem_chuan_2024_final.csv
GSA,7580101,Kiến trúc,7580101,2024,https://github.com/HTNam1710/ADS_Final/blob/main/Data/diem_chuan_2024_final.csv
GSA,7580201,Kỹ thuật xây dựng,7580201,2024,https://github.com/HTNam1710/ADS_Final/blob/main/Data/diem_chuan_2024_final.csv
GSA,7580205,Kỹ thuật xây dựng công trình giao thông,7580205,2024,https://github.com/HTNam1710/ADS_Final/blob/main/Data/diem_chuan_2024_final.csv
GSA,7580301,Kinh tế xây dựng,7580301,2024,https://github.com/HTNam1710/ADS_Final/blob/main/Data/diem_chuan_2024_final.csv
GSA,7580302,Quán lý xây dựng,7580302,2024,https://github.com/HTNam1710/ADS_Final/blob/main/Data/diem_chuan_2024_final.csv
GSA,7810103,Quản trị dịch vụ du lịch và lữ hành,7810103,2024,https://github.com/HTNam1710/ADS_Final/blob/main/Data/diem_chuan_2024_final.csv
GSA,7840101,Khai thác vận tải,7840101,2024,https://github.com/HTNam1710/ADS_Final/blob/main/Data/diem_chuan_2024_final.csv
TSN,7220201,Ngôn ngữ Anh (04 chuyên ngành: Biên - phiên dịch; Tiếng Anh du lịch; Giảng dạy Tiếng Anh; Song ngữ Anh -Trung),7220201,2024,https://github.com/HTNam1710/ADS_Final/blob/main/Data/diem_chuan_2024_final.csv
TSN,7310101,Kinh tế (02 chuyên ngành: Kinh tế thủy sản; Quản lý kinh tế),7310101,2024,https://github.com/HTNam1710/ADS_Final/blob/main/Data/diem_chuan_2024_final.csv
TSN,7310105,Kinh tế phát triển,7310105,2024,https://github.com/HTNam1710/ADS_Final/blob/main/Data/diem_chuan_2024_final.csv
TSN,7340101,Quản trị kinh doanh,7340101,2024,https://github.com/HTNam1710/ADS_Final/blob/main/Data/diem_chuan_2024_final.csv
TSN,7340101A,Quản trị kinh doanh (Chương trình đặc biệt),7340101,2024,https://github.com/HTNam1710/ADS_Final/blob/main/Data/diem_chuan_2024_final.csv
TSN,7340115,Marketing,7340115,2024,https://github.com/HTNam1710/ADS_Final/blob/main/Data/diem_chuan_2024_final.csv
TSN,7340121,Kinh doanh thương mại,7340121,2024,https://github.com/HTNam1710/ADS_Final/blob/main/Data/diem_chuan_2024_final.csv
TSN,7340201,Tài chính - Ngân hàng (02 chuyên ngành: Tài chính - Ngân hàng; Công nghệ tài chính),7340201,2024,https://github.com/HTNam1710/ADS_Final/blob/main/Data/diem_chuan_2024_final.csv
TSN,7340301,Kế toán,7340301,2024,https://github.com/HTNam1710/ADS_Final/blob/main/Data/diem_chuan_2024_final.csv
TSN,7340301A,Kế toán (Chương trình đặc biệt),7340301,2024,https://github.com/HTNam1710/ADS_Final/blob/main/Data/diem_chuan_2024_final.csv
TSN,7340302,Kiểm toán,7340302,2024,https://github.com/HTNam1710/ADS_Final/blob/main/Data/diem_chuan_2024_final.csv
TSN,7340405,Hệ thống thông tin quản lý,7340405,2024,https://github.com/HTNam1710/ADS_Final/blob/main/Data/diem_chuan_2024_final.csv
TSN,7380101,Luật (02 chuyên ngành: Luật; Luật kinh tế),7380101,2024,https://github.com/HTNam1710/ADS_Final/blob/main/Data/diem_chuan_2024_final.csv
TSN,7420201,Công nghệ sinh học,7420201,2024,https://github.com/HTNam1710/ADS_Final/blob/main/Data/diem_chuan_2024_final.csv
TSN,7420201MP,Công nghệ sinh học (Chương trình Minh Phú -NTU),7420201,2024,https://github.com/HTNam1710/ADS_Final/blob/main/Data/diem_chuan_2024_final.csv
TSN,7480101,Khoa học máy tính (02 chuyên ngành: Trí tuệ nhân tạo; Khoa học dữ liệu),7480101,2024,https://github.com/HTNam1710/ADS_Final/blob/main/Data/diem_chuan_2024_final.csv
TSN,7480201,Công nghệ thông tin (03 chuyên ngành: Công nghệ phần mềm; Hệ thống thông tin; Truyền thông và Mạng máy tính),7480201,2024,https://github.com/HTNam1710/ADS_Final/blob/main/Data/diem_chuan_2024_final.csv
TSN,7480201A,Công nghệ thông tin (Chương trình đặc biệt),7480201,2024,https://github.com/HTNam1710/ADS_Final/blob/main/Data/diem_chuan_2024_final.csv
TSN,7510202,Công nghệ chế tạo máy,7510202,2024,https://github.com/HTNam1710/ADS_Final/blob/main/Data/diem_chuan_2024_final.csv
TSN,7520103,Kỹ thuật cơ khí (02 chuyên ngành: Kỹ thuật cơ khí; Thiết kế và chế tạo số),7520103,2024,https://github.com/HTNam1710/ADS_Final/blob/main/Data/diem_chuan_2024_final.csv
TSN,7520114,Kỹ thuật cơ điện tử,7520114,2024,https://github.com/HTNam1710/ADS_Final/blob/main/Data/diem_chuan_2024_final.csv
TSN,7520115,Kỹ thuật nhiệt,7520115,2024,https://github.com/HTNam1710/ADS_Final/blob/main/Data/diem_chuan_2024_final.csv
TSN,7520116,Kỹ thuật cơ khí động lực,7520116,2024,https://github.com/HTNam1710/ADS_Final/blob/main/Data/diem_chuan_2024_final.csv
TSN,7520122,Kỹ thuật tàu thủy,7520122,2024,https://github.com/HTNam1710/ADS_Final/blob/main/Data/diem_chuan_2024_final.csv
TSN,7520130,Kỹ thuật ô tô,7520130,2024,https://github.com/HTNam1710/ADS_Final/blob/main/Data/diem_chuan_2024_final.csv
TSN,7520201,Kỳ thuật điện (chuyên ngành Kỹ thuật điện; điện tử),7520201,2024,https://github.com/HTNam1710/ADS_Final/blob/main/Data/diem_chuan_2024_final.csv
TSN,7520206,Kỹ thuật biển,7520206,2024,https://github.com/HTNam1710/ADS_Final/blob/main/Data/diem_chuan_2024_final.csv
TSN,7520216,Kỹ thuật điều khiến và tự động hóa,7520216,2024,https://github.com/HTNam1710/ADS_Final/blob/main/Data/diem_chuan_2024_final.csv
TSN,7520301,Kỹ thuật hoá học,7520301,2024,https://github.com/HTNam1710/ADS_Final/blob/main/Data/diem_chuan_2024_final.csv
TSN,7520320,Kỹ thuật môi trường (02 chuyên ngành: Kỹ thuật mỏi trường; Quản lý môi trường và an toàn vệ sinh lao động),7520320,2024,https://github.com/HTNam1710/ADS_Final/blob/main/Data/diem_chuan_2024_final.csv
TSN,7540101,Công nghệ thực phẩm (03 chuyên ngành: Công nghệ thực phẩm; Đảm bảo chất lượng và an toàn thực phẩm; Khoa học dinh dưỡng và ẩm thực),7540101,2024,https://github.com/HTNam1710/ADS_Final/blob/main/Data/diem_chuan_2024_final.csv
TSN,7540105,Công nghệ chế biến thuỷ sản (02 chuyên ngành: Công nghệ chế biến thủy sản; Công nghệ sau thu hoạch),7540105,2024,https://github.com/HTNam1710/ADS_Final/blob/main/Data/diem_chuan_2024_final.csv
TSN,7540105MP,Công nghệ chế biến thuỷ sản (Chương trình Minh Phú - NTU),7540105,2024,https://github.com/HTNam1710/ADS_Final/blob/main/Data/diem_chuan_2024_final.csv
TSN,7580201,Kỹ thuật xây dựng (02 chuyên ngành: Kỹ thuật xây dựng; Quản lý xây dựng),7580201,2024,https://github.com/HTNam1710/ADS_Final/blob/main/Data/diem_chuan_2024_final.csv
TSN,7580205,Kỹ thuật xây dựng công trình giao thông,7580205,2024,https://github.com/HTNam1710/ADS_Final/blob/main/Data/diem_chuan_2024_final.csv
TSN,7620301,Nuôi trồng thuỷ sản,7620301,2024,https://github.com/HTNam1710/ADS_Final/blob/main/Data/diem_chuan_2024_final.csv
TSN,7620301MP,Nuôi trồng thuỷ sản (Chương trình Minh Phú - NTU),7620301,2024,https://github.com/HTNam1710/ADS_Final/blob/main/Data/diem_chuan_2024_final.csv
TSN,7620303,Khoa hoc thủy sản (02 chuyên ngành: Khoa hoc thủy sản; Khai thác thủy sản),7620303,2024,https://github.com/HTNam1710/ADS_Final/blob/main/Data/diem_chuan_2024_final.csv
TSN,7620305,Quản lý thuỷ sản,7620305,2024,https://github.com/HTNam1710/ADS_Final/blob/main/Data/diem_chuan_2024_final.csv
TSN,7810103,Quản trị dịch vụ du lịch và lữ hành,7810103,2024,https://github.com/HTNam1710/ADS_Final/blob/main/Data/diem_chuan_2024_final.csv
TSN,7810103A,Quản trị dịch vụ du lịch lữ hành (Chương trình đặc biệt),7810103,2024,https://github.com/HTNam1710/ADS_Final/blob/main/Data/diem_chuan_2024_final.csv
TSN,7810103P,Quản trị dịch vụ du lịch và lữ hành (Chương trình song ngữ Pháp-Việt),7810103,2024,https://github.com/HTNam1710/ADS_Final/blob/main/Data/diem_chuan_2024_final.csv
TSN,7810201,Quản trị khách sạn,7810201,2024,https://github.com/HTNam1710/ADS_Final/blob/main/Data/diem_chuan_2024_final.csv
TSN,7810201A,Quản trị khách sạn (Chương trình đặc biệt),7810201,2024,https://github.com/HTNam1710/ADS_Final/blob/main/Data/diem_chuan_2024_final.csv
TSN,7840106,Khoa học hàng hải (02 chuyên ngành: Khoa học hàng hải; Quản lý hàng hải và Logistics),7840106,2024,https://github.com/HTNam1710/ADS_Final/blob/main/Data/diem_chuan_2024_final.csv
LBH,7860201,Ngành Chỉ huy tham mưu Lục quân,7860201,2024,https://github.com/HTNam1710/ADS_Final/blob/main/Data/diem_chuan_2024_final.csv
BVS,7329001,Công nghệ đa phương tiện,7329001,2024,https://github.com/HTNam1710/ADS_Final/blob/main/Data/diem_chuan_2024_final.csv
BVS,7340101,Quản trị kinh doanh,7340101,2024,https://github.com/HTNam1710/ADS_Final/blob/main/Data/diem_chuan_2024_final.csv
BVS,7340115,Marketing,7340115,2024,https://github.com/HTNam1710/ADS_Final/blob/main/Data/diem_chuan_2024_final.csv
BVS,7340115_CLC,Marketing chất lượng cao,7340115,2024,https://github.com/HTNam1710/ADS_Final/blob/main/Data/diem_chuan_2024_final.csv
BVS,7340301,Kế toán,7340301,2024,https://github.com/HTNam1710/ADS_Final/blob/main/Data/diem_chuan_2024_final.csv
BVS,7480201,Công nghệ thông tin,7480201,2024,https://github.com/HTNam1710/ADS_Final/blob/main/Data/diem_chuan_2024_final.csv
BVS,7480201_CLC,Công nghệ thông tin chất lượng cao,7480201,2024,https://github.com/HTNam1710/ADS_Final/blob/main/Data/diem_chuan_2024_final.csv
BVS,7480202,An toàn thông tin,7480202,2024,https://github.com/HTNam1710/ADS_Final/blob/main/Data/diem_chuan_2024_final.csv
BVS,7510301,"Công nghệ Kỹ thuật Điện, điện tử",7510301,2024,https://github.com/HTNam1710/ADS_Final/blob/main/Data/diem_chuan_2024_final.csv
BVS,7520207,Kỹ thuật Điện tử viễn thông,7520207,2024,https://github.com/HTNam1710/ADS_Final/blob/main/Data/diem_chuan_2024_final.csv
BVS,7520208,Công nghệ Inernet vạn vật (IoT),7520208,2024,https://github.com/HTNam1710/ADS_Final/blob/main/Data/diem_chuan_2024_final.csv
BVS,7520216,Kỹ thuật Điều khiển và tự động hóa,7520216,2024,https://github.com/HTNam1710/ADS_Final/blob/main/Data/diem_chuan_2024_final.csv
YKV,7720101,Y khoa,7720101,2024,https://github.com/HTNam1710/ADS_Final/blob/main/Data/diem_chuan_2024_final.csv
YKV,7720110,Y học dự phòng,7720110,2024,https://github.com/HTNam1710/ADS_Final/blob/main/Data/diem_chuan_2024_final.csv
YKV,7720201,Dược học,7720201,2024,https://github.com/HTNam1710/ADS_Final/blob/main/Data/diem_chuan_2024_final.csv
YKV,7720301,Điều dưỡng,7720301,2024,https://github.com/HTNam1710/ADS_Final/blob/main/Data/diem_chuan_2024_final.csv
YKV,7720601,Kỹ thuật xét nghiệm y học,7720601,2024,https://github.com/HTNam1710/ADS_Final/blob/main/Data/diem_chuan_2024_final.csv
YDN,7720101,Y khoa,7720101,2024,https://github.com/HTNam1710/ADS_Final/blob/main/Data/diem_chuan_2024_final.csv
YDN,7720201,Dược học,7720201,2024,https://github.com/HTNam1710/ADS_Final/blob/main/Data/diem_chuan_2024_final.csv
YDN,7720301A,Điều dưỡng đa khoa,7720301,2024,https://github.com/HTNam1710/ADS_Final/blob/main/Data/diem_chuan_2024_final.csv
YDN,7720301B,Điều dưỡng nha khoa,7720301,2024,https://github.com/HTNam1710/ADS_Final/blob/main/Data/diem_chuan_2024_final.csv
YDN,7720301C,Điều dưỡng gây mê hồi sức,7720301,2024,https://github.com/HTNam1710/ADS_Final/blob/main/Data/diem_chuan_2024_final.csv
YDN,7720601,Kỹ thuật xét nghiệm y học,7720601,2024,https://github.com/HTNam1710/ADS_Final/blob/main/Data/diem_chuan_2024_final.csv
YDN,7720602,Kỹ thuật hình ảnh y học,7720602,2024,https://github.com/HTNam1710/ADS_Final/blob/main/Data/diem_chuan_2024_final.csv
YDN,7720603,Kỹ thuật phục hồi chức năng,7720603,2024,https://github.com/HTNam1710/ADS_Final/blob/main/Data/diem_chuan_2024_final.csv
DTY,7720101,Y khoa,7720101,2024,https://github.com/HTNam1710/ADS_Final/blob/main/Data/diem_chuan_2024_final.csv
DTY,7720110,Y học dự phòng,7720110,2024,https://github.com/HTNam1710/ADS_Final/blob/main/Data/diem_chuan_2024_final.csv
DTY,7720201,Dược học,7720201,2024,https://github.com/HTNam1710/ADS_Final/blob/main/Data/diem_chuan_2024_final.csv
DTY,7720301,Điều dưỡng,7720301,2024,https://github.com/HTNam1710/ADS_Final/blob/main/Data/diem_chuan_2024_final.csv
DTY,7720302,Hộ sinh,7720302,2024,https://github.com/HTNam1710/ADS_Final/blob/main/Data/diem_chuan_2024_final.csv
DTY,7720501,Răng - Hàm - Mặt,7720501,2024,https://github.com/HTNam1710/ADS_Final/blob/main/Data/diem_chuan_2024_final.csv
DTY,7720601,Kỹ thuật xét nghiệm y học,7720601,2024,https://github.com/HTNam1710/ADS_Final/blob/main/Data/diem_chuan_2024_final.csv
DTY,7720602,Kỹ thuật hình ảnh y học,7720602,2024,https://github.com/HTNam1710/ADS_Final/blob/main/Data/diem_chuan_2024_final.csv
DTY,7720603,Kỹ thuật phục hồi chức năng,7720603,2024,https://github.com/HTNam1710/ADS_Final/blob/main/Data/diem_chuan_2024_final.csv
DHY,7720101,Y khoa,7720101,2024,https://github.com/HTNam1710/ADS_Final/blob/main/Data/diem_chuan_2024_final.csv
DHY,7720101_02,Y khoa (Xét kết hợp CC tiếng Anh quốc tế),7720101,2024,https://github.com/HTNam1710/ADS_Final/blob/main/Data/diem_chuan_2024_final.csv
DHY,7720110,Y học dự phòng,7720110,2024,https://github.com/HTNam1710/ADS_Final/blob/main/Data/diem_chuan_2024_final.csv
DHY,7720115,Y học cổ truyền,7720115,2024,https://github.com/HTNam1710/ADS_Final/blob/main/Data/diem_chuan_2024_final.csv
DHY,7720201,Dược học,7720201,2024,https://github.com/HTNam1710/ADS_Final/blob/main/Data/diem_chuan_2024_final.csv
DHY,7720201_02,Dược học (Xét kết hợp CC tiếng Anh quốc tế),7720201,2024,https://github.com/HTNam1710/ADS_Final/blob/main/Data/diem_chuan_2024_final.csv
DHY,7720301,Điều dưỡng,7720301,2024,https://github.com/HTNam1710/ADS_Final/blob/main/Data/diem_chuan_2024_final.csv
DHY,7720302,Hộ sinh,7720302,2024,https://github.com/HTNam1710/ADS_Final/blob/main/Data/diem_chuan_2024_final.csv
DHY,7720401,Dinh dưỡng,7720401,2024,https://github.com/HTNam1710/ADS_Final/blob/main/Data/diem_chuan_2024_final.csv
DHY,7720501,Răng - Hàm - Mặt,7720501,2024,https://github.com/HTNam1710/ADS_Final/blob/main/Data/diem_chuan_2024_final.csv
DHY,7720501_02,Răng - Hàm - Mặt (Xét kết hợp CC tiếng Anh quốc tế),7720501,2024,https://github.com/HTNam1710/ADS_Final/blob/main/Data/diem_chuan_2024_final.csv
DHY,7720601,Kỹ thuật xét nghiệm y học,7720601,2024,https://github.com/HTNam1710/ADS_Final/blob/main/Data/diem_chuan_2024_final.csv
DHY,7720602,Kỹ thuật hình ảnh y học,7720602,2024,https://github.com/HTNam1710/ADS_Final/blob/main/Data/diem_chuan_2024_final.csv
DHY,7720701,Y tế công cộng,7720701,2024,https://github.com/HTNam1710/ADS_Final/blob/main/Data/diem_chuan_2024_final.csv
DDY,7720101,Y khoa,7720101,2024,https://github.com/HTNam1710/ADS_Final/blob/main/Data/diem_chuan_2024_final.csv
DDY,7720201,Dược học,7720201,2024,https://github.com/HTNam1710/ADS_Final/blob/main/Data/diem_chuan_2024_final.csv
DDY,7720301,Điều dưỡng,7720301,2024,https://github.com/HTNam1710/ADS_Final/blob/main/Data/diem_chuan_2024_final.csv
DDY,7720501,Răng - Hàm - Mặt,7720501,2024,https://github.com/HTNam1710/ADS_Final/blob/main/Data/diem_chuan_2024_final.csv
DDY,7720601,Kỹ thuật xét nghiệm y học,7720601,2024,https://github.com/HTNam1710/ADS_Final/blob/main/Data/diem_chuan_2024_final.csv
KTS,7210110,Mỹ thuật đô thị,7210110,2024,https://github.com/HTNam1710/ADS_Final/blob/main/Data/diem_chuan_2024_final.csv
KTS,7210402,Thiết kế công nghiệp,7210402,2024,https://github.com/HTNam1710/ADS_Final/blob/main/Data/diem_chuan_2024_final.csv
KTS,7210403,Thiết kế đồ họa,7210403,2024,https://github.com/HTNam1710/ADS_Final/blob/main/Data/diem_chuan_2024_final.csv
KTS,7210404,Thiết kế thời trang,7210404,2024,https://github.com/HTNam1710/ADS_Final/blob/main/Data/diem_chuan_2024_final.csv
KTS,7580101,Kiến trúc,7580101,2024,https://github.com/HTNam1710/ADS_Final/blob/main/Data/diem_chuan_2024_final.csv
KTS,7580101CLC,Kiến trúc (CLC),7580101,2024,https://github.com/HTNam1710/ADS_Final/blob/main/Data/diem_chuan_2024_final.csv
KTS,7580101CT,Kiến trúc (CT),7580101,2024,https://github.com/HTNam1710/ADS_Final/blob/main/Data/diem_chuan_2024_final.csv
KTS,7580101DL,Kiến trúc (DL),7580101,2024,https://github.com/HTNam1710/ADS_Final/blob/main/Data/diem_chuan_2024_final.csv
KTS,7580102,Kiến trúc cảnh quan,7580102,2024,https://github.com/HTNam1710/ADS_Final/blob/main/Data/diem_chuan_2024_final.csv
KTS,7580105,Quy hoạch vùng và đô thị,7580105,2024,https://github.com/HTNam1710/ADS_Final/blob/main/Data/diem_chuan_2024_final.csv
KTS,7580105CLC,Quy hoạch vùng và đô thị (CLC),7580105,2024,https://github.com/HTNam1710/ADS_Final/blob/main/Data/diem_chuan_2024_final.csv
KTS,7580108,Thiết kế nội thất,7580108,2024,https://github.com/HTNam1710/ADS_Final/blob/main/Data/diem_chuan_2024_final.csv
KTS,7580108CT,Thiết kế nội thất (CT),7580108,2024,https://github.com/HTNam1710/ADS_Final/blob/main/Data/diem_chuan_2024_final.csv
KTS,7580199,Thiết kế đô thị (CT tiên tiến),7580199,2024,https://github.com/HTNam1710/ADS_Final/blob/main/Data/diem_chuan_2024_final.csv
KTS,7580201,Kỹ thuật xây dựng,7580201,2024,https://github.com/HTNam1710/ADS_Final/blob/main/Data/diem_chuan_2024_final.csv
KTS,7580201CLC,Kỹ thuật xây dựng (CLC),7580201,2024,https://github.com/HTNam1710/ADS_Final/blob/main/Data/diem_chuan_2024_final.csv
KTS,7580201CT,Kỹ thuật xây dựng (CT),7580201,2024,https://github.com/HTNam1710/ADS_Final/blob/main/Data/diem_chuan_2024_final.csv
KTS,7580201DL,Kỹ thuật xây dựng (DL),7580201,2024,https://github.com/HTNam1710/ADS_Final/blob/main/Data/diem_chuan_2024_final.csv
KTS,7580210,Kỹ thuật cơ sở hạ tầng,7580210,2024,https://github.com/HTNam1710/ADS_Final/blob/main/Data/diem_chuan_2024_final.csv
KTS,7580302,Quản lý xây dựng,7580302,2024,https://github.com/HTNam1710/ADS_Final/blob/main/Data/diem_chuan_2024_final.csv
HCA,7310202,Xây dựng Đảng và chính quyền nhà nước,7310202,2024,https://github.com/HTNam1710/ADS_Final/blob/main/Data/diem_chuan_2024_final.csv
QSY,7720101,Y khoa,7720101,2024,https://github.com/HTNam1710/ADS_Final/blob/main/Data/diem_chuan_2024_final.csv
QSY,7720115,Y học cổ truyền,7720115,2024,https://github.com/HTNam1710/ADS_Final/blob/main/Data/diem_chuan_2024_final.csv
QSY,7720201,Dược học,7720201,2024,https://github.com/HTNam1710/ADS_Final/blob/main/Data/diem_chuan_2024_final.csv
QSY,7720301,Điều dưỡng,7720301,2024,https://github.com/HTNam1710/ADS_Final/blob/main/Data/diem_chuan_2024_final.csv
QSY,7720501,Răng - Hàm - Mặt,7720501,2024,https://github.com/HTNam1710/ADS_Final/blob/main/Data/diem_chuan_2024_final.csv
QSQ,7220201,Ngôn ngữ Anh,7220201,2024,https://github.com/HTNam1710/ADS_Final/blob/main/Data/diem_chuan_2024_final.csv
QSQ,7220201_WE2,Ngôn ngữ Anh (Chương trình liên kết với ĐH West of England) (2+2),7220201,2024,https://github.com/HTNam1710/ADS_Final/blob/main/Data/diem_chuan_2024_final.csv
QSQ,7220201_WE3,Ngôn ngữ Anh (Chương trình liên kết với ĐH West of England) (3+1),7220201,2024,https://github.com/HTNam1710/ADS_Final/blob/main/Data/diem_chuan_2024_final.csv
QSQ,7220201_WE4,Ngôn ngữ Anh (Chương trình liên kết với ĐH West of England) (4+0),7220201,2024,https://github.com/HTNam1710/ADS_Final/blob/main/Data/diem_chuan_2024_final.csv
QSQ,7310101,Kinh tế (Phân tích dữ liệu trong kinh tế),7310101,2024,https://github.com/HTNam1710/ADS_Final/blob/main/Data/diem_chuan_2024_final.csv
QSQ,7340101,Quản trị kinh doanh,7340101,2024,https://github.com/HTNam1710/ADS_Final/blob/main/Data/diem_chuan_2024_final.csv
QSQ,7340101_AND,Quản trị kinh doanh (Chương trình liên kết với ĐH Andrews) (4+0),7340101,2024,https://github.com/HTNam1710/ADS_Final/blob/main/Data/diem_chuan_2024_final.csv
QSQ,7340101_AU,Quản trị kinh doanh (Chương trình liên kết với ĐH Công nghệ Auckland) (1+2/1.5+1.5),7340101,2024,https://github.com/HTNam1710/ADS_Final/blob/main/Data/diem_chuan_2024_final.csv
QSQ,7340101_LU,Quản trị kinh doanh (Chương trình liên kết với ĐH Lakehead) (2+2),7340101,2024,https://github.com/HTNam1710/ADS_Final/blob/main/Data/diem_chuan_2024_final.csv
QSQ,7340101_NS,Quản trị kinh doanh (Chương trình liên kết với ĐH New South Wales) (2+2),7340101,2024,https://github.com/HTNam1710/ADS_Final/blob/main/Data/diem_chuan_2024_final.csv
QSQ,7340101_SY,Quản trị kinh doanh (Chương trình liên kết với ĐH Sydney) (2+2),7340101,2024,https://github.com/HTNam1710/ADS_Final/blob/main/Data/diem_chuan_2024_final.csv
QSQ,7340101_UH,Quản trị kinh doanh (Chương trình liên kết với ĐH Houston) (2+2),7340101,2024,https://github.com/HTNam1710/ADS_Final/blob/main/Data/diem_chuan_2024_final.csv
QSQ,7340101_WE,Quản trị kinh doanh (Chương trình liên kết với ĐH West of England) (2+2),7340101,2024,https://github.com/HTNam1710/ADS_Final/blob/main/Data/diem_chuan_2024_final.csv
QSQ,7340101_WE4,Quản trị kinh doanh (Chương trình liên kết với ĐH West of England) (4+0),7340101,2024,https://github.com/HTNam1710/ADS_Final/blob/main/Data/diem_chuan_2024_final.csv
QSQ,7340115,Marketing,7340115,2024,https://github.com/HTNam1710/ADS_Final/blob/main/Data/diem_chuan_2024_final.csv
QSQ,7340201,Tài chính – Ngân hàng,7340201,2024,https://github.com/HTNam1710/ADS_Final/blob/main/Data/diem_chuan_2024_final.csv
QSQ,7340201_MQ,Tài chính (Chương trình liên kết với ĐH Macquarie) (2+1),7340201,2024,https://github.com/HTNam1710/ADS_Final/blob/main/Data/diem_chuan_2024_final.csv
QSQ,7340301,Kế toán,7340301,2024,https://github.com/HTNam1710/ADS_Final/blob/main/Data/diem_chuan_2024_final.csv
QSQ,7340301_MQ,Kế toán (Chương trình liên kết với ĐH Macquarie) (2+1),7340301,2024,https://github.com/HTNam1710/ADS_Final/blob/main/Data/diem_chuan_2024_final.csv
QSQ,7420201,Công nghệ sinh học,7420201,2024,https://github.com/HTNam1710/ADS_Final/blob/main/Data/diem_chuan_2024_final.csv
QSQ,7420201_WE2,Công nghệ sinh học (Chương trình liên kết với ĐH West of England) (2+2),7420201,2024,https://github.com/HTNam1710/ADS_Final/blob/main/Data/diem_chuan_2024_final.csv
QSQ,7420201_WE4,Công nghệ sinh học định hướng Y Sinh (Chương trình liên kết với ĐH West of England) (4+0),7420201,2024,https://github.com/HTNam1710/ADS_Final/blob/main/Data/diem_chuan_2024_final.csv
QSQ,7440112,Hóa học (Hóa sinh),7440112,2024,https://github.com/HTNam1710/ADS_Final/blob/main/Data/diem_chuan_2024_final.csv
QSQ,7460108,Khoa học dữ liệu,7460108,2024,https://github.com/HTNam1710/ADS_Final/blob/main/Data/diem_chuan_2024_final.csv
QSQ,7460112,Toán ứng dụng (Kỹ thuật Tài chính và Quản trị rủi ro),7460112,2024,https://github.com/HTNam1710/ADS_Final/blob/main/Data/diem_chuan_2024_final.csv
QSQ,7460201,Thống kê (Thống kê ứng dụng),7460201,2024,https://github.com/HTNam1710/ADS_Final/blob/main/Data/diem_chuan_2024_final.csv
QSQ,7480101,Khoa học máy tính,7480101,2024,https://github.com/HTNam1710/ADS_Final/blob/main/Data/diem_chuan_2024_final.csv
QSQ,7480101_WE2,Khoa học máy tính (Chương trình liên kết với ĐH West of England) (2+2),7480101,2024,https://github.com/HTNam1710/ADS_Final/blob/main/Data/diem_chuan_2024_final.csv
QSQ,7480201,Công nghệ thông tin,7480201,2024,https://github.com/HTNam1710/ADS_Final/blob/main/Data/diem_chuan_2024_final.csv
QSQ,7480201_SB,Công nghệ thông tin (Chương trình liên kết với ĐH SUNY Binghamton) (2+2),7480201,2024,https://github.com/HTNam1710/ADS_Final/blob/main/Data/diem_chuan_2024_final.csv
QSQ,7480201_WE4,Công nghệ thông tin (Chương trình liên kết với ĐH West of England) (4+0),7480201,2024,https://github.com/HTNam1710/ADS_Final/blob/main/Data/diem_chuan_2024_final.csv
QSQ,7510605,Logistics và Quản lý chuỗi cung ứng,7510605,2024,https://github.com/HTNam1710/ADS_Final/blob/main/Data/diem_chuan_2024_final.csv
QSQ,7520118,Kỹ thuật hệ thống công nghiệp,7520118,2024,https://github.com/HTNam1710/ADS_Final/blob/main/Data/diem_chuan_2024_final.csv
QSQ,7520118_SB,Kỹ thuật hệ thống công nghiệp (Chương trình liên kết với ĐH SUNY Binghamton) (2+2),7520118,2024,https://github.com/HTNam1710/ADS_Final/blob/main/Data/diem_chuan_2024_final.csv
QSQ,7520121,Kỹ thuật không gian (Phân tích và ứng dụng dữ liệu lớn),7520121,2024,https://github.com/HTNam1710/ADS_Final/blob/main/Data/diem_chuan_2024_final.csv
QSQ,7520207,Kỹ thuật điện tử – viễn thông,7520207,2024,https://github.com/HTNam1710/ADS_Final/blob/main/Data/diem_chuan_2024_final.csv
QSQ,7520207_SB,Kỹ thuật điện tử (Chương trình liên kết với ĐH SUNY Binghamton) (2+2),7520207,2024,https://github.com/HTNam1710/ADS_Final/blob/main/Data/diem_chuan_2024_final.csv
QSQ,7520207_WE,Kỹ thuật điện tử – viễn thông (Chương trình liên kết với ĐH West of England) (2+2),7520207,2024,https://github.com/HTNam1710/ADS_Final/blob/main/Data/diem_chuan_2024_final.csv
QSQ,7520212,Kỹ thuật y sinh,7520212,2024,https://github.com/HTNam1710/ADS_Final/blob/main/Data/diem_chuan_2024_final.csv
QSQ,7520216,Kỹ thuật điều khiển và tự động hóa,7520216,2024,https://github.com/HTNam1710/ADS_Final/blob/main/Data/diem_chuan_2024_final.csv
QSQ,7520301,Kỹ thuật hóa học,7520301,2024,https://github.com/HTNam1710/ADS_Final/blob/main/Data/diem_chuan_2024_final.csv
QSQ,7540101,Công nghệ thực phẩm,7540101,2024,https://github.com/HTNam1710/ADS_Final/blob/main/Data/diem_chuan_2024_final.csv
QSQ,7580201,Kỹ thuật xây dựng,7580201,2024,https://github.com/HTNam1710/ADS_Final/blob/main/Data/diem_chuan_2024_final.csv
QSQ,7580201_DK,Kỹ thuật xây dựng (Chương trình liên kết với ĐH Deakin) (2+2),7580201,2024,https://github.com/HTNam1710/ADS_Final/blob/main/Data/diem_chuan_2024_final.csv
QSQ,7580302,Quản lý xây dựng,7580302,2024,https://github.com/HTNam1710/ADS_Final/blob/main/Data/diem_chuan_2024_final.csv
THV,7140201,Giáo dục Mầm non,7140201,2024,https://github.com/HTNam1710/ADS_Final/blob/main/Data/diem_chuan_2024_final.csv
THV,7140202,Giáo dục Tiểu học,7140202,2024,https://github.com/HTNam1710/ADS_Final/blob/main/Data/diem_chuan_2024_final.csv
THV,7140206,Giáo dục Thể chất,7140206,2024,https://github.com/HTNam1710/ADS_Final/blob/main/Data/diem_chuan_2024_final.csv
THV,7140209,Sư phạm Toán học,7140209,2024,https://github.com/HTNam1710/ADS_Final/blob/main/Data/diem_chuan_2024_final.csv
THV,7140217,Sư phạm Ngữ văn,7140217,2024,https://github.com/HTNam1710/ADS_Final/blob/main/Data/diem_chuan_2024_final.csv
THV,7140221,Sư phạm Âm nhạc,7140221,2024,https://github.com/HTNam1710/ADS_Final/blob/main/Data/diem_chuan_2024_final.csv
THV,7140231,Sư phạm Tiếng Anh,7140231,2024,https://github.com/HTNam1710/ADS_Final/blob/main/Data/diem_chuan_2024_final.csv
THV,7220201,Ngôn ngữ Anh,7220201,2024,https://github.com/HTNam1710/ADS_Final/blob/main/Data/diem_chuan_2024_final.csv
THV,7220204,Ngôn ngữ Trung Quốc,7220204,2024,https://github.com/HTNam1710/ADS_Final/blob/main/Data/diem_chuan_2024_final.csv
THV,7310101,Kinh tế,7310101,2024,https://github.com/HTNam1710/ADS_Final/blob/main/Data/diem_chuan_2024_final.csv
THV,7340101,Quản trị kinh doanh,7340101,2024,https://github.com/HTNam1710/ADS_Final/blob/main/Data/diem_chuan_2024_final.csv
THV,7340201,Tài chính - Ngân hàng,7340201,2024,https://github.com/HTNam1710/ADS_Final/blob/main/Data/diem_chuan_2024_final.csv
THV,7340301,Kế toán,7340301,2024,https://github.com/HTNam1710/ADS_Final/blob/main/Data/diem_chuan_2024_final.csv
THV,7480201,Công nghệ thông tin,7480201,2024,https://github.com/HTNam1710/ADS_Final/blob/main/Data/diem_chuan_2024_final.csv
THV,7510201,Công nghệ Kỹ thuật Cơ khí,7510201,2024,https://github.com/HTNam1710/ADS_Final/blob/main/Data/diem_chuan_2024_final.csv
THV,7510301,"Công nghệ Kỹ thuật điện, điện tử",7510301,2024,https://github.com/HTNam1710/ADS_Final/blob/main/Data/diem_chuan_2024_final.csv
THV,7640101,Thú y,7640101,2024,https://github.com/HTNam1710/ADS_Final/blob/main/Data/diem_chuan_2024_final.csv
THV,7720301,Điều dưỡng,7720301,2024,https://github.com/HTNam1710/ADS_Final/blob/main/Data/diem_chuan_2024_final.csv
THV,7760101,Công tác xã hội,7760101,2024,https://github.com/HTNam1710/ADS_Final/blob/main/Data/diem_chuan_2024_final.csv
THV,7810103,Quản trị dịch vụ du lịch và lữ hành,7810103,2024,https://github.com/HTNam1710/ADS_Final/blob/main/Data/diem_chuan_2024_final.csv
THP,7140201,Giáo dục Mầm non,7140201,2024,https://github.com/HTNam1710/ADS_Final/blob/main/Data/diem_chuan_2024_final.csv
THP,7140202,Giáo dục Tiểu học,7140202,2024,https://github.com/HTNam1710/ADS_Final/blob/main/Data/diem_chuan_2024_final.csv
THP,7140206,Giáo dục Thể chất,7140206,2024,https://github.com/HTNam1710/ADS_Final/blob/main/Data/diem_chuan_2024_final.csv
THP,7140209,Sư phạm Toán học,7140209,2024,https://github.com/HTNam1710/ADS_Final/blob/main/Data/diem_chuan_2024_final.csv
THP,7140217,Sư phạm Ngữ văn,7140217,2024,https://github.com/HTNam1710/ADS_Final/blob/main/Data/diem_chuan_2024_final.csv
THP,7140231,Sư phạm Tiếng Anh,7140231,2024,https://github.com/HTNam1710/ADS_Final/blob/main/Data/diem_chuan_2024_final.csv
THP,7220201,Ngôn ngữ Anh,7220201,2024,https://github.com/HTNam1710/ADS_Final/blob/main/Data/diem_chuan_2024_final.csv
THP,7220204,Ngôn ngữ Trung Quốc,7220204,2024,https://github.com/HTNam1710/ADS_Final/blob/main/Data/diem_chuan_2024_final.csv
THP,7310101,Kinh tế,7310101,2024,https://github.com/HTNam1710/ADS_Final/blob/main/Data/diem_chuan_2024_final.csv
THP,7310630,Việt Nam học,7310630,2024,https://github.com/HTNam1710/ADS_Final/blob/main/Data/diem_chuan_2024_final.csv
THP,7340101,Quản trị kinh doanh,7340101,2024,https://github.com/HTNam1710/ADS_Final/blob/main/Data/diem_chuan_2024_final.csv
THP,7340122,Thương mại điện tử,7340122,2024,https://github.com/HTNam1710/ADS_Final/blob/main/Data/diem_chuan_2024_final.csv
THP,7340201,Tài chính - Ngân hàng,7340201,2024,https://github.com/HTNam1710/ADS_Final/blob/main/Data/diem_chuan_2024_final.csv
THP,7340301,Kế toán,7340301,2024,https://github.com/HTNam1710/ADS_Final/blob/main/Data/diem_chuan_2024_final.csv
THP,7380101,Luật,7380101,2024,https://github.com/HTNam1710/ADS_Final/blob/main/Data/diem_chuan_2024_final.csv
THP,7480201,Công nghệ thông tin,7480201,2024,https://github.com/HTNam1710/ADS_Final/blob/main/Data/diem_chuan_2024_final.csv
THP,7510103,Công nghệ kỹ thuật xây dựng,7510103,2024,https://github.com/HTNam1710/ADS_Final/blob/main/Data/diem_chuan_2024_final.csv
THP,7510202,Công nghệ chế tạo máy,7510202,2024,https://github.com/HTNam1710/ADS_Final/blob/main/Data/diem_chuan_2024_final.csv
THP,7510203,Công nghệ kỹ thuật cơ điện tử,7510203,2024,https://github.com/HTNam1710/ADS_Final/blob/main/Data/diem_chuan_2024_final.csv
THP,7510301,"Công nghệ kỹ thuật điện, điện tử",7510301,2024,https://github.com/HTNam1710/ADS_Final/blob/main/Data/diem_chuan_2024_final.csv
THP,7510303,Công nghệ kỹ thuật điều khiển và tự động hóa,7510303,2024,https://github.com/HTNam1710/ADS_Final/blob/main/Data/diem_chuan_2024_final.csv
THP,7580101,Kiến trúc,7580101,2024,https://github.com/HTNam1710/ADS_Final/blob/main/Data/diem_chuan_2024_final.csv
THP,7760101,Công tác xã hội,7760101,2024,https://github.com/HTNam1710/ADS_Final/blob/main/Data/diem_chuan_2024_final.csv
THP,7810103,Quản trị dịch vụ du lịch và lữ hành,7810103,2024,https://github.com/HTNam1710/ADS_Final/blob/main/Data/diem_chuan_2024_final.csv
HCP,7220201,Ngôn ngữ Anh,7220201,2024,https://github.com/HTNam1710/ADS_Final/blob/main/Data/diem_chuan_2024_final.csv
HCP,7310101,Kinh tế,7310101,2024,https://github.com/HTNam1710/ADS_Final/blob/main/Data/diem_chuan_2024_final.csv
HCP,7310105,Kinh tế phát triển,7310105,2024,https://github.com/HTNam1710/ADS_Final/blob/main/Data/diem_chuan_2024_final.csv
HCP,7310106,Kinh tế quốc tế,7310106,2024,https://github.com/HTNam1710/ADS_Final/blob/main/Data/diem_chuan_2024_final.csv
HCP,7310106_1,Kinh tế đối ngoại chất lượng cao giảng dạy bằng Tiếng Anh,7310106,2024,https://github.com/HTNam1710/ADS_Final/blob/main/Data/diem_chuan_2024_final.csv
HCP,7310109,Kinh tế số,7310109,2024,https://github.com/HTNam1710/ADS_Final/blob/main/Data/diem_chuan_2024_final.csv
HCP,7310205,Quản lý nhà nước,7310205,2024,https://github.com/HTNam1710/ADS_Final/blob/main/Data/diem_chuan_2024_final.csv
HCP,7340101,Quản trị kinh doanh,7340101,2024,https://github.com/HTNam1710/ADS_Final/blob/main/Data/diem_chuan_2024_final.csv
HCP,7340101_1,Quản trị kinh doanh chất lượng cao giảng dạy bằng Tiếng Anh,7340101,2024,https://github.com/HTNam1710/ADS_Final/blob/main/Data/diem_chuan_2024_final.csv
HCP,7340201,Tài chính - Ngân hàng,7340201,2024,https://github.com/HTNam1710/ADS_Final/blob/main/Data/diem_chuan_2024_final.csv
HCP,7340201_1,Tài chính chất lượng cao giảng dạy bằng Tiếng Anh,7340201,2024,https://github.com/HTNam1710/ADS_Final/blob/main/Data/diem_chuan_2024_final.csv
HCP,7340301,Kế toán,7340301,2024,https://github.com/HTNam1710/ADS_Final/blob/main/Data/diem_chuan_2024_final.csv
HCP,7380107,Luật kinh tế,7380107,2024,https://github.com/HTNam1710/ADS_Final/blob/main/Data/diem_chuan_2024_final.csv
MHN,7210403,Thiết kế đồ họa,7210403,2024,https://github.com/HTNam1710/ADS_Final/blob/main/Data/diem_chuan_2024_final.csv
MHN,7210404,Thiết kế thời trang,7210404,2024,https://github.com/HTNam1710/ADS_Final/blob/main/Data/diem_chuan_2024_final.csv
MHN,7220201,Ngôn ngữ Anh,7220201,2024,https://github.com/HTNam1710/ADS_Final/blob/main/Data/diem_chuan_2024_final.csv
MHN,7220204,Ngôn ngữ Trung Quốc,7220204,2024,https://github.com/HTNam1710/ADS_Final/blob/main/Data/diem_chuan_2024_final.csv
MHN,7340101,Quản trị kinh doanh,7340101,2024,https://github.com/HTNam1710/ADS_Final/blob/main/Data/diem_chuan_2024_final.csv
MHN,7340122,Thương mại điện tử,7340122,2024,https://github.com/HTNam1710/ADS_Final/blob/main/Data/diem_chuan_2024_final.csv
MHN,7340201,Tài chính - Ngân hàng,7340201,2024,https://github.com/HTNam1710/ADS_Final/blob/main/Data/diem_chuan_2024_final.csv
MHN,7340204,Bảo hiểm,7340204,2024,https://github.com/HTNam1710/ADS_Final/blob/main/Data/diem_chuan_2024_final.csv
MHN,7340301,Kế toán,7340301,2024,https://github.com/HTNam1710/ADS_Final/blob/main/Data/diem_chuan_2024_final.csv
MHN,7380101,Luật,7380101,2024,https://github.com/HTNam1710/ADS_Final/blob/main/Data/diem_chuan_2024_final.csv
MHN,7380107,Luật kinh tế,7380107,2024,https://github.com/HTNam1710/ADS_Final/blob/main/Data/diem_chuan_2024_final.csv
MHN,7380108,Luật quốc tế,7380108,2024,https://github.com/HTNam1710/ADS_Final/blob/main/Data/diem_chuan_2024_final.csv
MHN,7420201,Công nghệ sinh học,7420201,2024,https://github.com/HTNam1710/ADS_Final/blob/main/Data/diem_chuan_2024_final.csv
MHN,7480201,Công nghệ thông tin,7480201,2024,https://github.com/HTNam1710/ADS_Final/blob/main/Data/diem_chuan_2024_final.csv
MHN,7510302,Công nghệ kỹ thuật điện tử - viễn thông,7510302,2024,https://github.com/HTNam1710/ADS_Final/blob/main/Data/diem_chuan_2024_final.csv
MHN,7510303,Công nghệ kỹ thuật điều khiển và tự động hóa,7510303,2024,https://github.com/HTNam1710/ADS_Final/blob/main/Data/diem_chuan_2024_final.csv
MHN,7540101,Công nghệ thực phẩm,7540101,2024,https://github.com/HTNam1710/ADS_Final/blob/main/Data/diem_chuan_2024_final.csv
MHN,7580101,Kiến trúc,7580101,2024,https://github.com/HTNam1710/ADS_Final/blob/main/Data/diem_chuan_2024_final.csv
MHN,7580108,Thiết kế nội thất,7580108,2024,https://github.com/HTNam1710/ADS_Final/blob/main/Data/diem_chuan_2024_final.csv
MHN,7810103,Quản trị dịch vụ du lịch và lữ hành,7810103,2024,https://github.com/HTNam1710/ADS_Final/blob/main/Data/diem_chuan_2024_final.csv
MHN,7810201,Quản trị khách sạn,7810201,2024,https://github.com/HTNam1710/ADS_Final/blob/main/Data/diem_chuan_2024_final.csv
LDA,7220201,Ngôn ngữ Anh,7220201,2024,https://github.com/HTNam1710/ADS_Final/blob/main/Data/diem_chuan_2024_final.csv
LDA,7310101,Kinh tế,7310101,2024,https://github.com/HTNam1710/ADS_Final/blob/main/Data/diem_chuan_2024_final.csv
LDA,7310301,Xã hội học,7310301,2024,https://github.com/HTNam1710/ADS_Final/blob/main/Data/diem_chuan_2024_final.csv
LDA,7310630,Việt Nam học,7310630,2024,https://github.com/HTNam1710/ADS_Final/blob/main/Data/diem_chuan_2024_final.csv
LDA,7340101,Quản trị kinh doanh,7340101,2024,https://github.com/HTNam1710/ADS_Final/blob/main/Data/diem_chuan_2024_final.csv
LDA,7340201,Tài chính - Ngân hàng,7340201,2024,https://github.com/HTNam1710/ADS_Final/blob/main/Data/diem_chuan_2024_final.csv
LDA,7340301,Kế toán,7340301,2024,https://github.com/HTNam1710/ADS_Final/blob/main/Data/diem_chuan_2024_final.csv
LDA,7340404,Quản trị nhân lực,7340404,2024,https://github.com/HTNam1710/ADS_Final/blob/main/Data/diem_chuan_2024_final.csv
LDA,7340408,Quan hệ lao động,7340408,2024,https://github.com/HTNam1710/ADS_Final/blob/main/Data/diem_chuan_2024_final.csv
LDA,7380101,Luật,7380101,2024,https://github.com/HTNam1710/ADS_Final/blob/main/Data/diem_chuan_2024_final.csv
LDA,7760101,Công tác xã hội,7760101,2024,https://github.com/HTNam1710/ADS_Final/blob/main/Data/diem_chuan_2024_final.csv
LDA,7810101,Du lịch,7810101,2024,https://github.com/HTNam1710/ADS_Final/blob/main/Data/diem_chuan_2024_final.csv
LDA,7850201,Bảo hộ lao động,7850201,2024,https://github.com/HTNam1710/ADS_Final/blob/main/Data/diem_chuan_2024_final.csv
HHA,A403,Quản lý kinh doanh & Marketing,,2024,https://github.com/HTNam1710/ADS_Final/blob/main/Data/diem_chuan_2024_final.csv
HHA,A404,Quản lý kinh doanh TMĐT,,2024,https://github.com/HTNam1710/ADS_Final/blob/main/Data/diem_chuan_2024_final.csv
HHA,A408,Kinh tế Hàng hải,,2024,https://github.com/HTNam1710/ADS_Final/blob/main/Data/diem_chuan_2024_final.csv
HHA,A409,Kinh doanh quốc tế & Logistics,,2024,https://github.com/HTNam1710/ADS_Final/blob/main/Data/diem_chuan_2024_final.csv
HHA,D101,Điều khiển tàu biển,,2024,https://github.com/HTNam1710/ADS_Final/blob/main/Data/diem_chuan_2024_final.csv
HHA,D102,Khai thác máy tàu biển,,2024,https://github.com/HTNam1710/ADS_Final/blob/main/Data/diem_chuan_2024_final.csv
HHA,D103,Điện tự động giao thông vận tải,,2024,https://github.com/HTNam1710/ADS_Final/blob/main/Data/diem_chuan_2024_final.csv
HHA,D104,Điện tử viễn thông,,2024,https://github.com/HTNam1710/ADS_Final/blob/main/Data/diem_chuan_2024_final.csv
HHA,D105,Điện tự động công nghiệp,,2024,https://github.com/HTNam1710/ADS_Final/blob/main/Data/diem_chuan_2024_final.csv
HHA,D106,Máy tàu thủy,,2024,https://github.com/HTNam1710/ADS_Final/blob/main/Data/diem_chuan_2024_final.csv
HHA,D107,Thiết kế tàu & công trình ngoài khơi,,2024,https://github.com/HTNam1710/ADS_Final/blob/main/Data/diem_chuan_2024_final.csv
HHA,D108,Đóng tàu & công trình ngoài khơi,,2024,https://github.com/HTNam1710/ADS_Final/blob/main/Data/diem_chuan_2024_final.csv
HHA,D109,Máy & tự động hóa xếp dỡ,,2024,https://github.com/HTNam1710/ADS_Final/blob/main/Data/diem_chuan_2024_final.csv
HHA,D110,Xây dựng công trình thủy,,2024,https://github.com/HTNam1710/ADS_Final/blob/main/Data/diem_chuan_2024_final.csv
HHA,D111,Kỹ thuật an toàn hàng hải,,2024,https://github.com/HTNam1710/ADS_Final/blob/main/Data/diem_chuan_2024_final.csv
HHA,D112,Xây dựng dân dụng & công nghiệp,,2024,https://github.com/HTNam1710/ADS_Final/blob/main/Data/diem_chuan_2024_final.csv
HHA,D113,Công trình giao thông & cơ sở hạ tầng,,2024,https://github.com/HTNam1710/ADS_Final/blob/main/Data/diem_chuan_2024_final.csv
HHA,D114,Công nghệ thông tin,,2024,https://github.com/HTNam1710/ADS_Final/blob/main/Data/diem_chuan_2024_final.csv
HHA,D115,Kỹ thuật môi trường,,2024,https://github.com/HTNam1710/ADS_Final/blob/main/Data/diem_chuan_2024_final.csv
HHA,D116,Kỹ thuật cơ khí,,2024,https://github.com/HTNam1710/ADS_Final/blob/main/Data/diem_chuan_2024_final.csv
HHA,D117,Kỹ thuật cơ điện tử,,2024,https://github.com/HTNam1710/ADS_Final/blob/main/Data/diem_chuan_2024_final.csv
HHA,D118,Công nghệ phần mềm,,2024,https://github.com/HTNam1710/ADS_Final/blob/main/Data/diem_chuan_2024_final.csv
HHA,D119,Kỹ thuật truyền thông & mạng máy tính,,2024,https://github.com/HTNam1710/ADS_Final/blob/main/Data/diem_chuan_2024_final.csv
HHA,D120,Luật hàng hải,,2024,https://github.com/HTNam1710/ADS_Final/blob/main/Data/diem_chuan_2024_final.csv
HHA,D121,Tự động hóa hệ thống điện,,2024,https://github.com/HTNam1710/ADS_Final/blob/main/Data/diem_chuan_2024_final.csv
HHA,D122,Kỹ thuật ô tô,,2024,https://github.com/HTNam1710/ADS_Final/blob/main/Data/diem_chuan_2024_final.csv
HHA,D123,Kỹ thuật nhiệt lạnh,,2024,https://github.com/HTNam1710/ADS_Final/blob/main/Data/diem_chuan_2024_final.csv
HHA,D124,Tiếng Anh thương mại (TA hệ số 2),,2024,https://github.com/HTNam1710/ADS_Final/blob/main/Data/diem_chuan_2024_final.csv
HHA,D125,Ngôn ngữ Anh (TA hệ số 2),,2024,https://github.com/HTNam1710/ADS_Final/blob/main/Data/diem_chuan_2024_final.csv
HHA,D126,Kỹ thuật công nghệ hóa học,,2024,https://github.com/HTNam1710/ADS_Final/blob/main/Data/diem_chuan_2024_final.csv
HHA,D127,Kiến trúc & nội thất,,2024,https://github.com/HTNam1710/ADS_Final/blob/main/Data/diem_chuan_2024_final.csv
HHA,D128,Máy & tự động công nghiệp,,2024,https://github.com/HTNam1710/ADS_Final/blob/main/Data/diem_chuan_2024_final.csv
HHA,D129,Quản lý hàng hải,,2024,https://github.com/HTNam1710/ADS_Final/blob/main/Data/diem_chuan_2024_final.csv
HHA,D130,Quản lý công trình xây dựng,,2024,https://github.com/HTNam1710/ADS_Final/blob/main/Data/diem_chuan_2024_final.csv
HHA,D131,Quản lý kỹ thuật công nghiệp,,2024,https://github.com/HTNam1710/ADS_Final/blob/main/Data/diem_chuan_2024_final.csv
HHA,D132,Luật kinh doanh,,2024,https://github.com/HTNam1710/ADS_Final/blob/main/Data/diem_chuan_2024_final.csv
HHA,D401,Kinh tế vận tải biển,,2024,https://github.com/HTNam1710/ADS_Final/blob/main/Data/diem_chuan_2024_final.csv
HHA,D402,Kinh tế ngoại thương,,2024,https://github.com/HTNam1710/ADS_Final/blob/main/Data/diem_chuan_2024_final.csv
HHA,D403,Quản trị kinh doanh,,2024,https://github.com/HTNam1710/ADS_Final/blob/main/Data/diem_chuan_2024_final.csv
HHA,D404,Quản trị tài chính kế toán,,2024,https://github.com/HTNam1710/ADS_Final/blob/main/Data/diem_chuan_2024_final.csv
HHA,D407,Logistics & chuỗi cung ứng,,2024,https://github.com/HTNam1710/ADS_Final/blob/main/Data/diem_chuan_2024_final.csv
HHA,D410,Kinh tế vận tải thủy,,2024,https://github.com/HTNam1710/ADS_Final/blob/main/Data/diem_chuan_2024_final.csv
HHA,D411,Quản trị tài chính ngân hàng,,2024,https://github.com/HTNam1710/ADS_Final/blob/main/Data/diem_chuan_2024_final.csv
HHA,H105,Điện tự động công nghiệp (CLC),,2024,https://github.com/HTNam1710/ADS_Final/blob/main/Data/diem_chuan_2024_final.csv
HHA,H114,Công nghệ thông tin (CLC),,2024,https://github.com/HTNam1710/ADS_Final/blob/main/Data/diem_chuan_2024_final.csv
HHA,H401,Kinh tế vận tải biển (CLC),,2024,https://github.com/HTNam1710/ADS_Final/blob/main/Data/diem_chuan_2024_final.csv
HHA,H402,Kinh tế ngoại thương (CLC),,2024,https://github.com/HTNam1710/ADS_Final/blob/main/Data/diem_chuan_2024_final.csv
HHA,S101,Điều khiển tàu biển (Chọn),,2024,https://github.com/HTNam1710/ADS_Final/blob/main/Data/diem_chuan_2024_final.csv
HHA,S102,Khai thác máy tàu biển (Chọn),,2024,https://github.com/HTNam1710/ADS_Final/blob/main/Data/diem_chuan_2024_final.csv
KTA,7210105,Điêu khắc,7210105,2024,https://github.com/HTNam1710/ADS_Final/blob/main/Data/diem_chuan_2024_final.csv
KTA,7210403,Thiết kế đồ họa,7210403,2024,https://github.com/HTNam1710/ADS_Final/blob/main/Data/diem_chuan_2024_final.csv
KTA,7210404,Thiết kế thời trang,7210404,2024,https://github.com/HTNam1710/ADS_Final/blob/main/Data/diem_chuan_2024_final.csv
KTA,7480201,Công nghệ thông tin,7480201,2024,https://github.com/HTNam1710/ADS_Final/blob/main/Data/diem_chuan_2024_final.csv
KTA,7480201-1,Công nghệ thông tin (Chuyên ngành Công nghệ đa phương tiện),7480201,2024,https://github.com/HTNam1710/ADS_Final/blob/main/Data/diem_chuan_2024_final.csv
KTA,7510105,Công nghệ kỹ thuật vật liệu xây dựng,7510105,2024,https://github.com/HTNam1710/ADS_Final/blob/main/Data/diem_chuan_2024_final.csv
KTA,7580101,Kiến trúc,7580101,2024,https://github.com/HTNam1710/ADS_Final/blob/main/Data/diem_chuan_2024_final.csv
KTA,75801011,Chương trình tiên tiến ngành Kiến trúc,7580101,2024,https://github.com/HTNam1710/ADS_Final/blob/main/Data/diem_chuan_2024_final.csv
KTA,7580102,Kiến trúc cảnh quan,7580102,2024,https://github.com/HTNam1710/ADS_Final/blob/main/Data/diem_chuan_2024_final.csv
KTA,7580105,Quy hoạch vùng và đô thị,7580105,2024,https://github.com/HTNam1710/ADS_Final/blob/main/Data/diem_chuan_2024_final.csv
KTA,75801051,Quy hoạch vùng và đô thị (Chuyên ngành Thiết kế đô thị),7580105,2024,https://github.com/HTNam1710/ADS_Final/blob/main/Data/diem_chuan_2024_final.csv
KTA,7580108,Thiết kế nội thất,7580108,2024,https://github.com/HTNam1710/ADS_Final/blob/main/Data/diem_chuan_2024_final.csv
KTA,7580201,Kỹ thuật xây dựng (Chuyên ngành Xây dựng dán dụng và công nghiệp),7580201,2024,https://github.com/HTNam1710/ADS_Final/blob/main/Data/diem_chuan_2024_final.csv
KTA,7580201-1,Kỹ thuật xây dựng (Chuyên ngành Xây dựng công trình ngầm đô thị),7580201,2024,https://github.com/HTNam1710/ADS_Final/blob/main/Data/diem_chuan_2024_final.csv
KTA,7580201-2,Kỹ thuật xây dựng (Chuyên ngành Quản lý dự án xây dựng),7580201,2024,https://github.com/HTNam1710/ADS_Final/blob/main/Data/diem_chuan_2024_final.csv
KTA,7580205,Kỳ thuật xây dựng công trình giao thông,7580205,2024,https://github.com/HTNam1710/ADS_Final/blob/main/Data/diem_chuan_2024_final.csv
KTA,7580210,Kỹ thuật cơ sở hạ tầng (Chuyên ngành Kỹ thuật hạ tầng đô thị),7580210,2024,https://github.com/HTNam1710/ADS_Final/blob/main/Data/diem_chuan_2024_final.csv
KTA,7580210_1,Kỹ thuật cơ sở hạ tầng (Chuyên ngành Kỹ thuật môi trường đô thị),7580210,2024,https://github.com/HTNam1710/ADS_Final/blob/main/Data/diem_chuan_2024_final.csv
KTA,75802102,Kỹ thuật cơ sở hạ tầng (Chuyên ngành Công nghệ cơ điện công trình),7580210,2024,https://github.com/HTNam1710/ADS_Final/blob/main/Data/diem_chuan_2024_final.csv
KTA,7580213,Kỹ thuật cấp thoát nước,7580213,2024,https://github.com/HTNam1710/ADS_Final/blob/main/Data/diem_chuan_2024_final.csv
KTA,7580301,Kinh tế Xây dựng,7580301,2024,https://github.com/HTNam1710/ADS_Final/blob/main/Data/diem_chuan_2024_final.csv
KTA,7580301_1,Kinh tế Xây dựng (Chuyên ngành Kinh tế đầu tư),7580301,2024,https://github.com/HTNam1710/ADS_Final/blob/main/Data/diem_chuan_2024_final.csv
KTA,7580302,Quản lý xây dựng,7580302,2024,https://github.com/HTNam1710/ADS_Final/blob/main/Data/diem_chuan_2024_final.csv
KTA,7580302-1,Quản lý xây dựng (Chuyên ngành Quản lý bất động sản),7580302,2024,https://github.com/HTNam1710/ADS_Final/blob/main/Data/diem_chuan_2024_final.csv
KTA,7580302-2,Quản lý xây dựng (Chuyên ngành Quản lý vận tải và Logistics),7580302,2024,https://github.com/HTNam1710/ADS_Final/blob/main/Data/diem_chuan_2024_final.csv
KTA,7580302-3,Quản lý xây dựng (Chuyên ngành Kinh tề phát triển),7580302,2024,https://github.com/HTNam1710/ADS_Final/blob/main/Data/diem_chuan_2024_final.csv
TDV,7140114,Quản lý Giáo dục,7140114,2024,https://github.com/HTNam1710/ADS_Final/blob/main/Data/diem_chuan_2024_final.csv
TDV,7140202,Giáo dục Tiểu học,7140202,2024,https://github.com/HTNam1710/ADS_Final/blob/main/Data/diem_chuan_2024_final.csv
TDV,7140205,Giáo dục Chính trị,7140205,2024,https://github.com/HTNam1710/ADS_Final/blob/main/Data/diem_chuan_2024_final.csv
TDV,7140208,Giáo dục Quốc phòng -An ninh,7140208,2024,https://github.com/HTNam1710/ADS_Final/blob/main/Data/diem_chuan_2024_final.csv
TDV,7140209,Sư phạm Toán học,7140209,2024,https://github.com/HTNam1710/ADS_Final/blob/main/Data/diem_chuan_2024_final.csv
TDV,7140209C,Sư phạm Toán học (lớp tài năng),7140209,2024,https://github.com/HTNam1710/ADS_Final/blob/main/Data/diem_chuan_2024_final.csv
TDV,7140210,Sư phạm Tin học,7140210,2024,https://github.com/HTNam1710/ADS_Final/blob/main/Data/diem_chuan_2024_final.csv
TDV,7140211,Sư phạm Vật lý,7140211,2024,https://github.com/HTNam1710/ADS_Final/blob/main/Data/diem_chuan_2024_final.csv
TDV,7140212,Sư phạm Hóa học,7140212,2024,https://github.com/HTNam1710/ADS_Final/blob/main/Data/diem_chuan_2024_final.csv
TDV,7140213,Sư phạm Sinh học,7140213,2024,https://github.com/HTNam1710/ADS_Final/blob/main/Data/diem_chuan_2024_final.csv
TDV,7140217,Sư phạm Ngữ văn,7140217,2024,https://github.com/HTNam1710/ADS_Final/blob/main/Data/diem_chuan_2024_final.csv
TDV,7140218,Sư phạm Lịch sử,7140218,2024,https://github.com/HTNam1710/ADS_Final/blob/main/Data/diem_chuan_2024_final.csv
TDV,7140219,Sư phạm Địa lý,7140219,2024,https://github.com/HTNam1710/ADS_Final/blob/main/Data/diem_chuan_2024_final.csv
TDV,7140231,Sư phạm Tiếng Anh,7140231,2024,https://github.com/HTNam1710/ADS_Final/blob/main/Data/diem_chuan_2024_final.csv
TDV,7140231C,Sư phạm Tiếng Anh (lớp tài năng),7140231,2024,https://github.com/HTNam1710/ADS_Final/blob/main/Data/diem_chuan_2024_final.csv
TDV,7140247,Sư phạm Khoa học tự nhiên,7140247,2024,https://github.com/HTNam1710/ADS_Final/blob/main/Data/diem_chuan_2024_final.csv
TDV,7140249,Sư phạm Lịch sừ - Địa lý,7140249,2024,https://github.com/HTNam1710/ADS_Final/blob/main/Data/diem_chuan_2024_final.csv
TDV,7220201,Ngôn ngữ Anh,7220201,2024,https://github.com/HTNam1710/ADS_Final/blob/main/Data/diem_chuan_2024_final.csv
TDV,7229042,Quán lý văn hóa,7229042,2024,https://github.com/HTNam1710/ADS_Final/blob/main/Data/diem_chuan_2024_final.csv
TDV,7310101,Kinh tế (Chuyên ngành Kình tế đầu tư và chuyên ngành Quán lý kinh tế),7310101,2024,https://github.com/HTNam1710/ADS_Final/blob/main/Data/diem_chuan_2024_final.csv
TDV,7310109,Kinh tế số (chuyên ngành Kinh tế và Kinh doanh so),7310109,2024,https://github.com/HTNam1710/ADS_Final/blob/main/Data/diem_chuan_2024_final.csv
TDV,7310201,Chính trị học,7310201,2024,https://github.com/HTNam1710/ADS_Final/blob/main/Data/diem_chuan_2024_final.csv
TDV,7310205,Quán lý nhà nước,7310205,2024,https://github.com/HTNam1710/ADS_Final/blob/main/Data/diem_chuan_2024_final.csv
TDV,7310403,Tâm lý học giáo dục,7310403,2024,https://github.com/HTNam1710/ADS_Final/blob/main/Data/diem_chuan_2024_final.csv
TDV,7310601,Quốc tế học,7310601,2024,https://github.com/HTNam1710/ADS_Final/blob/main/Data/diem_chuan_2024_final.csv
TDV,7310630,Việt Nam học (Chuyên ngành Du lịch),7310630,2024,https://github.com/HTNam1710/ADS_Final/blob/main/Data/diem_chuan_2024_final.csv
TDV,7340101,Quản trị kinh doanh,7340101,2024,https://github.com/HTNam1710/ADS_Final/blob/main/Data/diem_chuan_2024_final.csv
TDV,7340101C,Quản trị kinh doanh (Chương trình đào tạo bằng tiếng Anh),7340101,2024,https://github.com/HTNam1710/ADS_Final/blob/main/Data/diem_chuan_2024_final.csv
TDV,7340122,Thương mại điện tử,7340122,2024,https://github.com/HTNam1710/ADS_Final/blob/main/Data/diem_chuan_2024_final.csv
TDV,7340201,Tài chính ngân hàng (Chuyên ngành Tài chính doanh nghiệp; chuyên ngành Ngân hàng thương mại),7340201,2024,https://github.com/HTNam1710/ADS_Final/blob/main/Data/diem_chuan_2024_final.csv
TDV,7340301,Kế toán,7340301,2024,https://github.com/HTNam1710/ADS_Final/blob/main/Data/diem_chuan_2024_final.csv
TDV,7380101,Luật,7380101,2024,https://github.com/HTNam1710/ADS_Final/blob/main/Data/diem_chuan_2024_final.csv
TDV,7380107,Luật kinh tế,7380107,2024,https://github.com/HTNam1710/ADS_Final/blob/main/Data/diem_chuan_2024_final.csv
TDV,7420201,Công nghệ sinh học,7420201,2024,https://github.com/HTNam1710/ADS_Final/blob/main/Data/diem_chuan_2024_final.csv
TDV,7480101,Khoa học máy tính,7480101,2024,https://github.com/HTNam1710/ADS_Final/blob/main/Data/diem_chuan_2024_final.csv
TDV,7480201,Công nghệ thông tin,7480201,2024,https://github.com/HTNam1710/ADS_Final/blob/main/Data/diem_chuan_2024_final.csv
TDV,7480201C,Công nghệ thông tin (Chương trình đào tạo bằng tiếng Anh),7480201,2024,https://github.com/HTNam1710/ADS_Final/blob/main/Data/diem_chuan_2024_final.csv
TDV,7510205,Công nghệ kỹ thuật ô tô,7510205,2024,https://github.com/HTNam1710/ADS_Final/blob/main/Data/diem_chuan_2024_final.csv
TDV,7510206,Công nghệ kỹ thuật nhiệt,7510206,2024,https://github.com/HTNam1710/ADS_Final/blob/main/Data/diem_chuan_2024_final.csv
TDV,7510301,Công nghệ kỹ thuật điện; điện tử,7510301,2024,https://github.com/HTNam1710/ADS_Final/blob/main/Data/diem_chuan_2024_final.csv
TDV,7520207,Kỹ thuật điện tử - viễn thông,7520207,2024,https://github.com/HTNam1710/ADS_Final/blob/main/Data/diem_chuan_2024_final.csv
TDV,7520216,Kỹ thuật điều khiển và tự động hóa,7520216,2024,https://github.com/HTNam1710/ADS_Final/blob/main/Data/diem_chuan_2024_final.csv
TDV,7540101,Công nghệ thực phẩm,7540101,2024,https://github.com/HTNam1710/ADS_Final/blob/main/Data/diem_chuan_2024_final.csv
TDV,7580201,Kỹ thuật xây dựng (chuyên ngành: Xây dựng công trình dân dụng và công nghiệp; Kết cấu công trình; Công nghệ kỹ thuật xây dựng),7580201,2024,https://github.com/HTNam1710/ADS_Final/blob/main/Data/diem_chuan_2024_final.csv
TDV,7580205,Kỹ thuật xây dựng công trình giao thông (chuyên ngành: Kỹ thuật xây dựng cầu đường; Kỹ thuật xây dựng công trình ngầm; Kỹ thuật hạ tầng đô thị),7580205,2024,https://github.com/HTNam1710/ADS_Final/blob/main/Data/diem_chuan_2024_final.csv
TDV,7580301,Kinh tế xây dựng (Chuyên ngành : Kinh tế đầu tư xây dựng; Kinh tế vận tải và logistic; Quản lý dự án công trình xây dựng),7580301,2024,https://github.com/HTNam1710/ADS_Final/blob/main/Data/diem_chuan_2024_final.csv
TDV,7620105,Chăn nuôi,7620105,2024,https://github.com/HTNam1710/ADS_Final/blob/main/Data/diem_chuan_2024_final.csv
TDV,7620109,Nông học,7620109,2024,https://github.com/HTNam1710/ADS_Final/blob/main/Data/diem_chuan_2024_final.csv
TDV,7620110,Khoa học cây trồng,7620110,2024,https://github.com/HTNam1710/ADS_Final/blob/main/Data/diem_chuan_2024_final.csv
TDV,7620301,Nuôi trồng thủy sản,7620301,2024,https://github.com/HTNam1710/ADS_Final/blob/main/Data/diem_chuan_2024_final.csv
TDV,7640101,Thú y,7640101,2024,https://github.com/HTNam1710/ADS_Final/blob/main/Data/diem_chuan_2024_final.csv
TDV,7720301,Điều dưỡng,7720301,2024,https://github.com/HTNam1710/ADS_Final/blob/main/Data/diem_chuan_2024_final.csv
TDV,7760101,Công tác xã hội,7760101,2024,https://github.com/HTNam1710/ADS_Final/blob/main/Data/diem_chuan_2024_final.csv
TDV,7850101,Quản lý tài nguyên và môi trường,7850101,2024,https://github.com/HTNam1710/ADS_Final/blob/main/Data/diem_chuan_2024_final.csv
TDV,7850103,Quản lý đất đai (Chuyên ngành: Quản lý đất đai; Quản lý phát triển đô thị và bất động sán),7850103,2024,https://github.com/HTNam1710/ADS_Final/blob/main/Data/diem_chuan_2024_final.csv
QSA,7140201,Giáo dục Mầm non,7140201,2024,https://github.com/HTNam1710/ADS_Final/blob/main/Data/diem_chuan_2024_final.csv
QSA,7140202,Giáo dục Tiểu học,7140202,2024,https://github.com/HTNam1710/ADS_Final/blob/main/Data/diem_chuan_2024_final.csv
QSA,7140205,Giáo dục Chính trị,7140205,2024,https://github.com/HTNam1710/ADS_Final/blob/main/Data/diem_chuan_2024_final.csv
QSA,7140209,Sư phạm Toán học,7140209,2024,https://github.com/HTNam1710/ADS_Final/blob/main/Data/diem_chuan_2024_final.csv
QSA,7140211,Sư phạm Vât lý,7140211,2024,https://github.com/HTNam1710/ADS_Final/blob/main/Data/diem_chuan_2024_final.csv
QSA,7140212,Sư phạm Hóa học,7140212,2024,https://github.com/HTNam1710/ADS_Final/blob/main/Data/diem_chuan_2024_final.csv
QSA,7140213,Sư phạm Sinh học,7140213,2024,https://github.com/HTNam1710/ADS_Final/blob/main/Data/diem_chuan_2024_final.csv
QSA,7140217,Sư phạm Ngữ văn,7140217,2024,https://github.com/HTNam1710/ADS_Final/blob/main/Data/diem_chuan_2024_final.csv
QSA,7140218,Sư phạm Lịch sử,7140218,2024,https://github.com/HTNam1710/ADS_Final/blob/main/Data/diem_chuan_2024_final.csv
QSA,7140219,Sư phạm Địa lý,7140219,2024,https://github.com/HTNam1710/ADS_Final/blob/main/Data/diem_chuan_2024_final.csv
QSA,7140231,Sư phạm Tiếng Anh,7140231,2024,https://github.com/HTNam1710/ADS_Final/blob/main/Data/diem_chuan_2024_final.csv
QSA,7140247,Sư phạm Khoa học tự nhiên,7140247,2024,https://github.com/HTNam1710/ADS_Final/blob/main/Data/diem_chuan_2024_final.csv
QSA,7220201,Ngôn ngữ Anh,7220201,2024,https://github.com/HTNam1710/ADS_Final/blob/main/Data/diem_chuan_2024_final.csv
QSA,7229001,Triết học,7229001,2024,https://github.com/HTNam1710/ADS_Final/blob/main/Data/diem_chuan_2024_final.csv
QSA,7229030,Văn học,7229030,2024,https://github.com/HTNam1710/ADS_Final/blob/main/Data/diem_chuan_2024_final.csv
QSA,7310106,Kinh tế quốc tế,7310106,2024,https://github.com/HTNam1710/ADS_Final/blob/main/Data/diem_chuan_2024_final.csv
QSA,7310630,Việt Nam học,7310630,2024,https://github.com/HTNam1710/ADS_Final/blob/main/Data/diem_chuan_2024_final.csv
QSA,7340101,Quản trị kinh doanh,7340101,2024,https://github.com/HTNam1710/ADS_Final/blob/main/Data/diem_chuan_2024_final.csv
QSA,7340115,Marketing,7340115,2024,https://github.com/HTNam1710/ADS_Final/blob/main/Data/diem_chuan_2024_final.csv
QSA,7340201,Tài chính - Ngân hàng,7340201,2024,https://github.com/HTNam1710/ADS_Final/blob/main/Data/diem_chuan_2024_final.csv
QSA,7340301,Kế toán,7340301,2024,https://github.com/HTNam1710/ADS_Final/blob/main/Data/diem_chuan_2024_final.csv
QSA,7380101,Luật,7380101,2024,https://github.com/HTNam1710/ADS_Final/blob/main/Data/diem_chuan_2024_final.csv
QSA,7420201,Công nghệ sinh học,7420201,2024,https://github.com/HTNam1710/ADS_Final/blob/main/Data/diem_chuan_2024_final.csv
QSA,7480103,Kỹ thuật phần mềm,7480103,2024,https://github.com/HTNam1710/ADS_Final/blob/main/Data/diem_chuan_2024_final.csv
QSA,7480201,Công nghệ thông tin,7480201,2024,https://github.com/HTNam1710/ADS_Final/blob/main/Data/diem_chuan_2024_final.csv
QSA,7510401,Công nghệ kỹ thuật hoá học,7510401,2024,https://github.com/HTNam1710/ADS_Final/blob/main/Data/diem_chuan_2024_final.csv
QSA,7510406,Công nghệ kỹ thuật môi trường,7510406,2024,https://github.com/HTNam1710/ADS_Final/blob/main/Data/diem_chuan_2024_final.csv
QSA,7540101,Công nghệ thực phẩm,7540101,2024,https://github.com/HTNam1710/ADS_Final/blob/main/Data/diem_chuan_2024_final.csv
QSA,7540104,Công nghệ sau thu hoạch,7540104,2024,https://github.com/HTNam1710/ADS_Final/blob/main/Data/diem_chuan_2024_final.csv
QSA,7540106,Đảm bảo chất lượng và an toàn thực phẩm,7540106,2024,https://github.com/HTNam1710/ADS_Final/blob/main/Data/diem_chuan_2024_final.csv
QSA,7620105,Chăn nuôi,7620105,2024,https://github.com/HTNam1710/ADS_Final/blob/main/Data/diem_chuan_2024_final.csv
QSA,7620110,Khoa học cây trồng,7620110,2024,https://github.com/HTNam1710/ADS_Final/blob/main/Data/diem_chuan_2024_final.csv
QSA,7620112,Bảo vệ thực vật,7620112,2024,https://github.com/HTNam1710/ADS_Final/blob/main/Data/diem_chuan_2024_final.csv
QSA,7620116,Phát triển nông thôn,7620116,2024,https://github.com/HTNam1710/ADS_Final/blob/main/Data/diem_chuan_2024_final.csv
QSA,7620301,Nuôi trồng thủy sản,7620301,2024,https://github.com/HTNam1710/ADS_Final/blob/main/Data/diem_chuan_2024_final.csv
QSA,7640101,Thú y,7640101,2024,https://github.com/HTNam1710/ADS_Final/blob/main/Data/diem_chuan_2024_final.csv
QSA,7850101,Quản lý tài nguyên và môi trường,7850101,2024,https://github.com/HTNam1710/ADS_Final/blob/main/Data/diem_chuan_2024_final.csv
HCH,7220201,Ngôn ngữ Anh,7220201,2024,https://github.com/HTNam1710/ADS_Final/blob/main/Data/diem_chuan_2024_final.csv
HCH,7229040,Văn hóa học,7229040,2024,https://github.com/HTNam1710/ADS_Final/blob/main/Data/diem_chuan_2024_final.csv
HCH,7229042,Quản lý văn hóa,7229042,2024,https://github.com/HTNam1710/ADS_Final/blob/main/Data/diem_chuan_2024_final.csv
HCH,7310101,Kinh tế,7310101,2024,https://github.com/HTNam1710/ADS_Final/blob/main/Data/diem_chuan_2024_final.csv
HCH,7310201,Chính trị học,7310201,2024,https://github.com/HTNam1710/ADS_Final/blob/main/Data/diem_chuan_2024_final.csv
HCH,7310202,Xây dựng Đảng và chính quyền nhà nước,7310202,2024,https://github.com/HTNam1710/ADS_Final/blob/main/Data/diem_chuan_2024_final.csv
HCH,7310205,Quản lý nhà nước,7310205,2024,https://github.com/HTNam1710/ADS_Final/blob/main/Data/diem_chuan_2024_final.csv
HCH,7320201,Thông tin – thư viện,7320201,2024,https://github.com/HTNam1710/ADS_Final/blob/main/Data/diem_chuan_2024_final.csv
HCH,7320303,Lưu trữ học,7320303,2024,https://github.com/HTNam1710/ADS_Final/blob/main/Data/diem_chuan_2024_final.csv
HCH,7340404,Quản trị nhân lực,7340404,2024,https://github.com/HTNam1710/ADS_Final/blob/main/Data/diem_chuan_2024_final.csv
HCH,7340406,Quản trị văn phòng,7340406,2024,https://github.com/HTNam1710/ADS_Final/blob/main/Data/diem_chuan_2024_final.csv
HCH,7380101,Luật,7380101,2024,https://github.com/HTNam1710/ADS_Final/blob/main/Data/diem_chuan_2024_final.csv
HCH,7480104,Hệ thống thông tin,7480104,2024,https://github.com/HTNam1710/ADS_Final/blob/main/Data/diem_chuan_2024_final.csv
HCH,7810103,Quản trị dịch vụ du lịch và lữ hành,7810103,2024,https://github.com/HTNam1710/ADS_Final/blob/main/Data/diem_chuan_2024_final.csv
SPD,7140201,Giáo dục Mầm non (Cao đẳng),7140201,2024,https://github.com/HTNam1710/ADS_Final/blob/main/Data/diem_chuan_2024_final.csv
SPD,7140202,Giáo dục Tiểu học,7140202,2024,https://github.com/HTNam1710/ADS_Final/blob/main/Data/diem_chuan_2024_final.csv
SPD,7140204,Giáo dục Công dân,7140204,2024,https://github.com/HTNam1710/ADS_Final/blob/main/Data/diem_chuan_2024_final.csv
SPD,7140205,Giáo dục Chính trị,7140205,2024,https://github.com/HTNam1710/ADS_Final/blob/main/Data/diem_chuan_2024_final.csv
SPD,7140206,Giáo dục Thể chất,7140206,2024,https://github.com/HTNam1710/ADS_Final/blob/main/Data/diem_chuan_2024_final.csv
SPD,7140209,Sư phạm Toán học - Chương trình đại trà - Chương trình Toán Tiếng Anh,7140209,2024,https://github.com/HTNam1710/ADS_Final/blob/main/Data/diem_chuan_2024_final.csv
SPD,7140210,Sư phạm Tin học,7140210,2024,https://github.com/HTNam1710/ADS_Final/blob/main/Data/diem_chuan_2024_final.csv
SPD,7140211,Sư phạm Vật lý,7140211,2024,https://github.com/HTNam1710/ADS_Final/blob/main/Data/diem_chuan_2024_final.csv
SPD,7140212,Sư phạm Hóa học,7140212,2024,https://github.com/HTNam1710/ADS_Final/blob/main/Data/diem_chuan_2024_final.csv
SPD,7140213,Sư phạm Sinh học,7140213,2024,https://github.com/HTNam1710/ADS_Final/blob/main/Data/diem_chuan_2024_final.csv
SPD,7140217,Sư phạm Ngữ văn,7140217,2024,https://github.com/HTNam1710/ADS_Final/blob/main/Data/diem_chuan_2024_final.csv
SPD,7140218,Sư phạm Lịch sử,7140218,2024,https://github.com/HTNam1710/ADS_Final/blob/main/Data/diem_chuan_2024_final.csv
SPD,7140219,Sư phạm Địa lý,7140219,2024,https://github.com/HTNam1710/ADS_Final/blob/main/Data/diem_chuan_2024_final.csv
SPD,7140221,Sư phạm Âm nhạc,7140221,2024,https://github.com/HTNam1710/ADS_Final/blob/main/Data/diem_chuan_2024_final.csv
SPD,7140222,Sư phạm Mỹ thuật,7140222,2024,https://github.com/HTNam1710/ADS_Final/blob/main/Data/diem_chuan_2024_final.csv
SPD,7140231,Sư phạm Tiếng Anh,7140231,2024,https://github.com/HTNam1710/ADS_Final/blob/main/Data/diem_chuan_2024_final.csv
SPD,7140246,Sư phạm Công nghệ,7140246,2024,https://github.com/HTNam1710/ADS_Final/blob/main/Data/diem_chuan_2024_final.csv
SPD,7140247,Sư phạm Khoa học tự nhiên,7140247,2024,https://github.com/HTNam1710/ADS_Final/blob/main/Data/diem_chuan_2024_final.csv
SPD,7140249,Sư phạm Lịch sử và Địa lý,7140249,2024,https://github.com/HTNam1710/ADS_Final/blob/main/Data/diem_chuan_2024_final.csv
SPD,7220201,Ngôn ngữ Anh - Biên - phiên dịch - Tiếng Anh kinh doanh - Tiếng Anh du lịch,7220201,2024,https://github.com/HTNam1710/ADS_Final/blob/main/Data/diem_chuan_2024_final.csv
SPD,7220204,Ngôn ngữ Trung Quốc - Ngôn ngữ Trung - Anh,7220204,2024,https://github.com/HTNam1710/ADS_Final/blob/main/Data/diem_chuan_2024_final.csv
SPD,7229042,Quản lý văn hóa (Sự kiện và truyền thông),7229042,2024,https://github.com/HTNam1710/ADS_Final/blob/main/Data/diem_chuan_2024_final.csv
SPD,7310403,Tâm lý học giáo dục,7310403,2024,https://github.com/HTNam1710/ADS_Final/blob/main/Data/diem_chuan_2024_final.csv
SPD,7310501,Địa lý học (Địa lý du lịch),7310501,2024,https://github.com/HTNam1710/ADS_Final/blob/main/Data/diem_chuan_2024_final.csv
SPD,7310630,Việt Nam học (Hướng dẫn viên du lịch; Quản lý Nhà hàng và Khách sạn),7310630,2024,https://github.com/HTNam1710/ADS_Final/blob/main/Data/diem_chuan_2024_final.csv
SPD,7340101,Quản trị kinh doanh,7340101,2024,https://github.com/HTNam1710/ADS_Final/blob/main/Data/diem_chuan_2024_final.csv
SPD,7340120,Kinh doanh quốc tế,7340120,2024,https://github.com/HTNam1710/ADS_Final/blob/main/Data/diem_chuan_2024_final.csv
SPD,7340201,Tài chính - Ngân hàng,7340201,2024,https://github.com/HTNam1710/ADS_Final/blob/main/Data/diem_chuan_2024_final.csv
SPD,7340301,Kế toán,7340301,2024,https://github.com/HTNam1710/ADS_Final/blob/main/Data/diem_chuan_2024_final.csv
SPD,7340403,Quản lý công,7340403,2024,https://github.com/HTNam1710/ADS_Final/blob/main/Data/diem_chuan_2024_final.csv
SPD,7380101,Luật,7380101,2024,https://github.com/HTNam1710/ADS_Final/blob/main/Data/diem_chuan_2024_final.csv
SPD,7420201,Công nghệ sinh học,7420201,2024,https://github.com/HTNam1710/ADS_Final/blob/main/Data/diem_chuan_2024_final.csv
SPD,7440301,Khoa học môi trường (Môi trường; An toàn sức khỏe môi trường),7440301,2024,https://github.com/HTNam1710/ADS_Final/blob/main/Data/diem_chuan_2024_final.csv
SPD,7480101,Khoa học Máy tính (Công nghệ phần mềm; Mạng máy tính và an ninh),7480101,2024,https://github.com/HTNam1710/ADS_Final/blob/main/Data/diem_chuan_2024_final.csv
SPD,7480201,Công nghệ thông tin,7480201,2024,https://github.com/HTNam1710/ADS_Final/blob/main/Data/diem_chuan_2024_final.csv
SPD,7510605,Logistics và Quản lý chuỗi cung ứng,7510605,2024,https://github.com/HTNam1710/ADS_Final/blob/main/Data/diem_chuan_2024_final.csv
SPD,7540101,Công nghệ thực phẩm,7540101,2024,https://github.com/HTNam1710/ADS_Final/blob/main/Data/diem_chuan_2024_final.csv
SPD,7580201,Kỹ thuật xây dựng,7580201,2024,https://github.com/HTNam1710/ADS_Final/blob/main/Data/diem_chuan_2024_final.csv
SPD,7620109,Nông học (Bảo vệ thực vật; Trồng trọt; Chăn nuôi thú y và thủy sản),7620109,2024,https://github.com/HTNam1710/ADS_Final/blob/main/Data/diem_chuan_2024_final.csv
SPD,7620301,Nuôi trồng thủy sản,7620301,2024,https://github.com/HTNam1710/ADS_Final/blob/main/Data/diem_chuan_2024_final.csv
SPD,7760101,Công tác xã hội,7760101,2024,https://github.com/HTNam1710/ADS_Final/blob/main/Data/diem_chuan_2024_final.csv
SPD,7850101,Quản lý tài nguyên và môi trường,7850101,2024,https://github.com/HTNam1710/ADS_Final/blob/main/Data/diem_chuan_2024_final.csv
SPD,7850103,Quản lý đất đai,7850103,2024,https://github.com/HTNam1710/ADS_Final/blob/main/Data/diem_chuan_2024_final.csv
QHK,7349001,Quản trị thương hiệu,7349001,2024,https://github.com/HTNam1710/ADS_Final/blob/main/Data/diem_chuan_2024_final.csv
QHK,7349002,Quản lý giải trí và sự kiện,7349002,2024,https://github.com/HTNam1710/ADS_Final/blob/main/Data/diem_chuan_2024_final.csv
QHK,7900204,Quản trị đô thị thông minh và bền vững,7900204,2024,https://github.com/HTNam1710/ADS_Final/blob/main/Data/diem_chuan_2024_final.csv
QHK,7900205,Quản trị tài nguyên di sản,7900205,2024,https://github.com/HTNam1710/ADS_Final/blob/main/Data/diem_chuan_2024_final.csv
TTN,7140201,Giáo dục Mầm non,7140201,2024,https://github.com/HTNam1710/ADS_Final/blob/main/Data/diem_chuan_2024_final.csv
TTN,7140202,Giáo dục Tiểu học,7140202,2024,https://github.com/HTNam1710/ADS_Final/blob/main/Data/diem_chuan_2024_final.csv
TTN,7140202JR,Giáo dục Tiểu học – Tiếng Jrai,7140202,2024,https://github.com/HTNam1710/ADS_Final/blob/main/Data/diem_chuan_2024_final.csv
TTN,7140205,Giáo dục Chính trị,7140205,2024,https://github.com/HTNam1710/ADS_Final/blob/main/Data/diem_chuan_2024_final.csv
TTN,7140206,Giáo dục Thể chất,7140206,2024,https://github.com/HTNam1710/ADS_Final/blob/main/Data/diem_chuan_2024_final.csv
TTN,7140209,Sư phạm Toán học,7140209,2024,https://github.com/HTNam1710/ADS_Final/blob/main/Data/diem_chuan_2024_final.csv
TTN,7140211,Sư phạm Vật lý,7140211,2024,https://github.com/HTNam1710/ADS_Final/blob/main/Data/diem_chuan_2024_final.csv
TTN,7140212,Sư phạm Hoá học,7140212,2024,https://github.com/HTNam1710/ADS_Final/blob/main/Data/diem_chuan_2024_final.csv
TTN,7140213,Sư phạm Sinh học,7140213,2024,https://github.com/HTNam1710/ADS_Final/blob/main/Data/diem_chuan_2024_final.csv
TTN,7140217,Sư phạm Ngữ văn,7140217,2024,https://github.com/HTNam1710/ADS_Final/blob/main/Data/diem_chuan_2024_final.csv
TTN,7140231,Sư phạm Tiếng Anh,7140231,2024,https://github.com/HTNam1710/ADS_Final/blob/main/Data/diem_chuan_2024_final.csv
TTN,7140247,Sư phạm Khoa học tự nhiên,7140247,2024,https://github.com/HTNam1710/ADS_Final/blob/main/Data/diem_chuan_2024_final.csv
TTN,7220201,Ngôn ngữ Anh,7220201,2024,https://github.com/HTNam1710/ADS_Final/blob/main/Data/diem_chuan_2024_final.csv
TTN,7229001,Triết học,7229001,2024,https://github.com/HTNam1710/ADS_Final/blob/main/Data/diem_chuan_2024_final.csv
TTN,7229030,Văn học,7229030,2024,https://github.com/HTNam1710/ADS_Final/blob/main/Data/diem_chuan_2024_final.csv
TTN,7310101,Kinh tế,7310101,2024,https://github.com/HTNam1710/ADS_Final/blob/main/Data/diem_chuan_2024_final.csv
TTN,7310105,Kinh tế phát triển,7310105,2024,https://github.com/HTNam1710/ADS_Final/blob/main/Data/diem_chuan_2024_final.csv
TTN,7310403,Tâm lý học giáo dục,7310403,2024,https://github.com/HTNam1710/ADS_Final/blob/main/Data/diem_chuan_2024_final.csv
TTN,7340101,Quản trị kinh doanh,7340101,2024,https://github.com/HTNam1710/ADS_Final/blob/main/Data/diem_chuan_2024_final.csv
TTN,7340121,Kinh doanh thương mại,7340121,2024,https://github.com/HTNam1710/ADS_Final/blob/main/Data/diem_chuan_2024_final.csv
TTN,7340201,Tài chính – Ngân hàng,7340201,2024,https://github.com/HTNam1710/ADS_Final/blob/main/Data/diem_chuan_2024_final.csv
TTN,7340205,Công nghệ tài chính,7340205,2024,https://github.com/HTNam1710/ADS_Final/blob/main/Data/diem_chuan_2024_final.csv
TTN,7340301,Kế toán,7340301,2024,https://github.com/HTNam1710/ADS_Final/blob/main/Data/diem_chuan_2024_final.csv
TTN,7420201,Công nghệ sinh học,7420201,2024,https://github.com/HTNam1710/ADS_Final/blob/main/Data/diem_chuan_2024_final.csv
TTN,7420201YD,Công nghệ sinh học Y Dược,7420201,2024,https://github.com/HTNam1710/ADS_Final/blob/main/Data/diem_chuan_2024_final.csv
TTN,7480201,Công nghệ thông tin,7480201,2024,https://github.com/HTNam1710/ADS_Final/blob/main/Data/diem_chuan_2024_final.csv
TTN,7540101,Công nghệ thực phẩm,7540101,2024,https://github.com/HTNam1710/ADS_Final/blob/main/Data/diem_chuan_2024_final.csv
TTN,7620105,Chăn nuôi,7620105,2024,https://github.com/HTNam1710/ADS_Final/blob/main/Data/diem_chuan_2024_final.csv
TTN,7620110,Khoa học cây trồng,7620110,2024,https://github.com/HTNam1710/ADS_Final/blob/main/Data/diem_chuan_2024_final.csv
TTN,7620112,Bảo vệ thực vật,7620112,2024,https://github.com/HTNam1710/ADS_Final/blob/main/Data/diem_chuan_2024_final.csv
TTN,7620115,Kinh tế nông nghiệp,7620115,2024,https://github.com/HTNam1710/ADS_Final/blob/main/Data/diem_chuan_2024_final.csv
TTN,7620205,Lâm sinh,7620205,2024,https://github.com/HTNam1710/ADS_Final/blob/main/Data/diem_chuan_2024_final.csv
TTN,7640101,Thú y,7640101,2024,https://github.com/HTNam1710/ADS_Final/blob/main/Data/diem_chuan_2024_final.csv
TTN,7720101,Y khoa,7720101,2024,https://github.com/HTNam1710/ADS_Final/blob/main/Data/diem_chuan_2024_final.csv
TTN,7720301,Điều dưỡng,7720301,2024,https://github.com/HTNam1710/ADS_Final/blob/main/Data/diem_chuan_2024_final.csv
TTN,7720601,Kỹ thuật xét nghiệm y học,7720601,2024,https://github.com/HTNam1710/ADS_Final/blob/main/Data/diem_chuan_2024_final.csv
TTN,7850103,Quản lý đất đai,7850103,2024,https://github.com/HTNam1710/ADS_Final/blob/main/Data/diem_chuan_2024_final.csv
DQN,7140114,Quản lý Giáo dục,7140114,2024,https://github.com/HTNam1710/ADS_Final/blob/main/Data/diem_chuan_2024_final.csv
DQN,7140201,Giáo dục Mầm non,7140201,2024,https://github.com/HTNam1710/ADS_Final/blob/main/Data/diem_chuan_2024_final.csv
DQN,7140202,Giáo dục Tiểu học,7140202,2024,https://github.com/HTNam1710/ADS_Final/blob/main/Data/diem_chuan_2024_final.csv
DQN,7140203,Giáo dục Chính trị,7140203,2024,https://github.com/HTNam1710/ADS_Final/blob/main/Data/diem_chuan_2024_final.csv
DQN,7140206,Giáo dục Thể chất,7140206,2024,https://github.com/HTNam1710/ADS_Final/blob/main/Data/diem_chuan_2024_final.csv
DQN,7140209,Sư phạm Toán học,7140209,2024,https://github.com/HTNam1710/ADS_Final/blob/main/Data/diem_chuan_2024_final.csv
DQN,7140210,Sư phạm Tin học,7140210,2024,https://github.com/HTNam1710/ADS_Final/blob/main/Data/diem_chuan_2024_final.csv
DQN,7140211,Sư phạm Vật lý,7140211,2024,https://github.com/HTNam1710/ADS_Final/blob/main/Data/diem_chuan_2024_final.csv
DQN,7140213,Sư phạm Sinh học,7140213,2024,https://github.com/HTNam1710/ADS_Final/blob/main/Data/diem_chuan_2024_final.csv
DQN,7140217,Sư phạm Ngữ văn,7140217,2024,https://github.com/HTNam1710/ADS_Final/blob/main/Data/diem_chuan_2024_final.csv
DQN,7140218,Sư phạm Lịch sử,7140218,2024,https://github.com/HTNam1710/ADS_Final/blob/main/Data/diem_chuan_2024_final.csv
DQN,7140219,Sư phạm Địa lý,7140219,2024,https://github.com/HTNam1710/ADS_Final/blob/main/Data/diem_chuan_2024_final.csv
DQN,7140231,Sư phạm Tiếng Anh,7140231,2024,https://github.com/HTNam1710/ADS_Final/blob/main/Data/diem_chuan_2024_final.csv
DQN,7140247,Sư phạm Khoa học tự nhiên,7140247,2024,https://github.com/HTNam1710/ADS_Final/blob/main/Data/diem_chuan_2024_final.csv
DQN,7140249,Sư phạm Lịch sử Địa lý,7140249,2024,https://github.com/HTNam1710/ADS_Final/blob/main/Data/diem_chuan_2024_final.csv
DQN,7220201,Ngôn ngữ Anh,7220201,2024,https://github.com/HTNam1710/ADS_Final/blob/main/Data/diem_chuan_2024_final.csv
DQN,7220204,Ngôn ngữ Trung Quốc,7220204,2024,https://github.com/HTNam1710/ADS_Final/blob/main/Data/diem_chuan_2024_final.csv
DQN,7229030,Văn học,7229030,2024,https://github.com/HTNam1710/ADS_Final/blob/main/Data/diem_chuan_2024_final.csv
DQN,7310101,Kinh tế,7310101,2024,https://github.com/HTNam1710/ADS_Final/blob/main/Data/diem_chuan_2024_final.csv
DQN,7310205,Quản lý nhà nước,7310205,2024,https://github.com/HTNam1710/ADS_Final/blob/main/Data/diem_chuan_2024_final.csv
DQN,7310403,Tâm lý học giáo dục,7310403,2024,https://github.com/HTNam1710/ADS_Final/blob/main/Data/diem_chuan_2024_final.csv
DQN,7310608,Đông phương học,7310608,2024,https://github.com/HTNam1710/ADS_Final/blob/main/Data/diem_chuan_2024_final.csv
DQN,7310630,Việt Nam học,7310630,2024,https://github.com/HTNam1710/ADS_Final/blob/main/Data/diem_chuan_2024_final.csv
DQN,7340101,Quản trị kinh doanh,7340101,2024,https://github.com/HTNam1710/ADS_Final/blob/main/Data/diem_chuan_2024_final.csv
DQN,7340201,Tài chính - Ngân hàng,7340201,2024,https://github.com/HTNam1710/ADS_Final/blob/main/Data/diem_chuan_2024_final.csv
DQN,7340301,Kế toán,7340301,2024,https://github.com/HTNam1710/ADS_Final/blob/main/Data/diem_chuan_2024_final.csv
DQN,7340301CLC,Kế toán CLC,7340301,2024,https://github.com/HTNam1710/ADS_Final/blob/main/Data/diem_chuan_2024_final.csv
DQN,7340302,Kiểm toán,7340302,2024,https://github.com/HTNam1710/ADS_Final/blob/main/Data/diem_chuan_2024_final.csv
DQN,7380101,Luật,7380101,2024,https://github.com/HTNam1710/ADS_Final/blob/main/Data/diem_chuan_2024_final.csv
DQN,7440112,Hóa học,7440112,2024,https://github.com/HTNam1710/ADS_Final/blob/main/Data/diem_chuan_2024_final.csv
DQN,7440122,Khoa học vật liệu,7440122,2024,https://github.com/HTNam1710/ADS_Final/blob/main/Data/diem_chuan_2024_final.csv
DQN,7460108,Khoa học dữ liệu,7460108,2024,https://github.com/HTNam1710/ADS_Final/blob/main/Data/diem_chuan_2024_final.csv
DQN,7460112,Toán ứng dụng,7460112,2024,https://github.com/HTNam1710/ADS_Final/blob/main/Data/diem_chuan_2024_final.csv
DQN,7480103,Kỹ thuật phần mềm,7480103,2024,https://github.com/HTNam1710/ADS_Final/blob/main/Data/diem_chuan_2024_final.csv
DQN,7480107,Trí tuệ nhân tạo,7480107,2024,https://github.com/HTNam1710/ADS_Final/blob/main/Data/diem_chuan_2024_final.csv
DQN,7480201,Công nghệ thông tin,7480201,2024,https://github.com/HTNam1710/ADS_Final/blob/main/Data/diem_chuan_2024_final.csv
DQN,7510205,Công nghệ kỹ thuật ô tô,7510205,2024,https://github.com/HTNam1710/ADS_Final/blob/main/Data/diem_chuan_2024_final.csv
DQN,7510401,Công nghệ kỹ thuật hóa học,7510401,2024,https://github.com/HTNam1710/ADS_Final/blob/main/Data/diem_chuan_2024_final.csv
DQN,7510605,Logistics và quản lý chuỗi cung ứng,7510605,2024,https://github.com/HTNam1710/ADS_Final/blob/main/Data/diem_chuan_2024_final.csv
DQN,7520201,Kỹ thuật điện,7520201,2024,https://github.com/HTNam1710/ADS_Final/blob/main/Data/diem_chuan_2024_final.csv
DQN,7520207,Kỹ thuật điện tử - viễn thông,7520207,2024,https://github.com/HTNam1710/ADS_Final/blob/main/Data/diem_chuan_2024_final.csv
DQN,7520216,Kỹ thuật điều khiển và Tự động hóa,7520216,2024,https://github.com/HTNam1710/ADS_Final/blob/main/Data/diem_chuan_2024_final.csv
DQN,7540101,Công nghệ thực phẩm,7540101,2024,https://github.com/HTNam1710/ADS_Final/blob/main/Data/diem_chuan_2024_final.csv
DQN,7580201,Kỹ thuật xây dựng,7580201,2024,https://github.com/HTNam1710/ADS_Final/blob/main/Data/diem_chuan_2024_final.csv
DQN,7620109,Nông học,7620109,2024,https://github.com/HTNam1710/ADS_Final/blob/main/Data/diem_chuan_2024_final.csv
DQN,7760101,Công tác xã hội,7760101,2024,https://github.com/HTNam1710/ADS_Final/blob/main/Data/diem_chuan_2024_final.csv
DQN,7810103,Quản trị dịch vụ du lịch và lữ hành,7810103,2024,https://github.com/HTNam1710/ADS_Final/blob/main/Data/diem_chuan_2024_final.csv
DQN,7810201,Quản trị khách sạn,7810201,2024,https://github.com/HTNam1710/ADS_Final/blob/main/Data/diem_chuan_2024_final.csv
DQN,7850101,Quản lý tài nguyên và môi trường,7850101,2024,https://github.com/HTNam1710/ADS_Final/blob/main/Data/diem_chuan_2024_final.csv
DQN,7850103,Quản lý đất đai,7850103,2024,https://github.com/HTNam1710/ADS_Final/blob/main/Data/diem_chuan_2024_final.csv
DHC,7140206,Giáo dục thể chất,7140206,2024,https://github.com/HTNam1710/ADS_Final/blob/main/Data/diem_chuan_2024_final.csv
GNT,7140221,Sư phạm Âm nhạc,7140221,2024,https://github.com/HTNam1710/ADS_Final/blob/main/Data/diem_chuan_2024_final.csv
GNT,7140222,Sư phạm Mỹ thuật,7140222,2024,https://github.com/HTNam1710/ADS_Final/blob/main/Data/diem_chuan_2024_final.csv
GNT,7210103,Hội họa,7210103,2024,https://github.com/HTNam1710/ADS_Final/blob/main/Data/diem_chuan_2024_final.csv
GNT,7210205,Thanh nhạc,7210205,2024,https://github.com/HTNam1710/ADS_Final/blob/main/Data/diem_chuan_2024_final.csv
GNT,7210208,Piano,7210208,2024,https://github.com/HTNam1710/ADS_Final/blob/main/Data/diem_chuan_2024_final.csv
GNT,7210234,Diễn viên Kịch - Điện ảnh liên thông,7210234,2024,https://github.com/HTNam1710/ADS_Final/blob/main/Data/diem_chuan_2024_final.csv
GNT,7210403,Thiết kế đồ họa,7210403,2024,https://github.com/HTNam1710/ADS_Final/blob/main/Data/diem_chuan_2024_final.csv
GNT,7210404,Thiết kế thời trang,7210404,2024,https://github.com/HTNam1710/ADS_Final/blob/main/Data/diem_chuan_2024_final.csv
GNT,7229042,Quản lý Văn hóa,7229042,2024,https://github.com/HTNam1710/ADS_Final/blob/main/Data/diem_chuan_2024_final.csv
GNT,7540204,Công nghệ may,7540204,2024,https://github.com/HTNam1710/ADS_Final/blob/main/Data/diem_chuan_2024_final.csv
GNT,7760101,Công tác xã hội,7760101,2024,https://github.com/HTNam1710/ADS_Final/blob/main/Data/diem_chuan_2024_final.csv
GNT,7810101,Du lịch,7810101,2024,https://github.com/HTNam1710/ADS_Final/blob/main/Data/diem_chuan_2024_final.csv
DDQ,7310101,Kinh tế,7310101,2024,https://github.com/HTNam1710/ADS_Final/blob/main/Data/diem_chuan_2024_final.csv
DDQ,7310107,Thống kê kinh tế,7310107,2024,https://github.com/HTNam1710/ADS_Final/blob/main/Data/diem_chuan_2024_final.csv
DDQ,7310205,Quản lý nhà nước,7310205,2024,https://github.com/HTNam1710/ADS_Final/blob/main/Data/diem_chuan_2024_final.csv
DDQ,7340101,Quản trị kinh doanh,7340101,2024,https://github.com/HTNam1710/ADS_Final/blob/main/Data/diem_chuan_2024_final.csv
DDQ,7340115,Marketing,7340115,2024,https://github.com/HTNam1710/ADS_Final/blob/main/Data/diem_chuan_2024_final.csv
DDQ,7340120,Kinh doanh quốc tế,7340120,2024,https://github.com/HTNam1710/ADS_Final/blob/main/Data/diem_chuan_2024_final.csv
DDQ,7340121,Kinh doanh thương mại,7340121,2024,https://github.com/HTNam1710/ADS_Final/blob/main/Data/diem_chuan_2024_final.csv
DDQ,7340122,Thương mại điện tử,7340122,2024,https://github.com/HTNam1710/ADS_Final/blob/main/Data/diem_chuan_2024_final.csv
DDQ,7340201,Tài chính ngân hàng,7340201,2024,https://github.com/HTNam1710/ADS_Final/blob/main/Data/diem_chuan_2024_final.csv
DDQ,7340205,Công nghệ tài chính,7340205,2024,https://github.com/HTNam1710/ADS_Final/blob/main/Data/diem_chuan_2024_final.csv
DDQ,7340301,Kế toán,7340301,2024,https://github.com/HTNam1710/ADS_Final/blob/main/Data/diem_chuan_2024_final.csv
DDQ,7340302,Kiểm toán,7340302,2024,https://github.com/HTNam1710/ADS_Final/blob/main/Data/diem_chuan_2024_final.csv
DDQ,7340404,Quản trị nhân lực,7340404,2024,https://github.com/HTNam1710/ADS_Final/blob/main/Data/diem_chuan_2024_final.csv
DDQ,7340405,Hệ thống thông tin quản lý,7340405,2024,https://github.com/HTNam1710/ADS_Final/blob/main/Data/diem_chuan_2024_final.csv
DDQ,7380101,Luật,7380101,2024,https://github.com/HTNam1710/ADS_Final/blob/main/Data/diem_chuan_2024_final.csv
DDQ,7380107,Luật kinh tế,7380107,2024,https://github.com/HTNam1710/ADS_Final/blob/main/Data/diem_chuan_2024_final.csv
DDQ,7460108,Khoa học dữ liệu,7460108,2024,https://github.com/HTNam1710/ADS_Final/blob/main/Data/diem_chuan_2024_final.csv
DDQ,7810103,Quản trị dịch vụ du lịch và lữ hành,7810103,2024,https://github.com/HTNam1710/ADS_Final/blob/main/Data/diem_chuan_2024_final.csv
DDQ,7810201,Quản trị khách sạn,7810201,2024,https://github.com/HTNam1710/ADS_Final/blob/main/Data/diem_chuan_2024_final.csv
VKU,7320106,Công nghệ truyền thông (cử nhân),7320106,2024,https://github.com/HTNam1710/ADS_Final/blob/main/Data/diem_chuan_2024_final.csv
VKU,7320106DA,Công nghệ truyền thông - Chuyên ngành Thiết kế Mỹ thuật số (cử nhân),7320106,2024,https://github.com/HTNam1710/ADS_Final/blob/main/Data/diem_chuan_2024_final.csv
VKU,7340101,Quản trị kinh doanh,7340101,2024,https://github.com/HTNam1710/ADS_Final/blob/main/Data/diem_chuan_2024_final.csv
VKU,7340101EF,Quản trị kinh doanh - Chuyên ngành Quản trị tài chính số,7340101,2024,https://github.com/HTNam1710/ADS_Final/blob/main/Data/diem_chuan_2024_final.csv
VKU,7340101EL,Quản trị kinh doanh - Chuyên ngành Quản trị Logistics và chuỗi cung ứng số,7340101,2024,https://github.com/HTNam1710/ADS_Final/blob/main/Data/diem_chuan_2024_final.csv
VKU,7340101ET,Quản trị kinh doanh - Chuyên ngành Quản trị dịch vụ du lịch và lữ hành số,7340101,2024,https://github.com/HTNam1710/ADS_Final/blob/main/Data/diem_chuan_2024_final.csv
VKU,7340101IM,Quản trị kinh doanh - Chuyên ngành Quản trị dự án Công nghệ thông tin,7340101,2024,https://github.com/HTNam1710/ADS_Final/blob/main/Data/diem_chuan_2024_final.csv
VKU,7340115,Marketing,7340115,2024,https://github.com/HTNam1710/ADS_Final/blob/main/Data/diem_chuan_2024_final.csv
VKU,7480107,Trí tuệ nhân tạo (kỹ sư),7480107,2024,https://github.com/HTNam1710/ADS_Final/blob/main/Data/diem_chuan_2024_final.csv
VKU,7480108,Công nghệ kỹ thuật máy tính (kỹ sư),7480108,2024,https://github.com/HTNam1710/ADS_Final/blob/main/Data/diem_chuan_2024_final.csv
VKU,7480108B,Công nghệ kỹ thuật máy tính (cử nhân),7480108,2024,https://github.com/HTNam1710/ADS_Final/blob/main/Data/diem_chuan_2024_final.csv
VKU,7480108IC,Công nghệ kỹ thuật máy tính - chuyên ngành Thiết kế vi mạch bán dẫn (kỹ sư),7480108,2024,https://github.com/HTNam1710/ADS_Final/blob/main/Data/diem_chuan_2024_final.csv
VKU,7480201,Công nghệ thông tin (kỹ sư),7480201,2024,https://github.com/HTNam1710/ADS_Final/blob/main/Data/diem_chuan_2024_final.csv
VKU,7480201B,Công nghệ thông tin (cử nhân),7480201,2024,https://github.com/HTNam1710/ADS_Final/blob/main/Data/diem_chuan_2024_final.csv
VKU,7480201DT,Công nghệ thông tin (cử nhân - Hựp tác doanh nghiệp),7480201,2024,https://github.com/HTNam1710/ADS_Final/blob/main/Data/diem_chuan_2024_final.csv
VKU,7480202,An toàn thông tin (kỹ sư),7480202,2024,https://github.com/HTNam1710/ADS_Final/blob/main/Data/diem_chuan_2024_final.csv
DTF,7140231,Sư phạm Tiếng Anh,7140231,2024,https://github.com/HTNam1710/ADS_Final/blob/main/Data/diem_chuan_2024_final.csv
DTF,7140234,Sư phạm Tiếng Trung Quốc,7140234,2024,https://github.com/HTNam1710/ADS_Final/blob/main/Data/diem_chuan_2024_final.csv
DTF,7220201,Ngôn ngữ Anh,7220201,2024,https://github.com/HTNam1710/ADS_Final/blob/main/Data/diem_chuan_2024_final.csv
DTF,7220203,Ngôn ngữ Pháp,7220203,2024,https://github.com/HTNam1710/ADS_Final/blob/main/Data/diem_chuan_2024_final.csv
DTF,7220204,Ngôn ngữ Trung Quốc,7220204,2024,https://github.com/HTNam1710/ADS_Final/blob/main/Data/diem_chuan_2024_final.csv
HLU,51140201,Giáo dục Mầm non,,2024,https://github.com/HTNam1710/ADS_Final/blob/main/Data/diem_chuan_2024_final.csv
HLU,7140201,Giáo dục Mầm non,7140201,2024,https://github.com/HTNam1710/ADS_Final/blob/main/Data/diem_chuan_2024_final.csv
HLU,7140202,Giáo dục Tiểu học,7140202,2024,https://github.com/HTNam1710/ADS_Final/blob/main/Data/diem_chuan_2024_final.csv
HLU,7140210,Sư phạm Tin học,7140210,2024,https://github.com/HTNam1710/ADS_Final/blob/main/Data/diem_chuan_2024_final.csv
HLU,7140217,Sư phạm Ngữ văn,7140217,2024,https://github.com/HTNam1710/ADS_Final/blob/main/Data/diem_chuan_2024_final.csv
HLU,7140231,Sư phạm Tiếng Anh,7140231,2024,https://github.com/HTNam1710/ADS_Final/blob/main/Data/diem_chuan_2024_final.csv
HLU,7140247,Sư phạm Khoa học tự nhiên,7140247,2024,https://github.com/HTNam1710/ADS_Final/blob/main/Data/diem_chuan_2024_final.csv
HLU,7210403,Thiết kế đồ hoạ,7210403,2024,https://github.com/HTNam1710/ADS_Final/blob/main/Data/diem_chuan_2024_final.csv
HLU,7220201,Ngôn ngữ Anh,7220201,2024,https://github.com/HTNam1710/ADS_Final/blob/main/Data/diem_chuan_2024_final.csv
HLU,7220204,Ngôn ngữ Trung Quốc,7220204,2024,https://github.com/HTNam1710/ADS_Final/blob/main/Data/diem_chuan_2024_final.csv
HLU,7220209,Ngôn ngữ Nhật,7220209,2024,https://github.com/HTNam1710/ADS_Final/blob/main/Data/diem_chuan_2024_final.csv
HLU,7220210,Ngôn ngữ Hàn Quốc,7220210,2024,https://github.com/HTNam1710/ADS_Final/blob/main/Data/diem_chuan_2024_final.csv
HLU,7229030,Văn học (CN Văn báo chí truyền thông),7229030,2024,https://github.com/HTNam1710/ADS_Final/blob/main/Data/diem_chuan_2024_final.csv
HLU,7229042,Quản lý văn hóa,7229042,2024,https://github.com/HTNam1710/ADS_Final/blob/main/Data/diem_chuan_2024_final.csv
HLU,7340101,Quản trị kinh doanh,7340101,2024,https://github.com/HTNam1710/ADS_Final/blob/main/Data/diem_chuan_2024_final.csv
HLU,7340301,Kế toán,7340301,2024,https://github.com/HTNam1710/ADS_Final/blob/main/Data/diem_chuan_2024_final.csv
HLU,7480101,Khoa học máy tính,7480101,2024,https://github.com/HTNam1710/ADS_Final/blob/main/Data/diem_chuan_2024_final.csv
HLU,7480201,Công nghệ thông tin,7480201,2024,https://github.com/HTNam1710/ADS_Final/blob/main/Data/diem_chuan_2024_final.csv
HLU,7620301,Nuôi trồng thủy sản,7620301,2024,https://github.com/HTNam1710/ADS_Final/blob/main/Data/diem_chuan_2024_final.csv
HLU,7810103,Quản trị dịch vụ du lịch và lữ hành,7810103,2024,https://github.com/HTNam1710/ADS_Final/blob/main/Data/diem_chuan_2024_final.csv
HLU,7810201,Quản trị khách sạn,7810201,2024,https://github.com/HTNam1710/ADS_Final/blob/main/Data/diem_chuan_2024_final.csv
HLU,7810202,Quản trị nhà hàng và dịch vụ ăn uống,7810202,2024,https://github.com/HTNam1710/ADS_Final/blob/main/Data/diem_chuan_2024_final.csv
HLU,7850101,Quản lý tài nguyên và môi trường,7850101,2024,https://github.com/HTNam1710/ADS_Final/blob/main/Data/diem_chuan_2024_final.csv
DKT,51140201,Giáo dục Mầm non (CĐ),,2024,https://github.com/HTNam1710/ADS_Final/blob/main/Data/diem_chuan_2024_final.csv
DKT,7140201,Giáo dục Mầm non (trình độ đại học),7140201,2024,https://github.com/HTNam1710/ADS_Final/blob/main/Data/diem_chuan_2024_final.csv
DKT,7140202,Giáo dục Tiểu học,7140202,2024,https://github.com/HTNam1710/ADS_Final/blob/main/Data/diem_chuan_2024_final.csv
DKT,7140205,Sư phạm Giáo dục Chính trị,7140205,2024,https://github.com/HTNam1710/ADS_Final/blob/main/Data/diem_chuan_2024_final.csv
DKT,7140209,Sư phạm Toán học,7140209,2024,https://github.com/HTNam1710/ADS_Final/blob/main/Data/diem_chuan_2024_final.csv
DKT,7140210,Sư phạm Tin học,7140210,2024,https://github.com/HTNam1710/ADS_Final/blob/main/Data/diem_chuan_2024_final.csv
DKT,7140217,Sư phạm Ngữ Văn,7140217,2024,https://github.com/HTNam1710/ADS_Final/blob/main/Data/diem_chuan_2024_final.csv
DKT,7140218,Sư phạm Lịch Sử,7140218,2024,https://github.com/HTNam1710/ADS_Final/blob/main/Data/diem_chuan_2024_final.csv
DKT,7140219,Sư phạm Địa lí,7140219,2024,https://github.com/HTNam1710/ADS_Final/blob/main/Data/diem_chuan_2024_final.csv
DKT,7140231,Sư phạm tiếng Anh,7140231,2024,https://github.com/HTNam1710/ADS_Final/blob/main/Data/diem_chuan_2024_final.csv
DKT,7140247,Sư phạm Khoa học tự nhiên,7140247,2024,https://github.com/HTNam1710/ADS_Final/blob/main/Data/diem_chuan_2024_final.csv
DKT,7220201,Ngôn ngữ Anh,7220201,2024,https://github.com/HTNam1710/ADS_Final/blob/main/Data/diem_chuan_2024_final.csv
DKT,7310101,Kinh tế,7310101,2024,https://github.com/HTNam1710/ADS_Final/blob/main/Data/diem_chuan_2024_final.csv
DKT,7340101,Quản trị kinh doanh,7340101,2024,https://github.com/HTNam1710/ADS_Final/blob/main/Data/diem_chuan_2024_final.csv
DKT,7340115,Marketing,7340115,2024,https://github.com/HTNam1710/ADS_Final/blob/main/Data/diem_chuan_2024_final.csv
DKT,7340201,Tài chính - Ngân hàng,7340201,2024,https://github.com/HTNam1710/ADS_Final/blob/main/Data/diem_chuan_2024_final.csv
DKT,7340301,Kế toán,7340301,2024,https://github.com/HTNam1710/ADS_Final/blob/main/Data/diem_chuan_2024_final.csv
DKT,7340406,Quản trị văn phòng,7340406,2024,https://github.com/HTNam1710/ADS_Final/blob/main/Data/diem_chuan_2024_final.csv
DKT,7480201,Công nghệ thông tin,7480201,2024,https://github.com/HTNam1710/ADS_Final/blob/main/Data/diem_chuan_2024_final.csv
DKT,7510302,Công nghệ kỹ thuật điện tử - viễn thông,7510302,2024,https://github.com/HTNam1710/ADS_Final/blob/main/Data/diem_chuan_2024_final.csv
DKT,7520201,Kỹ thuật điện,7520201,2024,https://github.com/HTNam1710/ADS_Final/blob/main/Data/diem_chuan_2024_final.csv
DKT,7760103,Hỗ trợ giáo dục người khuyết tật,7760103,2024,https://github.com/HTNam1710/ADS_Final/blob/main/Data/diem_chuan_2024_final.csv
DQB,7140201,Giáo dục Mầm non,7140201,2024,https://github.com/HTNam1710/ADS_Final/blob/main/Data/diem_chuan_2024_final.csv
DQB,7140202,Giáo dục Tiểu học,7140202,2024,https://github.com/HTNam1710/ADS_Final/blob/main/Data/diem_chuan_2024_final.csv
DQB,7140206,Giáo dục Thể chất,7140206,2024,https://github.com/HTNam1710/ADS_Final/blob/main/Data/diem_chuan_2024_final.csv
DQB,7140247,Sư phạm Khoa học tự nhiên,7140247,2024,https://github.com/HTNam1710/ADS_Final/blob/main/Data/diem_chuan_2024_final.csv
DQB,7140249,Sư phạm Lịch sử - Địa lý,7140249,2024,https://github.com/HTNam1710/ADS_Final/blob/main/Data/diem_chuan_2024_final.csv
DQB,7220201,Ngôn ngữ Anh,7220201,2024,https://github.com/HTNam1710/ADS_Final/blob/main/Data/diem_chuan_2024_final.csv
DQB,7220204,Ngôn ngữ Trung Quốc,7220204,2024,https://github.com/HTNam1710/ADS_Final/blob/main/Data/diem_chuan_2024_final.csv
DQB,7340101,Quản trị kinh doanh,7340101,2024,https://github.com/HTNam1710/ADS_Final/blob/main/Data/diem_chuan_2024_final.csv
DQB,7340301,Kế toán,7340301,2024,https://github.com/HTNam1710/ADS_Final/blob/main/Data/diem_chuan_2024_final.csv
DQB,7480201,Công nghệ thông tin,7480201,2024,https://github.com/HTNam1710/ADS_Final/blob/main/Data/diem_chuan_2024_final.csv
DQB,7620101,Nông nghiệp,7620101,2024,https://github.com/HTNam1710/ADS_Final/blob/main/Data/diem_chuan_2024_final.csv
DQB,7810103,Quản trị dịch vụ du lịch và lữ hành,7810103,2024,https://github.com/HTNam1710/ADS_Final/blob/main/Data/diem_chuan_2024_final.csv
DQB,7850101,Quản lý tài nguyên và môi trường,7850101,2024,https://github.com/HTNam1710/ADS_Final/blob/main/Data/diem_chuan_2024_final.csv
DPQ,51140201,Giáo dục Mầm non,,2024,https://github.com/HTNam1710/ADS_Final/blob/main/Data/diem_chuan_2024_final.csv
DPQ,7140202,Giáo dục Tiểu học,7140202,2024,https://github.com/HTNam1710/ADS_Final/blob/main/Data/diem_chuan_2024_final.csv
DPQ,7140209,Sư phạm Toán học,7140209,2024,https://github.com/HTNam1710/ADS_Final/blob/main/Data/diem_chuan_2024_final.csv
DPQ,7140210,Sư phạm Tin học,7140210,2024,https://github.com/HTNam1710/ADS_Final/blob/main/Data/diem_chuan_2024_final.csv
DPQ,7140211,Sư phạm Vật lý,7140211,2024,https://github.com/HTNam1710/ADS_Final/blob/main/Data/diem_chuan_2024_final.csv
DPQ,7140217,Sư phạm Ngữ văn,7140217,2024,https://github.com/HTNam1710/ADS_Final/blob/main/Data/diem_chuan_2024_final.csv
DPQ,7140231,Sư phạm Tiếng Anh,7140231,2024,https://github.com/HTNam1710/ADS_Final/blob/main/Data/diem_chuan_2024_final.csv
DPQ,7140247,Sư phạm Khoa học Tự nhiên,7140247,2024,https://github.com/HTNam1710/ADS_Final/blob/main/Data/diem_chuan_2024_final.csv
DPQ,7310105,Kinh tế phát triển,7310105,2024,https://github.com/HTNam1710/ADS_Final/blob/main/Data/diem_chuan_2024_final.csv
DPQ,7340101,Quản trị kinh doanh,7340101,2024,https://github.com/HTNam1710/ADS_Final/blob/main/Data/diem_chuan_2024_final.csv
DPQ,7340115,Marketing,7340115,2024,https://github.com/HTNam1710/ADS_Final/blob/main/Data/diem_chuan_2024_final.csv
DPQ,7480201,Công nghệ Thông tin,7480201,2024,https://github.com/HTNam1710/ADS_Final/blob/main/Data/diem_chuan_2024_final.csv
DPQ,7510201,Công nghệ kỹ thuật Cơ khí,7510201,2024,https://github.com/HTNam1710/ADS_Final/blob/main/Data/diem_chuan_2024_final.csv
DPQ,7520114,Kỹ thuật Cơ - Điện tử,7520114,2024,https://github.com/HTNam1710/ADS_Final/blob/main/Data/diem_chuan_2024_final.csv
HHT,7140202,Giáo dục Tiểu học,7140202,2024,https://github.com/HTNam1710/ADS_Final/blob/main/Data/diem_chuan_2024_final.csv
HHT,7220201,Ngôn ngữ Anh,7220201,2024,https://github.com/HTNam1710/ADS_Final/blob/main/Data/diem_chuan_2024_final.csv
HHT,7220204,Ngôn ngữ Trung Quốc,7220204,2024,https://github.com/HTNam1710/ADS_Final/blob/main/Data/diem_chuan_2024_final.csv
HHT,7310201,Chính trị học,7310201,2024,https://github.com/HTNam1710/ADS_Final/blob/main/Data/diem_chuan_2024_final.csv
HHT,7340101,Quản trị kinh doanh,7340101,2024,https://github.com/HTNam1710/ADS_Final/blob/main/Data/diem_chuan_2024_final.csv
HHT,7340201,Tài chính - Ngân hàng,7340201,2024,https://github.com/HTNam1710/ADS_Final/blob/main/Data/diem_chuan_2024_final.csv
HHT,7340301,Kế toán,7340301,2024,https://github.com/HTNam1710/ADS_Final/blob/main/Data/diem_chuan_2024_final.csv
HHT,7380101,Luật,7380101,2024,https://github.com/HTNam1710/ADS_Final/blob/main/Data/diem_chuan_2024_final.csv
HHT,7440301,Khoa học môi trường,7440301,2024,https://github.com/HTNam1710/ADS_Final/blob/main/Data/diem_chuan_2024_final.csv
HHT,7480201,Công nghệ thông tin,7480201,2024,https://github.com/HTNam1710/ADS_Final/blob/main/Data/diem_chuan_2024_final.csv
HHT,7580201,Kỹ thuật xây dựng,7580201,2024,https://github.com/HTNam1710/ADS_Final/blob/main/Data/diem_chuan_2024_final.csv
HHT,7620110,Khoa học cây trồng,7620110,2024,https://github.com/HTNam1710/ADS_Final/blob/main/Data/diem_chuan_2024_final.csv
HHT,7620115,Kinh tế nông nghiệp,7620115,2024,https://github.com/HTNam1710/ADS_Final/blob/main/Data/diem_chuan_2024_final.csv
HHT,7640101,Thú y,7640101,2024,https://github.com/HTNam1710/ADS_Final/blob/main/Data/diem_chuan_2024_final.csv
HHT,7810103,QTDV Du lịch và Lữ hành,7810103,2024,https://github.com/HTNam1710/ADS_Final/blob/main/Data/diem_chuan_2024_final.csv
DMT,7220201,Ngôn ngữ Anh,7220201,2024,https://github.com/HTNam1710/ADS_Final/blob/main/Data/diem_chuan_2024_final.csv
DMT,7340101,Quản trị kinh doanh,7340101,2024,https://github.com/HTNam1710/ADS_Final/blob/main/Data/diem_chuan_2024_final.csv
DMT,7340115,Marketing,7340115,2024,https://github.com/HTNam1710/ADS_Final/blob/main/Data/diem_chuan_2024_final.csv
DMT,7340116,Bất động sản,7340116,2024,https://github.com/HTNam1710/ADS_Final/blob/main/Data/diem_chuan_2024_final.csv
DMT,7340301,Kế toán,7340301,2024,https://github.com/HTNam1710/ADS_Final/blob/main/Data/diem_chuan_2024_final.csv
DMT,7340301PH,Kế toán,7340301,2024,https://github.com/HTNam1710/ADS_Final/blob/main/Data/diem_chuan_2024_final.csv
DMT,7380101,Luật,7380101,2024,https://github.com/HTNam1710/ADS_Final/blob/main/Data/diem_chuan_2024_final.csv
DMT,7420203,Sinh học ứng dụng,7420203,2024,https://github.com/HTNam1710/ADS_Final/blob/main/Data/diem_chuan_2024_final.csv
DMT,7440222,Khí tượng và Khí hậu học,7440222,2024,https://github.com/HTNam1710/ADS_Final/blob/main/Data/diem_chuan_2024_final.csv
DMT,7440224,Thủy văn học,7440224,2024,https://github.com/HTNam1710/ADS_Final/blob/main/Data/diem_chuan_2024_final.csv
DMT,7440298,Biến đổi khí hậu và Phát triển bền vững,7440298,2024,https://github.com/HTNam1710/ADS_Final/blob/main/Data/diem_chuan_2024_final.csv
DMT,7480201,Công nghệ thông tin,7480201,2024,https://github.com/HTNam1710/ADS_Final/blob/main/Data/diem_chuan_2024_final.csv
DMT,7480201PH,Công nghệ thông tin,7480201,2024,https://github.com/HTNam1710/ADS_Final/blob/main/Data/diem_chuan_2024_final.csv
DMT,7510406,Công nghệ kỹ thuật môi trường,7510406,2024,https://github.com/HTNam1710/ADS_Final/blob/main/Data/diem_chuan_2024_final.csv
DMT,7510605,Logistics và Quản lý chuỗi cung ứng,7510605,2024,https://github.com/HTNam1710/ADS_Final/blob/main/Data/diem_chuan_2024_final.csv
DMT,7520501,Kỹ thuật địa chất,7520501,2024,https://github.com/HTNam1710/ADS_Final/blob/main/Data/diem_chuan_2024_final.csv
DMT,7520503,Kỹ thuật Trắc địa - Bản đồ,7520503,2024,https://github.com/HTNam1710/ADS_Final/blob/main/Data/diem_chuan_2024_final.csv
DMT,7520503PH,Kỹ thuật Trắc địa -Bản đồ,7520503,2024,https://github.com/HTNam1710/ADS_Final/blob/main/Data/diem_chuan_2024_final.csv
DMT,7540106,Đảm bảo chất lượng và An toàn thực phẩm,7540106,2024,https://github.com/HTNam1710/ADS_Final/blob/main/Data/diem_chuan_2024_final.csv
DMT,75I0406PH,Công nghệ kỹ thuật môi trường,,2024,https://github.com/HTNam1710/ADS_Final/blob/main/Data/diem_chuan_2024_final.csv
DMT,7810103,Quản trị dịch vụ du lịch và Lữ hành,7810103,2024,https://github.com/HTNam1710/ADS_Final/blob/main/Data/diem_chuan_2024_final.csv
DMT,7810103PH,Quản trị dịch vụ du lịch và Lữ hành,7810103,2024,https://github.com/HTNam1710/ADS_Final/blob/main/Data/diem_chuan_2024_final.csv
DMT,7810201,Quản trị khách sạn,7810201,2024,https://github.com/HTNam1710/ADS_Final/blob/main/Data/diem_chuan_2024_final.csv
DMT,7850101,Quản lý tài nguyên và Môi trường,7850101,2024,https://github.com/HTNam1710/ADS_Final/blob/main/Data/diem_chuan_2024_final.csv
DMT,7850101PH,Quản lý tài nguyên và Môi trường,7850101,2024,https://github.com/HTNam1710/ADS_Final/blob/main/Data/diem_chuan_2024_final.csv
DMT,7850102,Kinh tế Tài nguyên thiên nhiên,7850102,2024,https://github.com/HTNam1710/ADS_Final/blob/main/Data/diem_chuan_2024_final.csv
DMT,7850103,Quản lý đất đai,7850103,2024,https://github.com/HTNam1710/ADS_Final/blob/main/Data/diem_chuan_2024_final.csv
DMT,7850103PH,Quản lý đất đai,7850103,2024,https://github.com/HTNam1710/ADS_Final/blob/main/Data/diem_chuan_2024_final.csv
DMT,7850198,Quản lý tài nguyên nước,7850198,2024,https://github.com/HTNam1710/ADS_Final/blob/main/Data/diem_chuan_2024_final.csv
DMT,7850199,Quản lý biển,7850199,2024,https://github.com/HTNam1710/ADS_Final/blob/main/Data/diem_chuan_2024_final.csv
HCS,7310101,Kinh tế,7310101,2024,https://github.com/HTNam1710/ADS_Final/blob/main/Data/diem_chuan_2024_final.csv
HCS,7310205,Quản lý nhà nước,7310205,2024,https://github.com/HTNam1710/ADS_Final/blob/main/Data/diem_chuan_2024_final.csv
HCS,7320303,Lưu trữ học,7320303,2024,https://github.com/HTNam1710/ADS_Final/blob/main/Data/diem_chuan_2024_final.csv
HCS,7340406,Quản trị văn phòng,7340406,2024,https://github.com/HTNam1710/ADS_Final/blob/main/Data/diem_chuan_2024_final.csv
HCS,7380101,Luật,7380101,2024,https://github.com/HTNam1710/ADS_Final/blob/main/Data/diem_chuan_2024_final.csv
NHS,7220201,Ngôn ngữ Anh,7220201,2024,https://github.com/HTNam1710/ADS_Final/blob/main/Data/diem_chuan_2024_final.csv
NHS,7220201_DB,Ngôn ngữ Anh (Đặc biệt),7220201,2024,https://github.com/HTNam1710/ADS_Final/blob/main/Data/diem_chuan_2024_final.csv
NHS,7310106,Kinh tế quốc tế,7310106,2024,https://github.com/HTNam1710/ADS_Final/blob/main/Data/diem_chuan_2024_final.csv
NHS,7340002,Quốc tế cấp song bằng ngành Quản trị kinh doanh,7340002,2024,https://github.com/HTNam1710/ADS_Final/blob/main/Data/diem_chuan_2024_final.csv
NHS,7340101,Quản trị kinh doanh,7340101,2024,https://github.com/HTNam1710/ADS_Final/blob/main/Data/diem_chuan_2024_final.csv
NHS,7340101_TABP,Quản trị kinh doanh (Tiếng Anh bán phần),7340101,2024,https://github.com/HTNam1710/ADS_Final/blob/main/Data/diem_chuan_2024_final.csv
NHS,7340115,Marketing,7340115,2024,https://github.com/HTNam1710/ADS_Final/blob/main/Data/diem_chuan_2024_final.csv
NHS,7340120,Kinh doanh quốc tế,7340120,2024,https://github.com/HTNam1710/ADS_Final/blob/main/Data/diem_chuan_2024_final.csv
NHS,7340201,Tài chính ngân hàng,7340201,2024,https://github.com/HTNam1710/ADS_Final/blob/main/Data/diem_chuan_2024_final.csv
NHS,7340201_TABP,Tài chính ngân hàng (Tiếng Anh bán phần),7340201,2024,https://github.com/HTNam1710/ADS_Final/blob/main/Data/diem_chuan_2024_final.csv
NHS,7340205,Công nghệ tài chính,7340205,2024,https://github.com/HTNam1710/ADS_Final/blob/main/Data/diem_chuan_2024_final.csv
NHS,7340301,Kế toán,7340301,2024,https://github.com/HTNam1710/ADS_Final/blob/main/Data/diem_chuan_2024_final.csv
NHS,7340301_TABP,Kế Toán (Tiếng Anh bán phần),7340301,2024,https://github.com/HTNam1710/ADS_Final/blob/main/Data/diem_chuan_2024_final.csv
NHS,7340405,Hệ thống thông tin quản lý,7340405,2024,https://github.com/HTNam1710/ADS_Final/blob/main/Data/diem_chuan_2024_final.csv
NHS,7340405_TABP,Hệ thống thông tin quản lý (Tiếng Anh bán phần),7340405,2024,https://github.com/HTNam1710/ADS_Final/blob/main/Data/diem_chuan_2024_final.csv
NHS,7380107,Luật kinh tế,7380107,2024,https://github.com/HTNam1710/ADS_Final/blob/main/Data/diem_chuan_2024_final.csv
NHS,746108,Khoa học dữ liệu,,2024,https://github.com/HTNam1710/ADS_Final/blob/main/Data/diem_chuan_2024_final.csv
NHS,7510605,Logistics và quản lý chuỗi cung ứng,7510605,2024,https://github.com/HTNam1710/ADS_Final/blob/main/Data/diem_chuan_2024_final.csv
DLX,7220201,Ngôn ngữ Anh,7220201,2024,https://github.com/HTNam1710/ADS_Final/blob/main/Data/diem_chuan_2024_final.csv
DLX,7310101,Kinh tế,7310101,2024,https://github.com/HTNam1710/ADS_Final/blob/main/Data/diem_chuan_2024_final.csv
DLX,7310401,Tâm lý học,7310401,2024,https://github.com/HTNam1710/ADS_Final/blob/main/Data/diem_chuan_2024_final.csv
DLX,7340101,Quản trị kinh doanh,7340101,2024,https://github.com/HTNam1710/ADS_Final/blob/main/Data/diem_chuan_2024_final.csv
DLX,7340201,Tài chính - Ngân hàng,7340201,2024,https://github.com/HTNam1710/ADS_Final/blob/main/Data/diem_chuan_2024_final.csv
DLX,7340204,Bảo hiểm,7340204,2024,https://github.com/HTNam1710/ADS_Final/blob/main/Data/diem_chuan_2024_final.csv
DLX,7340207,Bảo hiểm - Tài chính,7340207,2024,https://github.com/HTNam1710/ADS_Final/blob/main/Data/diem_chuan_2024_final.csv
DLX,7340301,Kế toán,7340301,2024,https://github.com/HTNam1710/ADS_Final/blob/main/Data/diem_chuan_2024_final.csv
DLX,7340302,Kiểm toán,7340302,2024,https://github.com/HTNam1710/ADS_Final/blob/main/Data/diem_chuan_2024_final.csv
DLX,7340404,Quản trị nhân lực,7340404,2024,https://github.com/HTNam1710/ADS_Final/blob/main/Data/diem_chuan_2024_final.csv
DLX,7340405,Hệ thống thông tin quản lý,7340405,2024,https://github.com/HTNam1710/ADS_Final/blob/main/Data/diem_chuan_2024_final.csv
DLX,7380107,Luật kinh tế,7380107,2024,https://github.com/HTNam1710/ADS_Final/blob/main/Data/diem_chuan_2024_final.csv
DLX,7480201,Công nghệ thông tin,7480201,2024,https://github.com/HTNam1710/ADS_Final/blob/main/Data/diem_chuan_2024_final.csv
DLX,7760101,Công tác xã hội,7760101,2024,https://github.com/HTNam1710/ADS_Final/blob/main/Data/diem_chuan_2024_final.csv
DLX,7810103,Quản trị dịch vụ du lịch và lữ hành,7810103,2024,https://github.com/HTNam1710/ADS_Final/blob/main/Data/diem_chuan_2024_final.csv
DBL,51140201,Cao đẳng giáo dục Mầm non,,2024,https://github.com/HTNam1710/ADS_Final/blob/main/Data/diem_chuan_2024_final.csv
DBL,7140202,Giáo dục tiểu học,7140202,2024,https://github.com/HTNam1710/ADS_Final/blob/main/Data/diem_chuan_2024_final.csv
DBL,7220101,Tiếng việt và văn hóa Việt Nam,7220101,2024,https://github.com/HTNam1710/ADS_Final/blob/main/Data/diem_chuan_2024_final.csv
DBL,7220201,Ngôn ngữ Anh,7220201,2024,https://github.com/HTNam1710/ADS_Final/blob/main/Data/diem_chuan_2024_final.csv
DBL,7340101,Quản trị kinh doanh,7340101,2024,https://github.com/HTNam1710/ADS_Final/blob/main/Data/diem_chuan_2024_final.csv
DBL,7340201,Tài chính - ngân hàng,7340201,2024,https://github.com/HTNam1710/ADS_Final/blob/main/Data/diem_chuan_2024_final.csv
DBL,7340301,Kế toán,7340301,2024,https://github.com/HTNam1710/ADS_Final/blob/main/Data/diem_chuan_2024_final.csv
DBL,7440301,Khoa học môi trường,7440301,2024,https://github.com/HTNam1710/ADS_Final/blob/main/Data/diem_chuan_2024_final.csv
DBL,7480201,Công nghệ thông tin,7480201,2024,https://github.com/HTNam1710/ADS_Final/blob/main/Data/diem_chuan_2024_final.csv
DBL,7620105,Chăn nuôi,7620105,2024,https://github.com/HTNam1710/ADS_Final/blob/main/Data/diem_chuan_2024_final.csv
DBL,7620112,Bảo vệ thực vật,7620112,2024,https://github.com/HTNam1710/ADS_Final/blob/main/Data/diem_chuan_2024_final.csv
DBL,7620301,Nuôi trồng thủy sản,7620301,2024,https://github.com/HTNam1710/ADS_Final/blob/main/Data/diem_chuan_2024_final.csv
DQU,7140201,Giáo dục Mầm non,7140201,2024,https://github.com/HTNam1710/ADS_Final/blob/main/Data/diem_chuan_2024_final.csv
DQU,7140202,Giáo dục Tiểu học,7140202,2024,https://github.com/HTNam1710/ADS_Final/blob/main/Data/diem_chuan_2024_final.csv
DQU,7140209,Sư phạm Toán,7140209,2024,https://github.com/HTNam1710/ADS_Final/blob/main/Data/diem_chuan_2024_final.csv
DQU,7140211,Sư phạm Vật lý,7140211,2024,https://github.com/HTNam1710/ADS_Final/blob/main/Data/diem_chuan_2024_final.csv
DQU,7140213,Sư phạm Sinh,7140213,2024,https://github.com/HTNam1710/ADS_Final/blob/main/Data/diem_chuan_2024_final.csv
DQU,7140217,Sư phạm Ngữ văn,7140217,2024,https://github.com/HTNam1710/ADS_Final/blob/main/Data/diem_chuan_2024_final.csv
DQU,7140231,Sư phạm Tiếng Anh,7140231,2024,https://github.com/HTNam1710/ADS_Final/blob/main/Data/diem_chuan_2024_final.csv
DQU,7220201,Ngôn ngữ Anh,7220201,2024,https://github.com/HTNam1710/ADS_Final/blob/main/Data/diem_chuan_2024_final.csv
DQU,7229010,Lịch sử,7229010,2024,https://github.com/HTNam1710/ADS_Final/blob/main/Data/diem_chuan_2024_final.csv
DQU,7310630,Việt Nam học (Văn hóa - Du lịch),7310630,2024,https://github.com/HTNam1710/ADS_Final/blob/main/Data/diem_chuan_2024_final.csv
DQU,7340101,Quản trị Kinh doanh,7340101,2024,https://github.com/HTNam1710/ADS_Final/blob/main/Data/diem_chuan_2024_final.csv
DQU,7480201,Công nghệ Thông tin,7480201,2024,https://github.com/HTNam1710/ADS_Final/blob/main/Data/diem_chuan_2024_final.csv
DQU,7620112,Bảo vệ thực vật,7620112,2024,https://github.com/HTNam1710/ADS_Final/blob/main/Data/diem_chuan_2024_final.csv
DLS,7220201,Ngôn ngữ Anh,7220201,2024,https://github.com/HTNam1710/ADS_Final/blob/main/Data/diem_chuan_2024_final.csv
DLS,7310101,Kinh tế,7310101,2024,https://github.com/HTNam1710/ADS_Final/blob/main/Data/diem_chuan_2024_final.csv
DLS,7310401,Tâm lý học,7310401,2024,https://github.com/HTNam1710/ADS_Final/blob/main/Data/diem_chuan_2024_final.csv
DLS,7340101,Quản trị kinh doanh,7340101,2024,https://github.com/HTNam1710/ADS_Final/blob/main/Data/diem_chuan_2024_final.csv
DLS,7340201,Tài chính - Ngân hàng,7340201,2024,https://github.com/HTNam1710/ADS_Final/blob/main/Data/diem_chuan_2024_final.csv
DLS,7340207,Bảo hiểm - Tài chính,7340207,2024,https://github.com/HTNam1710/ADS_Final/blob/main/Data/diem_chuan_2024_final.csv
DLS,7340301,Kế toán,7340301,2024,https://github.com/HTNam1710/ADS_Final/blob/main/Data/diem_chuan_2024_final.csv
DLS,7340404,Quản trị nhân lực,7340404,2024,https://github.com/HTNam1710/ADS_Final/blob/main/Data/diem_chuan_2024_final.csv
DLS,7340405,Hệ thống thông tin quản lý,7340405,2024,https://github.com/HTNam1710/ADS_Final/blob/main/Data/diem_chuan_2024_final.csv
DLS,7380107,Luật kinh tế,7380107,2024,https://github.com/HTNam1710/ADS_Final/blob/main/Data/diem_chuan_2024_final.csv
DLS,7760101,Công tác xã hội,7760101,2024,https://github.com/HTNam1710/ADS_Final/blob/main/Data/diem_chuan_2024_final.csv
DPY,7140201,Giáo dục Mầm non,7140201,2024,https://github.com/HTNam1710/ADS_Final/blob/main/Data/diem_chuan_2024_final.csv
DPY,7140202,Giáo dục Tiểu học,7140202,2024,https://github.com/HTNam1710/ADS_Final/blob/main/Data/diem_chuan_2024_final.csv
DPY,7140209,Sư phạm Toán học,7140209,2024,https://github.com/HTNam1710/ADS_Final/blob/main/Data/diem_chuan_2024_final.csv
DPY,7140217,Sư phạm Ngữ văn,7140217,2024,https://github.com/HTNam1710/ADS_Final/blob/main/Data/diem_chuan_2024_final.csv
DPY,7140247,Sư phạm Khoa học tự nhiên,7140247,2024,https://github.com/HTNam1710/ADS_Final/blob/main/Data/diem_chuan_2024_final.csv
DDP,7140201,Giáo dục mầm non,7140201,2024,https://github.com/HTNam1710/ADS_Final/blob/main/Data/diem_chuan_2024_final.csv
DDP,7140202,Giáo dục tiểu học,7140202,2024,https://github.com/HTNam1710/ADS_Final/blob/main/Data/diem_chuan_2024_final.csv
DDP,7310205,Quản lý nhà nước,7310205,2024,https://github.com/HTNam1710/ADS_Final/blob/main/Data/diem_chuan_2024_final.csv
DDP,7340101,Quản trị kinh doanh,7340101,2024,https://github.com/HTNam1710/ADS_Final/blob/main/Data/diem_chuan_2024_final.csv
DDP,7340301,Kế toán,7340301,2024,https://github.com/HTNam1710/ADS_Final/blob/main/Data/diem_chuan_2024_final.csv
DDP,7380107,Luật kinh tế,7380107,2024,https://github.com/HTNam1710/ADS_Final/blob/main/Data/diem_chuan_2024_final.csv
DDP,7480201,Công nghệ thông tin,7480201,2024,https://github.com/HTNam1710/ADS_Final/blob/main/Data/diem_chuan_2024_final.csv
TDH,7140208,Giáo dục Quốc phòng và An ninh,7140208,2024,https://github.com/HTNam1710/ADS_Final/blob/main/Data/diem_chuan_2024_final.csv
KCC,7220201,Ngôn ngữ Anh,7220201,2024,https://github.com/HTNam1710/ADS_Final/blob/main/Data/diem_chuan_2024_final.csv
KCC,7340101,Quản trị kinh doanh,7340101,2024,https://github.com/HTNam1710/ADS_Final/blob/main/Data/diem_chuan_2024_final.csv
KCC,7340201,Tài chính - Ngân hàng,7340201,2024,https://github.com/HTNam1710/ADS_Final/blob/main/Data/diem_chuan_2024_final.csv
KCC,7340301,Kế toán,7340301,2024,https://github.com/HTNam1710/ADS_Final/blob/main/Data/diem_chuan_2024_final.csv
KCC,7380101,Luật,7380101,2024,https://github.com/HTNam1710/ADS_Final/blob/main/Data/diem_chuan_2024_final.csv
KCC,7420201,Công nghệ sinh học,7420201,2024,https://github.com/HTNam1710/ADS_Final/blob/main/Data/diem_chuan_2024_final.csv
KCC,7460108,Khoa học dữ liệu,7460108,2024,https://github.com/HTNam1710/ADS_Final/blob/main/Data/diem_chuan_2024_final.csv
KCC,7480101,Khoa học máy tính,7480101,2024,https://github.com/HTNam1710/ADS_Final/blob/main/Data/diem_chuan_2024_final.csv
KCC,7480103,Kỹ thuật phần mềm,7480103,2024,https://github.com/HTNam1710/ADS_Final/blob/main/Data/diem_chuan_2024_final.csv
KCC,7480104,Hệ thống thông tin,7480104,2024,https://github.com/HTNam1710/ADS_Final/blob/main/Data/diem_chuan_2024_final.csv
KCC,7480201,Công nghệ thông tin,7480201,2024,https://github.com/HTNam1710/ADS_Final/blob/main/Data/diem_chuan_2024_final.csv
KCC,7510102,Công nghệ kỹ thuật công trình xây dựng,7510102,2024,https://github.com/HTNam1710/ADS_Final/blob/main/Data/diem_chuan_2024_final.csv
KCC,7510203,Công nghệ kỳ thuật cơ điện tử,7510203,2024,https://github.com/HTNam1710/ADS_Final/blob/main/Data/diem_chuan_2024_final.csv
KCC,7510301,"Công nghệ kỹ thuật điện, điện tử",7510301,2024,https://github.com/HTNam1710/ADS_Final/blob/main/Data/diem_chuan_2024_final.csv
KCC,7510303,Công nghệ kỹ thuật điều khiển và tự động hóa,7510303,2024,https://github.com/HTNam1710/ADS_Final/blob/main/Data/diem_chuan_2024_final.csv
KCC,7510401,Công nghệ kỹ thuật hóa học,7510401,2024,https://github.com/HTNam1710/ADS_Final/blob/main/Data/diem_chuan_2024_final.csv
KCC,7510403,Công nghệ kỹ thuật năng lượng,7510403,2024,https://github.com/HTNam1710/ADS_Final/blob/main/Data/diem_chuan_2024_final.csv
KCC,7510601,Quản lý công nghiệp,7510601,2024,https://github.com/HTNam1710/ADS_Final/blob/main/Data/diem_chuan_2024_final.csv
KCC,7510605,Logistics và quản lý chuỗi cung ứng,7510605,2024,https://github.com/HTNam1710/ADS_Final/blob/main/Data/diem_chuan_2024_final.csv
KCC,7520118,Kỹ thuật hệ thống công nghiệp,7520118,2024,https://github.com/HTNam1710/ADS_Final/blob/main/Data/diem_chuan_2024_final.csv
KCC,7540101,Công nghệ thực phẩm,7540101,2024,https://github.com/HTNam1710/ADS_Final/blob/main/Data/diem_chuan_2024_final.csv
KCC,7580302,Quản lý xây dựng,7580302,2024,https://github.com/HTNam1710/ADS_Final/blob/main/Data/diem_chuan_2024_final.csv
QHQ,QHQ01,Kinh doanh quốc tế,,2024,https://github.com/HTNam1710/ADS_Final/blob/main/Data/diem_chuan_2024_final.csv
QHQ,QHQ02,"Kế toán, Phân tích và Kiểm toán",,2024,https://github.com/HTNam1710/ADS_Final/blob/main/Data/diem_chuan_2024_final.csv
QHQ,QHQ03,Hệ thống thông tin quản lý,,2024,https://github.com/HTNam1710/ADS_Final/blob/main/Data/diem_chuan_2024_final.csv
QHQ,QHQ04,Tin học và Kỹ thuật máy tính,,2024,https://github.com/HTNam1710/ADS_Final/blob/main/Data/diem_chuan_2024_final.csv
QHQ,QHQ05,Phân tích dữ liệu kinh doanh,,2024,https://github.com/HTNam1710/ADS_Final/blob/main/Data/diem_chuan_2024_final.csv
QHQ,QHQ06,"Marketing (song bằng VNU-HELP, Malaysia)",,2024,https://github.com/HTNam1710/ADS_Final/blob/main/Data/diem_chuan_2024_final.csv
QHQ,QHQ08,Tự động hóa và Tin học (Kỹ sư),,2024,https://github.com/HTNam1710/ADS_Final/blob/main/Data/diem_chuan_2024_final.csv
QHQ,QHQ09,Ngôn ngữ Anh,,2024,https://github.com/HTNam1710/ADS_Final/blob/main/Data/diem_chuan_2024_final.csv
QHQ,QHQ10,Công nghệ thông tin ứng dụng,,2024,https://github.com/HTNam1710/ADS_Final/blob/main/Data/diem_chuan_2024_final.csv
QHQ,QHQ11,Công nghệ tài chính và kinh doanh số,,2024,https://github.com/HTNam1710/ADS_Final/blob/main/Data/diem_chuan_2024_final.csv
QHQ,QHQ12,Kỹ thuật hệ thống công nghiệp và Logistics,,2024,https://github.com/HTNam1710/ADS_Final/blob/main/Data/diem_chuan_2024_final.csv
KCN,7420201,Công nghệ Sinh học – Phát triển thuốc,7420201,2024,https://github.com/HTNam1710/ADS_Final/blob/main/Data/diem_chuan_2024_final.csv
KCN,7440112,Hóa học,7440112,2024,https://github.com/HTNam1710/ADS_Final/blob/main/Data/diem_chuan_2024_final.csv
KCN,7440122,Khoa học Vật liệu tiên tiến và Công nghệ Nano,7440122,2024,https://github.com/HTNam1710/ADS_Final/blob/main/Data/diem_chuan_2024_final.csv
KCN,7440301,Khoa học Môi trường ứng dụng,7440301,2024,https://github.com/HTNam1710/ADS_Final/blob/main/Data/diem_chuan_2024_final.csv
KCN,7460108,Khoa học dữ liệu,7460108,2024,https://github.com/HTNam1710/ADS_Final/blob/main/Data/diem_chuan_2024_final.csv
KCN,7460112,Toán ứng dụng,7460112,2024,https://github.com/HTNam1710/ADS_Final/blob/main/Data/diem_chuan_2024_final.csv
KCN,7480201,Công nghệ thông tin – Truyền thông,7480201,2024,https://github.com/HTNam1710/ADS_Final/blob/main/Data/diem_chuan_2024_final.csv
KCN,7480202,An toàn thông tin,7480202,2024,https://github.com/HTNam1710/ADS_Final/blob/main/Data/diem_chuan_2024_final.csv
KCN,7510203,Công nghệ Kỹ thuật Cơ điện tử,7510203,2024,https://github.com/HTNam1710/ADS_Final/blob/main/Data/diem_chuan_2024_final.csv
KCN,7520121,Khoa học Vũ trụ và Công nghệ Vệ tinh,7520121,2024,https://github.com/HTNam1710/ADS_Final/blob/main/Data/diem_chuan_2024_final.csv
KCN,7520130,Kỹ thuật ô tô,7520130,2024,https://github.com/HTNam1710/ADS_Final/blob/main/Data/diem_chuan_2024_final.csv
KCN,7520201,Kỹ thuật điện và Năng lượng tái tạo,7520201,2024,https://github.com/HTNam1710/ADS_Final/blob/main/Data/diem_chuan_2024_final.csv
KCN,7520401,Công nghệ vi mạch bán dẫn,7520401,2024,https://github.com/HTNam1710/ADS_Final/blob/main/Data/diem_chuan_2024_final.csv
KCN,7540101,Khoa học và Công nghệ thực phẩm,7540101,2024,https://github.com/HTNam1710/ADS_Final/blob/main/Data/diem_chuan_2024_final.csv
KCN,7720201,Dược học,7720201,2024,https://github.com/HTNam1710/ADS_Final/blob/main/Data/diem_chuan_2024_final.csv
KCN,7720601,Khoa học và Công nghệ y khoa,7720601,2024,https://github.com/HTNam1710/ADS_Final/blob/main/Data/diem_chuan_2024_final.csv
DCV,7340301,Kế toán,7340301,2024,https://github.com/HTNam1710/ADS_Final/blob/main/Data/diem_chuan_2024_final.csv
DCV,7480201,Công nghệ thông tin,7480201,2024,https://github.com/HTNam1710/ADS_Final/blob/main/Data/diem_chuan_2024_final.csv
DCV,7510301,Công nghệ kỹ thuật Điện - Điện tử,7510301,2024,https://github.com/HTNam1710/ADS_Final/blob/main/Data/diem_chuan_2024_final.csv
DCV,7510303,Công nghệ kỹ thuật Điều khiển và Tự động hóa,7510303,2024,https://github.com/HTNam1710/ADS_Final/blob/main/Data/diem_chuan_2024_final.csv
DCV,7810103,Quản trị dịch vụ du lịch và lữ hành,7810103,2024,https://github.com/HTNam1710/ADS_Final/blob/main/Data/diem_chuan_2024_final.csv
DCV,7810201,Quản trị khách sạn,7810201,2024,https://github.com/HTNam1710/ADS_Final/blob/main/Data/diem_chuan_2024_final.csv
DVT,7210201,Âm nhạc học,7210201,2024,https://github.com/HTNam1710/ADS_Final/blob/main/Data/diem_chuan_2024_final.csv
DVT,7210210,Biểu diễn nhạc cụ truyền thống,7210210,2024,https://github.com/HTNam1710/ADS_Final/blob/main/Data/diem_chuan_2024_final.csv
DVT,7220106,Ngôn ngữ Khmer,7220106,2024,https://github.com/HTNam1710/ADS_Final/blob/main/Data/diem_chuan_2024_final.csv
DVT,7220201,Ngôn ngữ Anh,7220201,2024,https://github.com/HTNam1710/ADS_Final/blob/main/Data/diem_chuan_2024_final.csv
DVT,7220204,Ngôn ngữ Trung Quốc,7220204,2024,https://github.com/HTNam1710/ADS_Final/blob/main/Data/diem_chuan_2024_final.csv
DVT,7229040,Văn hoá học,7229040,2024,https://github.com/HTNam1710/ADS_Final/blob/main/Data/diem_chuan_2024_final.csv
DVT,7310101,Kinh tế,7310101,2024,https://github.com/HTNam1710/ADS_Final/blob/main/Data/diem_chuan_2024_final.csv
DVT,7310201,Chính trị học,7310201,2024,https://github.com/HTNam1710/ADS_Final/blob/main/Data/diem_chuan_2024_final.csv
DVT,7310205,Quản lý nhà nước,7310205,2024,https://github.com/HTNam1710/ADS_Final/blob/main/Data/diem_chuan_2024_final.csv
DVT,7340101,Quản trị kinh doanh,7340101,2024,https://github.com/HTNam1710/ADS_Final/blob/main/Data/diem_chuan_2024_final.csv
DVT,7340122,Thương mại điện tử,7340122,2024,https://github.com/HTNam1710/ADS_Final/blob/main/Data/diem_chuan_2024_final.csv
DVT,7340201,Tài chính - Ngân hàng,7340201,2024,https://github.com/HTNam1710/ADS_Final/blob/main/Data/diem_chuan_2024_final.csv
DVT,7340301,Kế toán,7340301,2024,https://github.com/HTNam1710/ADS_Final/blob/main/Data/diem_chuan_2024_final.csv
DVT,7340406,Quản trị văn phòng,7340406,2024,https://github.com/HTNam1710/ADS_Final/blob/main/Data/diem_chuan_2024_final.csv
DVT,7380101,"Luật (Luật dân sự, Luật thương mại và Luật hình sự)",7380101,2024,https://github.com/HTNam1710/ADS_Final/blob/main/Data/diem_chuan_2024_final.csv
DVT,7420201,Công nghệ sinh học,7420201,2024,https://github.com/HTNam1710/ADS_Final/blob/main/Data/diem_chuan_2024_final.csv
DVT,7480107,Trí tuệ nhân tạo,7480107,2024,https://github.com/HTNam1710/ADS_Final/blob/main/Data/diem_chuan_2024_final.csv
DVT,7480201,Công nghệ thông tin,7480201,2024,https://github.com/HTNam1710/ADS_Final/blob/main/Data/diem_chuan_2024_final.csv
DVT,7510102,Công nghệ kỹ thuật công trình xây dựng,7510102,2024,https://github.com/HTNam1710/ADS_Final/blob/main/Data/diem_chuan_2024_final.csv
DVT,7510201,Công nghệ kỹ thuật cơ khí,7510201,2024,https://github.com/HTNam1710/ADS_Final/blob/main/Data/diem_chuan_2024_final.csv
DVT,7510205,Công nghệ kỹ thuật ô tô,7510205,2024,https://github.com/HTNam1710/ADS_Final/blob/main/Data/diem_chuan_2024_final.csv
DVT,7510301,"Công nghệ kỹ thuật điện, điện tử (Hệ thống điện, Điện công nghiệp)",7510301,2024,https://github.com/HTNam1710/ADS_Final/blob/main/Data/diem_chuan_2024_final.csv
DVT,7510303,Công nghệ kỹ thuật điều khiển và tự động hoá,7510303,2024,https://github.com/HTNam1710/ADS_Final/blob/main/Data/diem_chuan_2024_final.csv
DVT,7510401,Công nghệ kỹ thuật hóa học,7510401,2024,https://github.com/HTNam1710/ADS_Final/blob/main/Data/diem_chuan_2024_final.csv
DVT,7510605,Logistics và quản lý chuỗi cung ứng,7510605,2024,https://github.com/HTNam1710/ADS_Final/blob/main/Data/diem_chuan_2024_final.csv
DVT,7520320,Kỹ thuật môi trường,7520320,2024,https://github.com/HTNam1710/ADS_Final/blob/main/Data/diem_chuan_2024_final.csv
DVT,7540101,Công nghệ thực phẩm,7540101,2024,https://github.com/HTNam1710/ADS_Final/blob/main/Data/diem_chuan_2024_final.csv
DVT,7580205,Kỹ thuật xây dựng công trình giao thông,7580205,2024,https://github.com/HTNam1710/ADS_Final/blob/main/Data/diem_chuan_2024_final.csv
DVT,7620101,Nông nghiệp,7620101,2024,https://github.com/HTNam1710/ADS_Final/blob/main/Data/diem_chuan_2024_final.csv
DVT,7620112,Bảo vệ thực vật,7620112,2024,https://github.com/HTNam1710/ADS_Final/blob/main/Data/diem_chuan_2024_final.csv
DVT,7620301,Nuôi trồng thuỷ sản,7620301,2024,https://github.com/HTNam1710/ADS_Final/blob/main/Data/diem_chuan_2024_final.csv
DVT,7640101,Thú y,7640101,2024,https://github.com/HTNam1710/ADS_Final/blob/main/Data/diem_chuan_2024_final.csv
DVT,7720101,Y khoa,7720101,2024,https://github.com/HTNam1710/ADS_Final/blob/main/Data/diem_chuan_2024_final.csv
DVT,7720110,Y học dự phòng,7720110,2024,https://github.com/HTNam1710/ADS_Final/blob/main/Data/diem_chuan_2024_final.csv
DVT,7720201,Dược học,7720201,2024,https://github.com/HTNam1710/ADS_Final/blob/main/Data/diem_chuan_2024_final.csv
DVT,7720203,Hóa dược,7720203,2024,https://github.com/HTNam1710/ADS_Final/blob/main/Data/diem_chuan_2024_final.csv
DVT,7720301,Điều dưỡng,7720301,2024,https://github.com/HTNam1710/ADS_Final/blob/main/Data/diem_chuan_2024_final.csv
DVT,7720501,Răng - Hàm - Mặt,7720501,2024,https://github.com/HTNam1710/ADS_Final/blob/main/Data/diem_chuan_2024_final.csv
DVT,7720601,Kỹ thuật xét nghiệm y học,7720601,2024,https://github.com/HTNam1710/ADS_Final/blob/main/Data/diem_chuan_2024_final.csv
DVT,7720602,Kỹ thuật hình ảnh y học,7720602,2024,https://github.com/HTNam1710/ADS_Final/blob/main/Data/diem_chuan_2024_final.csv
DVT,7720603,Kỹ thuật phục hồi chức năng,7720603,2024,https://github.com/HTNam1710/ADS_Final/blob/main/Data/diem_chuan_2024_final.csv
DVT,7720701,Y tế công cộng,7720701,2024,https://github.com/HTNam1710/ADS_Final/blob/main/Data/diem_chuan_2024_final.csv
DVT,7760101,Công tác xã hội,7760101,2024,https://github.com/HTNam1710/ADS_Final/blob/main/Data/diem_chuan_2024_final.csv
DVT,7810103,Quản trị dịch vụ du lịch và lữ hành,7810103,2024,https://github.com/HTNam1710/ADS_Final/blob/main/Data/diem_chuan_2024_final.csv
DVT,7810301,Quản lý thể dục thể thao,7810301,2024,https://github.com/HTNam1710/ADS_Final/blob/main/Data/diem_chuan_2024_final.csv
DVT,7850101,Quản lý tài nguyên và môi trường,7850101,2024,https://github.com/HTNam1710/ADS_Final/blob/main/Data/diem_chuan_2024_final.csv
DVT,TA7340101,"Quản trị kinh doanh (Quản trị kinh doanh tổng hợp, dạy và học bằng Tiếng Anh)",,2024,https://github.com/HTNam1710/ADS_Final/blob/main/Data/diem_chuan_2024_final.csv
DVT,TA7480201,Công nghệ thông tin (dạy và học bằng Tiếng Anh),,2024,https://github.com/HTNam1710/ADS_Final/blob/main/Data/diem_chuan_2024_final.csv
NLS,7140215,Sư phạm Kỹ thuật nông nghiệp,7140215,2024,https://github.com/HTNam1710/ADS_Final/blob/main/Data/diem_chuan_2024_final.csv
NLS,7220201,Ngôn ngữ Anh,7220201,2024,https://github.com/HTNam1710/ADS_Final/blob/main/Data/diem_chuan_2024_final.csv
NLS,7310101,Kinh tế,7310101,2024,https://github.com/HTNam1710/ADS_Final/blob/main/Data/diem_chuan_2024_final.csv
NLS,7340101,Quản trị kinh doanh,7340101,2024,https://github.com/HTNam1710/ADS_Final/blob/main/Data/diem_chuan_2024_final.csv
NLS,7340101C,Quản trị kinh doanh (CTNC),7340101,2024,https://github.com/HTNam1710/ADS_Final/blob/main/Data/diem_chuan_2024_final.csv
NLS,7340116,Bất động sản,7340116,2024,https://github.com/HTNam1710/ADS_Final/blob/main/Data/diem_chuan_2024_final.csv
NLS,7340301,Kế toán,7340301,2024,https://github.com/HTNam1710/ADS_Final/blob/main/Data/diem_chuan_2024_final.csv
NLS,7420201,Công nghệ sinh học,7420201,2024,https://github.com/HTNam1710/ADS_Final/blob/main/Data/diem_chuan_2024_final.csv
NLS,7420201C,Công nghệ sinh học (CTNC),7420201,2024,https://github.com/HTNam1710/ADS_Final/blob/main/Data/diem_chuan_2024_final.csv
NLS,7440301,Khoa học môi trường,7440301,2024,https://github.com/HTNam1710/ADS_Final/blob/main/Data/diem_chuan_2024_final.csv
NLS,7480104,Hệ thống thông tin,7480104,2024,https://github.com/HTNam1710/ADS_Final/blob/main/Data/diem_chuan_2024_final.csv
NLS,7480201,Công nghệ thông tin,7480201,2024,https://github.com/HTNam1710/ADS_Final/blob/main/Data/diem_chuan_2024_final.csv
NLS,7510201,Công nghệ kỹ thuật cơ khí,7510201,2024,https://github.com/HTNam1710/ADS_Final/blob/main/Data/diem_chuan_2024_final.csv
NLS,7510201C,Công nghệ kỹ thuật cơ khí (CTNC),7510201,2024,https://github.com/HTNam1710/ADS_Final/blob/main/Data/diem_chuan_2024_final.csv
NLS,7510203,Công nghệ kỹ thuật cơ - điện tử,7510203,2024,https://github.com/HTNam1710/ADS_Final/blob/main/Data/diem_chuan_2024_final.csv
NLS,7510205,Công nghệ kỹ thuật ô tô,7510205,2024,https://github.com/HTNam1710/ADS_Final/blob/main/Data/diem_chuan_2024_final.csv
NLS,7510206,Công nghệ kỹ thuật nhiệt,7510206,2024,https://github.com/HTNam1710/ADS_Final/blob/main/Data/diem_chuan_2024_final.csv
NLS,7510401,Công nghệ kỹ thuật hóa học,7510401,2024,https://github.com/HTNam1710/ADS_Final/blob/main/Data/diem_chuan_2024_final.csv
NLS,7510401C,Công nghệ kỹ thuật hóa học (CTNC),7510401,2024,https://github.com/HTNam1710/ADS_Final/blob/main/Data/diem_chuan_2024_final.csv
NLS,7519007,Công nghệ Kỹ thuật năng lượng tái tạo,7519007,2024,https://github.com/HTNam1710/ADS_Final/blob/main/Data/diem_chuan_2024_final.csv
NLS,7520216,Kỹ thuật điều khiển và tự động hoá,7520216,2024,https://github.com/HTNam1710/ADS_Final/blob/main/Data/diem_chuan_2024_final.csv
NLS,7520320,Kỹ thuật môi trường,7520320,2024,https://github.com/HTNam1710/ADS_Final/blob/main/Data/diem_chuan_2024_final.csv
NLS,7540101,Công nghệ thực phẩm,7540101,2024,https://github.com/HTNam1710/ADS_Final/blob/main/Data/diem_chuan_2024_final.csv
NLS,7540101C,Công nghệ thực phẩm (CTNC),7540101,2024,https://github.com/HTNam1710/ADS_Final/blob/main/Data/diem_chuan_2024_final.csv
NLS,7540101T,Công nghệ thực phẩm (CTTT),7540101,2024,https://github.com/HTNam1710/ADS_Final/blob/main/Data/diem_chuan_2024_final.csv
NLS,7540105,Công nghệ chế biến thuỷ sản,7540105,2024,https://github.com/HTNam1710/ADS_Final/blob/main/Data/diem_chuan_2024_final.csv
NLS,7549001,Công nghệ chế biến lâm sản,7549001,2024,https://github.com/HTNam1710/ADS_Final/blob/main/Data/diem_chuan_2024_final.csv
NLS,7620105,Chăn nuôi,7620105,2024,https://github.com/HTNam1710/ADS_Final/blob/main/Data/diem_chuan_2024_final.csv
NLS,7620105C,Chăn nuôi (CTNC),7620105,2024,https://github.com/HTNam1710/ADS_Final/blob/main/Data/diem_chuan_2024_final.csv
NLS,7620109,Nông học,7620109,2024,https://github.com/HTNam1710/ADS_Final/blob/main/Data/diem_chuan_2024_final.csv
NLS,7620112,Bảo vệ thực vật,7620112,2024,https://github.com/HTNam1710/ADS_Final/blob/main/Data/diem_chuan_2024_final.csv
NLS,7620114,Kinh doanh nông nghiệp,7620114,2024,https://github.com/HTNam1710/ADS_Final/blob/main/Data/diem_chuan_2024_final.csv
NLS,7620116,Phát triển nông thôn,7620116,2024,https://github.com/HTNam1710/ADS_Final/blob/main/Data/diem_chuan_2024_final.csv
NLS,7620201,Lâm học,7620201,2024,https://github.com/HTNam1710/ADS_Final/blob/main/Data/diem_chuan_2024_final.csv
NLS,7620202,Lâm nghiệp đô thị,7620202,2024,https://github.com/HTNam1710/ADS_Final/blob/main/Data/diem_chuan_2024_final.csv
NLS,7620211,Quản lý tài nguyên rừng,7620211,2024,https://github.com/HTNam1710/ADS_Final/blob/main/Data/diem_chuan_2024_final.csv
NLS,7620301,Nuôi trồng thuỷ sản,7620301,2024,https://github.com/HTNam1710/ADS_Final/blob/main/Data/diem_chuan_2024_final.csv
NLS,7640101,Thú y,7640101,2024,https://github.com/HTNam1710/ADS_Final/blob/main/Data/diem_chuan_2024_final.csv
NLS,7640101T,Thú y (CTTT),7640101,2024,https://github.com/HTNam1710/ADS_Final/blob/main/Data/diem_chuan_2024_final.csv
NLS,7850101,Quản lý tài nguyên và môi trường,7850101,2024,https://github.com/HTNam1710/ADS_Final/blob/main/Data/diem_chuan_2024_final.csv
NLS,7850103,Quản lý đất đai,7850103,2024,https://github.com/HTNam1710/ADS_Final/blob/main/Data/diem_chuan_2024_final.csv
NLS,7859002,Tài nguyên và du lịch sinh thái,7859002,2024,https://github.com/HTNam1710/ADS_Final/blob/main/Data/diem_chuan_2024_final.csv
NLS,7859007,Cảnh quan và kỹ thuật hoa viên,7859007,2024,https://github.com/HTNam1710/ADS_Final/blob/main/Data/diem_chuan_2024_final.csv
HVC,7310201,Chính trị học,7310201,2024,https://github.com/HTNam1710/ADS_Final/blob/main/Data/diem_chuan_2024_final.csv
HVC,7310202,Xây dựng Đảng & CQNN,7310202,2024,https://github.com/HTNam1710/ADS_Final/blob/main/Data/diem_chuan_2024_final.csv
HVC,7310205,Quản lý nhà nước,7310205,2024,https://github.com/HTNam1710/ADS_Final/blob/main/Data/diem_chuan_2024_final.csv
HVC,7380101,Luật,7380101,2024,https://github.com/HTNam1710/ADS_Final/blob/main/Data/diem_chuan_2024_final.csv
HVC,7760101,Công tác xã hội,7760101,2024,https://github.com/HTNam1710/ADS_Final/blob/main/Data/diem_chuan_2024_final.csv
XDA,7210110,Mỹ thuật đô thị,7210110,2024,https://github.com/HTNam1710/ADS_Final/blob/main/Data/diem_chuan_2024_final.csv
XDA,7340409,Quản lý dự án,7340409,2024,https://github.com/HTNam1710/ADS_Final/blob/main/Data/diem_chuan_2024_final.csv
XDA,7480101,Khoa học Máy tính,7480101,2024,https://github.com/HTNam1710/ADS_Final/blob/main/Data/diem_chuan_2024_final.csv
XDA,7480101_QT,Khoa học máy tính (Chương trình đào tạo liên kết với Đại học Mississippi - Hoa Kỳ),7480101,2024,https://github.com/HTNam1710/ADS_Final/blob/main/Data/diem_chuan_2024_final.csv
XDA,7480201,Công nghệ thông tin,7480201,2024,https://github.com/HTNam1710/ADS_Final/blob/main/Data/diem_chuan_2024_final.csv
XDA,7480201_01,Công nghệ thông tin/ Công nghệ đa phương tiện,7480201,2024,https://github.com/HTNam1710/ADS_Final/blob/main/Data/diem_chuan_2024_final.csv
XDA,7510105,Công nghệ Kỹ thuật Vật liệu xây dựng,7510105,2024,https://github.com/HTNam1710/ADS_Final/blob/main/Data/diem_chuan_2024_final.csv
XDA,7510605,Logistics và Quản lý chuỗi cung ứng,7510605,2024,https://github.com/HTNam1710/ADS_Final/blob/main/Data/diem_chuan_2024_final.csv
XDA,7510605_01,Logistics và Quản lý chuỗi cung ứng/ Logistics đô thị,7510605,2024,https://github.com/HTNam1710/ADS_Final/blob/main/Data/diem_chuan_2024_final.csv
XDA,7520101_01,Kỹ thuật cơ khí/ Máy xây dựng,7520101,2024,https://github.com/HTNam1710/ADS_Final/blob/main/Data/diem_chuan_2024_final.csv
XDA,7520101_03,Kỹ thuật cơ khí/ Kỹ thuật cơ điện,7520101,2024,https://github.com/HTNam1710/ADS_Final/blob/main/Data/diem_chuan_2024_final.csv
XDA,7520101_04,Kỹ thuật cơ khí/ Kỹ thuật ô tô,7520101,2024,https://github.com/HTNam1710/ADS_Final/blob/main/Data/diem_chuan_2024_final.csv
XDA,7520103,Kỹ thuật cơ khí,7520103,2024,https://github.com/HTNam1710/ADS_Final/blob/main/Data/diem_chuan_2024_final.csv
XDA,7520201,Kỹ thuật điện,7520201,2024,https://github.com/HTNam1710/ADS_Final/blob/main/Data/diem_chuan_2024_final.csv
XDA,7520309,Kỹ thuật vật liệu,7520309,2024,https://github.com/HTNam1710/ADS_Final/blob/main/Data/diem_chuan_2024_final.csv
XDA,7520320,Kỹ thuật Môi trường,7520320,2024,https://github.com/HTNam1710/ADS_Final/blob/main/Data/diem_chuan_2024_final.csv
XDA,7580101,Kiến trúc,7580101,2024,https://github.com/HTNam1710/ADS_Final/blob/main/Data/diem_chuan_2024_final.csv
XDA,7580101_01,Kiến trúc/ Kiến trúc công nghệ,7580101,2024,https://github.com/HTNam1710/ADS_Final/blob/main/Data/diem_chuan_2024_final.csv
XDA,7580101_02,Kiến trúc nội thất,7580101,2024,https://github.com/HTNam1710/ADS_Final/blob/main/Data/diem_chuan_2024_final.csv
XDA,7580102,Kiến trúc cảnh quan,7580102,2024,https://github.com/HTNam1710/ADS_Final/blob/main/Data/diem_chuan_2024_final.csv
XDA,7580105,Quy hoạch vùng và đô thị,7580105,2024,https://github.com/HTNam1710/ADS_Final/blob/main/Data/diem_chuan_2024_final.csv
XDA,7580201,Kỹ thuật xây dựng,7580201,2024,https://github.com/HTNam1710/ADS_Final/blob/main/Data/diem_chuan_2024_final.csv
XDA,7580201_01,Kỹ thuật xây dựng/ Xây dựng Dân dụng và Công nghiệp,7580201,2024,https://github.com/HTNam1710/ADS_Final/blob/main/Data/diem_chuan_2024_final.csv
XDA,7580201_02,Kỹ thuật xây dựng/ Hệ thống kỹ thuật trong công trình,7580201,2024,https://github.com/HTNam1710/ADS_Final/blob/main/Data/diem_chuan_2024_final.csv
XDA,7580201_03,Kỹ thuật xây dựng/ Tin học xây dựng,7580201,2024,https://github.com/HTNam1710/ADS_Final/blob/main/Data/diem_chuan_2024_final.csv
XDA,7580201_04,Kỹ thuật xây dựng/Kỹ thuật công trình thủy,7580201,2024,https://github.com/HTNam1710/ADS_Final/blob/main/Data/diem_chuan_2024_final.csv
XDA,7580201_05,Kỹ thuật xây dựng/ Kỹ thuật công trình biển,7580201,2024,https://github.com/HTNam1710/ADS_Final/blob/main/Data/diem_chuan_2024_final.csv
XDA,7580201_CLC,Kỹ thuật xây dựng (Chương trình đào tạo kỹ sư Việt - Pháp PFIEV),7580201,2024,https://github.com/HTNam1710/ADS_Final/blob/main/Data/diem_chuan_2024_final.csv
XDA,7580201_QT,Kỹ thuật xây dựng (Chương trình đào tạo liên kết với Đại học Mississippi - Hoa Kỳ),7580201,2024,https://github.com/HTNam1710/ADS_Final/blob/main/Data/diem_chuan_2024_final.csv
XDA,7580205_01,Kỹ thuật xây dựng công trình Giao thông/ Xây dựng Cầu đường,7580205,2024,https://github.com/HTNam1710/ADS_Final/blob/main/Data/diem_chuan_2024_final.csv
XDA,7580205_02,Kỹ thuật Cấp thoát nước/ Kỹ thuật nước - Môi trường nước,7580205,2024,https://github.com/HTNam1710/ADS_Final/blob/main/Data/diem_chuan_2024_final.csv
XDA,7580301,Kinh tế xây dựng,7580301,2024,https://github.com/HTNam1710/ADS_Final/blob/main/Data/diem_chuan_2024_final.csv
XDA,7580302_01,Quản lý xây dựng/ Kinh tế và quản lý đô thị,7580302,2024,https://github.com/HTNam1710/ADS_Final/blob/main/Data/diem_chuan_2024_final.csv
XDA,7580302_02,Quản lý xây dựng/ Kinh tế và quản lý bất động sản,7580302,2024,https://github.com/HTNam1710/ADS_Final/blob/main/Data/diem_chuan_2024_final.csv
XDA,7580302_03,Quản lý xây dựng/ Quản lý hạ tầng. đất đai đô thị,7580302,2024,https://github.com/HTNam1710/ADS_Final/blob/main/Data/diem_chuan_2024_final.csv
XDA,7580302_04,Quản lý xây dựng/ Kiểm toán đầu tư xây dựng,7580302,2024,https://github.com/HTNam1710/ADS_Final/blob/main/Data/diem_chuan_2024_final.csv
SKH,7140231,Sư phạm tiếng Anh,7140231,2024,https://github.com/HTNam1710/ADS_Final/blob/main/Data/diem_chuan_2024_final.csv
SKH,7140246,Sư phạm công nghệ,7140246,2024,https://github.com/HTNam1710/ADS_Final/blob/main/Data/diem_chuan_2024_final.csv
SKH,7220201,Ngôn ngữ Anh,7220201,2024,https://github.com/HTNam1710/ADS_Final/blob/main/Data/diem_chuan_2024_final.csv
SKH,7220204,Ngôn ngữ Trung Quốc,7220204,2024,https://github.com/HTNam1710/ADS_Final/blob/main/Data/diem_chuan_2024_final.csv
SKH,7310101,Kinh tế,7310101,2024,https://github.com/HTNam1710/ADS_Final/blob/main/Data/diem_chuan_2024_final.csv
SKH,7340101,Quản trị kinh doanh,7340101,2024,https://github.com/HTNam1710/ADS_Final/blob/main/Data/diem_chuan_2024_final.csv
SKH,7340123,Kinh doanh thời trang và Dệt may,7340123,2024,https://github.com/HTNam1710/ADS_Final/blob/main/Data/diem_chuan_2024_final.csv
SKH,7340301,Kế toán,7340301,2024,https://github.com/HTNam1710/ADS_Final/blob/main/Data/diem_chuan_2024_final.csv
SKH,7480101,Khoa học máy tính,7480101,2024,https://github.com/HTNam1710/ADS_Final/blob/main/Data/diem_chuan_2024_final.csv
SKH,7480103,Kỹ thuật phần mềm,7480103,2024,https://github.com/HTNam1710/ADS_Final/blob/main/Data/diem_chuan_2024_final.csv
SKH,7480201,Công nghệ thông tin,7480201,2024,https://github.com/HTNam1710/ADS_Final/blob/main/Data/diem_chuan_2024_final.csv
SKH,7510201,Công nghệ kỹ thuật cơ khí,7510201,2024,https://github.com/HTNam1710/ADS_Final/blob/main/Data/diem_chuan_2024_final.csv
SKH,7510202,Công nghệ chế tạo máy,7510202,2024,https://github.com/HTNam1710/ADS_Final/blob/main/Data/diem_chuan_2024_final.csv
SKH,7510203,Công nghệ kỹ thuật cơ điện tử,7510203,2024,https://github.com/HTNam1710/ADS_Final/blob/main/Data/diem_chuan_2024_final.csv
SKH,7510205,Công nghệ kỹ thuật ô tô,7510205,2024,https://github.com/HTNam1710/ADS_Final/blob/main/Data/diem_chuan_2024_final.csv
SKH,7510210,Điện lạnh và điều hòa không khí,7510210,2024,https://github.com/HTNam1710/ADS_Final/blob/main/Data/diem_chuan_2024_final.csv
SKH,7510301,"Công nghệ kỹ thuật điện, điện tử",7510301,2024,https://github.com/HTNam1710/ADS_Final/blob/main/Data/diem_chuan_2024_final.csv
SKH,7510303,Công nghệ kỳ thuật điều khiển và tự động hóa,7510303,2024,https://github.com/HTNam1710/ADS_Final/blob/main/Data/diem_chuan_2024_final.csv
SKH,7510401,Công nghệ kỹ thuật hoá học,7510401,2024,https://github.com/HTNam1710/ADS_Final/blob/main/Data/diem_chuan_2024_final.csv
SKH,7520118,Kỹ thuật hệ thống công nghiệp,7520118,2024,https://github.com/HTNam1710/ADS_Final/blob/main/Data/diem_chuan_2024_final.csv
SKH,7540103,Công nghệ hóa thực phẩm,7540103,2024,https://github.com/HTNam1710/ADS_Final/blob/main/Data/diem_chuan_2024_final.csv
SKH,7540209,Công nghệ may,7540209,2024,https://github.com/HTNam1710/ADS_Final/blob/main/Data/diem_chuan_2024_final.csv
MBS,7220201,Ngôn ngữ Anh,7220201,2024,https://github.com/HTNam1710/ADS_Final/blob/main/Data/diem_chuan_2024_final.csv
MBS,7220201C,Ngôn ngữ Anh Chất lượng cao,7220201,2024,https://github.com/HTNam1710/ADS_Final/blob/main/Data/diem_chuan_2024_final.csv
MBS,7220204,Ngôn ngữ Trung Quốc,7220204,2024,https://github.com/HTNam1710/ADS_Final/blob/main/Data/diem_chuan_2024_final.csv
MBS,7220204C,Ngôn ngữ Trung Quốc Chất lượng cao,7220204,2024,https://github.com/HTNam1710/ADS_Final/blob/main/Data/diem_chuan_2024_final.csv
MBS,7220209,Ngôn ngữ Nhật,7220209,2024,https://github.com/HTNam1710/ADS_Final/blob/main/Data/diem_chuan_2024_final.csv
MBS,7220209C,Ngôn ngữ Nhật Chất lượng cao,7220209,2024,https://github.com/HTNam1710/ADS_Final/blob/main/Data/diem_chuan_2024_final.csv
MBS,7220210,Ngôn ngữ Hàn Quốc,7220210,2024,https://github.com/HTNam1710/ADS_Final/blob/main/Data/diem_chuan_2024_final.csv
MBS,7310101,Kinh tế,7310101,2024,https://github.com/HTNam1710/ADS_Final/blob/main/Data/diem_chuan_2024_final.csv
MBS,7310101C,Kinh tế Chất lượng cao,7310101,2024,https://github.com/HTNam1710/ADS_Final/blob/main/Data/diem_chuan_2024_final.csv
MBS,7310301,Xã hội học,7310301,2024,https://github.com/HTNam1710/ADS_Final/blob/main/Data/diem_chuan_2024_final.csv
MBS,7310401,Tâm lý học,7310401,2024,https://github.com/HTNam1710/ADS_Final/blob/main/Data/diem_chuan_2024_final.csv
MBS,7310620,Đông Nam Á học,7310620,2024,https://github.com/HTNam1710/ADS_Final/blob/main/Data/diem_chuan_2024_final.csv
MBS,7340101,Quản trị kinh doanh,7340101,2024,https://github.com/HTNam1710/ADS_Final/blob/main/Data/diem_chuan_2024_final.csv
MBS,7340101C,Quản trị kinh doanh Chất lượng cao,7340101,2024,https://github.com/HTNam1710/ADS_Final/blob/main/Data/diem_chuan_2024_final.csv
MBS,7340115,Marketing,7340115,2024,https://github.com/HTNam1710/ADS_Final/blob/main/Data/diem_chuan_2024_final.csv
MBS,7340120,Kinh doanh quốc tế,7340120,2024,https://github.com/HTNam1710/ADS_Final/blob/main/Data/diem_chuan_2024_final.csv
MBS,7340201,Tài chính - Ngân hàng,7340201,2024,https://github.com/HTNam1710/ADS_Final/blob/main/Data/diem_chuan_2024_final.csv
MBS,7340201C,Tài chính – Ngân hàng Chất lượng cao,7340201,2024,https://github.com/HTNam1710/ADS_Final/blob/main/Data/diem_chuan_2024_final.csv
MBS,7340204,Bảo hiểm,7340204,2024,https://github.com/HTNam1710/ADS_Final/blob/main/Data/diem_chuan_2024_final.csv
MBS,7340205,Công nghệ tài chính,7340205,2024,https://github.com/HTNam1710/ADS_Final/blob/main/Data/diem_chuan_2024_final.csv
MBS,7340301,Kế toán,7340301,2024,https://github.com/HTNam1710/ADS_Final/blob/main/Data/diem_chuan_2024_final.csv
MBS,7340301C,Kế toán Chất lượng cao,7340301,2024,https://github.com/HTNam1710/ADS_Final/blob/main/Data/diem_chuan_2024_final.csv
MBS,7340302,Kiểm toán,7340302,2024,https://github.com/HTNam1710/ADS_Final/blob/main/Data/diem_chuan_2024_final.csv
MBS,7340302C,Kiểm toán Chất lượng cao,7340302,2024,https://github.com/HTNam1710/ADS_Final/blob/main/Data/diem_chuan_2024_final.csv
MBS,7340403,Quản lý công,7340403,2024,https://github.com/HTNam1710/ADS_Final/blob/main/Data/diem_chuan_2024_final.csv
MBS,7340404,Quản trị nhân lực,7340404,2024,https://github.com/HTNam1710/ADS_Final/blob/main/Data/diem_chuan_2024_final.csv
MBS,7340405,Hệ thống thông tin quản lý,7340405,2024,https://github.com/HTNam1710/ADS_Final/blob/main/Data/diem_chuan_2024_final.csv
MBS,7380101,Luật,7380101,2024,https://github.com/HTNam1710/ADS_Final/blob/main/Data/diem_chuan_2024_final.csv
MBS,7380107,Luật kinh tế,7380107,2024,https://github.com/HTNam1710/ADS_Final/blob/main/Data/diem_chuan_2024_final.csv
MBS,7380107C,Luật kinh tế Chất lượng cao,7380107,2024,https://github.com/HTNam1710/ADS_Final/blob/main/Data/diem_chuan_2024_final.csv
MBS,7420201,Công nghệ sinh học,7420201,2024,https://github.com/HTNam1710/ADS_Final/blob/main/Data/diem_chuan_2024_final.csv
MBS,7420201C,Công nghệ sinh học Chất lượng cao,7420201,2024,https://github.com/HTNam1710/ADS_Final/blob/main/Data/diem_chuan_2024_final.csv
MBS,7460108,Khoa học dữ liệu,7460108,2024,https://github.com/HTNam1710/ADS_Final/blob/main/Data/diem_chuan_2024_final.csv
MBS,7480101,Khoa học máy tính,7480101,2024,https://github.com/HTNam1710/ADS_Final/blob/main/Data/diem_chuan_2024_final.csv
MBS,7480101C,Khoa học máy tính Chất lượng cao,7480101,2024,https://github.com/HTNam1710/ADS_Final/blob/main/Data/diem_chuan_2024_final.csv
MBS,7480107,Trí tuệ nhân tạo,7480107,2024,https://github.com/HTNam1710/ADS_Final/blob/main/Data/diem_chuan_2024_final.csv
MBS,7480201,Công nghệ thông tin,7480201,2024,https://github.com/HTNam1710/ADS_Final/blob/main/Data/diem_chuan_2024_final.csv
MBS,7510102,Công nghệ kỹ thuật công trình xây dựng,7510102,2024,https://github.com/HTNam1710/ADS_Final/blob/main/Data/diem_chuan_2024_final.csv
MBS,7510102C,Công nghệ kỹ thuật công trình xây dựng Chất lượng cao,7510102,2024,https://github.com/HTNam1710/ADS_Final/blob/main/Data/diem_chuan_2024_final.csv
MBS,7510605,Logistics và quản lý chuỗi cung ứng,7510605,2024,https://github.com/HTNam1710/ADS_Final/blob/main/Data/diem_chuan_2024_final.csv
MBS,7540101,Công nghệ thực phẩm,7540101,2024,https://github.com/HTNam1710/ADS_Final/blob/main/Data/diem_chuan_2024_final.csv
MBS,7580302,Quản lý xây dựng,7580302,2024,https://github.com/HTNam1710/ADS_Final/blob/main/Data/diem_chuan_2024_final.csv
MBS,7760101,Công tác xã hội,7760101,2024,https://github.com/HTNam1710/ADS_Final/blob/main/Data/diem_chuan_2024_final.csv
MBS,7810101,Du lịch,7810101,2024,https://github.com/HTNam1710/ADS_Final/blob/main/Data/diem_chuan_2024_final.csv
FBU,7220201,Ngôn ngữ Anh,7220201,2024,https://github.com/HTNam1710/ADS_Final/blob/main/Data/diem_chuan_2024_final.csv
FBU,7220204,Ngôn ngữ Tiếng Trung,7220204,2024,https://github.com/HTNam1710/ADS_Final/blob/main/Data/diem_chuan_2024_final.csv
FBU,7340101,Quản trị kinh doanh,7340101,2024,https://github.com/HTNam1710/ADS_Final/blob/main/Data/diem_chuan_2024_final.csv
FBU,7340121,Kinh doanh thương mại,7340121,2024,https://github.com/HTNam1710/ADS_Final/blob/main/Data/diem_chuan_2024_final.csv
FBU,7340201,Tài chính - Ngân hàng,7340201,2024,https://github.com/HTNam1710/ADS_Final/blob/main/Data/diem_chuan_2024_final.csv
FBU,7340301,Kế toán,7340301,2024,https://github.com/HTNam1710/ADS_Final/blob/main/Data/diem_chuan_2024_final.csv
FBU,7340302,Kiểm toán,7340302,2024,https://github.com/HTNam1710/ADS_Final/blob/main/Data/diem_chuan_2024_final.csv
FBU,7380107,Luật kinh tế,7380107,2024,https://github.com/HTNam1710/ADS_Final/blob/main/Data/diem_chuan_2024_final.csv
FBU,7480201,Công nghệ thông tin,7480201,2024,https://github.com/HTNam1710/ADS_Final/blob/main/Data/diem_chuan_2024_final.csv
GTA,GTADCBG2,"Quản lý, khai thác và bảo trì đường cao tốc",,2024,https://github.com/HTNam1710/ADS_Final/blob/main/Data/diem_chuan_2024_final.csv
GTA,GTADCBI2,Mô hình thông tin công trình (BIM) trong dự án HTGT,,2024,https://github.com/HTNam1710/ADS_Final/blob/main/Data/diem_chuan_2024_final.csv
GTA,GTADCCD1,CNKT XD Cầu đường bộ,,2024,https://github.com/HTNam1710/ADS_Final/blob/main/Data/diem_chuan_2024_final.csv
GTA,GTADCCD2,Công nghệ kỹ thuật XD Cầu đường bộ,,2024,https://github.com/HTNam1710/ADS_Final/blob/main/Data/diem_chuan_2024_final.csv
GTA,GTADCCH2,Hệ thống thông tin,,2024,https://github.com/HTNam1710/ADS_Final/blob/main/Data/diem_chuan_2024_final.csv
GTA,GTADCCN2,Công nghệ kỹ thuật cơ điện tử,,2024,https://github.com/HTNam1710/ADS_Final/blob/main/Data/diem_chuan_2024_final.csv
GTA,GTADCCO2,Công nghệ kỹ thuật cơ điện tử trên ô tô,,2024,https://github.com/HTNam1710/ADS_Final/blob/main/Data/diem_chuan_2024_final.csv
GTA,GTADCDT1,Công nghệ kỹ thuật điện tử - viễn thông,,2024,https://github.com/HTNam1710/ADS_Final/blob/main/Data/diem_chuan_2024_final.csv
GTA,GTADCDT2,Công nghệ kỹ thuật ô tô,,2024,https://github.com/HTNam1710/ADS_Final/blob/main/Data/diem_chuan_2024_final.csv
GTA,GTADCDX2,CNKT công trình XD dân dụng và công nghiệp,,2024,https://github.com/HTNam1710/ADS_Final/blob/main/Data/diem_chuan_2024_final.csv
GTA,GTADCEN2,Ngôn ngữ Anh,,2024,https://github.com/HTNam1710/ADS_Final/blob/main/Data/diem_chuan_2024_final.csv
GTA,GTADCGO2,Công nghệ kỹ thuật ô tô và giao thông thông minh,,2024,https://github.com/HTNam1710/ADS_Final/blob/main/Data/diem_chuan_2024_final.csv
GTA,GTADCH2,Hải quan và Logistics,,2024,https://github.com/HTNam1710/ADS_Final/blob/main/Data/diem_chuan_2024_final.csv
GTA,GTADCIT2,Công nghệ thông tin (tăng cường tiếng Anh),,2024,https://github.com/HTNam1710/ADS_Final/blob/main/Data/diem_chuan_2024_final.csv
GTA,GTADCKN2,Kiến trúc nội thất,,2024,https://github.com/HTNam1710/ADS_Final/blob/main/Data/diem_chuan_2024_final.csv
GTA,GTADCKQ2,Xây dựng và quản lý hạ tầng đô thị,,2024,https://github.com/HTNam1710/ADS_Final/blob/main/Data/diem_chuan_2024_final.csv
GTA,GTADCKT2,Kế toán doanh nghiệp,,2024,https://github.com/HTNam1710/ADS_Final/blob/main/Data/diem_chuan_2024_final.csv
GTA,GTADCKTI,Kế toán doanh nghiệp,,2024,https://github.com/HTNam1710/ADS_Final/blob/main/Data/diem_chuan_2024_final.csv
GTA,GTADCKX2,Kinh tế xây dựng,,2024,https://github.com/HTNam1710/ADS_Final/blob/main/Data/diem_chuan_2024_final.csv
GTA,GTADCLA2,Luật,,2024,https://github.com/HTNam1710/ADS_Final/blob/main/Data/diem_chuan_2024_final.csv
GTA,GTADCLG2,Logistics và quản lý chuỗi cung ứng,,2024,https://github.com/HTNam1710/ADS_Final/blob/main/Data/diem_chuan_2024_final.csv
GTA,GTADCLH2,Logistics và hạ tầng giao thông,,2024,https://github.com/HTNam1710/ADS_Final/blob/main/Data/diem_chuan_2024_final.csv
GTA,GTADCMN2,Công nghệ và quản lý môi trường,,2024,https://github.com/HTNam1710/ADS_Final/blob/main/Data/diem_chuan_2024_final.csv
GTA,GTADCOTI,Công nghệ kỹ thuật Ô tô,,2024,https://github.com/HTNam1710/ADS_Final/blob/main/Data/diem_chuan_2024_final.csv
GTA,GTADCQM2,Quản trị Marketing,,2024,https://github.com/HTNam1710/ADS_Final/blob/main/Data/diem_chuan_2024_final.csv
GTA,GTADCQT2,Thanh tra và quản lý công trình giao thông,,2024,https://github.com/HTNam1710/ADS_Final/blob/main/Data/diem_chuan_2024_final.csv
GTA,GTADCQX2,Quản lý và điều hành vận tải đường sắt,,2024,https://github.com/HTNam1710/ADS_Final/blob/main/Data/diem_chuan_2024_final.csv
GTA,GTADCSS2,CNKT xây dựng Đường sắt - Metro,,2024,https://github.com/HTNam1710/ADS_Final/blob/main/Data/diem_chuan_2024_final.csv
GTA,GTADCTD2,Thương mại điện tử,,2024,https://github.com/HTNam1710/ADS_Final/blob/main/Data/diem_chuan_2024_final.csv
GTA,GTADCTG2,Trí tuệ nhân tạo và giao thông thông minh,,2024,https://github.com/HTNam1710/ADS_Final/blob/main/Data/diem_chuan_2024_final.csv
GTA,GTADCTN2,Tài chính doanh nghiệp,,2024,https://github.com/HTNam1710/ADS_Final/blob/main/Data/diem_chuan_2024_final.csv
GTA,GTADCTQ2,Quản trị doanh nghiệp,,2024,https://github.com/HTNam1710/ADS_Final/blob/main/Data/diem_chuan_2024_final.csv
GTA,GTADCTTI,Công nghệ thông tin,,2024,https://github.com/HTNam1710/ADS_Final/blob/main/Data/diem_chuan_2024_final.csv
GTA,GTADCVL2,Logistics và vận tải đa phương thức,,2024,https://github.com/HTNam1710/ADS_Final/blob/main/Data/diem_chuan_2024_final.csv
GTA,GTADCVM2,Công nghệ kỹ thuật vi mạch bán dẫn,,2024,https://github.com/HTNam1710/ADS_Final/blob/main/Data/diem_chuan_2024_final.csv
GTA,GTADKLG2,Logistics - Trường Đại học Tongmyong - Hàn Quốc cấp bằng,,2024,https://github.com/HTNam1710/ADS_Final/blob/main/Data/diem_chuan_2024_final.csv
GTA,GTADKTT2,Công nghệ thông tin – ĐH Công nghệ thông tin và quản lý Ba Lan - UITM cấp bằng,,2024,https://github.com/HTNam1710/ADS_Final/blob/main/Data/diem_chuan_2024_final.csv
GTA,GTADNCD2,"Công nghệ kỹ thuật xây dựng Cầu đường bộ (tăng cường tiếng Nhật, định hướng thực tập và làm việc tại Nhật Bản)",,2024,https://github.com/HTNam1710/ADS_Final/blob/main/Data/diem_chuan_2024_final.csv
GTA,GTADNDT2,"Công nghệ kỹ thuật Điện tử - Viễn thông (tăng cường tiếng Nhật, định hướng thực tập và làm việc tại Nhật Bản)",,2024,https://github.com/HTNam1710/ADS_Final/blob/main/Data/diem_chuan_2024_final.csv
GTA,GTADNLG2,"Logistics và quản lý chuỗi cung ứng (tăng cường tiếng Nhật, định hướng thực tập và làm việc tại Nhật Bản)",,2024,https://github.com/HTNam1710/ADS_Final/blob/main/Data/diem_chuan_2024_final.csv
MDA,7340101,Quản trị kinh doanh,7340101,2024,https://github.com/HTNam1710/ADS_Final/blob/main/Data/diem_chuan_2024_final.csv
MDA,7340201,Tài chính - Ngân hàng,7340201,2024,https://github.com/HTNam1710/ADS_Final/blob/main/Data/diem_chuan_2024_final.csv
MDA,7340301,Kế toán,7340301,2024,https://github.com/HTNam1710/ADS_Final/blob/main/Data/diem_chuan_2024_final.csv
MDA,7440201,Địa chất học,7440201,2024,https://github.com/HTNam1710/ADS_Final/blob/main/Data/diem_chuan_2024_final.csv
MDA,7440229,Quản lý phân tích dữ liệu khoa học trái đất,7440229,2024,https://github.com/HTNam1710/ADS_Final/blob/main/Data/diem_chuan_2024_final.csv
MDA,7460108,Khoa học dữ liệu,7460108,2024,https://github.com/HTNam1710/ADS_Final/blob/main/Data/diem_chuan_2024_final.csv
MDA,7480201,Công nghệ thông tin,7480201,2024,https://github.com/HTNam1710/ADS_Final/blob/main/Data/diem_chuan_2024_final.csv
MDA,7480206,Địa tin học,7480206,2024,https://github.com/HTNam1710/ADS_Final/blob/main/Data/diem_chuan_2024_final.csv
MDA,7510301,"Công nghệ Kỹ thuật điện, điện tử",7510301,2024,https://github.com/HTNam1710/ADS_Final/blob/main/Data/diem_chuan_2024_final.csv
MDA,7510401,Công nghệ kỹ thuật hoá học,7510401,2024,https://github.com/HTNam1710/ADS_Final/blob/main/Data/diem_chuan_2024_final.csv
MDA,7510601,Quản lý công nghiệp,7510601,2024,https://github.com/HTNam1710/ADS_Final/blob/main/Data/diem_chuan_2024_final.csv
MDA,7520103,Kỹ thuật cơ khí,7520103,2024,https://github.com/HTNam1710/ADS_Final/blob/main/Data/diem_chuan_2024_final.csv
MDA,7520114,Kỹ thuật cơ điện tử,7520114,2024,https://github.com/HTNam1710/ADS_Final/blob/main/Data/diem_chuan_2024_final.csv
MDA,7520116,Kỹ thuật cơ khí động lực,7520116,2024,https://github.com/HTNam1710/ADS_Final/blob/main/Data/diem_chuan_2024_final.csv
MDA,7520130,Kỹ thuật Ô tô,7520130,2024,https://github.com/HTNam1710/ADS_Final/blob/main/Data/diem_chuan_2024_final.csv
MDA,7520201,Kỹ thuật điện,7520201,2024,https://github.com/HTNam1710/ADS_Final/blob/main/Data/diem_chuan_2024_final.csv
MDA,7520216,Kỹ thuật điều khiển và tự động hoá,7520216,2024,https://github.com/HTNam1710/ADS_Final/blob/main/Data/diem_chuan_2024_final.csv
MDA,7520218,Kỹ thuật Robot và Trí tuệ nhân tạo,7520218,2024,https://github.com/HTNam1710/ADS_Final/blob/main/Data/diem_chuan_2024_final.csv
MDA,7520301,Kỹ thuật hoá học Chương trình tiên tiến,7520301,2024,https://github.com/HTNam1710/ADS_Final/blob/main/Data/diem_chuan_2024_final.csv
MDA,7520320,Kỹ thuật môi trường,7520320,2024,https://github.com/HTNam1710/ADS_Final/blob/main/Data/diem_chuan_2024_final.csv
MDA,7520501,Kỹ thuật địa chất,7520501,2024,https://github.com/HTNam1710/ADS_Final/blob/main/Data/diem_chuan_2024_final.csv
MDA,7520502,Kỹ thuật địa vật lý,7520502,2024,https://github.com/HTNam1710/ADS_Final/blob/main/Data/diem_chuan_2024_final.csv
MDA,7520503,Kỹ thuật trắc địa - bản đồ,7520503,2024,https://github.com/HTNam1710/ADS_Final/blob/main/Data/diem_chuan_2024_final.csv
MDA,7520505,Đá quý Đá mỹ nghệ,7520505,2024,https://github.com/HTNam1710/ADS_Final/blob/main/Data/diem_chuan_2024_final.csv
MDA,7520601,Kỹ thuật mỏ,7520601,2024,https://github.com/HTNam1710/ADS_Final/blob/main/Data/diem_chuan_2024_final.csv
MDA,7520604,Kỹ thuật dầu khí,7520604,2024,https://github.com/HTNam1710/ADS_Final/blob/main/Data/diem_chuan_2024_final.csv
MDA,7520605,Kỹ thuật khí thiên nhiên,7520605,2024,https://github.com/HTNam1710/ADS_Final/blob/main/Data/diem_chuan_2024_final.csv
MDA,7520606,Công nghệ số trong thăm dò và khai thác tài nguyên thiên,7520606,2024,https://github.com/HTNam1710/ADS_Final/blob/main/Data/diem_chuan_2024_final.csv
MDA,7520607,Kỹ thuật tuyển khoáng,7520607,2024,https://github.com/HTNam1710/ADS_Final/blob/main/Data/diem_chuan_2024_final.csv
MDA,7580109,Quản lý phát triển đô thị và Bất động sản,7580109,2024,https://github.com/HTNam1710/ADS_Final/blob/main/Data/diem_chuan_2024_final.csv
MDA,7580201,Kỹ thuật xây dựng,7580201,2024,https://github.com/HTNam1710/ADS_Final/blob/main/Data/diem_chuan_2024_final.csv
MDA,7580204,Xây dựng công trình ngắm thành phố và Hệ thống tàu điện,7580204,2024,https://github.com/HTNam1710/ADS_Final/blob/main/Data/diem_chuan_2024_final.csv
MDA,7580205,Kỹ thuật xây dựng công trình giao thông,7580205,2024,https://github.com/HTNam1710/ADS_Final/blob/main/Data/diem_chuan_2024_final.csv
MDA,7580211,Địa kỹ thuật xây dựng,7580211,2024,https://github.com/HTNam1710/ADS_Final/blob/main/Data/diem_chuan_2024_final.csv
MDA,7580212,Kỹ thuật tài nguyên nước,7580212,2024,https://github.com/HTNam1710/ADS_Final/blob/main/Data/diem_chuan_2024_final.csv
MDA,7580302,Quản lý xây dựng,7580302,2024,https://github.com/HTNam1710/ADS_Final/blob/main/Data/diem_chuan_2024_final.csv
MDA,7720203,Hóa dược,7720203,2024,https://github.com/HTNam1710/ADS_Final/blob/main/Data/diem_chuan_2024_final.csv
MDA,7810105,Du lịch địa chất,7810105,2024,https://github.com/HTNam1710/ADS_Final/blob/main/Data/diem_chuan_2024_final.csv
MDA,7850101,Quản lý tài nguyên và môi trường,7850101,2024,https://github.com/HTNam1710/ADS_Final/blob/main/Data/diem_chuan_2024_final.csv
MDA,7850103,Quản lý đất đai,7850103,2024,https://github.com/HTNam1710/ADS_Final/blob/main/Data/diem_chuan_2024_final.csv
MDA,7850202,"An toàn, Vệ sinh lao động",7850202,2024,https://github.com/HTNam1710/ADS_Final/blob/main/Data/diem_chuan_2024_final.csv
DDL,7340101,Quản trị kinh doanh,7340101,2024,https://github.com/HTNam1710/ADS_Final/blob/main/Data/diem_chuan_2024_final.csv
DDL,7340122,Thương mại điện tử,7340122,2024,https://github.com/HTNam1710/ADS_Final/blob/main/Data/diem_chuan_2024_final.csv
DDL,7340201,Tài chính - Ngân hàng,7340201,2024,https://github.com/HTNam1710/ADS_Final/blob/main/Data/diem_chuan_2024_final.csv
DDL,7340301,Kế toán,7340301,2024,https://github.com/HTNam1710/ADS_Final/blob/main/Data/diem_chuan_2024_final.csv
DDL,7340302,Kiểm toán,7340302,2024,https://github.com/HTNam1710/ADS_Final/blob/main/Data/diem_chuan_2024_final.csv
DDL,7480201,Công nghệ thông tin,7480201,2024,https://github.com/HTNam1710/ADS_Final/blob/main/Data/diem_chuan_2024_final.csv
DDL,7510102,Công nghệ kỹ thuật công trình xây dựng,7510102,2024,https://github.com/HTNam1710/ADS_Final/blob/main/Data/diem_chuan_2024_final.csv
DDL,7510201,Công nghệ kỹ thuật cơ khí,7510201,2024,https://github.com/HTNam1710/ADS_Final/blob/main/Data/diem_chuan_2024_final.csv
DDL,7510203,Công nghệ kỹ thuật cơ - điện tử,7510203,2024,https://github.com/HTNam1710/ADS_Final/blob/main/Data/diem_chuan_2024_final.csv
DDL,7510301,"Công nghệ kỹ thuật điện, điện tử",7510301,2024,https://github.com/HTNam1710/ADS_Final/blob/main/Data/diem_chuan_2024_final.csv
DDL,7510302,Công nghệ kỹ thuật điện tử - viễn thông,7510302,2024,https://github.com/HTNam1710/ADS_Final/blob/main/Data/diem_chuan_2024_final.csv
DDL,7510303,Công nghệ kỹ thuật điều khiển và tự động hóa,7510303,2024,https://github.com/HTNam1710/ADS_Final/blob/main/Data/diem_chuan_2024_final.csv
DDL,7510403,Công nghệ kỹ thuật năng lượng,7510403,2024,https://github.com/HTNam1710/ADS_Final/blob/main/Data/diem_chuan_2024_final.csv
DDL,7510406,Công nghệ kỹ thuật môi trường,7510406,2024,https://github.com/HTNam1710/ADS_Final/blob/main/Data/diem_chuan_2024_final.csv
DDL,7510601,Quản lý công nghiệp,7510601,2024,https://github.com/HTNam1710/ADS_Final/blob/main/Data/diem_chuan_2024_final.csv
DDL,7510602,Quản lý năng lượng,7510602,2024,https://github.com/HTNam1710/ADS_Final/blob/main/Data/diem_chuan_2024_final.csv
DDL,7510605,Logistics và Quản lý chuỗi cung ứng,7510605,2024,https://github.com/HTNam1710/ADS_Final/blob/main/Data/diem_chuan_2024_final.csv
DDL,7520115,Kỹ thuật nhiệt,7520115,2024,https://github.com/HTNam1710/ADS_Final/blob/main/Data/diem_chuan_2024_final.csv
DDL,7810103,Quản trị dịch vụ du lịch và lữ hành,7810103,2024,https://github.com/HTNam1710/ADS_Final/blob/main/Data/diem_chuan_2024_final.csv
TDS,7729001,Y sinh học thể dục thể thao,7729001,2024,https://github.com/HTNam1710/ADS_Final/blob/main/Data/diem_chuan_2024_final.csv
TDS,7810301,Quản lý thể dục thể thao,7810301,2024,https://github.com/HTNam1710/ADS_Final/blob/main/Data/diem_chuan_2024_final.csv
TDS,7810302,Huấn luyện thể thao,7810302,2024,https://github.com/HTNam1710/ADS_Final/blob/main/Data/diem_chuan_2024_final.csv
DPD,7220201,Ngôn ngữ Anh,7220201,2024,https://github.com/HTNam1710/ADS_Final/blob/main/Data/diem_chuan_2024_final.csv
DPD,7220204,Ngôn ngữ Trung Quốc,7220204,2024,https://github.com/HTNam1710/ADS_Final/blob/main/Data/diem_chuan_2024_final.csv
DPD,7220209,Ngôn ngữ Nhật,7220209,2024,https://github.com/HTNam1710/ADS_Final/blob/main/Data/diem_chuan_2024_final.csv
DPD,7320104,Truyền thông đa phương tiện,7320104,2024,https://github.com/HTNam1710/ADS_Final/blob/main/Data/diem_chuan_2024_final.csv
DPD,7340101,Quản trị kinh doanh,7340101,2024,https://github.com/HTNam1710/ADS_Final/blob/main/Data/diem_chuan_2024_final.csv
DPD,7340122,Thương mại điện tử,7340122,2024,https://github.com/HTNam1710/ADS_Final/blob/main/Data/diem_chuan_2024_final.csv
DPD,7340201,Tài chính ngân hàng,7340201,2024,https://github.com/HTNam1710/ADS_Final/blob/main/Data/diem_chuan_2024_final.csv
DPD,7340301,Kế toán,7340301,2024,https://github.com/HTNam1710/ADS_Final/blob/main/Data/diem_chuan_2024_final.csv
DPD,7340406,Quản trị văn phòng,7340406,2024,https://github.com/HTNam1710/ADS_Final/blob/main/Data/diem_chuan_2024_final.csv
DPD,7480201,Công nghệ thông tin,7480201,2024,https://github.com/HTNam1710/ADS_Final/blob/main/Data/diem_chuan_2024_final.csv
DPD,7510203,Công nghệ kỹ thuật cơ điện tử,7510203,2024,https://github.com/HTNam1710/ADS_Final/blob/main/Data/diem_chuan_2024_final.csv
DPD,7510301,Công nghệ kỹ thuật điện - điện tử,7510301,2024,https://github.com/HTNam1710/ADS_Final/blob/main/Data/diem_chuan_2024_final.csv
DPD,7580101,Kiến trúc,7580101,2024,https://github.com/HTNam1710/ADS_Final/blob/main/Data/diem_chuan_2024_final.csv
DPD,7580201,Kỹ thuật xây dựng,7580201,2024,https://github.com/HTNam1710/ADS_Final/blob/main/Data/diem_chuan_2024_final.csv
DPD,7580301,Kinh tế xây dựng,7580301,2024,https://github.com/HTNam1710/ADS_Final/blob/main/Data/diem_chuan_2024_final.csv
DPD,7810103,Quản trị dịch vụ du lịch và lữ hành,7810103,2024,https://github.com/HTNam1710/ADS_Final/blob/main/Data/diem_chuan_2024_final.csv
VLU,7140101,Giáo dục học,7140101,2024,https://github.com/HTNam1710/ADS_Final/blob/main/Data/diem_chuan_2024_final.csv
VLU,7140246,Sư phạm công nghệ,7140246,2024,https://github.com/HTNam1710/ADS_Final/blob/main/Data/diem_chuan_2024_final.csv
VLU,7310101,Kinh tế,7310101,2024,https://github.com/HTNam1710/ADS_Final/blob/main/Data/diem_chuan_2024_final.csv
VLU,7310101_CLC,Kinh tế,7310101,2024,https://github.com/HTNam1710/ADS_Final/blob/main/Data/diem_chuan_2024_final.csv
VLU,7320104,Truyền thông đa phương tiện,7320104,2024,https://github.com/HTNam1710/ADS_Final/blob/main/Data/diem_chuan_2024_final.csv
VLU,7340120,Kinh doanh quốc tế,7340120,2024,https://github.com/HTNam1710/ADS_Final/blob/main/Data/diem_chuan_2024_final.csv
VLU,7340122,Thương mại điện tử,7340122,2024,https://github.com/HTNam1710/ADS_Final/blob/main/Data/diem_chuan_2024_final.csv
VLU,7380101,Luật,7380101,2024,https://github.com/HTNam1710/ADS_Final/blob/main/Data/diem_chuan_2024_final.csv
VLU,7420201,Công nghệ sinh học,7420201,2024,https://github.com/HTNam1710/ADS_Final/blob/main/Data/diem_chuan_2024_final.csv
VLU,7420201_NB,Công nghệ sinh học,7420201,2024,https://github.com/HTNam1710/ADS_Final/blob/main/Data/diem_chuan_2024_final.csv
VLU,7480101,Khoa học máy tính,7480101,2024,https://github.com/HTNam1710/ADS_Final/blob/main/Data/diem_chuan_2024_final.csv
VLU,7480101_CLC,Khoa học máy tính,7480101,2024,https://github.com/HTNam1710/ADS_Final/blob/main/Data/diem_chuan_2024_final.csv
VLU,7480201,Công nghệ thông tin,7480201,2024,https://github.com/HTNam1710/ADS_Final/blob/main/Data/diem_chuan_2024_final.csv
VLU,7480201_CLC,Công nghệ thông tin,7480201,2024,https://github.com/HTNam1710/ADS_Final/blob/main/Data/diem_chuan_2024_final.csv
VLU,7510102,Công nghệ kỹ thuật công trình xây dựng,7510102,2024,https://github.com/HTNam1710/ADS_Final/blob/main/Data/diem_chuan_2024_final.csv
VLU,7510102_NB,CN kỹ thuật công trình xây dựng,7510102,2024,https://github.com/HTNam1710/ADS_Final/blob/main/Data/diem_chuan_2024_final.csv
VLU,7510201,Công nghệ kỹ thuật cơ khí,7510201,2024,https://github.com/HTNam1710/ADS_Final/blob/main/Data/diem_chuan_2024_final.csv
VLU,7510201_CLC,Công nghệ kỹ thuật cơ khí,7510201,2024,https://github.com/HTNam1710/ADS_Final/blob/main/Data/diem_chuan_2024_final.csv
VLU,7510201_NB,Công nghệ kỹ thuật cơ khí,7510201,2024,https://github.com/HTNam1710/ADS_Final/blob/main/Data/diem_chuan_2024_final.csv
VLU,7510202,Công nghệ chế tạo máy,7510202,2024,https://github.com/HTNam1710/ADS_Final/blob/main/Data/diem_chuan_2024_final.csv
VLU,7510202_NB,Công nghệ chế tạo máy,7510202,2024,https://github.com/HTNam1710/ADS_Final/blob/main/Data/diem_chuan_2024_final.csv
VLU,7510203,Công nghệ kỹ thuật cơ điện tử,7510203,2024,https://github.com/HTNam1710/ADS_Final/blob/main/Data/diem_chuan_2024_final.csv
VLU,7510203_CLC,Công nghệ kỹ thuật cơ điện tử,7510203,2024,https://github.com/HTNam1710/ADS_Final/blob/main/Data/diem_chuan_2024_final.csv
VLU,7510205,Công nghệ kỹ thuật ô tô,7510205,2024,https://github.com/HTNam1710/ADS_Final/blob/main/Data/diem_chuan_2024_final.csv
VLU,7510205_CLC,Công nghệ kỹ thuật ô tô,7510205,2024,https://github.com/HTNam1710/ADS_Final/blob/main/Data/diem_chuan_2024_final.csv
VLU,7510205_NB,Công nghệ kỹ thuât ô tô,7510205,2024,https://github.com/HTNam1710/ADS_Final/blob/main/Data/diem_chuan_2024_final.csv
VLU,7510206,Công nghệ kỹ thuật nhiệt (Điện lạnh),7510206,2024,https://github.com/HTNam1710/ADS_Final/blob/main/Data/diem_chuan_2024_final.csv
VLU,7510301,"Công nghệ kỹ thuật điện, điện tử",7510301,2024,https://github.com/HTNam1710/ADS_Final/blob/main/Data/diem_chuan_2024_final.csv
VLU,7510301_CLC,"Công nghệ kỹ thuật điện, điện tử",7510301,2024,https://github.com/HTNam1710/ADS_Final/blob/main/Data/diem_chuan_2024_final.csv
VLU,7510301_NB,"Công nghệ kỹ thuật điện, điện tử",7510301,2024,https://github.com/HTNam1710/ADS_Final/blob/main/Data/diem_chuan_2024_final.csv
VLU,7510303,Công nghệ kỹ thuật điều khiển và TĐH,7510303,2024,https://github.com/HTNam1710/ADS_Final/blob/main/Data/diem_chuan_2024_final.csv
VLU,7510303_CLC,Công nghệ kỹ thuật điều khiển và TĐH,7510303,2024,https://github.com/HTNam1710/ADS_Final/blob/main/Data/diem_chuan_2024_final.csv
VLU,7510303_NB,Công nghệ kỹ thuật điều khiển và TĐH,7510303,2024,https://github.com/HTNam1710/ADS_Final/blob/main/Data/diem_chuan_2024_final.csv
VLU,7510605,Logistics và quản lý chuỗi cung ứng,7510605,2024,https://github.com/HTNam1710/ADS_Final/blob/main/Data/diem_chuan_2024_final.csv
VLU,7510605_CLC,Logistics và quản lý chuỗi cung ứng,7510605,2024,https://github.com/HTNam1710/ADS_Final/blob/main/Data/diem_chuan_2024_final.csv
VLU,7520116,Kỹ thuật cơ khí động lực,7520116,2024,https://github.com/HTNam1710/ADS_Final/blob/main/Data/diem_chuan_2024_final.csv
VLU,7520116_CLC,Kỹ thuật cơ khí động lực,7520116,2024,https://github.com/HTNam1710/ADS_Final/blob/main/Data/diem_chuan_2024_final.csv
VLU,7520116_NB,Kỹ thuật cơ khí động lực,7520116,2024,https://github.com/HTNam1710/ADS_Final/blob/main/Data/diem_chuan_2024_final.csv
VLU,7520130,Kỹ thuật ô tô,7520130,2024,https://github.com/HTNam1710/ADS_Final/blob/main/Data/diem_chuan_2024_final.csv
VLU,7520301,Kỹ thuật hóa học,7520301,2024,https://github.com/HTNam1710/ADS_Final/blob/main/Data/diem_chuan_2024_final.csv
VLU,7540101,Công nghệ thực phẩm,7540101,2024,https://github.com/HTNam1710/ADS_Final/blob/main/Data/diem_chuan_2024_final.csv
VLU,7540101_CLC,Công nghệ thực phẩm,7540101,2024,https://github.com/HTNam1710/ADS_Final/blob/main/Data/diem_chuan_2024_final.csv
VLU,7540101_NB,Công nghệ thực phẩm,7540101,2024,https://github.com/HTNam1710/ADS_Final/blob/main/Data/diem_chuan_2024_final.csv
VLU,7640101,Thú y,7640101,2024,https://github.com/HTNam1710/ADS_Final/blob/main/Data/diem_chuan_2024_final.csv
VLU,7760101,Công tác xã hội,7760101,2024,https://github.com/HTNam1710/ADS_Final/blob/main/Data/diem_chuan_2024_final.csv
VLU,7810101,Du lịch,7810101,2024,https://github.com/HTNam1710/ADS_Final/blob/main/Data/diem_chuan_2024_final.csv
VLU,7810101_CLC,Du lịch,7810101,2024,https://github.com/HTNam1710/ADS_Final/blob/main/Data/diem_chuan_2024_final.csv
VLU,7810103,Quản trị dịch vụ du lịch và lữ hành,7810103,2024,https://github.com/HTNam1710/ADS_Final/blob/main/Data/diem_chuan_2024_final.csv
KTD,7210403,Thiết kế đồ họa,7210403,2024,https://github.com/HTNam1710/ADS_Final/blob/main/Data/diem_chuan_2024_final.csv
KTD,7220201,Ngôn ngữ Anh,7220201,2024,https://github.com/HTNam1710/ADS_Final/blob/main/Data/diem_chuan_2024_final.csv
KTD,7220204,Ngôn ngữ Trung Quốc,7220204,2024,https://github.com/HTNam1710/ADS_Final/blob/main/Data/diem_chuan_2024_final.csv
KTD,7340101,Quản trị kinh doanh,7340101,2024,https://github.com/HTNam1710/ADS_Final/blob/main/Data/diem_chuan_2024_final.csv
KTD,7340201,Tài chính - ngân hàng,7340201,2024,https://github.com/HTNam1710/ADS_Final/blob/main/Data/diem_chuan_2024_final.csv
KTD,7340301,Kế toán,7340301,2024,https://github.com/HTNam1710/ADS_Final/blob/main/Data/diem_chuan_2024_final.csv
KTD,7480201,Công nghệ thông tin,7480201,2024,https://github.com/HTNam1710/ADS_Final/blob/main/Data/diem_chuan_2024_final.csv
KTD,7510605,Logistic và quản lý chuỗi cung ứng,7510605,2024,https://github.com/HTNam1710/ADS_Final/blob/main/Data/diem_chuan_2024_final.csv
KTD,7580101,Kiến trúc,7580101,2024,https://github.com/HTNam1710/ADS_Final/blob/main/Data/diem_chuan_2024_final.csv
KTD,7580105,Quy hoạch vùng và đô thị,7580105,2024,https://github.com/HTNam1710/ADS_Final/blob/main/Data/diem_chuan_2024_final.csv
KTD,7580108,Thiết kế nội thất,7580108,2024,https://github.com/HTNam1710/ADS_Final/blob/main/Data/diem_chuan_2024_final.csv
KTD,7580201,Kỹ thuật xây dựng,7580201,2024,https://github.com/HTNam1710/ADS_Final/blob/main/Data/diem_chuan_2024_final.csv
KTD,7580205,Kỹ thuật xây dựng công trình giao thông,7580205,2024,https://github.com/HTNam1710/ADS_Final/blob/main/Data/diem_chuan_2024_final.csv
KTD,7580210,Kỹ thuật cơ sở hạ tầng,7580210,2024,https://github.com/HTNam1710/ADS_Final/blob/main/Data/diem_chuan_2024_final.csv
KTD,7580301,"Công nghệ kỹ thuật điện, điện tử",7580301,2024,https://github.com/HTNam1710/ADS_Final/blob/main/Data/diem_chuan_2024_final.csv
KTD,7580302,Quản lý xây dựng,7580302,2024,https://github.com/HTNam1710/ADS_Final/blob/main/Data/diem_chuan_2024_final.csv
KTD,7810103,Quản trị dịch vụ du lịch và lữ hành,7810103,2024,https://github.com/HTNam1710/ADS_Final/blob/main/Data/diem_chuan_2024_final.csv
KTD,7810201,Quản trị khách sạn,7810201,2024,https://github.com/HTNam1710/ADS_Final/blob/main/Data/diem_chuan_2024_final.csv
DQK,7210403,Thiết kế đồ họa,7210403,2024,https://github.com/HTNam1710/ADS_Final/blob/main/Data/diem_chuan_2024_final.csv
DQK,7220201,Ngôn ngữ Anh,7220201,2024,https://github.com/HTNam1710/ADS_Final/blob/main/Data/diem_chuan_2024_final.csv
DQK,7220202,Ngôn ngữ Nga,7220202,2024,https://github.com/HTNam1710/ADS_Final/blob/main/Data/diem_chuan_2024_final.csv
DQK,7220204,Ngôn ngữ Trung Quốc,7220204,2024,https://github.com/HTNam1710/ADS_Final/blob/main/Data/diem_chuan_2024_final.csv
DQK,7310101,Kinh tế,7310101,2024,https://github.com/HTNam1710/ADS_Final/blob/main/Data/diem_chuan_2024_final.csv
DQK,7310205,Quản lý nhà nước,7310205,2024,https://github.com/HTNam1710/ADS_Final/blob/main/Data/diem_chuan_2024_final.csv
DQK,7340101,Quản trị kinh doanh,7340101,2024,https://github.com/HTNam1710/ADS_Final/blob/main/Data/diem_chuan_2024_final.csv
DQK,7340120,Kinh doanh quốc tế,7340120,2024,https://github.com/HTNam1710/ADS_Final/blob/main/Data/diem_chuan_2024_final.csv
DQK,7340201,Tài chính - Ngân hàng,7340201,2024,https://github.com/HTNam1710/ADS_Final/blob/main/Data/diem_chuan_2024_final.csv
DQK,7340301,Kế toán,7340301,2024,https://github.com/HTNam1710/ADS_Final/blob/main/Data/diem_chuan_2024_final.csv
DQK,7380107,Luật kinh tế,7380107,2024,https://github.com/HTNam1710/ADS_Final/blob/main/Data/diem_chuan_2024_final.csv
DQK,7480201,Công nghệ thông tin,7480201,2024,https://github.com/HTNam1710/ADS_Final/blob/main/Data/diem_chuan_2024_final.csv
DQK,7510203,Công nghệ kỹ thuật cơ - điện tử,7510203,2024,https://github.com/HTNam1710/ADS_Final/blob/main/Data/diem_chuan_2024_final.csv
DQK,7510205,Công nghệ kỹ thuật ô tô,7510205,2024,https://github.com/HTNam1710/ADS_Final/blob/main/Data/diem_chuan_2024_final.csv
DQK,7510301,"Công nghệ kỹ thuật điện, điện tử",7510301,2024,https://github.com/HTNam1710/ADS_Final/blob/main/Data/diem_chuan_2024_final.csv
DQK,7510406,Công nghệ kỹ thuật môi trường,7510406,2024,https://github.com/HTNam1710/ADS_Final/blob/main/Data/diem_chuan_2024_final.csv
DQK,7580101,Kiến trúc,7580101,2024,https://github.com/HTNam1710/ADS_Final/blob/main/Data/diem_chuan_2024_final.csv
DQK,7580106,Quản lý đô thị và công trình,7580106,2024,https://github.com/HTNam1710/ADS_Final/blob/main/Data/diem_chuan_2024_final.csv
DQK,7580108,Thiết kế nội thất,7580108,2024,https://github.com/HTNam1710/ADS_Final/blob/main/Data/diem_chuan_2024_final.csv
DQK,7580201,Kỹ thuật xây dựng,7580201,2024,https://github.com/HTNam1710/ADS_Final/blob/main/Data/diem_chuan_2024_final.csv
DQK,7720101,Y Khoa,7720101,2024,https://github.com/HTNam1710/ADS_Final/blob/main/Data/diem_chuan_2024_final.csv
DQK,7720201,Dược học,7720201,2024,https://github.com/HTNam1710/ADS_Final/blob/main/Data/diem_chuan_2024_final.csv
DQK,7720301,Điều dưỡng,7720301,2024,https://github.com/HTNam1710/ADS_Final/blob/main/Data/diem_chuan_2024_final.csv
DQK,7720501,Răng - Hàm - Mặt,7720501,2024,https://github.com/HTNam1710/ADS_Final/blob/main/Data/diem_chuan_2024_final.csv
DQK,7810103,Quản trị dịch vụ du lịch và lữ hành,7810103,2024,https://github.com/HTNam1710/ADS_Final/blob/main/Data/diem_chuan_2024_final.csv
DQK,7850101,Quản lý tài nguyên và môi trường,7850101,2024,https://github.com/HTNam1710/ADS_Final/blob/main/Data/diem_chuan_2024_final.csv
DTK,7220201,Ngôn ngữ Anh,7220201,2024,https://github.com/HTNam1710/ADS_Final/blob/main/Data/diem_chuan_2024_final.csv
DTK,7480106,Kỹ thuật máy tính,7480106,2024,https://github.com/HTNam1710/ADS_Final/blob/main/Data/diem_chuan_2024_final.csv
DTK,7510201,Công nghệ kỹ thuật cơ khí,7510201,2024,https://github.com/HTNam1710/ADS_Final/blob/main/Data/diem_chuan_2024_final.csv
DTK,7510202,Công nghệ chế tạo máy,7510202,2024,https://github.com/HTNam1710/ADS_Final/blob/main/Data/diem_chuan_2024_final.csv
DTK,7510205,Công nghệ kỹ thuật ô tô,7510205,2024,https://github.com/HTNam1710/ADS_Final/blob/main/Data/diem_chuan_2024_final.csv
DTK,7510301,"Công nghệ kỹ thuật điện, điện tử",7510301,2024,https://github.com/HTNam1710/ADS_Final/blob/main/Data/diem_chuan_2024_final.csv
DTK,7510303,Công nghệ kỹ thuật điều khiển và tự động hóa,7510303,2024,https://github.com/HTNam1710/ADS_Final/blob/main/Data/diem_chuan_2024_final.csv
DTK,7510601,Quản lý công nghiệp (Chuyên ngành: Nghiệp vụ ngoại thương - Giảng dạy bằng tiếng Anh),7510601,2024,https://github.com/HTNam1710/ADS_Final/blob/main/Data/diem_chuan_2024_final.csv
DTK,7510604,Kinh tế công nghiệp,7510604,2024,https://github.com/HTNam1710/ADS_Final/blob/main/Data/diem_chuan_2024_final.csv
DTK,7520103,Kỹ thuật cơ khí,7520103,2024,https://github.com/HTNam1710/ADS_Final/blob/main/Data/diem_chuan_2024_final.csv
DTK,7520107,Kỹ thuật Robot,7520107,2024,https://github.com/HTNam1710/ADS_Final/blob/main/Data/diem_chuan_2024_final.csv
DTK,7520114,Kỹ thuật cơ điện tử,7520114,2024,https://github.com/HTNam1710/ADS_Final/blob/main/Data/diem_chuan_2024_final.csv
DTK,7520116,Kỹ thuật cơ khí động lực,7520116,2024,https://github.com/HTNam1710/ADS_Final/blob/main/Data/diem_chuan_2024_final.csv
DTK,7520201,Kỹ thuật điện,7520201,2024,https://github.com/HTNam1710/ADS_Final/blob/main/Data/diem_chuan_2024_final.csv
DTK,7520207,Kỹ thuật điện tử - viễn thông,7520207,2024,https://github.com/HTNam1710/ADS_Final/blob/main/Data/diem_chuan_2024_final.csv
DTK,7520216,Kỹ thuật điều khiển và tự động hoá,7520216,2024,https://github.com/HTNam1710/ADS_Final/blob/main/Data/diem_chuan_2024_final.csv
DTK,7520309,Kỹ thuật vật liệu,7520309,2024,https://github.com/HTNam1710/ADS_Final/blob/main/Data/diem_chuan_2024_final.csv
DTK,7520320,Kỹ thuật môi trường,7520320,2024,https://github.com/HTNam1710/ADS_Final/blob/main/Data/diem_chuan_2024_final.csv
DTK,7580101,Kiến trúc,7580101,2024,https://github.com/HTNam1710/ADS_Final/blob/main/Data/diem_chuan_2024_final.csv
DTK,7580201,Kỹ thuật xây dựng,7580201,2024,https://github.com/HTNam1710/ADS_Final/blob/main/Data/diem_chuan_2024_final.csv
DTK,7905218,Kỹ thuật cơ khí - Chương trình tiên tiến,7905218,2024,https://github.com/HTNam1710/ADS_Final/blob/main/Data/diem_chuan_2024_final.csv
DTK,7905228,Kỹ thuật điện - Chương trình tiên tiến,7905228,2024,https://github.com/HTNam1710/ADS_Final/blob/main/Data/diem_chuan_2024_final.csv
STS,7140206,Giáo dục thể chất,7140206,2024,https://github.com/HTNam1710/ADS_Final/blob/main/Data/diem_chuan_2024_final.csv
UKH,7220201,Ngôn ngữ Anh,7220201,2024,https://github.com/HTNam1710/ADS_Final/blob/main/Data/diem_chuan_2024_final.csv
UKH,7220201A,Ngôn ngữ Anh (Tiếng Anh du lịch),7220201,2024,https://github.com/HTNam1710/ADS_Final/blob/main/Data/diem_chuan_2024_final.csv
UKH,7229020,Ngôn ngữ học (Tiếng Trung Quốc),7229020,2024,https://github.com/HTNam1710/ADS_Final/blob/main/Data/diem_chuan_2024_final.csv
UKH,7229030,Văn học (Báo chí - Truyền thông),7229030,2024,https://github.com/HTNam1710/ADS_Final/blob/main/Data/diem_chuan_2024_final.csv
UKH,7229040,Văn hóa học (Văn hóa - Truyền thông),7229040,2024,https://github.com/HTNam1710/ADS_Final/blob/main/Data/diem_chuan_2024_final.csv
UKH,7310630A,Việt Nam học (Văn hoá Du lịch),7310630,2024,https://github.com/HTNam1710/ADS_Final/blob/main/Data/diem_chuan_2024_final.csv
UKH,7340101,Quản trị kinh doanh,7340101,2024,https://github.com/HTNam1710/ADS_Final/blob/main/Data/diem_chuan_2024_final.csv
UKH,7340101A,Quản trị kinh doanh (Quản lí Bán lẻ),7340101,2024,https://github.com/HTNam1710/ADS_Final/blob/main/Data/diem_chuan_2024_final.csv
UKH,7340101B,Quản trị kinh doanh (Marketing),7340101,2024,https://github.com/HTNam1710/ADS_Final/blob/main/Data/diem_chuan_2024_final.csv
UKH,7340101C,Quản trị kinh doanh (Nhà hàng và dịch vụ ăn uống),7340101,2024,https://github.com/HTNam1710/ADS_Final/blob/main/Data/diem_chuan_2024_final.csv
UKH,7420203A,Sinh học ứng dụng (Dược liệu),7420203,2024,https://github.com/HTNam1710/ADS_Final/blob/main/Data/diem_chuan_2024_final.csv
UKH,7440112,Hóa học (Hóa dược - Sản phẩm thiên nhiên),7440112,2024,https://github.com/HTNam1710/ADS_Final/blob/main/Data/diem_chuan_2024_final.csv
UKH,7810101,Du lịch,7810101,2024,https://github.com/HTNam1710/ADS_Final/blob/main/Data/diem_chuan_2024_final.csv
UKH,7810103,Quản trị dịch vụ du lịch và lữ hành,7810103,2024,https://github.com/HTNam1710/ADS_Final/blob/main/Data/diem_chuan_2024_final.csv
UKH,7810201,Quản trị khách sạn,7810201,2024,https://github.com/HTNam1710/ADS_Final/blob/main/Data/diem_chuan_2024_final.csv
DSK,7140214,Sư phạm Kỹ thuật công nghiệp (chuyên ngành Công nghệ thông tin),7140214,2024,https://github.com/HTNam1710/ADS_Final/blob/main/Data/diem_chuan_2024_final.csv
DSK,7480201,Công nghệ thông tin,7480201,2024,https://github.com/HTNam1710/ADS_Final/blob/main/Data/diem_chuan_2024_final.csv
DSK,7510101,Công nghệ kỹ thuật kiến trúc,7510101,2024,https://github.com/HTNam1710/ADS_Final/blob/main/Data/diem_chuan_2024_final.csv
DSK,7510103,Công nghệ kỹ thuật xây dựng (chuyên ngành Xây dựng dân dụng và Công nghiệp),7510103,2024,https://github.com/HTNam1710/ADS_Final/blob/main/Data/diem_chuan_2024_final.csv
DSK,7510104,Công nghệ kỹ thuật giao thông (chuyên ngành Xây dựng cầu đường),7510104,2024,https://github.com/HTNam1710/ADS_Final/blob/main/Data/diem_chuan_2024_final.csv
DSK,7510201,Công nghệ kỹ thuật cơ khí (chuyên ngành Cơ khí chế tạo),7510201,2024,https://github.com/HTNam1710/ADS_Final/blob/main/Data/diem_chuan_2024_final.csv
DSK,7510203,Công nghệ kỹ thuật cơ điện tử,7510203,2024,https://github.com/HTNam1710/ADS_Final/blob/main/Data/diem_chuan_2024_final.csv
DSK,7510205,Công nghệ kỹ thuật ô tô,7510205,2024,https://github.com/HTNam1710/ADS_Final/blob/main/Data/diem_chuan_2024_final.csv
DSK,7510205A,Công nghệ kỹ thuật ô tô (chuyên ngành Ô tô điện),7510205,2024,https://github.com/HTNam1710/ADS_Final/blob/main/Data/diem_chuan_2024_final.csv
DSK,7510205KT,Công nghệ kỹ thuật ô tô (đào tạo 2 năm đầu tại Kon Tum),7510205,2024,https://github.com/HTNam1710/ADS_Final/blob/main/Data/diem_chuan_2024_final.csv
DSK,7510206,Công nghệ kỹ thuật nhiệt (chuyên ngành Nhiệt - Điện lạnh),7510206,2024,https://github.com/HTNam1710/ADS_Final/blob/main/Data/diem_chuan_2024_final.csv
DSK,7510301A,"Công nghệ kỹ thuật điện, điện tử (chuyên ngành Công nghệ kỹ thuật điện tử)",7510301,2024,https://github.com/HTNam1710/ADS_Final/blob/main/Data/diem_chuan_2024_final.csv
DSK,7510301B,"Công nghệ kỹ thuật điện, điện tử (chuyên ngành Công nghệ kỹ thuật điện)",7510301,2024,https://github.com/HTNam1710/ADS_Final/blob/main/Data/diem_chuan_2024_final.csv
DSK,7510302,Công nghệ kỹ thuật điện tử - viễn thông,7510302,2024,https://github.com/HTNam1710/ADS_Final/blob/main/Data/diem_chuan_2024_final.csv
DSK,7510302A,Công nghệ kỹ thuật điện tử - viễn thông (chuyên ngành Thiết kế vi mạch bán dẫn),7510302,2024,https://github.com/HTNam1710/ADS_Final/blob/main/Data/diem_chuan_2024_final.csv
DSK,7510303,Công nghệ kỹ thuật điều khiển và tự động hóa,7510303,2024,https://github.com/HTNam1710/ADS_Final/blob/main/Data/diem_chuan_2024_final.csv
DSK,7510303KT,Công nghệ kỹ thuật điều khiển và tự động hóa (đào tạo 2 năm đầu tại Kon Tum),7510303,2024,https://github.com/HTNam1710/ADS_Final/blob/main/Data/diem_chuan_2024_final.csv
DSK,7510401,Công nghệ kỹ thuật hóa học,7510401,2024,https://github.com/HTNam1710/ADS_Final/blob/main/Data/diem_chuan_2024_final.csv
DSK,7510402,Công nghệ vật liệu (chuyên ngành Hóa học Vật liệu mới),7510402,2024,https://github.com/HTNam1710/ADS_Final/blob/main/Data/diem_chuan_2024_final.csv
DSK,7510406,Công nghệ kỹ thuật môi trường,7510406,2024,https://github.com/HTNam1710/ADS_Final/blob/main/Data/diem_chuan_2024_final.csv
DSK,7540102,Kỹ thuật thực phẩm,7540102,2024,https://github.com/HTNam1710/ADS_Final/blob/main/Data/diem_chuan_2024_final.csv
DSK,7540102A,Kỹ thuật thực phẩm (chuyên ngành Kỹ thuật sinh học thực phẩm),7540102,2024,https://github.com/HTNam1710/ADS_Final/blob/main/Data/diem_chuan_2024_final.csv
DSK,7580210,Kỹ thuật cơ sở hạ tầng (chuyên ngành Xây dựng hạ tầng đô thị),7580210,2024,https://github.com/HTNam1710/ADS_Final/blob/main/Data/diem_chuan_2024_final.csv
NHB,ACT02,Kế toán,,2024,https://github.com/HTNam1710/ADS_Final/blob/main/Data/diem_chuan_2024_final.csv
NHB,BANK02,Ngân hàng,,2024,https://github.com/HTNam1710/ADS_Final/blob/main/Data/diem_chuan_2024_final.csv
NHB,FIN02,Tài chính,,2024,https://github.com/HTNam1710/ADS_Final/blob/main/Data/diem_chuan_2024_final.csv
DHI,7310206,Quan hệ Quốc tế,7310206,2024,https://github.com/HTNam1710/ADS_Final/blob/main/Data/diem_chuan_2024_final.csv
DHI,7320104,Truyền thông đa phương tiện,7320104,2024,https://github.com/HTNam1710/ADS_Final/blob/main/Data/diem_chuan_2024_final.csv
DHI,7850102,Kinh tế tài nguyên thiên nhiên,7850102,2024,https://github.com/HTNam1710/ADS_Final/blob/main/Data/diem_chuan_2024_final.csv
CMC,BA,Quản trị Kinh doanh,,2024,https://github.com/HTNam1710/ADS_Final/blob/main/Data/diem_chuan_2024_final.csv
CMC,CS,Khoa học Máy tính,,2024,https://github.com/HTNam1710/ADS_Final/blob/main/Data/diem_chuan_2024_final.csv
CMC,EC,Công nghệ kỹ thuật Điện tử - Viễn thông,,2024,https://github.com/HTNam1710/ADS_Final/blob/main/Data/diem_chuan_2024_final.csv
CMC,GD,Thiết kế Đồ hoạ,,2024,https://github.com/HTNam1710/ADS_Final/blob/main/Data/diem_chuan_2024_final.csv
CMC,IT,Công nghệ Thông tin,,2024,https://github.com/HTNam1710/ADS_Final/blob/main/Data/diem_chuan_2024_final.csv
CMC,IT-VJ,Công nghệ Thông tin Việt - Nhật (ngành Công nghệ Thông tin),,2024,https://github.com/HTNam1710/ADS_Final/blob/main/Data/diem_chuan_2024_final.csv
CMC,IT-VK,Công nghệ Thông tin Việt - Hàn (ngành Công nghệ Thông tin),,2024,https://github.com/HTNam1710/ADS_Final/blob/main/Data/diem_chuan_2024_final.csv
CMC,JL,Ngôn ngữ Nhật,,2024,https://github.com/HTNam1710/ADS_Final/blob/main/Data/diem_chuan_2024_final.csv
CMC,KL,Ngôn ngữ Hàn Quốc,,2024,https://github.com/HTNam1710/ADS_Final/blob/main/Data/diem_chuan_2024_final.csv
CMC,MK,Marketing,,2024,https://github.com/HTNam1710/ADS_Final/blob/main/Data/diem_chuan_2024_final.csv
NTT,7140103,Công nghệ giáo dục,7140103,2024,https://github.com/HTNam1710/ADS_Final/blob/main/Data/diem_chuan_2024_final.csv
NTT,7210205,Thanh Nhạc,7210205,2024,https://github.com/HTNam1710/ADS_Final/blob/main/Data/diem_chuan_2024_final.csv
NTT,7210208,Piano,7210208,2024,https://github.com/HTNam1710/ADS_Final/blob/main/Data/diem_chuan_2024_final.csv
NTT,7210234,"Diễn viên kịch, điện ảnh-truyền hình",7210234,2024,https://github.com/HTNam1710/ADS_Final/blob/main/Data/diem_chuan_2024_final.csv
NTT,7210403,Thiết kế đồ họa,7210403,2024,https://github.com/HTNam1710/ADS_Final/blob/main/Data/diem_chuan_2024_final.csv
NTT,7210404,Thiết kế thời trang,7210404,2024,https://github.com/HTNam1710/ADS_Final/blob/main/Data/diem_chuan_2024_final.csv
NTT,7220201,Ngôn ngữ Anh,7220201,2024,https://github.com/HTNam1710/ADS_Final/blob/main/Data/diem_chuan_2024_final.csv
NTT,7220204,Ngôn ngữ Trung Quốc,7220204,2024,https://github.com/HTNam1710/ADS_Final/blob/main/Data/diem_chuan_2024_final.csv
NTT,7310206,Quan hệ quốc tế,7310206,2024,https://github.com/HTNam1710/ADS_Final/blob/main/Data/diem_chuan_2024_final.csv
NTT,7310401,Tâm lý học,7310401,2024,https://github.com/HTNam1710/ADS_Final/blob/main/Data/diem_chuan_2024_final.csv
NTT,7310608,Đông Phương học,7310608,2024,https://github.com/HTNam1710/ADS_Final/blob/main/Data/diem_chuan_2024_final.csv
NTT,7310630,Việt Nam học,7310630,2024,https://github.com/HTNam1710/ADS_Final/blob/main/Data/diem_chuan_2024_final.csv
NTT,7320104,Truyền thông đa phương tiện,7320104,2024,https://github.com/HTNam1710/ADS_Final/blob/main/Data/diem_chuan_2024_final.csv
NTT,7320108,Quan hệ công chúng,7320108,2024,https://github.com/HTNam1710/ADS_Final/blob/main/Data/diem_chuan_2024_final.csv
NTT,7340101,Quản trị kinh doanh,7340101,2024,https://github.com/HTNam1710/ADS_Final/blob/main/Data/diem_chuan_2024_final.csv
NTT,7340101_DNCN,Quản trị kinh doanh (Quản trị doanh nghiệp và công nghệ),7340101,2024,https://github.com/HTNam1710/ADS_Final/blob/main/Data/diem_chuan_2024_final.csv
NTT,7340101_KDST,Quản trị kinh doanh (Kinh doanh sáng tạo),7340101,2024,https://github.com/HTNam1710/ADS_Final/blob/main/Data/diem_chuan_2024_final.csv
NTT,7340101_KDTP,Quản trị kinh doanh thực phẩm,7340101,2024,https://github.com/HTNam1710/ADS_Final/blob/main/Data/diem_chuan_2024_final.csv
NTT,7340115,Marketing,7340115,2024,https://github.com/HTNam1710/ADS_Final/blob/main/Data/diem_chuan_2024_final.csv
NTT,7340115_DM,Marketing (Marketing số và truyền thông xã hội),7340115,2024,https://github.com/HTNam1710/ADS_Final/blob/main/Data/diem_chuan_2024_final.csv
NTT,7340120,Kinh doanh quốc tế,7340120,2024,https://github.com/HTNam1710/ADS_Final/blob/main/Data/diem_chuan_2024_final.csv
NTT,7340122,Thương mại điện tử,7340122,2024,https://github.com/HTNam1710/ADS_Final/blob/main/Data/diem_chuan_2024_final.csv
NTT,7340201,Tài chính ngân hàng,7340201,2024,https://github.com/HTNam1710/ADS_Final/blob/main/Data/diem_chuan_2024_final.csv
NTT,7340301,Kế toán,7340301,2024,https://github.com/HTNam1710/ADS_Final/blob/main/Data/diem_chuan_2024_final.csv
NTT,7340404,Quản trị Nhân lực,7340404,2024,https://github.com/HTNam1710/ADS_Final/blob/main/Data/diem_chuan_2024_final.csv
NTT,7380101,Luật,7380101,2024,https://github.com/HTNam1710/ADS_Final/blob/main/Data/diem_chuan_2024_final.csv
NTT,7380107,Luật Kinh tế,7380107,2024,https://github.com/HTNam1710/ADS_Final/blob/main/Data/diem_chuan_2024_final.csv
NTT,7420201,Công nghệ sinh học,7420201,2024,https://github.com/HTNam1710/ADS_Final/blob/main/Data/diem_chuan_2024_final.csv
NTT,7440122,Khoa học vật liệu (Vật liệu tiên tiến và Công nghệ nano),7440122,2024,https://github.com/HTNam1710/ADS_Final/blob/main/Data/diem_chuan_2024_final.csv
NTT,7460108,Khoa học dữ liệu,7460108,2024,https://github.com/HTNam1710/ADS_Final/blob/main/Data/diem_chuan_2024_final.csv
NTT,7480102,Mạng máy tính và truyền thông dữ liệu,7480102,2024,https://github.com/HTNam1710/ADS_Final/blob/main/Data/diem_chuan_2024_final.csv
NTT,7480103,Kỹ thuật phần mềm,7480103,2024,https://github.com/HTNam1710/ADS_Final/blob/main/Data/diem_chuan_2024_final.csv
NTT,7480107,Trí tuệ nhân tạo,7480107,2024,https://github.com/HTNam1710/ADS_Final/blob/main/Data/diem_chuan_2024_final.csv
NTT,7480201,Công nghệ thông tin,7480201,2024,https://github.com/HTNam1710/ADS_Final/blob/main/Data/diem_chuan_2024_final.csv
NTT,7480201_CNST,Công nghệ thông tin (Công nghệ và Đổi mới sáng tạo),7480201,2024,https://github.com/HTNam1710/ADS_Final/blob/main/Data/diem_chuan_2024_final.csv
NTT,7480201_DLMT,Công nghệ thông tin và dữ liệu Tài nguyên môi trường,7480201,2024,https://github.com/HTNam1710/ADS_Final/blob/main/Data/diem_chuan_2024_final.csv
NTT,7510203,Công nghệ kỹ thuật cơ điện tử,7510203,2024,https://github.com/HTNam1710/ADS_Final/blob/main/Data/diem_chuan_2024_final.csv
NTT,7510205,Công nghệ kỹ thuật Ô tô,7510205,2024,https://github.com/HTNam1710/ADS_Final/blob/main/Data/diem_chuan_2024_final.csv
NTT,7510301,"Kỹ thuật điện, điện tử",7510301,2024,https://github.com/HTNam1710/ADS_Final/blob/main/Data/diem_chuan_2024_final.csv
NTT,7510401,Công nghệ kỹ thuật Hóa học,7510401,2024,https://github.com/HTNam1710/ADS_Final/blob/main/Data/diem_chuan_2024_final.csv
NTT,7510605,Logistic và quản lý chuỗi cung ứng,7510605,2024,https://github.com/HTNam1710/ADS_Final/blob/main/Data/diem_chuan_2024_final.csv
NTT,7520212,Kỹ thuật Y sinh,7520212,2024,https://github.com/HTNam1710/ADS_Final/blob/main/Data/diem_chuan_2024_final.csv
NTT,7520403,Vật lý y khoa,7520403,2024,https://github.com/HTNam1710/ADS_Final/blob/main/Data/diem_chuan_2024_final.csv
NTT,7540101,Công nghệ thực phẩm,7540101,2024,https://github.com/HTNam1710/ADS_Final/blob/main/Data/diem_chuan_2024_final.csv
NTT,7580101,Kiến trúc,7580101,2024,https://github.com/HTNam1710/ADS_Final/blob/main/Data/diem_chuan_2024_final.csv
NTT,7580108,Thiết kế Nội thất,7580108,2024,https://github.com/HTNam1710/ADS_Final/blob/main/Data/diem_chuan_2024_final.csv
NTT,7580201,Kỹ thuật xây dựng,7580201,2024,https://github.com/HTNam1710/ADS_Final/blob/main/Data/diem_chuan_2024_final.csv
NTT,7580205,Kỹ thuật xây dựng công trình giao thông,7580205,2024,https://github.com/HTNam1710/ADS_Final/blob/main/Data/diem_chuan_2024_final.csv
NTT,7640101,Thú y,7640101,2024,https://github.com/HTNam1710/ADS_Final/blob/main/Data/diem_chuan_2024_final.csv
NTT,7720101,Y khoa,7720101,2024,https://github.com/HTNam1710/ADS_Final/blob/main/Data/diem_chuan_2024_final.csv
NTT,7720110,Y học dự phòng,7720110,2024,https://github.com/HTNam1710/ADS_Final/blob/main/Data/diem_chuan_2024_final.csv
NTT,7720115,Y học cổ truyền,7720115,2024,https://github.com/HTNam1710/ADS_Final/blob/main/Data/diem_chuan_2024_final.csv
NTT,7720201,Dược học,7720201,2024,https://github.com/HTNam1710/ADS_Final/blob/main/Data/diem_chuan_2024_final.csv
NTT,7720203,Hóa Dược,7720203,2024,https://github.com/HTNam1710/ADS_Final/blob/main/Data/diem_chuan_2024_final.csv
NTT,7720301,Diều dưỡng,7720301,2024,https://github.com/HTNam1710/ADS_Final/blob/main/Data/diem_chuan_2024_final.csv
NTT,7720501,Răng - Hàm - Mặt,7720501,2024,https://github.com/HTNam1710/ADS_Final/blob/main/Data/diem_chuan_2024_final.csv
NTT,7720601,Kỹ thuật xét nghiệm y học,7720601,2024,https://github.com/HTNam1710/ADS_Final/blob/main/Data/diem_chuan_2024_final.csv
NTT,7720603,Kỹ thuật phục hồi chức năng,7720603,2024,https://github.com/HTNam1710/ADS_Final/blob/main/Data/diem_chuan_2024_final.csv
NTT,7720802,Quản lý bệnh viện,7720802,2024,https://github.com/HTNam1710/ADS_Final/blob/main/Data/diem_chuan_2024_final.csv
NTT,7810101,Du lịch,7810101,2024,https://github.com/HTNam1710/ADS_Final/blob/main/Data/diem_chuan_2024_final.csv
NTT,7810201,Quản trị khách sạn,7810201,2024,https://github.com/HTNam1710/ADS_Final/blob/main/Data/diem_chuan_2024_final.csv
NTT,7810202,Quản trị nhà hàng và dịch vụ ăn uống,7810202,2024,https://github.com/HTNam1710/ADS_Final/blob/main/Data/diem_chuan_2024_final.csv
NTT,7850101,Quản lý tài nguyên và môi trường,7850101,2024,https://github.com/HTNam1710/ADS_Final/blob/main/Data/diem_chuan_2024_final.csv
DHK,7310101,Kinh tế,7310101,2024,https://github.com/HTNam1710/ADS_Final/blob/main/Data/diem_chuan_2024_final.csv
DHK,7310101TA,Kinh tế (ĐT bằng Tiếng Anh),7310101,2024,https://github.com/HTNam1710/ADS_Final/blob/main/Data/diem_chuan_2024_final.csv
DHK,7310102,Kinh tế chính trị,7310102,2024,https://github.com/HTNam1710/ADS_Final/blob/main/Data/diem_chuan_2024_final.csv
DHK,7310106,Kinh tế quốc tế,7310106,2024,https://github.com/HTNam1710/ADS_Final/blob/main/Data/diem_chuan_2024_final.csv
DHK,7310107,Thống kê kinh tế,7310107,2024,https://github.com/HTNam1710/ADS_Final/blob/main/Data/diem_chuan_2024_final.csv
DHK,7310109,Kinh tế số,7310109,2024,https://github.com/HTNam1710/ADS_Final/blob/main/Data/diem_chuan_2024_final.csv
DHK,7340101,Quản trị kinh doanh,7340101,2024,https://github.com/HTNam1710/ADS_Final/blob/main/Data/diem_chuan_2024_final.csv
DHK,7340101TA,Quản trị kinh doanh (đào tạo bằng tiếng Anh),7340101,2024,https://github.com/HTNam1710/ADS_Final/blob/main/Data/diem_chuan_2024_final.csv
DHK,7340115,Marketing,7340115,2024,https://github.com/HTNam1710/ADS_Final/blob/main/Data/diem_chuan_2024_final.csv
DHK,7340121,Kinh doanh thương mại,7340121,2024,https://github.com/HTNam1710/ADS_Final/blob/main/Data/diem_chuan_2024_final.csv
DHK,7340122,Thương mại điện tử,7340122,2024,https://github.com/HTNam1710/ADS_Final/blob/main/Data/diem_chuan_2024_final.csv
DHK,7340201,Tài chính - Ngân hàng,7340201,2024,https://github.com/HTNam1710/ADS_Final/blob/main/Data/diem_chuan_2024_final.csv
DHK,7340301,Kế toán,7340301,2024,https://github.com/HTNam1710/ADS_Final/blob/main/Data/diem_chuan_2024_final.csv
DHK,7340301TA,Kế toán (đào tạo bằng Tiếng Anh),7340301,2024,https://github.com/HTNam1710/ADS_Final/blob/main/Data/diem_chuan_2024_final.csv
DHK,7340302,Kiểm toán,7340302,2024,https://github.com/HTNam1710/ADS_Final/blob/main/Data/diem_chuan_2024_final.csv
DHK,7340404,Quản trị nhân lực,7340404,2024,https://github.com/HTNam1710/ADS_Final/blob/main/Data/diem_chuan_2024_final.csv
DHK,7340405,Hệ thống thông tin quản lý,7340405,2024,https://github.com/HTNam1710/ADS_Final/blob/main/Data/diem_chuan_2024_final.csv
DHK,7349001,Tài chính - Ngân hàng (Liên kết),7349001,2024,https://github.com/HTNam1710/ADS_Final/blob/main/Data/diem_chuan_2024_final.csv
DHK,7510605,Logistics và Quản lý chuỗi cung ứng,7510605,2024,https://github.com/HTNam1710/ADS_Final/blob/main/Data/diem_chuan_2024_final.csv
DHK,7620115,Kinh tế nông nghiệp,7620115,2024,https://github.com/HTNam1710/ADS_Final/blob/main/Data/diem_chuan_2024_final.csv
DHK,7903124,Song ngành Kinh tế - Tài chính (CT tiên tiến),7903124,2024,https://github.com/HTNam1710/ADS_Final/blob/main/Data/diem_chuan_2024_final.csv
DHD,7340101,Quản trị kinh doanh,7340101,2024,https://github.com/HTNam1710/ADS_Final/blob/main/Data/diem_chuan_2024_final.csv
DHD,7810101,Du lịch,7810101,2024,https://github.com/HTNam1710/ADS_Final/blob/main/Data/diem_chuan_2024_final.csv
DHD,7810102,Du lịch điện tử,7810102,2024,https://github.com/HTNam1710/ADS_Final/blob/main/Data/diem_chuan_2024_final.csv
DHD,7810103,Quản trị dịch vụ du lịch và lữ hành,7810103,2024,https://github.com/HTNam1710/ADS_Final/blob/main/Data/diem_chuan_2024_final.csv
DHD,7810104,Quản trị du lịch và khách sạn,7810104,2024,https://github.com/HTNam1710/ADS_Final/blob/main/Data/diem_chuan_2024_final.csv
DHD,7810201,Quản trị khách sạn,7810201,2024,https://github.com/HTNam1710/ADS_Final/blob/main/Data/diem_chuan_2024_final.csv
DHD,7810202,Quản trị nhà hàng và dịch vụ ăn uống,7810202,2024,https://github.com/HTNam1710/ADS_Final/blob/main/Data/diem_chuan_2024_final.csv
KGH,6510304,Kỹ thuật hàng không,,2024,https://github.com/HTNam1710/ADS_Final/blob/main/Data/diem_chuan_2024_final.csv
KGH,7860203,Chỉ huy tham mưu không quân (Phi công quân sự),7860203,2024,https://github.com/HTNam1710/ADS_Final/blob/main/Data/diem_chuan_2024_final.csv
DTC,7210403,Thiết kế đồ họa,7210403,2024,https://github.com/HTNam1710/ADS_Final/blob/main/Data/diem_chuan_2024_final.csv
DTC,7310109,Quản trị kinh doanh số,7310109,2024,https://github.com/HTNam1710/ADS_Final/blob/main/Data/diem_chuan_2024_final.csv
DTC,7320104,Truyền thông đa phương tiện,7320104,2024,https://github.com/HTNam1710/ADS_Final/blob/main/Data/diem_chuan_2024_final.csv
DTC,7320106,Công nghệ truyền thông,7320106,2024,https://github.com/HTNam1710/ADS_Final/blob/main/Data/diem_chuan_2024_final.csv
DTC,7340122,Thương mại điện tử,7340122,2024,https://github.com/HTNam1710/ADS_Final/blob/main/Data/diem_chuan_2024_final.csv
DTC,7340122_TD,Marketing số,7340122,2024,https://github.com/HTNam1710/ADS_Final/blob/main/Data/diem_chuan_2024_final.csv
DTC,7340405,Quản lý logistics và chuỗi cung ứng,7340405,2024,https://github.com/HTNam1710/ADS_Final/blob/main/Data/diem_chuan_2024_final.csv
DTC,7340406,Quản trị văn phòng,7340406,2024,https://github.com/HTNam1710/ADS_Final/blob/main/Data/diem_chuan_2024_final.csv
DTC,7480101,Khoa học máy tính (AI & Big Data),7480101,2024,https://github.com/HTNam1710/ADS_Final/blob/main/Data/diem_chuan_2024_final.csv
DTC,7480102,Mạng máy tính và truyền thông dữ liệu,7480102,2024,https://github.com/HTNam1710/ADS_Final/blob/main/Data/diem_chuan_2024_final.csv
DTC,7480103_KNU,Kỹ thuật phần mềm liên kết quốc tế - KNU,7480103,2024,https://github.com/HTNam1710/ADS_Final/blob/main/Data/diem_chuan_2024_final.csv
DTC,7480104,Hệ thống thông tin,7480104,2024,https://github.com/HTNam1710/ADS_Final/blob/main/Data/diem_chuan_2024_final.csv
DTC,7480108,Kỹ thuật máy tính,7480108,2024,https://github.com/HTNam1710/ADS_Final/blob/main/Data/diem_chuan_2024_final.csv
DTC,7480201,Công nghệ thông tin,7480201,2024,https://github.com/HTNam1710/ADS_Final/blob/main/Data/diem_chuan_2024_final.csv
DTC,7480201_CLC,Công nghệ thông tin trọng điểm (CLC),7480201,2024,https://github.com/HTNam1710/ADS_Final/blob/main/Data/diem_chuan_2024_final.csv
DTC,7480201_QT,Công nghệ thông tin quốc tế,7480201,2024,https://github.com/HTNam1710/ADS_Final/blob/main/Data/diem_chuan_2024_final.csv
DTC,7480202,An toàn thông tin,7480202,2024,https://github.com/HTNam1710/ADS_Final/blob/main/Data/diem_chuan_2024_final.csv
DTC,7510212,Công nghệ ô tô,7510212,2024,https://github.com/HTNam1710/ADS_Final/blob/main/Data/diem_chuan_2024_final.csv
DTC,7510301,"Kỹ thuật điện, điện tử",7510301,2024,https://github.com/HTNam1710/ADS_Final/blob/main/Data/diem_chuan_2024_final.csv
DTC,7510302,Điện tử - viễn thông,7510302,2024,https://github.com/HTNam1710/ADS_Final/blob/main/Data/diem_chuan_2024_final.csv
DTC,7510302_V,Vi mạch bán dẫn,7510302,2024,https://github.com/HTNam1710/ADS_Final/blob/main/Data/diem_chuan_2024_final.csv
DTC,7510303,Tự động hóa,7510303,2024,https://github.com/HTNam1710/ADS_Final/blob/main/Data/diem_chuan_2024_final.csv
DTC,7520119,Cơ điện tử,7520119,2024,https://github.com/HTNam1710/ADS_Final/blob/main/Data/diem_chuan_2024_final.csv
HGH,7860229,Ngành Chỉ huy Kỹ thuật hóa học,7860229,2024,https://github.com/HTNam1710/ADS_Final/blob/main/Data/diem_chuan_2024_final.csv
TGH,7860206,Ngành Chỉ huy tham mưu Tăng Thiết giáp,7860206,2024,https://github.com/HTNam1710/ADS_Final/blob/main/Data/diem_chuan_2024_final.csv
HVQ,7140101,Giáo dục học,7140101,2024,https://github.com/HTNam1710/ADS_Final/blob/main/Data/diem_chuan_2024_final.csv
HVQ,7140114,Quản lý giáo dục,7140114,2024,https://github.com/HTNam1710/ADS_Final/blob/main/Data/diem_chuan_2024_final.csv
HVQ,7220201,Ngôn ngữ Anh,7220201,2024,https://github.com/HTNam1710/ADS_Final/blob/main/Data/diem_chuan_2024_final.csv
HVQ,7310101,Kinh tế,7310101,2024,https://github.com/HTNam1710/ADS_Final/blob/main/Data/diem_chuan_2024_final.csv
HVQ,7310403,Tâm lý học giáo dục,7310403,2024,https://github.com/HTNam1710/ADS_Final/blob/main/Data/diem_chuan_2024_final.csv
HVQ,7340101,Quản trị văn phòng,7340101,2024,https://github.com/HTNam1710/ADS_Final/blob/main/Data/diem_chuan_2024_final.csv
DDT,7210403,Thiết kế đồ họa,7210403,2024,https://github.com/HTNam1710/ADS_Final/blob/main/Data/diem_chuan_2024_final.csv
DDT,7210404,Thiết kế thời trang,7210404,2024,https://github.com/HTNam1710/ADS_Final/blob/main/Data/diem_chuan_2024_final.csv
DDT,7220201,Ngôn ngữ Anh,7220201,2024,https://github.com/HTNam1710/ADS_Final/blob/main/Data/diem_chuan_2024_final.csv
DDT,7220204,Ngôn ngữ Trung Quốc,7220204,2024,https://github.com/HTNam1710/ADS_Final/blob/main/Data/diem_chuan_2024_final.csv
DDT,7220209,Ngôn ngữ Nhật,7220209,2024,https://github.com/HTNam1710/ADS_Final/blob/main/Data/diem_chuan_2024_final.csv
DDT,7220210,Ngôn ngữ Hàn Quốc,7220210,2024,https://github.com/HTNam1710/ADS_Final/blob/main/Data/diem_chuan_2024_final.csv
DDT,7229030,Văn học,7229030,2024,https://github.com/HTNam1710/ADS_Final/blob/main/Data/diem_chuan_2024_final.csv
DDT,7310104,Kinh tế đầu tư,7310104,2024,https://github.com/HTNam1710/ADS_Final/blob/main/Data/diem_chuan_2024_final.csv
DDT,7310206,Quan hệ quốc tế,7310206,2024,https://github.com/HTNam1710/ADS_Final/blob/main/Data/diem_chuan_2024_final.csv
DDT,7310630,Việt Nam học,7310630,2024,https://github.com/HTNam1710/ADS_Final/blob/main/Data/diem_chuan_2024_final.csv
DDT,7320104,Truyền thông đa phương tiện,7320104,2024,https://github.com/HTNam1710/ADS_Final/blob/main/Data/diem_chuan_2024_final.csv
DDT,7320108,Quan hệ công chúng,7320108,2024,https://github.com/HTNam1710/ADS_Final/blob/main/Data/diem_chuan_2024_final.csv
DDT,7340101,Quản trị kinh doanh,7340101,2024,https://github.com/HTNam1710/ADS_Final/blob/main/Data/diem_chuan_2024_final.csv
DDT,7340115,Marketing,7340115,2024,https://github.com/HTNam1710/ADS_Final/blob/main/Data/diem_chuan_2024_final.csv
DDT,7340121,Kinh doanh thương mại,7340121,2024,https://github.com/HTNam1710/ADS_Final/blob/main/Data/diem_chuan_2024_final.csv
DDT,7340122,Thương mại điện tử,7340122,2024,https://github.com/HTNam1710/ADS_Final/blob/main/Data/diem_chuan_2024_final.csv
DDT,7340201,Tài chính - Ngân hàng,7340201,2024,https://github.com/HTNam1710/ADS_Final/blob/main/Data/diem_chuan_2024_final.csv
DDT,7340301,Kế toán,7340301,2024,https://github.com/HTNam1710/ADS_Final/blob/main/Data/diem_chuan_2024_final.csv
DDT,7340302,Kiểm toán,7340302,2024,https://github.com/HTNam1710/ADS_Final/blob/main/Data/diem_chuan_2024_final.csv
DDT,7340404,Quản trị nhân lực,7340404,2024,https://github.com/HTNam1710/ADS_Final/blob/main/Data/diem_chuan_2024_final.csv
DDT,7340405,Hệ thống thông tin quản lý,7340405,2024,https://github.com/HTNam1710/ADS_Final/blob/main/Data/diem_chuan_2024_final.csv
DDT,7340412,Quản trị sự kiện,7340412,2024,https://github.com/HTNam1710/ADS_Final/blob/main/Data/diem_chuan_2024_final.csv
DDT,7380101,Luật,7380101,2024,https://github.com/HTNam1710/ADS_Final/blob/main/Data/diem_chuan_2024_final.csv
DDT,7380107,Luật kinh tế,7380107,2024,https://github.com/HTNam1710/ADS_Final/blob/main/Data/diem_chuan_2024_final.csv
DDT,7420201,Công nghệ sinh học,7420201,2024,https://github.com/HTNam1710/ADS_Final/blob/main/Data/diem_chuan_2024_final.csv
DDT,7460108,Khoa học dữ liệu,7460108,2024,https://github.com/HTNam1710/ADS_Final/blob/main/Data/diem_chuan_2024_final.csv
DDT,7480101,Khoa học máy tính,7480101,2024,https://github.com/HTNam1710/ADS_Final/blob/main/Data/diem_chuan_2024_final.csv
DDT,7480102,Mạng Máy tính và Truyền thông Dữ liệu,7480102,2024,https://github.com/HTNam1710/ADS_Final/blob/main/Data/diem_chuan_2024_final.csv
DDT,7480103,Kỹ thuật phần mềm,7480103,2024,https://github.com/HTNam1710/ADS_Final/blob/main/Data/diem_chuan_2024_final.csv
DDT,7480107,Trí tuệ Nhân tạo,7480107,2024,https://github.com/HTNam1710/ADS_Final/blob/main/Data/diem_chuan_2024_final.csv
DDT,7480202,An toàn Thông tin,7480202,2024,https://github.com/HTNam1710/ADS_Final/blob/main/Data/diem_chuan_2024_final.csv
DDT,7510102,Công nghệ kỹ thuật Công trình xây dựng,7510102,2024,https://github.com/HTNam1710/ADS_Final/blob/main/Data/diem_chuan_2024_final.csv
DDT,7510205,Công nghệ kỹ thuật ô tô,7510205,2024,https://github.com/HTNam1710/ADS_Final/blob/main/Data/diem_chuan_2024_final.csv
DDT,7510301,"Công nghệ Kỹ thuật điện, điện tử",7510301,2024,https://github.com/HTNam1710/ADS_Final/blob/main/Data/diem_chuan_2024_final.csv
DDT,7510406,Công nghệ kỹ thuật môi trường,7510406,2024,https://github.com/HTNam1710/ADS_Final/blob/main/Data/diem_chuan_2024_final.csv
DDT,7510605,Logistics và quản lý chuỗi cung ứng,7510605,2024,https://github.com/HTNam1710/ADS_Final/blob/main/Data/diem_chuan_2024_final.csv
DDT,7520201,Kỹ thuật điện,7520201,2024,https://github.com/HTNam1710/ADS_Final/blob/main/Data/diem_chuan_2024_final.csv
DDT,7520202,Kỹ thuật Y sinh,7520202,2024,https://github.com/HTNam1710/ADS_Final/blob/main/Data/diem_chuan_2024_final.csv
DDT,7520216,Kỹ thuật Điện và Tự động hóa,7520216,2024,https://github.com/HTNam1710/ADS_Final/blob/main/Data/diem_chuan_2024_final.csv
DDT,7540101,Công nghệ thực phẩm,7540101,2024,https://github.com/HTNam1710/ADS_Final/blob/main/Data/diem_chuan_2024_final.csv
DDT,7580101,Kiến trúc,7580101,2024,https://github.com/HTNam1710/ADS_Final/blob/main/Data/diem_chuan_2024_final.csv
DDT,7580201,Kỹ thuật xây dựng,7580201,2024,https://github.com/HTNam1710/ADS_Final/blob/main/Data/diem_chuan_2024_final.csv
DDT,7720201,Y khoa,7720201,2024,https://github.com/HTNam1710/ADS_Final/blob/main/Data/diem_chuan_2024_final.csv
DDT,7720201,Dược,7720201,2024,https://github.com/HTNam1710/ADS_Final/blob/main/Data/diem_chuan_2024_final.csv
DDT,7720301,Điều dưỡng,7720301,2024,https://github.com/HTNam1710/ADS_Final/blob/main/Data/diem_chuan_2024_final.csv
DDT,7720501,Bác sĩ Răng Hàm Mặt,7720501,2024,https://github.com/HTNam1710/ADS_Final/blob/main/Data/diem_chuan_2024_final.csv
DDT,7810101,Du lịch,7810101,2024,https://github.com/HTNam1710/ADS_Final/blob/main/Data/diem_chuan_2024_final.csv
DDT,7810103,Quản trị dịch vụ du lịch và lữ hành,7810103,2024,https://github.com/HTNam1710/ADS_Final/blob/main/Data/diem_chuan_2024_final.csv
DDT,7810201,Quản trị khách sạn,7810201,2024,https://github.com/HTNam1710/ADS_Final/blob/main/Data/diem_chuan_2024_final.csv
DDT,7810202,Quản trị nhà hàng và Dịch vụ ăn uống,7810202,2024,https://github.com/HTNam1710/ADS_Final/blob/main/Data/diem_chuan_2024_final.csv
DDT,7810501,Kinh tế gia đình,7810501,2024,https://github.com/HTNam1710/ADS_Final/blob/main/Data/diem_chuan_2024_final.csv
DDT,7850101,Quản lý tài nguyên và môi trường,7850101,2024,https://github.com/HTNam1710/ADS_Final/blob/main/Data/diem_chuan_2024_final.csv
DNC,7220201,Ngôn ngữ Anh,7220201,2024,https://github.com/HTNam1710/ADS_Final/blob/main/Data/diem_chuan_2024_final.csv
DNC,7310109,Kinh tế số,7310109,2024,https://github.com/HTNam1710/ADS_Final/blob/main/Data/diem_chuan_2024_final.csv
DNC,7320104,Truyền thông đa phương tiện,7320104,2024,https://github.com/HTNam1710/ADS_Final/blob/main/Data/diem_chuan_2024_final.csv
DNC,7320108,Quan hệ công chúng,7320108,2024,https://github.com/HTNam1710/ADS_Final/blob/main/Data/diem_chuan_2024_final.csv
DNC,7340101,Quản trị kinh doanh,7340101,2024,https://github.com/HTNam1710/ADS_Final/blob/main/Data/diem_chuan_2024_final.csv
DNC,7340115,Marketing,7340115,2024,https://github.com/HTNam1710/ADS_Final/blob/main/Data/diem_chuan_2024_final.csv
DNC,7340116,Bất động sản,7340116,2024,https://github.com/HTNam1710/ADS_Final/blob/main/Data/diem_chuan_2024_final.csv
DNC,7340120,Kinh doanh quốc tế,7340120,2024,https://github.com/HTNam1710/ADS_Final/blob/main/Data/diem_chuan_2024_final.csv
DNC,7340122,Thương mại điện tử,7340122,2024,https://github.com/HTNam1710/ADS_Final/blob/main/Data/diem_chuan_2024_final.csv
DNC,7340201,Tài chính - Ngân hàng,7340201,2024,https://github.com/HTNam1710/ADS_Final/blob/main/Data/diem_chuan_2024_final.csv
DNC,7340301,Kế toán,7340301,2024,https://github.com/HTNam1710/ADS_Final/blob/main/Data/diem_chuan_2024_final.csv
DNC,7380101,Luật,7380101,2024,https://github.com/HTNam1710/ADS_Final/blob/main/Data/diem_chuan_2024_final.csv
DNC,7380107,Luật kinh tế,7380107,2024,https://github.com/HTNam1710/ADS_Final/blob/main/Data/diem_chuan_2024_final.csv
DNC,7480101,Khoa học máy tính,7480101,2024,https://github.com/HTNam1710/ADS_Final/blob/main/Data/diem_chuan_2024_final.csv
DNC,7480102,Mạng máy tính và truyền thông dữ liệu,7480102,2024,https://github.com/HTNam1710/ADS_Final/blob/main/Data/diem_chuan_2024_final.csv
DNC,7480103,Kỹ thuật phần mềm,7480103,2024,https://github.com/HTNam1710/ADS_Final/blob/main/Data/diem_chuan_2024_final.csv
DNC,7480201,Công nghệ thông tin,7480201,2024,https://github.com/HTNam1710/ADS_Final/blob/main/Data/diem_chuan_2024_final.csv
DNC,7510205,Công nghệ kỹ thuật ô tô,7510205,2024,https://github.com/HTNam1710/ADS_Final/blob/main/Data/diem_chuan_2024_final.csv
DNC,7510301,"Công nghệ kỹ thuật điện, điện tử",7510301,2024,https://github.com/HTNam1710/ADS_Final/blob/main/Data/diem_chuan_2024_final.csv
DNC,7510401,Công nghệ kỹ thuật hóa học,7510401,2024,https://github.com/HTNam1710/ADS_Final/blob/main/Data/diem_chuan_2024_final.csv
DNC,7510601,Quản lý công nghiệp,7510601,2024,https://github.com/HTNam1710/ADS_Final/blob/main/Data/diem_chuan_2024_final.csv
DNC,7510605,Logistics và Quản lý chuỗi cung ứng,7510605,2024,https://github.com/HTNam1710/ADS_Final/blob/main/Data/diem_chuan_2024_final.csv
DNC,7520116,Kỹ thuật cơ khí động lực,7520116,2024,https://github.com/HTNam1710/ADS_Final/blob/main/Data/diem_chuan_2024_final.csv
DNC,7520212,Kỹ thuật y sinh,7520212,2024,https://github.com/HTNam1710/ADS_Final/blob/main/Data/diem_chuan_2024_final.csv
DNC,7540101,Công nghệ thực phẩm,7540101,2024,https://github.com/HTNam1710/ADS_Final/blob/main/Data/diem_chuan_2024_final.csv
DNC,7580101,Kiến trúc,7580101,2024,https://github.com/HTNam1710/ADS_Final/blob/main/Data/diem_chuan_2024_final.csv
DNC,7580201,Kỹ thuật xây dựng,7580201,2024,https://github.com/HTNam1710/ADS_Final/blob/main/Data/diem_chuan_2024_final.csv
DNC,7720101,Y khoa,7720101,2024,https://github.com/HTNam1710/ADS_Final/blob/main/Data/diem_chuan_2024_final.csv
DNC,7720110,Y học dự phòng,7720110,2024,https://github.com/HTNam1710/ADS_Final/blob/main/Data/diem_chuan_2024_final.csv
DNC,7720201,Dược học,7720201,2024,https://github.com/HTNam1710/ADS_Final/blob/main/Data/diem_chuan_2024_final.csv
DNC,7720301,Điều dưỡng,7720301,2024,https://github.com/HTNam1710/ADS_Final/blob/main/Data/diem_chuan_2024_final.csv
DNC,7720501,Răng - Hàm - Mặt,7720501,2024,https://github.com/HTNam1710/ADS_Final/blob/main/Data/diem_chuan_2024_final.csv
DNC,7720601,Kỹ thuật xét nghiệm y học,7720601,2024,https://github.com/HTNam1710/ADS_Final/blob/main/Data/diem_chuan_2024_final.csv
DNC,7720602,Kỹ thuật hình ảnh y học,7720602,2024,https://github.com/HTNam1710/ADS_Final/blob/main/Data/diem_chuan_2024_final.csv
DNC,7720802,Quản lý bệnh viện,7720802,2024,https://github.com/HTNam1710/ADS_Final/blob/main/Data/diem_chuan_2024_final.csv
DNC,7810103,Quản trị dịch vụ du lịch và lữ hành,7810103,2024,https://github.com/HTNam1710/ADS_Final/blob/main/Data/diem_chuan_2024_final.csv
DNC,7810201,Quản trị khách sạn,7810201,2024,https://github.com/HTNam1710/ADS_Final/blob/main/Data/diem_chuan_2024_final.csv
DNC,7810202,Quản trị nhà hàng và dịch vụ ăn uống,7810202,2024,https://github.com/HTNam1710/ADS_Final/blob/main/Data/diem_chuan_2024_final.csv
DNC,7850101,Quản lý tài nguyên và môi trường,7850101,2024,https://github.com/HTNam1710/ADS_Final/blob/main/Data/diem_chuan_2024_final.csv
DNC,7850103,Quản lý đất đai,7850103,2024,https://github.com/HTNam1710/ADS_Final/blob/main/Data/diem_chuan_2024_final.csv
HIU,7140114,Quản lý Giáo dục,7140114,2024,https://github.com/HTNam1710/ADS_Final/blob/main/Data/diem_chuan_2024_final.csv
HIU,7210403,Thiết kế đồ họa,7210403,2024,https://github.com/HTNam1710/ADS_Final/blob/main/Data/diem_chuan_2024_final.csv
HIU,7220201,Ngôn ngữ Anh,7220201,2024,https://github.com/HTNam1710/ADS_Final/blob/main/Data/diem_chuan_2024_final.csv
HIU,7220204,Ngôn ngữ Trung Quốc,7220204,2024,https://github.com/HTNam1710/ADS_Final/blob/main/Data/diem_chuan_2024_final.csv
HIU,7220209,Ngôn ngữ Nhật,7220209,2024,https://github.com/HTNam1710/ADS_Final/blob/main/Data/diem_chuan_2024_final.csv
HIU,7220210,Ngôn ngữ Hàn Quốc,7220210,2024,https://github.com/HTNam1710/ADS_Final/blob/main/Data/diem_chuan_2024_final.csv
HIU,7310206,Quan hệ quốc tế,7310206,2024,https://github.com/HTNam1710/ADS_Final/blob/main/Data/diem_chuan_2024_final.csv
HIU,7310401,Tâm lý học,7310401,2024,https://github.com/HTNam1710/ADS_Final/blob/main/Data/diem_chuan_2024_final.csv
HIU,7310630,Việt Nam Học,7310630,2024,https://github.com/HTNam1710/ADS_Final/blob/main/Data/diem_chuan_2024_final.csv
HIU,7320104,Truyền thông đa phương tiện,7320104,2024,https://github.com/HTNam1710/ADS_Final/blob/main/Data/diem_chuan_2024_final.csv
HIU,7320108,Quan hệ công chúng,7320108,2024,https://github.com/HTNam1710/ADS_Final/blob/main/Data/diem_chuan_2024_final.csv
HIU,7340101,Quản trị kinh doanh,7340101,2024,https://github.com/HTNam1710/ADS_Final/blob/main/Data/diem_chuan_2024_final.csv
HIU,7340114,Digital Marketing,7340114,2024,https://github.com/HTNam1710/ADS_Final/blob/main/Data/diem_chuan_2024_final.csv
HIU,7340122,Thương mại điện tử,7340122,2024,https://github.com/HTNam1710/ADS_Final/blob/main/Data/diem_chuan_2024_final.csv
HIU,7340201,Tài chính - Ngân hàng,7340201,2024,https://github.com/HTNam1710/ADS_Final/blob/main/Data/diem_chuan_2024_final.csv
HIU,7340301,Kế toán,7340301,2024,https://github.com/HTNam1710/ADS_Final/blob/main/Data/diem_chuan_2024_final.csv
HIU,7340412,Quản trị sự kiện,7340412,2024,https://github.com/HTNam1710/ADS_Final/blob/main/Data/diem_chuan_2024_final.csv
HIU,7380101,Luật,7380101,2024,https://github.com/HTNam1710/ADS_Final/blob/main/Data/diem_chuan_2024_final.csv
HIU,7380107,Luật Kinh Tế,7380107,2024,https://github.com/HTNam1710/ADS_Final/blob/main/Data/diem_chuan_2024_final.csv
HIU,7480201,Công nghệ thông tin,7480201,2024,https://github.com/HTNam1710/ADS_Final/blob/main/Data/diem_chuan_2024_final.csv
HIU,7510605,Logistics và quản lý chuỗi cung ứng,7510605,2024,https://github.com/HTNam1710/ADS_Final/blob/main/Data/diem_chuan_2024_final.csv
HIU,7580101,Kiến Trúc,7580101,2024,https://github.com/HTNam1710/ADS_Final/blob/main/Data/diem_chuan_2024_final.csv
HIU,7720101,Y Khoa,7720101,2024,https://github.com/HTNam1710/ADS_Final/blob/main/Data/diem_chuan_2024_final.csv
HIU,7720115,Y học cổ truyền,7720115,2024,https://github.com/HTNam1710/ADS_Final/blob/main/Data/diem_chuan_2024_final.csv
HIU,7720201,Dược học,7720201,2024,https://github.com/HTNam1710/ADS_Final/blob/main/Data/diem_chuan_2024_final.csv
HIU,7720301,Điều dưỡng,7720301,2024,https://github.com/HTNam1710/ADS_Final/blob/main/Data/diem_chuan_2024_final.csv
HIU,7720302,Hộ Sinh,7720302,2024,https://github.com/HTNam1710/ADS_Final/blob/main/Data/diem_chuan_2024_final.csv
HIU,7720401,Dinh dưỡng,7720401,2024,https://github.com/HTNam1710/ADS_Final/blob/main/Data/diem_chuan_2024_final.csv
HIU,7720501,Răng hàm mặt,7720501,2024,https://github.com/HTNam1710/ADS_Final/blob/main/Data/diem_chuan_2024_final.csv
HIU,7720601,Kỹ thuật xét nghiệm y học,7720601,2024,https://github.com/HTNam1710/ADS_Final/blob/main/Data/diem_chuan_2024_final.csv
HIU,7720603,Kỹ thuật phục hồi chức năng,7720603,2024,https://github.com/HTNam1710/ADS_Final/blob/main/Data/diem_chuan_2024_final.csv
HIU,7720701,Y tế công cộng,7720701,2024,https://github.com/HTNam1710/ADS_Final/blob/main/Data/diem_chuan_2024_final.csv
HIU,7810103,Quản trị dịch vụ du lịch và lữ hành,7810103,2024,https://github.com/HTNam1710/ADS_Final/blob/main/Data/diem_chuan_2024_final.csv
HIU,7810201,Quản trị khách sạn,7810201,2024,https://github.com/HTNam1710/ADS_Final/blob/main/Data/diem_chuan_2024_final.csv
TTU,7220201,Ngôn ngữ Anh,7220201,2024,https://github.com/HTNam1710/ADS_Final/blob/main/Data/diem_chuan_2024_final.csv
TTU,7340101,Quản trị kinh doanh,7340101,2024,https://github.com/HTNam1710/ADS_Final/blob/main/Data/diem_chuan_2024_final.csv
TTU,7340120,Kinh doanh quốc tế,7340120,2024,https://github.com/HTNam1710/ADS_Final/blob/main/Data/diem_chuan_2024_final.csv
TTU,7340201,Tài chính ngân hàng,7340201,2024,https://github.com/HTNam1710/ADS_Final/blob/main/Data/diem_chuan_2024_final.csv
TTU,7340301,Kế toán,7340301,2024,https://github.com/HTNam1710/ADS_Final/blob/main/Data/diem_chuan_2024_final.csv
TTU,7420201,Công nghệ sinh học,7420201,2024,https://github.com/HTNam1710/ADS_Final/blob/main/Data/diem_chuan_2024_final.csv
TTU,7480101,Khoa học máy tính,7480101,2024,https://github.com/HTNam1710/ADS_Final/blob/main/Data/diem_chuan_2024_final.csv
TTU,7720101,Y khoa (Bác sĩ Đa khoa),7720101,2024,https://github.com/HTNam1710/ADS_Final/blob/main/Data/diem_chuan_2024_final.csv
TTU,7720301,Điều dưỡng,7720301,2024,https://github.com/HTNam1710/ADS_Final/blob/main/Data/diem_chuan_2024_final.csv
TTU,7720601,Kỹ thuật xét nghiệm y học,7720601,2024,https://github.com/HTNam1710/ADS_Final/blob/main/Data/diem_chuan_2024_final.csv
TTD,7810301,Quản lý TDTT,7810301,2024,https://github.com/HTNam1710/ADS_Final/blob/main/Data/diem_chuan_2024_final.csv
DCL,7210403,Thiết kế đồ họa,7210403,2024,https://github.com/HTNam1710/ADS_Final/blob/main/Data/diem_chuan_2024_final.csv
DCL,7220101,Tiếng Việt & Văn hóa Việt Nam,7220101,2024,https://github.com/HTNam1710/ADS_Final/blob/main/Data/diem_chuan_2024_final.csv
DCL,7220201,Ngôn ngữ Anh,7220201,2024,https://github.com/HTNam1710/ADS_Final/blob/main/Data/diem_chuan_2024_final.csv
DCL,7310608,Đông phương học,7310608,2024,https://github.com/HTNam1710/ADS_Final/blob/main/Data/diem_chuan_2024_final.csv
DCL,7340101,Quản trị kinh doanh,7340101,2024,https://github.com/HTNam1710/ADS_Final/blob/main/Data/diem_chuan_2024_final.csv
DCL,7340121,Kinh doanh thương mại,7340121,2024,https://github.com/HTNam1710/ADS_Final/blob/main/Data/diem_chuan_2024_final.csv
DCL,7340155,Marketing,7340155,2024,https://github.com/HTNam1710/ADS_Final/blob/main/Data/diem_chuan_2024_final.csv
DCL,7340201,Tài chính - Ngân hàng,7340201,2024,https://github.com/HTNam1710/ADS_Final/blob/main/Data/diem_chuan_2024_final.csv
DCL,7340301,Kế toán,7340301,2024,https://github.com/HTNam1710/ADS_Final/blob/main/Data/diem_chuan_2024_final.csv
DCL,7380101,Luật,7380101,2024,https://github.com/HTNam1710/ADS_Final/blob/main/Data/diem_chuan_2024_final.csv
DCL,7380107,Luật kinh tế,7380107,2024,https://github.com/HTNam1710/ADS_Final/blob/main/Data/diem_chuan_2024_final.csv
DCL,7480201,Công nghệ thông tin,7480201,2024,https://github.com/HTNam1710/ADS_Final/blob/main/Data/diem_chuan_2024_final.csv
DCL,7510102,Công nghệ kỹ thuật công trình xây dựng (Thiết kế kiến trúc xây dựng),7510102,2024,https://github.com/HTNam1710/ADS_Final/blob/main/Data/diem_chuan_2024_final.csv
DCL,7510201,Công nghệ kỹ thuật cơ khí,7510201,2024,https://github.com/HTNam1710/ADS_Final/blob/main/Data/diem_chuan_2024_final.csv
DCL,7510205,Công nghệ kỹ thuật ô tô,7510205,2024,https://github.com/HTNam1710/ADS_Final/blob/main/Data/diem_chuan_2024_final.csv
DCL,7510301,"Công nghệ kỹ thuật điện, điện tử",7510301,2024,https://github.com/HTNam1710/ADS_Final/blob/main/Data/diem_chuan_2024_final.csv
DCL,7520212,Kỹ thuật y sinh,7520212,2024,https://github.com/HTNam1710/ADS_Final/blob/main/Data/diem_chuan_2024_final.csv
DCL,7540101,Công nghệ thực phẩm,7540101,2024,https://github.com/HTNam1710/ADS_Final/blob/main/Data/diem_chuan_2024_final.csv
DCL,7580205,Kỹ thuật xây dựng công trình giao thông,7580205,2024,https://github.com/HTNam1710/ADS_Final/blob/main/Data/diem_chuan_2024_final.csv
DCL,7620109,Nông học,7620109,2024,https://github.com/HTNam1710/ADS_Final/blob/main/Data/diem_chuan_2024_final.csv
DCL,7620112,Bảo vệ thực vật,7620112,2024,https://github.com/HTNam1710/ADS_Final/blob/main/Data/diem_chuan_2024_final.csv
DCL,7620301,Nuôi trồng thủy sản,7620301,2024,https://github.com/HTNam1710/ADS_Final/blob/main/Data/diem_chuan_2024_final.csv
DCL,7640101,Thú y,7640101,2024,https://github.com/HTNam1710/ADS_Final/blob/main/Data/diem_chuan_2024_final.csv
DCL,7720101,Y khoa,7720101,2024,https://github.com/HTNam1710/ADS_Final/blob/main/Data/diem_chuan_2024_final.csv
DCL,7720201,Dược học,7720201,2024,https://github.com/HTNam1710/ADS_Final/blob/main/Data/diem_chuan_2024_final.csv
DCL,7720301,Điều dưỡng,7720301,2024,https://github.com/HTNam1710/ADS_Final/blob/main/Data/diem_chuan_2024_final.csv
DCL,7720302,Hộ sinh,7720302,2024,https://github.com/HTNam1710/ADS_Final/blob/main/Data/diem_chuan_2024_final.csv
DCL,7720601,Kỹ thuật xét nghiệm y học,7720601,2024,https://github.com/HTNam1710/ADS_Final/blob/main/Data/diem_chuan_2024_final.csv
DCL,7720602,Kỹ thuật hình ảnh y học,7720602,2024,https://github.com/HTNam1710/ADS_Final/blob/main/Data/diem_chuan_2024_final.csv
DCL,7760101,Công tác xã hội,7760101,2024,https://github.com/HTNam1710/ADS_Final/blob/main/Data/diem_chuan_2024_final.csv
DCL,7810103,Quản trị dịch vụ du lịch & lữ hành,7810103,2024,https://github.com/HTNam1710/ADS_Final/blob/main/Data/diem_chuan_2024_final.csv
DVL,7210205,Thanh nhạc,7210205,2024,https://github.com/HTNam1710/ADS_Final/blob/main/Data/diem_chuan_2024_final.csv
DVL,7210208,Piano,7210208,2024,https://github.com/HTNam1710/ADS_Final/blob/main/Data/diem_chuan_2024_final.csv
DVL,7210234,"Diễn viên kịch, điện ảnh - truyền hình",7210234,2024,https://github.com/HTNam1710/ADS_Final/blob/main/Data/diem_chuan_2024_final.csv
DVL,7210235,"Đạo diễn điện ảnh, truyền hình",7210235,2024,https://github.com/HTNam1710/ADS_Final/blob/main/Data/diem_chuan_2024_final.csv
DVL,7210302,"Công nghệ điện ảnh, truyền hình",7210302,2024,https://github.com/HTNam1710/ADS_Final/blob/main/Data/diem_chuan_2024_final.csv
DVL,7210402,Thiết kế công nghiệp,7210402,2024,https://github.com/HTNam1710/ADS_Final/blob/main/Data/diem_chuan_2024_final.csv
DVL,7210403,Thiết kế đồ họa,7210403,2024,https://github.com/HTNam1710/ADS_Final/blob/main/Data/diem_chuan_2024_final.csv
DVL,7210404,Thiết kế thời trang,7210404,2024,https://github.com/HTNam1710/ADS_Final/blob/main/Data/diem_chuan_2024_final.csv
DVL,7210409,Thiết kế mỹ thuật số,7210409,2024,https://github.com/HTNam1710/ADS_Final/blob/main/Data/diem_chuan_2024_final.csv
DVL,7220201,Ngôn ngữ Anh,7220201,2024,https://github.com/HTNam1710/ADS_Final/blob/main/Data/diem_chuan_2024_final.csv
DVL,7220204,Ngôn ngữ Trung Quốc,7220204,2024,https://github.com/HTNam1710/ADS_Final/blob/main/Data/diem_chuan_2024_final.csv
DVL,7220210,Ngôn ngữ Hàn Quốc,7220210,2024,https://github.com/HTNam1710/ADS_Final/blob/main/Data/diem_chuan_2024_final.csv
DVL,7229030,Văn học,7229030,2024,https://github.com/HTNam1710/ADS_Final/blob/main/Data/diem_chuan_2024_final.csv
DVL,7310106,Kinh tế quốc tế,7310106,2024,https://github.com/HTNam1710/ADS_Final/blob/main/Data/diem_chuan_2024_final.csv
DVL,7310401,Tâm lý học,7310401,2024,https://github.com/HTNam1710/ADS_Final/blob/main/Data/diem_chuan_2024_final.csv
DVL,7310608,Đông phương học,7310608,2024,https://github.com/HTNam1710/ADS_Final/blob/main/Data/diem_chuan_2024_final.csv
DVL,7320104,Truyền thông đa phương tiện,7320104,2024,https://github.com/HTNam1710/ADS_Final/blob/main/Data/diem_chuan_2024_final.csv
DVL,7320106,Công nghệ truyền thông,7320106,2024,https://github.com/HTNam1710/ADS_Final/blob/main/Data/diem_chuan_2024_final.csv
DVL,7320108,Quan hệ công chúng,7320108,2024,https://github.com/HTNam1710/ADS_Final/blob/main/Data/diem_chuan_2024_final.csv
DVL,7340101,Quản trị kinh doanh,7340101,2024,https://github.com/HTNam1710/ADS_Final/blob/main/Data/diem_chuan_2024_final.csv
DVL,7340115,Marketing,7340115,2024,https://github.com/HTNam1710/ADS_Final/blob/main/Data/diem_chuan_2024_final.csv
DVL,7340116,Bất động sản,7340116,2024,https://github.com/HTNam1710/ADS_Final/blob/main/Data/diem_chuan_2024_final.csv
DVL,7340120,Kinh doanh quốc tế,7340120,2024,https://github.com/HTNam1710/ADS_Final/blob/main/Data/diem_chuan_2024_final.csv
DVL,7340121,Kinh doanh thương mại,7340121,2024,https://github.com/HTNam1710/ADS_Final/blob/main/Data/diem_chuan_2024_final.csv
DVL,7340122,Thương mại điện tử,7340122,2024,https://github.com/HTNam1710/ADS_Final/blob/main/Data/diem_chuan_2024_final.csv
DVL,7340201,Tài chính - ngân hàng,7340201,2024,https://github.com/HTNam1710/ADS_Final/blob/main/Data/diem_chuan_2024_final.csv
DVL,7340205,Công nghệ tài chính,7340205,2024,https://github.com/HTNam1710/ADS_Final/blob/main/Data/diem_chuan_2024_final.csv
DVL,7340301,Kế toán,7340301,2024,https://github.com/HTNam1710/ADS_Final/blob/main/Data/diem_chuan_2024_final.csv
DVL,7380101,Luật,7380101,2024,https://github.com/HTNam1710/ADS_Final/blob/main/Data/diem_chuan_2024_final.csv
DVL,7380107,Luật kinh tế,7380107,2024,https://github.com/HTNam1710/ADS_Final/blob/main/Data/diem_chuan_2024_final.csv
DVL,7420201,Công nghệ sinh học,7420201,2024,https://github.com/HTNam1710/ADS_Final/blob/main/Data/diem_chuan_2024_final.csv
DVL,7420205,Công nghệ sinh học y dược,7420205,2024,https://github.com/HTNam1710/ADS_Final/blob/main/Data/diem_chuan_2024_final.csv
DVL,7420207,Công nghệ thẩm mỹ,7420207,2024,https://github.com/HTNam1710/ADS_Final/blob/main/Data/diem_chuan_2024_final.csv
DVL,7460108,Khoa học dữ liệu,7460108,2024,https://github.com/HTNam1710/ADS_Final/blob/main/Data/diem_chuan_2024_final.csv
DVL,7480102,Mạng máy tính và truyền thông dữ liệu,7480102,2024,https://github.com/HTNam1710/ADS_Final/blob/main/Data/diem_chuan_2024_final.csv
DVL,7480103,Kỹ thuật phần mềm,7480103,2024,https://github.com/HTNam1710/ADS_Final/blob/main/Data/diem_chuan_2024_final.csv
DVL,7480104,Hệ thống thông tin,7480104,2024,https://github.com/HTNam1710/ADS_Final/blob/main/Data/diem_chuan_2024_final.csv
DVL,7480201,Công nghệ thông tin,7480201,2024,https://github.com/HTNam1710/ADS_Final/blob/main/Data/diem_chuan_2024_final.csv
DVL,7510205,Công nghệ kỹ thuật ô tô,7510205,2024,https://github.com/HTNam1710/ADS_Final/blob/main/Data/diem_chuan_2024_final.csv
DVL,7510301,"Công nghệ kỹ thuật điện, điện tử",7510301,2024,https://github.com/HTNam1710/ADS_Final/blob/main/Data/diem_chuan_2024_final.csv
DVL,7510406,Công nghệ kỹ thuật môi trường,7510406,2024,https://github.com/HTNam1710/ADS_Final/blob/main/Data/diem_chuan_2024_final.csv
DVL,7510605,Logistics và quản lý chuỗi cung ứng,7510605,2024,https://github.com/HTNam1710/ADS_Final/blob/main/Data/diem_chuan_2024_final.csv
DVL,7520114,Kỹ thuật cơ điện tử,7520114,2024,https://github.com/HTNam1710/ADS_Final/blob/main/Data/diem_chuan_2024_final.csv
DVL,7520115,Kỹ thuật nhiệt,7520115,2024,https://github.com/HTNam1710/ADS_Final/blob/main/Data/diem_chuan_2024_final.csv
DVL,7520120,Kỹ thuật hàng không,7520120,2024,https://github.com/HTNam1710/ADS_Final/blob/main/Data/diem_chuan_2024_final.csv
DVL,7540101,Công nghệ thực phẩm,7540101,2024,https://github.com/HTNam1710/ADS_Final/blob/main/Data/diem_chuan_2024_final.csv
DVL,7580101,Kiến trúc,7580101,2024,https://github.com/HTNam1710/ADS_Final/blob/main/Data/diem_chuan_2024_final.csv
DVL,7580108,Thiết kế nội thất,7580108,2024,https://github.com/HTNam1710/ADS_Final/blob/main/Data/diem_chuan_2024_final.csv
DVL,7580201,Kỹ thuật xây dựng,7580201,2024,https://github.com/HTNam1710/ADS_Final/blob/main/Data/diem_chuan_2024_final.csv
DVL,7580302,Quản lý xây dựng,7580302,2024,https://github.com/HTNam1710/ADS_Final/blob/main/Data/diem_chuan_2024_final.csv
DVL,7620118,Nông nghiệp công nghệ cao,7620118,2024,https://github.com/HTNam1710/ADS_Final/blob/main/Data/diem_chuan_2024_final.csv
DVL,7720101,Y khoa,7720101,2024,https://github.com/HTNam1710/ADS_Final/blob/main/Data/diem_chuan_2024_final.csv
DVL,7720201,Dược học,7720201,2024,https://github.com/HTNam1710/ADS_Final/blob/main/Data/diem_chuan_2024_final.csv
DVL,7720301,Điều dưỡng,7720301,2024,https://github.com/HTNam1710/ADS_Final/blob/main/Data/diem_chuan_2024_final.csv
DVL,7720501,Răng - Hàm - Mặt,7720501,2024,https://github.com/HTNam1710/ADS_Final/blob/main/Data/diem_chuan_2024_final.csv
DVL,7720601,Kỹ thuật xét nghiệm y học,7720601,2024,https://github.com/HTNam1710/ADS_Final/blob/main/Data/diem_chuan_2024_final.csv
DVL,7810101,Du lịch,7810101,2024,https://github.com/HTNam1710/ADS_Final/blob/main/Data/diem_chuan_2024_final.csv
DVL,7810103,Quản trị dịch vụ du lịch & lữ hành,7810103,2024,https://github.com/HTNam1710/ADS_Final/blob/main/Data/diem_chuan_2024_final.csv
DVL,7810201,Quản trị khách sạn,7810201,2024,https://github.com/HTNam1710/ADS_Final/blob/main/Data/diem_chuan_2024_final.csv
DVL,7810202,Quản trị nhà hàng và dịch vụ ăn uống,7810202,2024,https://github.com/HTNam1710/ADS_Final/blob/main/Data/diem_chuan_2024_final.csv
DPC,7340101,Quản trị bệnh viện,7340101,2024,https://github.com/HTNam1710/ADS_Final/blob/main/Data/diem_chuan_2024_final.csv
DPC,7720101,Y khoa (Bác sĩ đa khoa),7720101,2024,https://github.com/HTNam1710/ADS_Final/blob/main/Data/diem_chuan_2024_final.csv
DPC,7720301A,Điều dưỡng đa khoa,7720301,2024,https://github.com/HTNam1710/ADS_Final/blob/main/Data/diem_chuan_2024_final.csv
DPC,7720301B,Điều dưỡng nha khoa,7720301,2024,https://github.com/HTNam1710/ADS_Final/blob/main/Data/diem_chuan_2024_final.csv
DPC,7720501,Răng - Hàm - Mặt,7720501,2024,https://github.com/HTNam1710/ADS_Final/blob/main/Data/diem_chuan_2024_final.csv
DPC,7720601,Kỹ thuật xét nghiệm y học,7720601,2024,https://github.com/HTNam1710/ADS_Final/blob/main/Data/diem_chuan_2024_final.csv
UKB,7220201,Ngôn ngữ Anh,7220201,2024,https://github.com/HTNam1710/ADS_Final/blob/main/Data/diem_chuan_2024_final.csv
UKB,7340101,Quản trị kinh doanh,7340101,2024,https://github.com/HTNam1710/ADS_Final/blob/main/Data/diem_chuan_2024_final.csv
UKB,7340301,Kế toán,7340301,2024,https://github.com/HTNam1710/ADS_Final/blob/main/Data/diem_chuan_2024_final.csv
UKB,7380101,Luật,7380101,2024,https://github.com/HTNam1710/ADS_Final/blob/main/Data/diem_chuan_2024_final.csv
UKB,7380107,Luật kinh tế,7380107,2024,https://github.com/HTNam1710/ADS_Final/blob/main/Data/diem_chuan_2024_final.csv
UKB,7480201,Công nghệ thông tin,7480201,2024,https://github.com/HTNam1710/ADS_Final/blob/main/Data/diem_chuan_2024_final.csv
UKB,7720101,Y khoa,7720101,2024,https://github.com/HTNam1710/ADS_Final/blob/main/Data/diem_chuan_2024_final.csv
UKB,7720115,Y học cổ truyền,7720115,2024,https://github.com/HTNam1710/ADS_Final/blob/main/Data/diem_chuan_2024_final.csv
UKB,7720201,Dược học,7720201,2024,https://github.com/HTNam1710/ADS_Final/blob/main/Data/diem_chuan_2024_final.csv
UKB,7810103,Quản trị dịch vụ du lịch và lữ hành,7810103,2024,https://github.com/HTNam1710/ADS_Final/blob/main/Data/diem_chuan_2024_final.csv
ETU,7210403,Thiết kế đồ họa,7210403,2024,https://github.com/HTNam1710/ADS_Final/blob/main/Data/diem_chuan_2024_final.csv
ETU,7210404,Thiết kế thời trang,7210404,2024,https://github.com/HTNam1710/ADS_Final/blob/main/Data/diem_chuan_2024_final.csv
ETU,7220201,Ngôn ngữ Anh,7220201,2024,https://github.com/HTNam1710/ADS_Final/blob/main/Data/diem_chuan_2024_final.csv
ETU,7220204,Ngôn ngữ Trung Quốc,7220204,2024,https://github.com/HTNam1710/ADS_Final/blob/main/Data/diem_chuan_2024_final.csv
ETU,7320104,Truyền thông đa phương tiện,7320104,2024,https://github.com/HTNam1710/ADS_Final/blob/main/Data/diem_chuan_2024_final.csv
ETU,7320108,Quan hệ công chúng,7320108,2024,https://github.com/HTNam1710/ADS_Final/blob/main/Data/diem_chuan_2024_final.csv
ETU,7329001,Công nghệ đa phương tiện,7329001,2024,https://github.com/HTNam1710/ADS_Final/blob/main/Data/diem_chuan_2024_final.csv
ETU,7340101,Quản trị kinh doanh,7340101,2024,https://github.com/HTNam1710/ADS_Final/blob/main/Data/diem_chuan_2024_final.csv
ETU,7340122,Thương mại điện tử,7340122,2024,https://github.com/HTNam1710/ADS_Final/blob/main/Data/diem_chuan_2024_final.csv
ETU,7340201,Tài chính ngân hàng,7340201,2024,https://github.com/HTNam1710/ADS_Final/blob/main/Data/diem_chuan_2024_final.csv
ETU,7340301,Kế toán,7340301,2024,https://github.com/HTNam1710/ADS_Final/blob/main/Data/diem_chuan_2024_final.csv
ETU,7380107,Luật kinh tế,7380107,2024,https://github.com/HTNam1710/ADS_Final/blob/main/Data/diem_chuan_2024_final.csv
ETU,7480201,Công nghệ thông tin,7480201,2024,https://github.com/HTNam1710/ADS_Final/blob/main/Data/diem_chuan_2024_final.csv
ETU,7510605,Logistics và quản lý chuỗi cung ứng,7510605,2024,https://github.com/HTNam1710/ADS_Final/blob/main/Data/diem_chuan_2024_final.csv
ETU,7520130,Kỹ thuật ô tô,7520130,2024,https://github.com/HTNam1710/ADS_Final/blob/main/Data/diem_chuan_2024_final.csv
ETU,7520207,Kỹ thuật điện tử viễn thông,7520207,2024,https://github.com/HTNam1710/ADS_Final/blob/main/Data/diem_chuan_2024_final.csv
ETU,7580108,Thiết kế nội thất,7580108,2024,https://github.com/HTNam1710/ADS_Final/blob/main/Data/diem_chuan_2024_final.csv
ETU,7720101,Y khoa,7720101,2024,https://github.com/HTNam1710/ADS_Final/blob/main/Data/diem_chuan_2024_final.csv
ETU,7720115,Y học cổ truyền,7720115,2024,https://github.com/HTNam1710/ADS_Final/blob/main/Data/diem_chuan_2024_final.csv
ETU,7720201,Dược học,7720201,2024,https://github.com/HTNam1710/ADS_Final/blob/main/Data/diem_chuan_2024_final.csv
ETU,7720301,Điều dưỡng,7720301,2024,https://github.com/HTNam1710/ADS_Final/blob/main/Data/diem_chuan_2024_final.csv
ETU,7760101,Công tác xã hội,7760101,2024,https://github.com/HTNam1710/ADS_Final/blob/main/Data/diem_chuan_2024_final.csv
ETU,7810103,Quản trị dịch vụ du lịch và lữ hành,7810103,2024,https://github.com/HTNam1710/ADS_Final/blob/main/Data/diem_chuan_2024_final.csv
ETU,7810201,Quản trị khách sạn,7810201,2024,https://github.com/HTNam1710/ADS_Final/blob/main/Data/diem_chuan_2024_final.csv
DDN,7210403,Thiết kế đồ hoạ,7210403,2024,https://github.com/HTNam1710/ADS_Final/blob/main/Data/diem_chuan_2024_final.csv
DDN,7220201,Ngôn ngữ Anh,7220201,2024,https://github.com/HTNam1710/ADS_Final/blob/main/Data/diem_chuan_2024_final.csv
DDN,7220204,Ngôn ngữ Trung Quốc,7220204,2024,https://github.com/HTNam1710/ADS_Final/blob/main/Data/diem_chuan_2024_final.csv
DDN,7220209,Ngôn ngữ Nhật,7220209,2024,https://github.com/HTNam1710/ADS_Final/blob/main/Data/diem_chuan_2024_final.csv
DDN,7220210,Ngôn ngữ Hàn Quốc,7220210,2024,https://github.com/HTNam1710/ADS_Final/blob/main/Data/diem_chuan_2024_final.csv
DDN,7310101,Kinh tế,7310101,2024,https://github.com/HTNam1710/ADS_Final/blob/main/Data/diem_chuan_2024_final.csv
DDN,7310109,Kinh tế số,7310109,2024,https://github.com/HTNam1710/ADS_Final/blob/main/Data/diem_chuan_2024_final.csv
DDN,7310401,Tâm lý học,7310401,2024,https://github.com/HTNam1710/ADS_Final/blob/main/Data/diem_chuan_2024_final.csv
DDN,7320104,Truyền thông đa phương tiện,7320104,2024,https://github.com/HTNam1710/ADS_Final/blob/main/Data/diem_chuan_2024_final.csv
DDN,7320108,Quan hệ công chúng,7320108,2024,https://github.com/HTNam1710/ADS_Final/blob/main/Data/diem_chuan_2024_final.csv
DDN,7340101,Quản trị kinh doanh,7340101,2024,https://github.com/HTNam1710/ADS_Final/blob/main/Data/diem_chuan_2024_final.csv
DDN,7340101LKĐTNN-01,Quản trị kinh doanh (Liên kết với Đại học Walsh - Mỹ),7340101,2024,https://github.com/HTNam1710/ADS_Final/blob/main/Data/diem_chuan_2024_final.csv
DDN,7340101LKĐTNN-02,Quản trị kinh doanh (Liên kết với Đài Loan),7340101,2024,https://github.com/HTNam1710/ADS_Final/blob/main/Data/diem_chuan_2024_final.csv
DDN,7340101QT,Quản trị kinh doanh (Đào tạo bằng TA),7340101,2024,https://github.com/HTNam1710/ADS_Final/blob/main/Data/diem_chuan_2024_final.csv
DDN,7340115,Marketing,7340115,2024,https://github.com/HTNam1710/ADS_Final/blob/main/Data/diem_chuan_2024_final.csv
DDN,7340120,Kinh doanh quốc tế,7340120,2024,https://github.com/HTNam1710/ADS_Final/blob/main/Data/diem_chuan_2024_final.csv
DDN,7340122,Thương mại điện tử,7340122,2024,https://github.com/HTNam1710/ADS_Final/blob/main/Data/diem_chuan_2024_final.csv
DDN,7340201,Tài chính - Ngân hàng,7340201,2024,https://github.com/HTNam1710/ADS_Final/blob/main/Data/diem_chuan_2024_final.csv
DDN,7340205,Công nghệ tài chính (Eintech),7340205,2024,https://github.com/HTNam1710/ADS_Final/blob/main/Data/diem_chuan_2024_final.csv
DDN,7340301,Kế toán,7340301,2024,https://github.com/HTNam1710/ADS_Final/blob/main/Data/diem_chuan_2024_final.csv
DDN,7340404,Quản trị nhân lực,7340404,2024,https://github.com/HTNam1710/ADS_Final/blob/main/Data/diem_chuan_2024_final.csv
DDN,7380101,Luật,7380101,2024,https://github.com/HTNam1710/ADS_Final/blob/main/Data/diem_chuan_2024_final.csv
DDN,7380107,Luật kinh tế,7380107,2024,https://github.com/HTNam1710/ADS_Final/blob/main/Data/diem_chuan_2024_final.csv
DDN,7420201,Công nghệ sinh học,7420201,2024,https://github.com/HTNam1710/ADS_Final/blob/main/Data/diem_chuan_2024_final.csv
DDN,7480101,Khoa học máy tính,7480101,2024,https://github.com/HTNam1710/ADS_Final/blob/main/Data/diem_chuan_2024_final.csv
DDN,7480104,Hệ thống thông tin,7480104,2024,https://github.com/HTNam1710/ADS_Final/blob/main/Data/diem_chuan_2024_final.csv
DDN,7480201,Công nghệ thông tin,7480201,2024,https://github.com/HTNam1710/ADS_Final/blob/main/Data/diem_chuan_2024_final.csv
DDN,7480201LKĐTNN,Công nghệ thông tin (Liên kết với Đài Loan),7480201,2024,https://github.com/HTNam1710/ADS_Final/blob/main/Data/diem_chuan_2024_final.csv
DDN,7510205,Công nghệ kỹ thuật ô tô,7510205,2024,https://github.com/HTNam1710/ADS_Final/blob/main/Data/diem_chuan_2024_final.csv
DDN,7510301,"Công nghệ kỹ thuật điện, điện tử",7510301,2024,https://github.com/HTNam1710/ADS_Final/blob/main/Data/diem_chuan_2024_final.csv
DDN,7510303,Công nghệ kỹ thuật điều khiển và tự động hóa (chuyên ngành công nghệ bán dẫn),7510303,2024,https://github.com/HTNam1710/ADS_Final/blob/main/Data/diem_chuan_2024_final.csv
DDN,7510303LKĐTNN,Công nghệ kỹ thuật điều khiển và tự động hóa (chuyên ngành công nghệ bán dẫn) (Liên kết với Đài Loan),7510303,2024,https://github.com/HTNam1710/ADS_Final/blob/main/Data/diem_chuan_2024_final.csv
DDN,7510605,Logistics và quản lý chuỗi cung ứng,7510605,2024,https://github.com/HTNam1710/ADS_Final/blob/main/Data/diem_chuan_2024_final.csv
DDN,7510605LKĐTNN,Logistics và Quản lý chuỗi cung ứng (Liên kết với Đài Loan),7510605,2024,https://github.com/HTNam1710/ADS_Final/blob/main/Data/diem_chuan_2024_final.csv
DDN,7580101,Kiến trúc,7580101,2024,https://github.com/HTNam1710/ADS_Final/blob/main/Data/diem_chuan_2024_final.csv
DDN,7580201,Kỹ thuật xây dựng,7580201,2024,https://github.com/HTNam1710/ADS_Final/blob/main/Data/diem_chuan_2024_final.csv
DDN,7580301,Kinh tế xây dựng,7580301,2024,https://github.com/HTNam1710/ADS_Final/blob/main/Data/diem_chuan_2024_final.csv
DDN,7720101,Y khoa,7720101,2024,https://github.com/HTNam1710/ADS_Final/blob/main/Data/diem_chuan_2024_final.csv
DDN,7720201,Dược học,7720201,2024,https://github.com/HTNam1710/ADS_Final/blob/main/Data/diem_chuan_2024_final.csv
DDN,7720301,Điều dưỡng,7720301,2024,https://github.com/HTNam1710/ADS_Final/blob/main/Data/diem_chuan_2024_final.csv
DDN,7810103,Quản trị dịch vụ du lịch và lữ hành,7810103,2024,https://github.com/HTNam1710/ADS_Final/blob/main/Data/diem_chuan_2024_final.csv
DDN,7810103LKĐTNN,Quản trị dịch vụ du lịch và lữ hành (Liên kết với Đài Loan),7810103,2024,https://github.com/HTNam1710/ADS_Final/blob/main/Data/diem_chuan_2024_final.csv
VTT,7310205,Quản lý Nhà nước,7310205,2024,https://github.com/HTNam1710/ADS_Final/blob/main/Data/diem_chuan_2024_final.csv
VTT,7340101,Quản trị kinh doanh,7340101,2024,https://github.com/HTNam1710/ADS_Final/blob/main/Data/diem_chuan_2024_final.csv
VTT,7340120,Kinh doanh quốc tế,7340120,2024,https://github.com/HTNam1710/ADS_Final/blob/main/Data/diem_chuan_2024_final.csv
VTT,7340122,Thương mại điện tử,7340122,2024,https://github.com/HTNam1710/ADS_Final/blob/main/Data/diem_chuan_2024_final.csv
VTT,7340201,Tài chính – Ngân hàng,7340201,2024,https://github.com/HTNam1710/ADS_Final/blob/main/Data/diem_chuan_2024_final.csv
VTT,7340301,Kế toán,7340301,2024,https://github.com/HTNam1710/ADS_Final/blob/main/Data/diem_chuan_2024_final.csv
VTT,7380101,Luật,7380101,2024,https://github.com/HTNam1710/ADS_Final/blob/main/Data/diem_chuan_2024_final.csv
VTT,7480201,Công nghệ thông tin,7480201,2024,https://github.com/HTNam1710/ADS_Final/blob/main/Data/diem_chuan_2024_final.csv
VTT,7720101,Y khoa,7720101,2024,https://github.com/HTNam1710/ADS_Final/blob/main/Data/diem_chuan_2024_final.csv
VTT,7720201,Dược học,7720201,2024,https://github.com/HTNam1710/ADS_Final/blob/main/Data/diem_chuan_2024_final.csv
VTT,7720501,Răng – Hàm – Mặt,7720501,2024,https://github.com/HTNam1710/ADS_Final/blob/main/Data/diem_chuan_2024_final.csv
DAD,7210404,Thiết kế thời trang,7210404,2024,https://github.com/HTNam1710/ADS_Final/blob/main/Data/diem_chuan_2024_final.csv
DAD,7220201,Ngôn ngữ Anh,7220201,2024,https://github.com/HTNam1710/ADS_Final/blob/main/Data/diem_chuan_2024_final.csv
DAD,7220201DL,Ngôn ngữ Anh,7220201,2024,https://github.com/HTNam1710/ADS_Final/blob/main/Data/diem_chuan_2024_final.csv
DAD,7220204,Ngôn ngữ Trung Quốc,7220204,2024,https://github.com/HTNam1710/ADS_Final/blob/main/Data/diem_chuan_2024_final.csv
DAD,7220204DL,Ngôn ngữ Trung Quốc,7220204,2024,https://github.com/HTNam1710/ADS_Final/blob/main/Data/diem_chuan_2024_final.csv
DAD,7220209,Ngôn ngữ Nhật Bản,7220209,2024,https://github.com/HTNam1710/ADS_Final/blob/main/Data/diem_chuan_2024_final.csv
DAD,7220210,Ngôn ngữ Hàn Quốc,7220210,2024,https://github.com/HTNam1710/ADS_Final/blob/main/Data/diem_chuan_2024_final.csv
DAD,7229042,Quản lý văn hóa,7229042,2024,https://github.com/HTNam1710/ADS_Final/blob/main/Data/diem_chuan_2024_final.csv
DAD,7310206,Quan hệ quốc tế,7310206,2024,https://github.com/HTNam1710/ADS_Final/blob/main/Data/diem_chuan_2024_final.csv
DAD,7310206DL,Quan hệ quốc tế,7310206,2024,https://github.com/HTNam1710/ADS_Final/blob/main/Data/diem_chuan_2024_final.csv
DAD,7310401,Tâm lý học,7310401,2024,https://github.com/HTNam1710/ADS_Final/blob/main/Data/diem_chuan_2024_final.csv
DAD,7320104,Truyền thông đa phương tiện,7320104,2024,https://github.com/HTNam1710/ADS_Final/blob/main/Data/diem_chuan_2024_final.csv
DAD,7320104DL,Truyền thông đa phương tiện,7320104,2024,https://github.com/HTNam1710/ADS_Final/blob/main/Data/diem_chuan_2024_final.csv
DAD,7340101,Quản trị kinh doanh,7340101,2024,https://github.com/HTNam1710/ADS_Final/blob/main/Data/diem_chuan_2024_final.csv
DAD,7340101DL,Quản trị kinh doanh,7340101,2024,https://github.com/HTNam1710/ADS_Final/blob/main/Data/diem_chuan_2024_final.csv
DAD,7340115,Marketing,7340115,2024,https://github.com/HTNam1710/ADS_Final/blob/main/Data/diem_chuan_2024_final.csv
DAD,7340115DL,Marketing,7340115,2024,https://github.com/HTNam1710/ADS_Final/blob/main/Data/diem_chuan_2024_final.csv
DAD,7340120,Kinh doanh quốc tế,7340120,2024,https://github.com/HTNam1710/ADS_Final/blob/main/Data/diem_chuan_2024_final.csv
DAD,7340122,Thương mại điện tử,7340122,2024,https://github.com/HTNam1710/ADS_Final/blob/main/Data/diem_chuan_2024_final.csv
DAD,7340122DL,Thương mại điện tử,7340122,2024,https://github.com/HTNam1710/ADS_Final/blob/main/Data/diem_chuan_2024_final.csv
DAD,7340201,Tài chính - ngân hàng,7340201,2024,https://github.com/HTNam1710/ADS_Final/blob/main/Data/diem_chuan_2024_final.csv
DAD,7340201DL,Tài chính ngân hàng,7340201,2024,https://github.com/HTNam1710/ADS_Final/blob/main/Data/diem_chuan_2024_final.csv
DAD,7340301,Kế toán,7340301,2024,https://github.com/HTNam1710/ADS_Final/blob/main/Data/diem_chuan_2024_final.csv
DAD,7340301DL,Kế toán,7340301,2024,https://github.com/HTNam1710/ADS_Final/blob/main/Data/diem_chuan_2024_final.csv
DAD,7340404,Quản trị nhân lực,7340404,2024,https://github.com/HTNam1710/ADS_Final/blob/main/Data/diem_chuan_2024_final.csv
DAD,7340406,Quản trị văn phòng,7340406,2024,https://github.com/HTNam1710/ADS_Final/blob/main/Data/diem_chuan_2024_final.csv
DAD,7380101,Luật,7380101,2024,https://github.com/HTNam1710/ADS_Final/blob/main/Data/diem_chuan_2024_final.csv
DAD,7380107,Luật kinh tế,7380107,2024,https://github.com/HTNam1710/ADS_Final/blob/main/Data/diem_chuan_2024_final.csv
DAD,7480106,Kỹ thuật máy tính,7480106,2024,https://github.com/HTNam1710/ADS_Final/blob/main/Data/diem_chuan_2024_final.csv
DAD,7480107,Trí tuệ nhân tạo,7480107,2024,https://github.com/HTNam1710/ADS_Final/blob/main/Data/diem_chuan_2024_final.csv
DAD,7480107DL,Trí tuệ nhân tạo,7480107,2024,https://github.com/HTNam1710/ADS_Final/blob/main/Data/diem_chuan_2024_final.csv
DAD,7480201,Công nghệ thông tin (CN thiết kế vi mạch bán dẫn),7480201,2024,https://github.com/HTNam1710/ADS_Final/blob/main/Data/diem_chuan_2024_final.csv
DAD,7480201DL,Công nghệ thông tin,7480201,2024,https://github.com/HTNam1710/ADS_Final/blob/main/Data/diem_chuan_2024_final.csv
DAD,7510103,Công nghệ kỹ thuật Xây dựng,7510103,2024,https://github.com/HTNam1710/ADS_Final/blob/main/Data/diem_chuan_2024_final.csv
DAD,7510103DL,Công nghệ kỹ thuật Xây dựng,7510103,2024,https://github.com/HTNam1710/ADS_Final/blob/main/Data/diem_chuan_2024_final.csv
DAD,7510205,Công nghệ kỹ thuật Ô tô,7510205,2024,https://github.com/HTNam1710/ADS_Final/blob/main/Data/diem_chuan_2024_final.csv
DAD,7510205DL,Công nghệ kỹ thuật Ô tô,7510205,2024,https://github.com/HTNam1710/ADS_Final/blob/main/Data/diem_chuan_2024_final.csv
DAD,7510301,Công nghệ kỹ thuật Điện - Điện tử,7510301,2024,https://github.com/HTNam1710/ADS_Final/blob/main/Data/diem_chuan_2024_final.csv
DAD,7510301DL,Công nghệ kỹ thuật Điện - Điện tử,7510301,2024,https://github.com/HTNam1710/ADS_Final/blob/main/Data/diem_chuan_2024_final.csv
DAD,7510303,Công nghệ kỹ thuật điều khiển và tự động hóa,7510303,2024,https://github.com/HTNam1710/ADS_Final/blob/main/Data/diem_chuan_2024_final.csv
DAD,7510303DL,Công nghệ kỹ thuật điều khiển và tự động hóa,7510303,2024,https://github.com/HTNam1710/ADS_Final/blob/main/Data/diem_chuan_2024_final.csv
DAD,7510605,Logistics và quản lý chuỗi cung ứng,7510605,2024,https://github.com/HTNam1710/ADS_Final/blob/main/Data/diem_chuan_2024_final.csv
DAD,7510605DL,Logistics và quản lý chuỗi cung ứng,7510605,2024,https://github.com/HTNam1710/ADS_Final/blob/main/Data/diem_chuan_2024_final.csv
DAD,7540101,Công nghệ thực phẩm,7540101,2024,https://github.com/HTNam1710/ADS_Final/blob/main/Data/diem_chuan_2024_final.csv
DAD,7540101DL,Công nghệ thực phẩm,7540101,2024,https://github.com/HTNam1710/ADS_Final/blob/main/Data/diem_chuan_2024_final.csv
DAD,7620101,Nông nghiệp,7620101,2024,https://github.com/HTNam1710/ADS_Final/blob/main/Data/diem_chuan_2024_final.csv
DAD,7620101DL,Nông nghiệp,7620101,2024,https://github.com/HTNam1710/ADS_Final/blob/main/Data/diem_chuan_2024_final.csv
DAD,7720101,Y khoa,7720101,2024,https://github.com/HTNam1710/ADS_Final/blob/main/Data/diem_chuan_2024_final.csv
DAD,7720201,Dược,7720201,2024,https://github.com/HTNam1710/ADS_Final/blob/main/Data/diem_chuan_2024_final.csv
DAD,7720301,Điều dưỡng,7720301,2024,https://github.com/HTNam1710/ADS_Final/blob/main/Data/diem_chuan_2024_final.csv
DAD,7720301DL,Điều dưỡng,7720301,2024,https://github.com/HTNam1710/ADS_Final/blob/main/Data/diem_chuan_2024_final.csv
DAD,7720302,Hộ sinh,7720302,2024,https://github.com/HTNam1710/ADS_Final/blob/main/Data/diem_chuan_2024_final.csv
DAD,7720401,Dinh dưỡng,7720401,2024,https://github.com/HTNam1710/ADS_Final/blob/main/Data/diem_chuan_2024_final.csv
DAD,7720603,Kỹ thuật phục hồi chức năng,7720603,2024,https://github.com/HTNam1710/ADS_Final/blob/main/Data/diem_chuan_2024_final.csv
DAD,7810103,Quản trị DV Du lịch và Lữ hành,7810103,2024,https://github.com/HTNam1710/ADS_Final/blob/main/Data/diem_chuan_2024_final.csv
DAD,7810103DL,Quản trị DV Du lịch và Lữ hành,7810103,2024,https://github.com/HTNam1710/ADS_Final/blob/main/Data/diem_chuan_2024_final.csv
DAD,7810201,Quản trị Khách sạn,7810201,2024,https://github.com/HTNam1710/ADS_Final/blob/main/Data/diem_chuan_2024_final.csv
DAD,7810201DL,Quản trị khách sạn,7810201,2024,https://github.com/HTNam1710/ADS_Final/blob/main/Data/diem_chuan_2024_final.csv
DAD,7810202,Quản trị Nhà hàng và DV Ăn uống,7810202,2024,https://github.com/HTNam1710/ADS_Final/blob/main/Data/diem_chuan_2024_final.csv
SNH,7860228,Ngành Chỉ huy kỹ thuật Công binh,7860228,2024,https://github.com/HTNam1710/ADS_Final/blob/main/Data/diem_chuan_2024_final.csv
DCH,7860207,Ngành Chỉ huy tham mưu Đặc công,7860207,2024,https://github.com/HTNam1710/ADS_Final/blob/main/Data/diem_chuan_2024_final.csv
HCB,7480200,Nhóm ngành Kỹ thuật - Hậu cần,7480200,2024,https://github.com/HTNam1710/ADS_Final/blob/main/Data/diem_chuan_2024_final.csv
HCN,7480200,Nhóm ngành Kỹ thuật - Hậu cần,7480200,2024,https://github.com/HTNam1710/ADS_Final/blob/main/Data/diem_chuan_2024_final.csv
PBH,7860205,Ngành Chỉ huy tham mưu Pháo binh,7860205,2024,https://github.com/HTNam1710/ADS_Final/blob/main/Data/diem_chuan_2024_final.csv
KSV,7220201,Tiếng Anh thương mại,7220201,2024,https://github.com/HTNam1710/ADS_Final/blob/main/Data/diem_chuan_2024_final.csv
KSV,7340101,Quản trị,7340101,2024,https://github.com/HTNam1710/ADS_Final/blob/main/Data/diem_chuan_2024_final.csv
KSV,7340115,Marketing,7340115,2024,https://github.com/HTNam1710/ADS_Final/blob/main/Data/diem_chuan_2024_final.csv
KSV,7340120,Kinh doanh quốc tế,7340120,2024,https://github.com/HTNam1710/ADS_Final/blob/main/Data/diem_chuan_2024_final.csv
KSV,7340122,Thương mại điện tử,7340122,2024,https://github.com/HTNam1710/ADS_Final/blob/main/Data/diem_chuan_2024_final.csv
KSV,7340201_01,Ngân hàng,7340201,2024,https://github.com/HTNam1710/ADS_Final/blob/main/Data/diem_chuan_2024_final.csv
KSV,7340201_02,Tài chính,7340201,2024,https://github.com/HTNam1710/ADS_Final/blob/main/Data/diem_chuan_2024_final.csv
KSV,7340201_03,Thuế,7340201,2024,https://github.com/HTNam1710/ADS_Final/blob/main/Data/diem_chuan_2024_final.csv
KSV,7340301,Kế toán doanh nghiệp,7340301,2024,https://github.com/HTNam1710/ADS_Final/blob/main/Data/diem_chuan_2024_final.csv
KSV,7380107,Luật kinh tế,7380107,2024,https://github.com/HTNam1710/ADS_Final/blob/main/Data/diem_chuan_2024_final.csv
KSV,7480107,Robot và Trí tuệ nhân tạo (hệ kỹ sư),7480107,2024,https://github.com/HTNam1710/ADS_Final/blob/main/Data/diem_chuan_2024_final.csv
KSV,7480201,Công nghệ và đổi mới sáng tạo,7480201,2024,https://github.com/HTNam1710/ADS_Final/blob/main/Data/diem_chuan_2024_final.csv
KSV,7510605,Logistics và Quản lý chuỗi cung ứng,7510605,2024,https://github.com/HTNam1710/ADS_Final/blob/main/Data/diem_chuan_2024_final.csv
KSV,7620114,Kinh doanh nông nghiệp,7620114,2024,https://github.com/HTNam1710/ADS_Final/blob/main/Data/diem_chuan_2024_final.csv
KSV,7810201,Quản trị khách sạn,7810201,2024,https://github.com/HTNam1710/ADS_Final/blob/main/Data/diem_chuan_2024_final.csv
QHD,7900101,Quản trị Doanh nghiệp và Công nghệ,7900101,2024,https://github.com/HTNam1710/ADS_Final/blob/main/Data/diem_chuan_2024_final.csv
QHD,7900102,Marketing và Truyền thông,7900102,2024,https://github.com/HTNam1710/ADS_Final/blob/main/Data/diem_chuan_2024_final.csv
QHD,7900103,Quản trị Nhân lực và Nhân tài,7900103,2024,https://github.com/HTNam1710/ADS_Final/blob/main/Data/diem_chuan_2024_final.csv
QHD,7900189,Quản trị và An ninh,7900189,2024,https://github.com/HTNam1710/ADS_Final/blob/main/Data/diem_chuan_2024_final.csv
VGU,7340101,Quản trị kinh doanh (BBA),7340101,2024,https://github.com/HTNam1710/ADS_Final/blob/main/Data/diem_chuan_2024_final.csv
VGU,7340202,Tài chính và Kế toán (BFA),7340202,2024,https://github.com/HTNam1710/ADS_Final/blob/main/Data/diem_chuan_2024_final.csv
VGU,7480101,Khoa học máy tính (CSE),7480101,2024,https://github.com/HTNam1710/ADS_Final/blob/main/Data/diem_chuan_2024_final.csv
VGU,7510104,Kỹ thuật Giao thông thông minh (SME),7510104,2024,https://github.com/HTNam1710/ADS_Final/blob/main/Data/diem_chuan_2024_final.csv
VGU,7510206,Kỹ thuật quy trình và môi trường (Kỹ thuật quy trình sản xuất bền vững) (EPE),7510206,2024,https://github.com/HTNam1710/ADS_Final/blob/main/Data/diem_chuan_2024_final.csv
VGU,7520103,Kỹ thuật cơ khí (MEN),7520103,2024,https://github.com/HTNam1710/ADS_Final/blob/main/Data/diem_chuan_2024_final.csv
VGU,7520208,Kỹ thuật điện và máy tính (ECE),7520208,2024,https://github.com/HTNam1710/ADS_Final/blob/main/Data/diem_chuan_2024_final.csv
VGU,7580101,Kiến trúc (ARC),7580101,2024,https://github.com/HTNam1710/ADS_Final/blob/main/Data/diem_chuan_2024_final.csv
VGU,7580201,Kỹ thuật và quản lý xây dựng (BCE),7580201,2024,https://github.com/HTNam1710/ADS_Final/blob/main/Data/diem_chuan_2024_final.csv
TLS,TLS101,Kỹ thuật xây dựng công trình thủy,,2024,https://github.com/HTNam1710/ADS_Final/blob/main/Data/diem_chuan_2024_final.csv
TLS,TLS102,"Kỹ thuật tài nguyên nước (Quy hoạch, thiết kế và quản lý công trình thủy lợi)",,2024,https://github.com/HTNam1710/ADS_Final/blob/main/Data/diem_chuan_2024_final.csv
TLS,TLS104,Nhóm ngành Kỹ thuật xây dựng (Kỹ thuật xây dựng dân dụng và công nghiệp; Kỹ thuật xây dựng công trình giao thông),,2024,https://github.com/HTNam1710/ADS_Final/blob/main/Data/diem_chuan_2024_final.csv
TLS,TLS106,Công nghệ thông tin,,2024,https://github.com/HTNam1710/ADS_Final/blob/main/Data/diem_chuan_2024_final.csv
TLS,TLS107,Kỹ thuật cấp thoát nước,,2024,https://github.com/HTNam1710/ADS_Final/blob/main/Data/diem_chuan_2024_final.csv
TLS,TLS111,Công nghệ kỹ thuật xây dựng,,2024,https://github.com/HTNam1710/ADS_Final/blob/main/Data/diem_chuan_2024_final.csv
TLS,TLS114,Quản lý xây dựng,,2024,https://github.com/HTNam1710/ADS_Final/blob/main/Data/diem_chuan_2024_final.csv
TLS,TLS126,Trí tuệ nhân tạo và khoa học dữ liệu,,2024,https://github.com/HTNam1710/ADS_Final/blob/main/Data/diem_chuan_2024_final.csv
TLS,TLS203,Ngôn ngữ Anh,,2024,https://github.com/HTNam1710/ADS_Final/blob/main/Data/diem_chuan_2024_final.csv
TLS,TLS402,Quản trị kinh doanh,,2024,https://github.com/HTNam1710/ADS_Final/blob/main/Data/diem_chuan_2024_final.csv
TLS,TLS403,Kế toán,,2024,https://github.com/HTNam1710/ADS_Final/blob/main/Data/diem_chuan_2024_final.csv
TLS,TLS404,Kinh tế xây dựng,,2024,https://github.com/HTNam1710/ADS_Final/blob/main/Data/diem_chuan_2024_final.csv
TLS,TLS405,Thương mại điện tử,,2024,https://github.com/HTNam1710/ADS_Final/blob/main/Data/diem_chuan_2024_final.csv
TLS,TLS407,Logistics và quản lý chuỗi cung ứng,,2024,https://github.com/HTNam1710/ADS_Final/blob/main/Data/diem_chuan_2024_final.csv
SDU,7140234,Sư phạm Tiếng Trung Quốc,7140234,2024,https://github.com/HTNam1710/ADS_Final/blob/main/Data/diem_chuan_2024_final.csv
SDU,7140246,Sư phạm công nghệ,7140246,2024,https://github.com/HTNam1710/ADS_Final/blob/main/Data/diem_chuan_2024_final.csv
SDU,7220204,Ngôn ngữ Trung Quốc,7220204,2024,https://github.com/HTNam1710/ADS_Final/blob/main/Data/diem_chuan_2024_final.csv
SDU,7340101,Quản trị kinh doanh,7340101,2024,https://github.com/HTNam1710/ADS_Final/blob/main/Data/diem_chuan_2024_final.csv
SDU,7340301,Kế toán,7340301,2024,https://github.com/HTNam1710/ADS_Final/blob/main/Data/diem_chuan_2024_final.csv
SDU,7480201,Công nghệ thông tin,7480201,2024,https://github.com/HTNam1710/ADS_Final/blob/main/Data/diem_chuan_2024_final.csv
SDU,7510201,Công nghệ kỹ thuật cơ khí,7510201,2024,https://github.com/HTNam1710/ADS_Final/blob/main/Data/diem_chuan_2024_final.csv
SDU,7510205,Công nghệ kỹ thuật ô tô,7510205,2024,https://github.com/HTNam1710/ADS_Final/blob/main/Data/diem_chuan_2024_final.csv
SDU,7510301,"Công nghệ kỹ thuật điện, điện tử",7510301,2024,https://github.com/HTNam1710/ADS_Final/blob/main/Data/diem_chuan_2024_final.csv
SDU,7520114,Kỹ thuật cơ điện tử,7520114,2024,https://github.com/HTNam1710/ADS_Final/blob/main/Data/diem_chuan_2024_final.csv
SDU,7520216,Kỹ thuật điều khiển và Tự động hóa,7520216,2024,https://github.com/HTNam1710/ADS_Final/blob/main/Data/diem_chuan_2024_final.csv
SDU,7540101,Công nghệ thực phẩm,7540101,2024,https://github.com/HTNam1710/ADS_Final/blob/main/Data/diem_chuan_2024_final.csv
SDU,7540204,"Công nghệ dệt, may",7540204,2024,https://github.com/HTNam1710/ADS_Final/blob/main/Data/diem_chuan_2024_final.csv
SDU,7810103,Quản trị dịch vụ du lịch và lữ hành,7810103,2024,https://github.com/HTNam1710/ADS_Final/blob/main/Data/diem_chuan_2024_final.csv
PCS,7860113,"Phòng cháy chữa cháy và cứu nạn, cứu hộ",7860113,2024,https://github.com/HTNam1710/ADS_Final/blob/main/Data/diem_chuan_2024_final.csv
PCH,7860113,"Phòng cháy chữa cháy và cứu nạn, cứu hộ",7860113,2024,https://github.com/HTNam1710/ADS_Final/blob/main/Data/diem_chuan_2024_final.csv
NLN,51140201,Giáo dục Mầm non (Trình độ Cao đẳng),,2024,https://github.com/HTNam1710/ADS_Final/blob/main/Data/diem_chuan_2024_final.csv
NLN,7140201,Giáo dục Mầm non (Trình độ Đại học),7140201,2024,https://github.com/HTNam1710/ADS_Final/blob/main/Data/diem_chuan_2024_final.csv
NLN,7220201N,Ngôn ngữ Anh,7220201,2024,https://github.com/HTNam1710/ADS_Final/blob/main/Data/diem_chuan_2024_final.csv
NLN,7340101N,Quản trị kinh doanh,7340101,2024,https://github.com/HTNam1710/ADS_Final/blob/main/Data/diem_chuan_2024_final.csv
NLN,7340301N,Kế toán,7340301,2024,https://github.com/HTNam1710/ADS_Final/blob/main/Data/diem_chuan_2024_final.csv
NLN,7480201N,Công nghệ thông tin,7480201,2024,https://github.com/HTNam1710/ADS_Final/blob/main/Data/diem_chuan_2024_final.csv
NLN,7519007N,Công nghệ kỹ thuật năng lượng tái tạo,7519007,2024,https://github.com/HTNam1710/ADS_Final/blob/main/Data/diem_chuan_2024_final.csv
NLN,7640101N,Thú y,7640101,2024,https://github.com/HTNam1710/ADS_Final/blob/main/Data/diem_chuan_2024_final.csv
DTD,7210403,Thiết kế đồ họa,7210403,2024,https://github.com/HTNam1710/ADS_Final/blob/main/Data/diem_chuan_2024_final.csv
DTD,7220201,Ngôn ngữ Anh,7220201,2024,https://github.com/HTNam1710/ADS_Final/blob/main/Data/diem_chuan_2024_final.csv
DTD,7229030,Văn học,7229030,2024,https://github.com/HTNam1710/ADS_Final/blob/main/Data/diem_chuan_2024_final.csv
DTD,7310630,Việt Nam học,7310630,2024,https://github.com/HTNam1710/ADS_Final/blob/main/Data/diem_chuan_2024_final.csv
DTD,7320104,Truyền thông đa phương tiện,7320104,2024,https://github.com/HTNam1710/ADS_Final/blob/main/Data/diem_chuan_2024_final.csv
DTD,7340101,Quản trị kinh doanh,7340101,2024,https://github.com/HTNam1710/ADS_Final/blob/main/Data/diem_chuan_2024_final.csv
DTD,7340115,Marketing,7340115,2024,https://github.com/HTNam1710/ADS_Final/blob/main/Data/diem_chuan_2024_final.csv
DTD,7340120,Kinh doanh quốc tế,7340120,2024,https://github.com/HTNam1710/ADS_Final/blob/main/Data/diem_chuan_2024_final.csv
DTD,7340201,Tài chính ngân hàng,7340201,2024,https://github.com/HTNam1710/ADS_Final/blob/main/Data/diem_chuan_2024_final.csv
DTD,7340301,Kế toán,7340301,2024,https://github.com/HTNam1710/ADS_Final/blob/main/Data/diem_chuan_2024_final.csv
DTD,7380107,Luật kinh tế,7380107,2024,https://github.com/HTNam1710/ADS_Final/blob/main/Data/diem_chuan_2024_final.csv
DTD,7480201,Công nghệ thông tin,7480201,2024,https://github.com/HTNam1710/ADS_Final/blob/main/Data/diem_chuan_2024_final.csv
DTD,7510102,Công nghệ kỹ thuật công trình XD,7510102,2024,https://github.com/HTNam1710/ADS_Final/blob/main/Data/diem_chuan_2024_final.csv
DTD,7510301,"Công nghệ Kỹ thuật điện, điện tử",7510301,2024,https://github.com/HTNam1710/ADS_Final/blob/main/Data/diem_chuan_2024_final.csv
DTD,7510605,Logistics và Quản lý chuỗi cung ứng,7510605,2024,https://github.com/HTNam1710/ADS_Final/blob/main/Data/diem_chuan_2024_final.csv
DTD,7540101,Công nghệ thực phẩm,7540101,2024,https://github.com/HTNam1710/ADS_Final/blob/main/Data/diem_chuan_2024_final.csv
DTD,7620301,Nuôi trồng thủy sản,7620301,2024,https://github.com/HTNam1710/ADS_Final/blob/main/Data/diem_chuan_2024_final.csv
DTD,7640101,Thú y,7640101,2024,https://github.com/HTNam1710/ADS_Final/blob/main/Data/diem_chuan_2024_final.csv
DTD,7720201,Dược học,7720201,2024,https://github.com/HTNam1710/ADS_Final/blob/main/Data/diem_chuan_2024_final.csv
DTD,7720301,Điều dưỡng,7720301,2024,https://github.com/HTNam1710/ADS_Final/blob/main/Data/diem_chuan_2024_final.csv
DTD,7720401,Dinh dưỡng,7720401,2024,https://github.com/HTNam1710/ADS_Final/blob/main/Data/diem_chuan_2024_final.csv
DTD,7810101,Du lịch,7810101,2024,https://github.com/HTNam1710/ADS_Final/blob/main/Data/diem_chuan_2024_final.csv
DTD,7810103,Quản trị dịch vụ du lịch và lữ hành,7810103,2024,https://github.com/HTNam1710/ADS_Final/blob/main/Data/diem_chuan_2024_final.csv
DTD,7810201,Quản trị khách sạn,7810201,2024,https://github.com/HTNam1710/ADS_Final/blob/main/Data/diem_chuan_2024_final.csv
DTD,7850103,Quản lý đất đai,7850103,2024,https://github.com/HTNam1710/ADS_Final/blob/main/Data/diem_chuan_2024_final.csv
DKC,7210205,Thanh nhạc,7210205,2024,https://github.com/HTNam1710/ADS_Final/blob/main/Data/diem_chuan_2024_final.csv
DKC,7210302,"Công nghệ điện ảnh, truyền hình",7210302,2024,https://github.com/HTNam1710/ADS_Final/blob/main/Data/diem_chuan_2024_final.csv
DKC,7210403,Thiết kế đồ họa,7210403,2024,https://github.com/HTNam1710/ADS_Final/blob/main/Data/diem_chuan_2024_final.csv
DKC,7210404,Thiết kế thời trang,7210404,2024,https://github.com/HTNam1710/ADS_Final/blob/main/Data/diem_chuan_2024_final.csv
DKC,7210408,Nghệ thuật số (Digital Art),7210408,2024,https://github.com/HTNam1710/ADS_Final/blob/main/Data/diem_chuan_2024_final.csv
DKC,7220201,Ngôn ngữ Anh,7220201,2024,https://github.com/HTNam1710/ADS_Final/blob/main/Data/diem_chuan_2024_final.csv
DKC,7220204,Ngôn ngữ Trung Quốc,7220204,2024,https://github.com/HTNam1710/ADS_Final/blob/main/Data/diem_chuan_2024_final.csv
DKC,7220209,Ngôn ngữ Nhật,7220209,2024,https://github.com/HTNam1710/ADS_Final/blob/main/Data/diem_chuan_2024_final.csv
DKC,7220210,Ngôn ngữ Hàn Quốc,7220210,2024,https://github.com/HTNam1710/ADS_Final/blob/main/Data/diem_chuan_2024_final.csv
DKC,7310106,Kinh tế quốc tế,7310106,2024,https://github.com/HTNam1710/ADS_Final/blob/main/Data/diem_chuan_2024_final.csv
DKC,7310109,Kinh tế số,7310109,2024,https://github.com/HTNam1710/ADS_Final/blob/main/Data/diem_chuan_2024_final.csv
DKC,7310401,Tâm lý học,7310401,2024,https://github.com/HTNam1710/ADS_Final/blob/main/Data/diem_chuan_2024_final.csv
DKC,7310608,Đông phương học,7310608,2024,https://github.com/HTNam1710/ADS_Final/blob/main/Data/diem_chuan_2024_final.csv
DKC,7320104,Truyền thông đa phương tiện,7320104,2024,https://github.com/HTNam1710/ADS_Final/blob/main/Data/diem_chuan_2024_final.csv
DKC,7320108,Quan hệ công chúng,7320108,2024,https://github.com/HTNam1710/ADS_Final/blob/main/Data/diem_chuan_2024_final.csv
DKC,7340101,Quản trị kinh doanh,7340101,2024,https://github.com/HTNam1710/ADS_Final/blob/main/Data/diem_chuan_2024_final.csv
DKC,7340114,Digital Marketing (Marketing số),7340114,2024,https://github.com/HTNam1710/ADS_Final/blob/main/Data/diem_chuan_2024_final.csv
DKC,7340115,Marketing,7340115,2024,https://github.com/HTNam1710/ADS_Final/blob/main/Data/diem_chuan_2024_final.csv
DKC,7340116,Bất động sản,7340116,2024,https://github.com/HTNam1710/ADS_Final/blob/main/Data/diem_chuan_2024_final.csv
DKC,7340120,Kinh doanh quốc tế,7340120,2024,https://github.com/HTNam1710/ADS_Final/blob/main/Data/diem_chuan_2024_final.csv
DKC,7340121,Kinh doanh thương mại,7340121,2024,https://github.com/HTNam1710/ADS_Final/blob/main/Data/diem_chuan_2024_final.csv
DKC,7340122,Thương mại điện tử,7340122,2024,https://github.com/HTNam1710/ADS_Final/blob/main/Data/diem_chuan_2024_final.csv
DKC,7340201,Tài chính - Ngân hàng,7340201,2024,https://github.com/HTNam1710/ADS_Final/blob/main/Data/diem_chuan_2024_final.csv
DKC,7340205,Công nghệ tài chính,7340205,2024,https://github.com/HTNam1710/ADS_Final/blob/main/Data/diem_chuan_2024_final.csv
DKC,7340301,Kế toán,7340301,2024,https://github.com/HTNam1710/ADS_Final/blob/main/Data/diem_chuan_2024_final.csv
DKC,7340404,Quản trị nhân lực,7340404,2024,https://github.com/HTNam1710/ADS_Final/blob/main/Data/diem_chuan_2024_final.csv
DKC,7340405,Hệ thống thông tin quản lý,7340405,2024,https://github.com/HTNam1710/ADS_Final/blob/main/Data/diem_chuan_2024_final.csv
DKC,7340412,Quản trị sự kiện,7340412,2024,https://github.com/HTNam1710/ADS_Final/blob/main/Data/diem_chuan_2024_final.csv
DKC,7380101,Luật,7380101,2024,https://github.com/HTNam1710/ADS_Final/blob/main/Data/diem_chuan_2024_final.csv
DKC,7380107,Luật kinh tế,7380107,2024,https://github.com/HTNam1710/ADS_Final/blob/main/Data/diem_chuan_2024_final.csv
DKC,7380109,Luật thương mại quốc tế,7380109,2024,https://github.com/HTNam1710/ADS_Final/blob/main/Data/diem_chuan_2024_final.csv
DKC,7420201,Công nghệ sinh học,7420201,2024,https://github.com/HTNam1710/ADS_Final/blob/main/Data/diem_chuan_2024_final.csv
DKC,7420207,Công nghệ thẩm mỹ,7420207,2024,https://github.com/HTNam1710/ADS_Final/blob/main/Data/diem_chuan_2024_final.csv
DKC,7460108,Khoa học dữ liệu (Data Science),7460108,2024,https://github.com/HTNam1710/ADS_Final/blob/main/Data/diem_chuan_2024_final.csv
DKC,7480101,Khoa học máy tính,7480101,2024,https://github.com/HTNam1710/ADS_Final/blob/main/Data/diem_chuan_2024_final.csv
DKC,7480106,Kỹ thuật máy tính,7480106,2024,https://github.com/HTNam1710/ADS_Final/blob/main/Data/diem_chuan_2024_final.csv
DKC,7480107,Trí tuệ nhân tạo,7480107,2024,https://github.com/HTNam1710/ADS_Final/blob/main/Data/diem_chuan_2024_final.csv
DKC,7480201,Công nghệ thông tin,7480201,2024,https://github.com/HTNam1710/ADS_Final/blob/main/Data/diem_chuan_2024_final.csv
DKC,7480202,An toàn thông tin,7480202,2024,https://github.com/HTNam1710/ADS_Final/blob/main/Data/diem_chuan_2024_final.csv
DKC,7510205,Công nghệ kỹ thuật ô tô,7510205,2024,https://github.com/HTNam1710/ADS_Final/blob/main/Data/diem_chuan_2024_final.csv
DKC,7510209,Robot và trí tuệ nhân tạo,7510209,2024,https://github.com/HTNam1710/ADS_Final/blob/main/Data/diem_chuan_2024_final.csv
DKC,7510605,Logistics và quản lý chuỗi cung ứng,7510605,2024,https://github.com/HTNam1710/ADS_Final/blob/main/Data/diem_chuan_2024_final.csv
DKC,7520103,Kỹ thuật cơ khí,7520103,2024,https://github.com/HTNam1710/ADS_Final/blob/main/Data/diem_chuan_2024_final.csv
DKC,7520114,Kỹ thuật cơ điện tử,7520114,2024,https://github.com/HTNam1710/ADS_Final/blob/main/Data/diem_chuan_2024_final.csv
DKC,7520115,Kỹ thuật nhiệt,7520115,2024,https://github.com/HTNam1710/ADS_Final/blob/main/Data/diem_chuan_2024_final.csv
DKC,7520141,Công nghệ ô tô điện,7520141,2024,https://github.com/HTNam1710/ADS_Final/blob/main/Data/diem_chuan_2024_final.csv
DKC,7520201,Kỹ thuật điện,7520201,2024,https://github.com/HTNam1710/ADS_Final/blob/main/Data/diem_chuan_2024_final.csv
DKC,7520207,Kỹ thuật điện tử - viễn thông,7520207,2024,https://github.com/HTNam1710/ADS_Final/blob/main/Data/diem_chuan_2024_final.csv
DKC,7520216,Kỹ thuật điều khiển và tự động hóa,7520216,2024,https://github.com/HTNam1710/ADS_Final/blob/main/Data/diem_chuan_2024_final.csv
DKC,7540101,Công nghệ thực phẩm,7540101,2024,https://github.com/HTNam1710/ADS_Final/blob/main/Data/diem_chuan_2024_final.csv
DKC,7580101,Kiến trúc,7580101,2024,https://github.com/HTNam1710/ADS_Final/blob/main/Data/diem_chuan_2024_final.csv
DKC,7580108,Thiết kế nội thất,7580108,2024,https://github.com/HTNam1710/ADS_Final/blob/main/Data/diem_chuan_2024_final.csv
DKC,7580201,Kỹ thuật xây dựng,7580201,2024,https://github.com/HTNam1710/ADS_Final/blob/main/Data/diem_chuan_2024_final.csv
DKC,7580302,Quản lý xây dựng,7580302,2024,https://github.com/HTNam1710/ADS_Final/blob/main/Data/diem_chuan_2024_final.csv
DKC,7640101,Thú y,7640101,2024,https://github.com/HTNam1710/ADS_Final/blob/main/Data/diem_chuan_2024_final.csv
DKC,7720201,Dược học,7720201,2024,https://github.com/HTNam1710/ADS_Final/blob/main/Data/diem_chuan_2024_final.csv
DKC,7720301,Điều dưỡng,7720301,2024,https://github.com/HTNam1710/ADS_Final/blob/main/Data/diem_chuan_2024_final.csv
DKC,7720601,Kỹ thuật xét nghiệm y học,7720601,2024,https://github.com/HTNam1710/ADS_Final/blob/main/Data/diem_chuan_2024_final.csv
DKC,7810103,Quản trị dịch vụ du lịch và lữ hành,7810103,2024,https://github.com/HTNam1710/ADS_Final/blob/main/Data/diem_chuan_2024_final.csv
DKC,7810201,Quản trị khách sạn,7810201,2024,https://github.com/HTNam1710/ADS_Final/blob/main/Data/diem_chuan_2024_final.csv
DKC,7810202,Quản trị nhà hàng và dịch vụ ăn uống,7810202,2024,https://github.com/HTNam1710/ADS_Final/blob/main/Data/diem_chuan_2024_final.csv
DKC,7810301,Quản lý thể dục thể thao,7810301,2024,https://github.com/HTNam1710/ADS_Final/blob/main/Data/diem_chuan_2024_final.csv
DKC,7850101,Quản lý tài nguyên và môi trường,7850101,2024,https://github.com/HTNam1710/ADS_Final/blob/main/Data/diem_chuan_2024_final.csv
DDU,7220204,Ngôn ngữ Trung Quốc,7220204,2024,https://github.com/HTNam1710/ADS_Final/blob/main/Data/diem_chuan_2024_final.csv
DDU,7220209,Ngôn ngữ Nhật,7220209,2024,https://github.com/HTNam1710/ADS_Final/blob/main/Data/diem_chuan_2024_final.csv
DDU,7220210,Ngôn ngữ Hàn Quốc,7220210,2024,https://github.com/HTNam1710/ADS_Final/blob/main/Data/diem_chuan_2024_final.csv
DDU,7310205,Quản lý nhà nước,7310205,2024,https://github.com/HTNam1710/ADS_Final/blob/main/Data/diem_chuan_2024_final.csv
DDU,7340101,Quản trị kinh doanh,7340101,2024,https://github.com/HTNam1710/ADS_Final/blob/main/Data/diem_chuan_2024_final.csv
DDU,7340122,Thương mại điện tử,7340122,2024,https://github.com/HTNam1710/ADS_Final/blob/main/Data/diem_chuan_2024_final.csv
DDU,7340201,Tài chính - Ngân hàng,7340201,2024,https://github.com/HTNam1710/ADS_Final/blob/main/Data/diem_chuan_2024_final.csv
DDU,7340301,Kế toán,7340301,2024,https://github.com/HTNam1710/ADS_Final/blob/main/Data/diem_chuan_2024_final.csv
DDU,7380107,Luật kinh tế,7380107,2024,https://github.com/HTNam1710/ADS_Final/blob/main/Data/diem_chuan_2024_final.csv
DDU,7480201,Công nghệ thông tin,7480201,2024,https://github.com/HTNam1710/ADS_Final/blob/main/Data/diem_chuan_2024_final.csv
DDU,7510205,Công nghệ kỹ thuật ô tô,7510205,2024,https://github.com/HTNam1710/ADS_Final/blob/main/Data/diem_chuan_2024_final.csv
DDU,7510406,Công nghệ kỹ thuật môi trường,7510406,2024,https://github.com/HTNam1710/ADS_Final/blob/main/Data/diem_chuan_2024_final.csv
DDU,7580101,Kiến trúc,7580101,2024,https://github.com/HTNam1710/ADS_Final/blob/main/Data/diem_chuan_2024_final.csv
DDU,7580201,Kỹ thuật xây dựng,7580201,2024,https://github.com/HTNam1710/ADS_Final/blob/main/Data/diem_chuan_2024_final.csv
DDU,7640101,Thú y,7640101,2024,https://github.com/HTNam1710/ADS_Final/blob/main/Data/diem_chuan_2024_final.csv
DDU,7720201,Dược học,7720201,2024,https://github.com/HTNam1710/ADS_Final/blob/main/Data/diem_chuan_2024_final.csv
DDU,7720301,Điều dưỡng,7720301,2024,https://github.com/HTNam1710/ADS_Final/blob/main/Data/diem_chuan_2024_final.csv
DDU,7720601,Kỹ thuật xét nghiệm y học,7720601,2024,https://github.com/HTNam1710/ADS_Final/blob/main/Data/diem_chuan_2024_final.csv
DLH,7220201,Ngôn ngữ Anh,7220201,2024,https://github.com/HTNam1710/ADS_Final/blob/main/Data/diem_chuan_2024_final.csv
DLH,7220204,Ngôn ngữ Trung Quốc,7220204,2024,https://github.com/HTNam1710/ADS_Final/blob/main/Data/diem_chuan_2024_final.csv
DLH,7310120,Kinh doanh quốc tế,7310120,2024,https://github.com/HTNam1710/ADS_Final/blob/main/Data/diem_chuan_2024_final.csv
DLH,7310608,Đông phương học (gồm 2 chuyên ngành: ngôn ngữ Nhật Bản và ngôn ngữ Hàn Quốc),7310608,2024,https://github.com/HTNam1710/ADS_Final/blob/main/Data/diem_chuan_2024_final.csv
DLH,7320104,Truyền thông đa phương tiện,7320104,2024,https://github.com/HTNam1710/ADS_Final/blob/main/Data/diem_chuan_2024_final.csv
DLH,7320108,Quan hệ công chúng,7320108,2024,https://github.com/HTNam1710/ADS_Final/blob/main/Data/diem_chuan_2024_final.csv
DLH,7340101,Quản trị kinh doanh,7340101,2024,https://github.com/HTNam1710/ADS_Final/blob/main/Data/diem_chuan_2024_final.csv
DLH,7340115,Marketing,7340115,2024,https://github.com/HTNam1710/ADS_Final/blob/main/Data/diem_chuan_2024_final.csv
DLH,7340122,Thương mại điện tử,7340122,2024,https://github.com/HTNam1710/ADS_Final/blob/main/Data/diem_chuan_2024_final.csv
DLH,7340201,Tài chính - Ngân hàng,7340201,2024,https://github.com/HTNam1710/ADS_Final/blob/main/Data/diem_chuan_2024_final.csv
DLH,7340301,Kế toán,7340301,2024,https://github.com/HTNam1710/ADS_Final/blob/main/Data/diem_chuan_2024_final.csv
DLH,7380101,Luật,7380101,2024,https://github.com/HTNam1710/ADS_Final/blob/main/Data/diem_chuan_2024_final.csv
DLH,7380107,Luật kinh tế,7380107,2024,https://github.com/HTNam1710/ADS_Final/blob/main/Data/diem_chuan_2024_final.csv
DLH,7440301,Khoa học môi trường,7440301,2024,https://github.com/HTNam1710/ADS_Final/blob/main/Data/diem_chuan_2024_final.csv
DLH,7480107,Trí tuệ nhân tạo,7480107,2024,https://github.com/HTNam1710/ADS_Final/blob/main/Data/diem_chuan_2024_final.csv
DLH,7480201,Công nghệ thông tin,7480201,2024,https://github.com/HTNam1710/ADS_Final/blob/main/Data/diem_chuan_2024_final.csv
DLH,7510102,Công nghệ kỹ thuật công trình xây dựng,7510102,2024,https://github.com/HTNam1710/ADS_Final/blob/main/Data/diem_chuan_2024_final.csv
DLH,7510201,Công nghệ kỹ thuật cơ khí (Cơ điện tử),7510201,2024,https://github.com/HTNam1710/ADS_Final/blob/main/Data/diem_chuan_2024_final.csv
DLH,7510205,Công nghệ kỹ thuật ô tô,7510205,2024,https://github.com/HTNam1710/ADS_Final/blob/main/Data/diem_chuan_2024_final.csv
DLH,7510301,"Công nghệ kỹ thuật điện, điện tử",7510301,2024,https://github.com/HTNam1710/ADS_Final/blob/main/Data/diem_chuan_2024_final.csv
DLH,7510303,Công nghệ kỹ thuật điều khiển và tự động hóa,7510303,2024,https://github.com/HTNam1710/ADS_Final/blob/main/Data/diem_chuan_2024_final.csv
DLH,7510605,Logistics và quản lý chuỗi cung ứng,7510605,2024,https://github.com/HTNam1710/ADS_Final/blob/main/Data/diem_chuan_2024_final.csv
DLH,7540101,Công nghệ thực phẩm,7540101,2024,https://github.com/HTNam1710/ADS_Final/blob/main/Data/diem_chuan_2024_final.csv
DLH,7720201,Dược học,7720201,2024,https://github.com/HTNam1710/ADS_Final/blob/main/Data/diem_chuan_2024_final.csv
DLH,7810103,Quản trị dịch vụ du lịch và lữ hành,7810103,2024,https://github.com/HTNam1710/ADS_Final/blob/main/Data/diem_chuan_2024_final.csv
DDB,7220201,Ngôn ngữ Anh,7220201,2024,https://github.com/HTNam1710/ADS_Final/blob/main/Data/diem_chuan_2024_final.csv
DDB,7220204,Ngôn ngữ Trung Quốc,7220204,2024,https://github.com/HTNam1710/ADS_Final/blob/main/Data/diem_chuan_2024_final.csv
DDB,7220210,Ngôn ngữ Hàn Quốc,7220210,2024,https://github.com/HTNam1710/ADS_Final/blob/main/Data/diem_chuan_2024_final.csv
DDB,7310205,Quản lý nhà nước,7310205,2024,https://github.com/HTNam1710/ADS_Final/blob/main/Data/diem_chuan_2024_final.csv
DDB,7340101,Quản trị kinh doanh,7340101,2024,https://github.com/HTNam1710/ADS_Final/blob/main/Data/diem_chuan_2024_final.csv
DDB,7340122,Thương mại điện tử,7340122,2024,https://github.com/HTNam1710/ADS_Final/blob/main/Data/diem_chuan_2024_final.csv
DDB,7340201,Tài chính ngân hàng,7340201,2024,https://github.com/HTNam1710/ADS_Final/blob/main/Data/diem_chuan_2024_final.csv
DDB,7340301,Kế toán,7340301,2024,https://github.com/HTNam1710/ADS_Final/blob/main/Data/diem_chuan_2024_final.csv
DDB,7380101,Luật,7380101,2024,https://github.com/HTNam1710/ADS_Final/blob/main/Data/diem_chuan_2024_final.csv
DDB,7380107,Luật kinh tế,7380107,2024,https://github.com/HTNam1710/ADS_Final/blob/main/Data/diem_chuan_2024_final.csv
DDB,7480201,Công nghệ thông tin,7480201,2024,https://github.com/HTNam1710/ADS_Final/blob/main/Data/diem_chuan_2024_final.csv
DDB,7510103,Công nghệ kỹ thuật xây dựng,7510103,2024,https://github.com/HTNam1710/ADS_Final/blob/main/Data/diem_chuan_2024_final.csv
DDB,7510201,Công nghệ kỹ thuật cơ khí,7510201,2024,https://github.com/HTNam1710/ADS_Final/blob/main/Data/diem_chuan_2024_final.csv
DDB,7510203,Công nghệ kỹ thuật cơ điện tử,7510203,2024,https://github.com/HTNam1710/ADS_Final/blob/main/Data/diem_chuan_2024_final.csv
DDB,7510205,Công nghệ kỹ thuật ô tô,7510205,2024,https://github.com/HTNam1710/ADS_Final/blob/main/Data/diem_chuan_2024_final.csv
DDB,7520216,Kỹ thuật điều khiển và tự động hóa,7520216,2024,https://github.com/HTNam1710/ADS_Final/blob/main/Data/diem_chuan_2024_final.csv
DDB,7720115,Y học cổ truyền,7720115,2024,https://github.com/HTNam1710/ADS_Final/blob/main/Data/diem_chuan_2024_final.csv
DDB,7720201,Dược học,7720201,2024,https://github.com/HTNam1710/ADS_Final/blob/main/Data/diem_chuan_2024_final.csv
DDB,7720301,Điều dưỡng,7720301,2024,https://github.com/HTNam1710/ADS_Final/blob/main/Data/diem_chuan_2024_final.csv
DDB,7720401,Dinh dưỡng,7720401,2024,https://github.com/HTNam1710/ADS_Final/blob/main/Data/diem_chuan_2024_final.csv
DDB,7720601,Kỹ thuật xét nghiệm y học,7720601,2024,https://github.com/HTNam1710/ADS_Final/blob/main/Data/diem_chuan_2024_final.csv
DDB,7720602,Kỹ thuật hình ảnh y học,7720602,2024,https://github.com/HTNam1710/ADS_Final/blob/main/Data/diem_chuan_2024_final.csv
DDB,7810103,Quản trị dịch vụ du lịch và lữ hành,7810103,2024,https://github.com/HTNam1710/ADS_Final/blob/main/Data/diem_chuan_2024_final.csv
DDB,7810201,Quản trị khách sạn,7810201,2024,https://github.com/HTNam1710/ADS_Final/blob/main/Data/diem_chuan_2024_final.csv
DDB,7850103,Quản lý đất đai,7850103,2024,https://github.com/HTNam1710/ADS_Final/blob/main/Data/diem_chuan_2024_final.csv
DHA,7380101,Luật,7380101,2024,https://github.com/HTNam1710/ADS_Final/blob/main/Data/diem_chuan_2024_final.csv
DHA,7380107,Luật Kinh tế,7380107,2024,https://github.com/HTNam1710/ADS_Final/blob/main/Data/diem_chuan_2024_final.csv
DYD,7220201,Ngôn ngữ Anh,7220201,2024,https://github.com/HTNam1710/ADS_Final/blob/main/Data/diem_chuan_2024_final.csv
DYD,7310401,Tâm lý học,7310401,2024,https://github.com/HTNam1710/ADS_Final/blob/main/Data/diem_chuan_2024_final.csv
DYD,7310608,Đông phương học,7310608,2024,https://github.com/HTNam1710/ADS_Final/blob/main/Data/diem_chuan_2024_final.csv
DYD,7320108,Quan hệ công chúng,7320108,2024,https://github.com/HTNam1710/ADS_Final/blob/main/Data/diem_chuan_2024_final.csv
DYD,7340101,Quản trị kinh doanh,7340101,2024,https://github.com/HTNam1710/ADS_Final/blob/main/Data/diem_chuan_2024_final.csv
DYD,7380107,Luật kinh tế,7380107,2024,https://github.com/HTNam1710/ADS_Final/blob/main/Data/diem_chuan_2024_final.csv
DYD,7420201,Công nghệ sinh học,7420201,2024,https://github.com/HTNam1710/ADS_Final/blob/main/Data/diem_chuan_2024_final.csv
DYD,7480201,Công nghệ thông tin,7480201,2024,https://github.com/HTNam1710/ADS_Final/blob/main/Data/diem_chuan_2024_final.csv
DYD,7510205,Công nghệ kỹ thuật ô tô,7510205,2024,https://github.com/HTNam1710/ADS_Final/blob/main/Data/diem_chuan_2024_final.csv
DYD,7520114,Kỹ thuật cơ điện tử,7520114,2024,https://github.com/HTNam1710/ADS_Final/blob/main/Data/diem_chuan_2024_final.csv
DYD,7540101,Công nghệ thực phẩm,7540101,2024,https://github.com/HTNam1710/ADS_Final/blob/main/Data/diem_chuan_2024_final.csv
DYD,7580101,Kiến trúc,7580101,2024,https://github.com/HTNam1710/ADS_Final/blob/main/Data/diem_chuan_2024_final.csv
DYD,7580108,Thiết kế nội thất,7580108,2024,https://github.com/HTNam1710/ADS_Final/blob/main/Data/diem_chuan_2024_final.csv
DYD,7720201,Dược học,7720201,2024,https://github.com/HTNam1710/ADS_Final/blob/main/Data/diem_chuan_2024_final.csv
DYD,7720301,Điều dưỡng,7720301,2024,https://github.com/HTNam1710/ADS_Final/blob/main/Data/diem_chuan_2024_final.csv
DYD,7810103,Quản trị dịch vụ du lịch và lữ hành,7810103,2024,https://github.com/HTNam1710/ADS_Final/blob/main/Data/diem_chuan_2024_final.csv
TDD,7140101,Giáo dục học,7140101,2024,https://github.com/HTNam1710/ADS_Final/blob/main/Data/diem_chuan_2024_final.csv
TDD,7220201,Ngôn ngữ Anh,7220201,2024,https://github.com/HTNam1710/ADS_Final/blob/main/Data/diem_chuan_2024_final.csv
TDD,7220204,Ngôn ngữ Trung Quốc,7220204,2024,https://github.com/HTNam1710/ADS_Final/blob/main/Data/diem_chuan_2024_final.csv
TDD,7310630,Việt Nam học,7310630,2024,https://github.com/HTNam1710/ADS_Final/blob/main/Data/diem_chuan_2024_final.csv
TDD,7340101,Quản trị kinh doanh,7340101,2024,https://github.com/HTNam1710/ADS_Final/blob/main/Data/diem_chuan_2024_final.csv
TDD,7340301,Kế toán,7340301,2024,https://github.com/HTNam1710/ADS_Final/blob/main/Data/diem_chuan_2024_final.csv
TDD,7340406,Quản trị văn phòng,7340406,2024,https://github.com/HTNam1710/ADS_Final/blob/main/Data/diem_chuan_2024_final.csv
TDD,7380101,Luật,7380101,2024,https://github.com/HTNam1710/ADS_Final/blob/main/Data/diem_chuan_2024_final.csv
TDD,7480201,Công nghệ thông tin,7480201,2024,https://github.com/HTNam1710/ADS_Final/blob/main/Data/diem_chuan_2024_final.csv
TDD,7510205,Công nghệ kỹ thuật ô tô,7510205,2024,https://github.com/HTNam1710/ADS_Final/blob/main/Data/diem_chuan_2024_final.csv
TDD,7510301,Công nghệ kỹ thuật điện - điện tử,7510301,2024,https://github.com/HTNam1710/ADS_Final/blob/main/Data/diem_chuan_2024_final.csv
TDD,7720201,Dược học,7720201,2024,https://github.com/HTNam1710/ADS_Final/blob/main/Data/diem_chuan_2024_final.csv
TDD,7810201,Quản trị khách sạn,7810201,2024,https://github.com/HTNam1710/ADS_Final/blob/main/Data/diem_chuan_2024_final.csv
DBD,7220201,Ngôn ngữ Anh,7220201,2024,https://github.com/HTNam1710/ADS_Final/blob/main/Data/diem_chuan_2024_final.csv
DBD,7310301,Xã hội học - Truyền thông đa phương tiện - Quan hệ công chúng,7310301,2024,https://github.com/HTNam1710/ADS_Final/blob/main/Data/diem_chuan_2024_final.csv
DBD,7310613,Nhật Bản học,7310613,2024,https://github.com/HTNam1710/ADS_Final/blob/main/Data/diem_chuan_2024_final.csv
DBD,7310614,Hàn Quốc học,7310614,2024,https://github.com/HTNam1710/ADS_Final/blob/main/Data/diem_chuan_2024_final.csv
DBD,7340101,Quản trị kinh doanh Chuyên ngành - Quản trị doanh nghiệp - Quản trị Logistics - Digital Marketing,7340101,2024,https://github.com/HTNam1710/ADS_Final/blob/main/Data/diem_chuan_2024_final.csv
DBD,7340201,Tài chính - Ngân hàng,7340201,2024,https://github.com/HTNam1710/ADS_Final/blob/main/Data/diem_chuan_2024_final.csv
DBD,7340301,Kế toán,7340301,2024,https://github.com/HTNam1710/ADS_Final/blob/main/Data/diem_chuan_2024_final.csv
DBD,7380101,Luật,7380101,2024,https://github.com/HTNam1710/ADS_Final/blob/main/Data/diem_chuan_2024_final.csv
DBD,7380107,Luật kinh tế,7380107,2024,https://github.com/HTNam1710/ADS_Final/blob/main/Data/diem_chuan_2024_final.csv
DBD,7480201,Công nghệ thông tin Chuyên ngành - Robot và Trí tuệ nhân tạo -Kỹ thuật phần mềm - Hệ thống thông tin - Mạng máy tính & An toàn thông tin,7480201,2024,https://github.com/HTNam1710/ADS_Final/blob/main/Data/diem_chuan_2024_final.csv
DBD,7510102,Công nghệ kỹ thuật công trình xây dựng,7510102,2024,https://github.com/HTNam1710/ADS_Final/blob/main/Data/diem_chuan_2024_final.csv
DBD,7510205,Công nghệ kỹ thuật ô tô,7510205,2024,https://github.com/HTNam1710/ADS_Final/blob/main/Data/diem_chuan_2024_final.csv
DBD,7510301,"Công nghệ kỹ thuật điện, điện tử",7510301,2024,https://github.com/HTNam1710/ADS_Final/blob/main/Data/diem_chuan_2024_final.csv
DBD,7510605,Logistics và Quản lý chuỗi cung ứng,7510605,2024,https://github.com/HTNam1710/ADS_Final/blob/main/Data/diem_chuan_2024_final.csv
DBD,7540101,Công nghệ thực phẩm,7540101,2024,https://github.com/HTNam1710/ADS_Final/blob/main/Data/diem_chuan_2024_final.csv
DBD,7580101,Kiến trúc,7580101,2024,https://github.com/HTNam1710/ADS_Final/blob/main/Data/diem_chuan_2024_final.csv
DBD,7720201,Dược học,7720201,2024,https://github.com/HTNam1710/ADS_Final/blob/main/Data/diem_chuan_2024_final.csv
DBD,7720203,Hóa dược - Phân tích và kiểm nghiệm - Bào chế và phát triển thuốc,7720203,2024,https://github.com/HTNam1710/ADS_Final/blob/main/Data/diem_chuan_2024_final.csv
DTV,7220201,Ngôn ngữ Anh,7220201,2024,https://github.com/HTNam1710/ADS_Final/blob/main/Data/diem_chuan_2024_final.csv
DTV,7340101,Quản trị kinh doanh,7340101,2024,https://github.com/HTNam1710/ADS_Final/blob/main/Data/diem_chuan_2024_final.csv
DTV,7340201,Tài chính - Ngân hàng,7340201,2024,https://github.com/HTNam1710/ADS_Final/blob/main/Data/diem_chuan_2024_final.csv
DTV,7340301,Kế toán,7340301,2024,https://github.com/HTNam1710/ADS_Final/blob/main/Data/diem_chuan_2024_final.csv
DTV,7480201,Kỹ sư công nghệ thông tin,7480201,2024,https://github.com/HTNam1710/ADS_Final/blob/main/Data/diem_chuan_2024_final.csv
DTV,7510301,"Công nghệ kỹ thuật điện, điện tử",7510301,2024,https://github.com/HTNam1710/ADS_Final/blob/main/Data/diem_chuan_2024_final.csv
DTV,7580201,Kỹ thuật xây dựng,7580201,2024,https://github.com/HTNam1710/ADS_Final/blob/main/Data/diem_chuan_2024_final.csv
DTV,7580205,Kỹ thuật xây dựng công trình giao thông,7580205,2024,https://github.com/HTNam1710/ADS_Final/blob/main/Data/diem_chuan_2024_final.csv
DTV,7640101,Bác sĩ thú y,7640101,2024,https://github.com/HTNam1710/ADS_Final/blob/main/Data/diem_chuan_2024_final.csv
DTV,7720115,Y học cổ truyền,7720115,2024,https://github.com/HTNam1710/ADS_Final/blob/main/Data/diem_chuan_2024_final.csv
VJU,7310613,Nhật Bản học,7310613,2024,https://github.com/HTNam1710/ADS_Final/blob/main/Data/diem_chuan_2024_final.csv
VJU,7480204,Khoa học và Kỹ thuật máy tính,7480204,2024,https://github.com/HTNam1710/ADS_Final/blob/main/Data/diem_chuan_2024_final.csv
VJU,7520114,Kỳ thuật cơ điện tử (Cơ điện tử thông minh và sản xuất theo phuơng thức Nhật Bản),7520114,2024,https://github.com/HTNam1710/ADS_Final/blob/main/Data/diem_chuan_2024_final.csv
VJU,7540118QTD,Công nghệ thực phẩm và sức khỏe,7540118,2024,https://github.com/HTNam1710/ADS_Final/blob/main/Data/diem_chuan_2024_final.csv
VJU,7580201,Kỹ thuật xây dựng,7580201,2024,https://github.com/HTNam1710/ADS_Final/blob/main/Data/diem_chuan_2024_final.csv
VJU,7620122,Nông nghiệp thông minh và bền vững,7620122,2024,https://github.com/HTNam1710/ADS_Final/blob/main/Data/diem_chuan_2024_final.csv
BVU,7220201,Ngôn ngữ Anh,7220201,2024,https://github.com/HTNam1710/ADS_Final/blob/main/Data/diem_chuan_2024_final.csv
BVU,7220201C1,Tiêng Anh biên - phiên dịch (ngành Ngôn ngữ Anh),7220201,2024,https://github.com/HTNam1710/ADS_Final/blob/main/Data/diem_chuan_2024_final.csv
BVU,7220201C2,Tiếng Anh du lịch - thương mại (ngành Ngôn ngữ Anh),7220201,2024,https://github.com/HTNam1710/ADS_Final/blob/main/Data/diem_chuan_2024_final.csv
BVU,7220201C3,Phương pháp giảng dạy tiếng Anh (ngành Ngôn ngữ Anh),7220201,2024,https://github.com/HTNam1710/ADS_Final/blob/main/Data/diem_chuan_2024_final.csv
BVU,7220201CT,Lý luận và PP dạy học bộ môn tiếng Anh (nhận bằng Cử nhân ngành Ngôn ngữ Anh),7220201,2024,https://github.com/HTNam1710/ADS_Final/blob/main/Data/diem_chuan_2024_final.csv
BVU,7220204,Ngôn ngữ Trung Quốc,7220204,2024,https://github.com/HTNam1710/ADS_Final/blob/main/Data/diem_chuan_2024_final.csv
BVU,7220204C1,Tiếng Trung biên - phiên dịch (ngành Ngôn ngữ Trung Quốc),7220204,2024,https://github.com/HTNam1710/ADS_Final/blob/main/Data/diem_chuan_2024_final.csv
BVU,7220204C2,Tiếng Trung du lịch - thương mại (ngành Ngôn ngữ Trung Quốc),7220204,2024,https://github.com/HTNam1710/ADS_Final/blob/main/Data/diem_chuan_2024_final.csv
BVU,7220204C3,Phương pháp giảng dạy tiếng Trung (ngành Ngôn ngữ Trung Quốc),7220204,2024,https://github.com/HTNam1710/ADS_Final/blob/main/Data/diem_chuan_2024_final.csv
BVU,7310401,Tâm lý học,7310401,2024,https://github.com/HTNam1710/ADS_Final/blob/main/Data/diem_chuan_2024_final.csv
BVU,7310401C1,Tham vấn và trị liệu tâm lý (ngành Tâm lý học),7310401,2024,https://github.com/HTNam1710/ADS_Final/blob/main/Data/diem_chuan_2024_final.csv
BVU,73106080,Ngôn ngữ và văn hóa Hàn Quốc (ngành Đông phương học),7310608,2024,https://github.com/HTNam1710/ADS_Final/blob/main/Data/diem_chuan_2024_final.csv
BVU,7310608C2,Ngôn ngữ và văn hóa Nhật Bản (ngành Đông phương học),7310608,2024,https://github.com/HTNam1710/ADS_Final/blob/main/Data/diem_chuan_2024_final.csv
BVU,7310608CT1,Đông phương học (Ngôn ngữ và văn hóa Nhật Bản),7310608,2024,https://github.com/HTNam1710/ADS_Final/blob/main/Data/diem_chuan_2024_final.csv
BVU,7310608CT2,Đông phương học (Ngôn ngữ và văn hóa Hàn Quốc),7310608,2024,https://github.com/HTNam1710/ADS_Final/blob/main/Data/diem_chuan_2024_final.csv
BVU,7310608NB,Ngôn ngữ và văn hóa Nhật Bản (ngành Đông phương học),7310608,2024,https://github.com/HTNam1710/ADS_Final/blob/main/Data/diem_chuan_2024_final.csv
BVU,7340101,Quản trị kinh doanh,7340101,2024,https://github.com/HTNam1710/ADS_Final/blob/main/Data/diem_chuan_2024_final.csv
BVU,73401010,Quản trị doanh nghiệp (ngành Quản trị kinh doanh),7340101,2024,https://github.com/HTNam1710/ADS_Final/blob/main/Data/diem_chuan_2024_final.csv
BVU,7340101C2,Quản trị kinh doanh bất động sản (ngành Quản trị kinh doanh),7340101,2024,https://github.com/HTNam1710/ADS_Final/blob/main/Data/diem_chuan_2024_final.csv
BVU,7340101C3,Quản trị nguồn nhân lực (ngành Quản trị kinh doanh),7340101,2024,https://github.com/HTNam1710/ADS_Final/blob/main/Data/diem_chuan_2024_final.csv
BVU,7340101C4,Quản trị truyền thông đa phương tiện (ngành Quản trị kinh doanh),7340101,2024,https://github.com/HTNam1710/ADS_Final/blob/main/Data/diem_chuan_2024_final.csv
BVU,7340101CT,Quản trị kinh doanh,7340101,2024,https://github.com/HTNam1710/ADS_Final/blob/main/Data/diem_chuan_2024_final.csv
BVU,7340101QA,Quản trị kinh doanh & Ngôn ngữ Anh,7340101,2024,https://github.com/HTNam1710/ADS_Final/blob/main/Data/diem_chuan_2024_final.csv
BVU,7340101QL,Quản trị kinh doanh & Luật,7340101,2024,https://github.com/HTNam1710/ADS_Final/blob/main/Data/diem_chuan_2024_final.csv
BVU,7340115,Marketing,7340115,2024,https://github.com/HTNam1710/ADS_Final/blob/main/Data/diem_chuan_2024_final.csv
BVU,73401150,Marketing và tổ chức sự kiện (ngành Marketing),7340115,2024,https://github.com/HTNam1710/ADS_Final/blob/main/Data/diem_chuan_2024_final.csv
BVU,7340115C2,Digital marketing (ngành Marketing),7340115,2024,https://github.com/HTNam1710/ADS_Final/blob/main/Data/diem_chuan_2024_final.csv
BVU,7340120,Kinh doanh quốc tế,7340120,2024,https://github.com/HTNam1710/ADS_Final/blob/main/Data/diem_chuan_2024_final.csv
BVU,7340120C1,Thương mại quốc tế & Kinh doanh trực tuyến (ngành Kinh doanh quốc tế),7340120,2024,https://github.com/HTNam1710/ADS_Final/blob/main/Data/diem_chuan_2024_final.csv
BVU,7340120KA,Kinh doanh quốc tế & Ngôn ngữ Anh,7340120,2024,https://github.com/HTNam1710/ADS_Final/blob/main/Data/diem_chuan_2024_final.csv
BVU,7340120KL,Kinh doanh quốc tế & Luật,7340120,2024,https://github.com/HTNam1710/ADS_Final/blob/main/Data/diem_chuan_2024_final.csv
BVU,7340201,Tài chính - Ngân hàng,7340201,2024,https://github.com/HTNam1710/ADS_Final/blob/main/Data/diem_chuan_2024_final.csv
BVU,7340201C1,Tài chính doanh nghiệp (ngành Tài chính - Ngân hàng),7340201,2024,https://github.com/HTNam1710/ADS_Final/blob/main/Data/diem_chuan_2024_final.csv
BVU,7340201TL,Tài chính ngân hàng & Luật,7340201,2024,https://github.com/HTNam1710/ADS_Final/blob/main/Data/diem_chuan_2024_final.csv
BVU,7340301,Kế toán,7340301,2024,https://github.com/HTNam1710/ADS_Final/blob/main/Data/diem_chuan_2024_final.csv
BVU,7340301C1,Kế toán tài chính (ngành Kế toán),7340301,2024,https://github.com/HTNam1710/ADS_Final/blob/main/Data/diem_chuan_2024_final.csv
BVU,7340301C2,Kế toán kiểm toán (ngành Kế toán),7340301,2024,https://github.com/HTNam1710/ADS_Final/blob/main/Data/diem_chuan_2024_final.csv
BVU,7340301KL,Kế toán & Luật,7340301,2024,https://github.com/HTNam1710/ADS_Final/blob/main/Data/diem_chuan_2024_final.csv
BVU,7340301TN,Kế toán (ACCA cấp Chứng chỉ Lập báo cáo tài chính quốc tế),7340301,2024,https://github.com/HTNam1710/ADS_Final/blob/main/Data/diem_chuan_2024_final.csv
BVU,7380101,Luật,7380101,2024,https://github.com/HTNam1710/ADS_Final/blob/main/Data/diem_chuan_2024_final.csv
BVU,7380101 LA,Luật & Ngôn ngữ Anh,7380101,2024,https://github.com/HTNam1710/ADS_Final/blob/main/Data/diem_chuan_2024_final.csv
BVU,7380101C1,Luật kinh tế và dân sự (ngành Luật),7380101,2024,https://github.com/HTNam1710/ADS_Final/blob/main/Data/diem_chuan_2024_final.csv
BVU,7380101CT,Luật (dự kiến),7380101,2024,https://github.com/HTNam1710/ADS_Final/blob/main/Data/diem_chuan_2024_final.csv
BVU,7480201,Công nghệ thông tin,7480201,2024,https://github.com/HTNam1710/ADS_Final/blob/main/Data/diem_chuan_2024_final.csv
BVU,7480201C1,Kỹ thuật phần mềm (ngành Công nghệ thông tin),7480201,2024,https://github.com/HTNam1710/ADS_Final/blob/main/Data/diem_chuan_2024_final.csv
BVU,7480201C2,Lập trình ứng dụng di động và game (ngành Công nghệ thông tin),7480201,2024,https://github.com/HTNam1710/ADS_Final/blob/main/Data/diem_chuan_2024_final.csv
BVU,7480201C3,Quản trị mạng và an toàn thông tin (ngành Công nghệ thông tin),7480201,2024,https://github.com/HTNam1710/ADS_Final/blob/main/Data/diem_chuan_2024_final.csv
BVU,7480201CT,Công nghệ thông tin,7480201,2024,https://github.com/HTNam1710/ADS_Final/blob/main/Data/diem_chuan_2024_final.csv
BVU,7510102,Công nghệ kỹ thuật công trình xây dựng,7510102,2024,https://github.com/HTNam1710/ADS_Final/blob/main/Data/diem_chuan_2024_final.csv
BVU,7510102NB,Công nghệ kỹ thuật công trình xây dựng,7510102,2024,https://github.com/HTNam1710/ADS_Final/blob/main/Data/diem_chuan_2024_final.csv
BVU,7510201,Công nghệ kỹ thuật cơ khí,7510201,2024,https://github.com/HTNam1710/ADS_Final/blob/main/Data/diem_chuan_2024_final.csv
BVU,7510201NB,Công nghệ kỹ thuật cơ khí,7510201,2024,https://github.com/HTNam1710/ADS_Final/blob/main/Data/diem_chuan_2024_final.csv
BVU,7510205,Công nghệ kỹ thuật ô tô,7510205,2024,https://github.com/HTNam1710/ADS_Final/blob/main/Data/diem_chuan_2024_final.csv
BVU,7510205NB,Công nghệ kỹ thuật ô tô,7510205,2024,https://github.com/HTNam1710/ADS_Final/blob/main/Data/diem_chuan_2024_final.csv
BVU,7510301,"Công nghệ kỹ thuật điện, điện tử",7510301,2024,https://github.com/HTNam1710/ADS_Final/blob/main/Data/diem_chuan_2024_final.csv
BVU,7510301C1,"Kỹ thuật điện (ngành Công nghệ kỹ thuật điện, điện tử)",7510301,2024,https://github.com/HTNam1710/ADS_Final/blob/main/Data/diem_chuan_2024_final.csv
BVU,7510301C2,"Điều khiển và tự động hóa (ngành Công nghệ kỹ thuật điện, điện tử)",7510301,2024,https://github.com/HTNam1710/ADS_Final/blob/main/Data/diem_chuan_2024_final.csv
BVU,7510301NB,"Công nghệ kỹ thuật điện, điện tử",7510301,2024,https://github.com/HTNam1710/ADS_Final/blob/main/Data/diem_chuan_2024_final.csv
BVU,7510605,Logistics và Quản lý chuỗi cung ứng,7510605,2024,https://github.com/HTNam1710/ADS_Final/blob/main/Data/diem_chuan_2024_final.csv
BVU,7510605C1,Logistics cảng biển - Xuất nhập khẩu - Giao nhận vận tải quốc tế (ngành Logistics và Quản lý chuỗi cung ứng),7510605,2024,https://github.com/HTNam1710/ADS_Final/blob/main/Data/diem_chuan_2024_final.csv
BVU,7510605C2,Logistics cảng hàng không - Xuất nhập khẩu - Giao nhận vận tải quốc tế (ngành Logistics và Quản lý chuỗi cung ứng),7510605,2024,https://github.com/HTNam1710/ADS_Final/blob/main/Data/diem_chuan_2024_final.csv
BVU,7510605CT1,Logistics và Quản lý chuỗi cung ứng,7510605,2024,https://github.com/HTNam1710/ADS_Final/blob/main/Data/diem_chuan_2024_final.csv
BVU,7510605CT2,Logistics và Quản lý chuỗi cung ứng (Quản lý Logistics cảng biển - XNK -Giao nhận vận tài quốc tế),7510605,2024,https://github.com/HTNam1710/ADS_Final/blob/main/Data/diem_chuan_2024_final.csv
BVU,7510605CT3,Logistics và quản lý chuỗi cung ứng (Quản lý Logistics cảng hàng không -XNK - Giao nhận vận tải quốc tế),7510605,2024,https://github.com/HTNam1710/ADS_Final/blob/main/Data/diem_chuan_2024_final.csv
BVU,7510605LA,Logistics và Quản lý chuỗi cung ứng & Ngôn ngữ Anh,7510605,2024,https://github.com/HTNam1710/ADS_Final/blob/main/Data/diem_chuan_2024_final.csv
BVU,7510605NB,Logistics và Ọuản lý chuỗi cung ứng,7510605,2024,https://github.com/HTNam1710/ADS_Final/blob/main/Data/diem_chuan_2024_final.csv
BVU,7510605TN,Logistics và Quản lý chuỗi cung ứng (FIATA cấp Chứng chỉ Giao nhận vận tải quốc tế),7510605,2024,https://github.com/HTNam1710/ADS_Final/blob/main/Data/diem_chuan_2024_final.csv
BVU,7720201,Dược học,7720201,2024,https://github.com/HTNam1710/ADS_Final/blob/main/Data/diem_chuan_2024_final.csv
BVU,7720301,Điều dưỡng,7720301,2024,https://github.com/HTNam1710/ADS_Final/blob/main/Data/diem_chuan_2024_final.csv
BVU,7720301NB,Điều dưỡng,7720301,2024,https://github.com/HTNam1710/ADS_Final/blob/main/Data/diem_chuan_2024_final.csv
BVU,7810103,Quản trị dịch vụ du lịch và lữ hành,7810103,2024,https://github.com/HTNam1710/ADS_Final/blob/main/Data/diem_chuan_2024_final.csv
BVU,7810103DA,Quản trị dịch vụ du lịch và lữ hành & Ngôn ngữ Anh,7810103,2024,https://github.com/HTNam1710/ADS_Final/blob/main/Data/diem_chuan_2024_final.csv
BVU,7810201,Quản trị khách sạn,7810201,2024,https://github.com/HTNam1710/ADS_Final/blob/main/Data/diem_chuan_2024_final.csv
BVU,78102010,Quản trị nhà hàng - khách sạn và dịch vụ ăn uống (ngành Quản trị khách sạn),7810201,2024,https://github.com/HTNam1710/ADS_Final/blob/main/Data/diem_chuan_2024_final.csv
BVU,7810201C2,Quản trị du lịch - nhà hàng - khách sạn (ngành Quản trị khách sạn),7810201,2024,https://github.com/HTNam1710/ADS_Final/blob/main/Data/diem_chuan_2024_final.csv
BVU,7810201QA,Quản trị khách sạn & Ngôn ngữ Anh,7810201,2024,https://github.com/HTNam1710/ADS_Final/blob/main/Data/diem_chuan_2024_final.csv
DHN,7140222,Sư phạm Mỹ thuật,7140222,2024,https://github.com/HTNam1710/ADS_Final/blob/main/Data/diem_chuan_2024_final.csv
DHN,7210103,Hội họa,7210103,2024,https://github.com/HTNam1710/ADS_Final/blob/main/Data/diem_chuan_2024_final.csv
DHN,7210105,Điêu khắc,7210105,2024,https://github.com/HTNam1710/ADS_Final/blob/main/Data/diem_chuan_2024_final.csv
DHN,7210403,Thiết kế Đồ họa,7210403,2024,https://github.com/HTNam1710/ADS_Final/blob/main/Data/diem_chuan_2024_final.csv
DHN,7210404,Thiết kế Thời trang,7210404,2024,https://github.com/HTNam1710/ADS_Final/blob/main/Data/diem_chuan_2024_final.csv
DHN,7580108,Thiết kế Nội thất,7580108,2024,https://github.com/HTNam1710/ADS_Final/blob/main/Data/diem_chuan_2024_final.csv
MIT,7220201,Ngôn ngữ Anh,7220201,2024,https://github.com/HTNam1710/ADS_Final/blob/main/Data/diem_chuan_2024_final.csv
MIT,7220204,Ngôn ngữ Trung Quốc,7220204,2024,https://github.com/HTNam1710/ADS_Final/blob/main/Data/diem_chuan_2024_final.csv
MIT,7310608,Đông phương học (chuyên ngành Hàn Quốc học),7310608,2024,https://github.com/HTNam1710/ADS_Final/blob/main/Data/diem_chuan_2024_final.csv
MIT,7340101,Quản trị kinh doanh,7340101,2024,https://github.com/HTNam1710/ADS_Final/blob/main/Data/diem_chuan_2024_final.csv
MIT,7340114,Digital marketing,7340114,2024,https://github.com/HTNam1710/ADS_Final/blob/main/Data/diem_chuan_2024_final.csv
MIT,7340120,Kinh doanh quốc tế,7340120,2024,https://github.com/HTNam1710/ADS_Final/blob/main/Data/diem_chuan_2024_final.csv
MIT,7340205,Công nghệ tài chính,7340205,2024,https://github.com/HTNam1710/ADS_Final/blob/main/Data/diem_chuan_2024_final.csv
MIT,7340301,Kế toán,7340301,2024,https://github.com/HTNam1710/ADS_Final/blob/main/Data/diem_chuan_2024_final.csv
MIT,7380107,Luật kinh tế,7380107,2024,https://github.com/HTNam1710/ADS_Final/blob/main/Data/diem_chuan_2024_final.csv
MIT,7480201,Công nghệ thông tin,7480201,2024,https://github.com/HTNam1710/ADS_Final/blob/main/Data/diem_chuan_2024_final.csv
MIT,7510205,Công nghệ kỹ thuật ô tô,7510205,2024,https://github.com/HTNam1710/ADS_Final/blob/main/Data/diem_chuan_2024_final.csv
MIT,7510601,Quản lý công nghiệp,7510601,2024,https://github.com/HTNam1710/ADS_Final/blob/main/Data/diem_chuan_2024_final.csv
MIT,7510605,Logistic và quản lý chuỗi cung ứng,7510605,2024,https://github.com/HTNam1710/ADS_Final/blob/main/Data/diem_chuan_2024_final.csv
MIT,7640101,Thú y,7640101,2024,https://github.com/HTNam1710/ADS_Final/blob/main/Data/diem_chuan_2024_final.csv
MIT,7720201,Dược học,7720201,2024,https://github.com/HTNam1710/ADS_Final/blob/main/Data/diem_chuan_2024_final.csv
FPT,7220201,Ngôn ngữ Anh,7220201,2024,https://github.com/HTNam1710/ADS_Final/blob/main/Data/diem_chuan_2024_final.csv
FPT,7220204,Ngôn ngữ Trung Quốc,7220204,2024,https://github.com/HTNam1710/ADS_Final/blob/main/Data/diem_chuan_2024_final.csv
FPT,7220209,Ngôn ngữ Nhật,7220209,2024,https://github.com/HTNam1710/ADS_Final/blob/main/Data/diem_chuan_2024_final.csv
FPT,7220210,Ngôn ngữ Hàn Quốc,7220210,2024,https://github.com/HTNam1710/ADS_Final/blob/main/Data/diem_chuan_2024_final.csv
FPT,7320106,Công nghệ truyền thông,7320106,2024,https://github.com/HTNam1710/ADS_Final/blob/main/Data/diem_chuan_2024_final.csv
FPT,7340101,Quản trị kinh doanh,7340101,2024,https://github.com/HTNam1710/ADS_Final/blob/main/Data/diem_chuan_2024_final.csv
FPT,7480201,Công nghệ thông tin,7480201,2024,https://github.com/HTNam1710/ADS_Final/blob/main/Data/diem_chuan_2024_final.csv
DKB,7220201,Ngôn ngữ Anh,7220201,2024,https://github.com/HTNam1710/ADS_Final/blob/main/Data/diem_chuan_2024_final.csv
DKB,7220210,Ngôn ngữ Hàn Quốc,7220210,2024,https://github.com/HTNam1710/ADS_Final/blob/main/Data/diem_chuan_2024_final.csv
DKB,7320108,Quan hệ công chúng,7320108,2024,https://github.com/HTNam1710/ADS_Final/blob/main/Data/diem_chuan_2024_final.csv
DKB,7340101,Quản trị kinh doanh,7340101,2024,https://github.com/HTNam1710/ADS_Final/blob/main/Data/diem_chuan_2024_final.csv
DKB,7340116,Marketing,7340116,2024,https://github.com/HTNam1710/ADS_Final/blob/main/Data/diem_chuan_2024_final.csv
DKB,7340122,Thương mại điện tử,7340122,2024,https://github.com/HTNam1710/ADS_Final/blob/main/Data/diem_chuan_2024_final.csv
DKB,7340201,Tài chính - Ngân hàng,7340201,2024,https://github.com/HTNam1710/ADS_Final/blob/main/Data/diem_chuan_2024_final.csv
DKB,7340301,Kế toán,7340301,2024,https://github.com/HTNam1710/ADS_Final/blob/main/Data/diem_chuan_2024_final.csv
DKB,7340406,Quản trị văn phòng,7340406,2024,https://github.com/HTNam1710/ADS_Final/blob/main/Data/diem_chuan_2024_final.csv
DKB,7380101,Luật,7380101,2024,https://github.com/HTNam1710/ADS_Final/blob/main/Data/diem_chuan_2024_final.csv
DKB,7480103,Kỹ thuật phần mềm,7480103,2024,https://github.com/HTNam1710/ADS_Final/blob/main/Data/diem_chuan_2024_final.csv
DKB,7480201,Công nghệ thông tin,7480201,2024,https://github.com/HTNam1710/ADS_Final/blob/main/Data/diem_chuan_2024_final.csv
DKB,7510205,Công nghệ kỹ thuật ô tô,7510205,2024,https://github.com/HTNam1710/ADS_Final/blob/main/Data/diem_chuan_2024_final.csv
DKB,75102050,Công nghệ kỹ thuật ô tô điện,7510205,2024,https://github.com/HTNam1710/ADS_Final/blob/main/Data/diem_chuan_2024_final.csv
DKB,7510301,"Công nghệ kỹ thuật điện, điện tử",7510301,2024,https://github.com/HTNam1710/ADS_Final/blob/main/Data/diem_chuan_2024_final.csv
DKB,7720201,Dược học,7720201,2024,https://github.com/HTNam1710/ADS_Final/blob/main/Data/diem_chuan_2024_final.csv
DKB,7810202,Quản trị nhà hàng và dịch vụ ăn uống,7810202,2024,https://github.com/HTNam1710/ADS_Final/blob/main/Data/diem_chuan_2024_final.csv
UEF,7210403,Thiết kế đồ họa,7210403,2024,https://github.com/HTNam1710/ADS_Final/blob/main/Data/diem_chuan_2024_final.csv
UEF,7220201,Ngôn ngữ Anh,7220201,2024,https://github.com/HTNam1710/ADS_Final/blob/main/Data/diem_chuan_2024_final.csv
UEF,7220204,Ngôn ngữ Trung Quốc,7220204,2024,https://github.com/HTNam1710/ADS_Final/blob/main/Data/diem_chuan_2024_final.csv
UEF,7220209,Ngôn ngữ Nhật,7220209,2024,https://github.com/HTNam1710/ADS_Final/blob/main/Data/diem_chuan_2024_final.csv
UEF,7220210,Ngôn ngữ Hàn Quốc,7220210,2024,https://github.com/HTNam1710/ADS_Final/blob/main/Data/diem_chuan_2024_final.csv
UEF,7310106,Kinh tế quốc tế,7310106,2024,https://github.com/HTNam1710/ADS_Final/blob/main/Data/diem_chuan_2024_final.csv
UEF,7310109,Kinh tế số,7310109,2024,https://github.com/HTNam1710/ADS_Final/blob/main/Data/diem_chuan_2024_final.csv
UEF,7310206,Quan hệ quốc tế,7310206,2024,https://github.com/HTNam1710/ADS_Final/blob/main/Data/diem_chuan_2024_final.csv
UEF,7310401,Tâm lý học,7310401,2024,https://github.com/HTNam1710/ADS_Final/blob/main/Data/diem_chuan_2024_final.csv
UEF,7320104,Truyền thông đa phương tiện,7320104,2024,https://github.com/HTNam1710/ADS_Final/blob/main/Data/diem_chuan_2024_final.csv
UEF,7320106,Công nghệ truyền thông (Truyền thông số),7320106,2024,https://github.com/HTNam1710/ADS_Final/blob/main/Data/diem_chuan_2024_final.csv
UEF,7320108,Quan hệ công chúng,7320108,2024,https://github.com/HTNam1710/ADS_Final/blob/main/Data/diem_chuan_2024_final.csv
UEF,7340101,Quản trị kinh doanh,7340101,2024,https://github.com/HTNam1710/ADS_Final/blob/main/Data/diem_chuan_2024_final.csv
UEF,7340114,Digital Marketing,7340114,2024,https://github.com/HTNam1710/ADS_Final/blob/main/Data/diem_chuan_2024_final.csv
UEF,7340115,Marketing,7340115,2024,https://github.com/HTNam1710/ADS_Final/blob/main/Data/diem_chuan_2024_final.csv
UEF,7340116,Bất động sản,7340116,2024,https://github.com/HTNam1710/ADS_Final/blob/main/Data/diem_chuan_2024_final.csv
UEF,7340120,Kinh doanh quốc tế,7340120,2024,https://github.com/HTNam1710/ADS_Final/blob/main/Data/diem_chuan_2024_final.csv
UEF,7340121,Kinh doanh thương mại,7340121,2024,https://github.com/HTNam1710/ADS_Final/blob/main/Data/diem_chuan_2024_final.csv
UEF,7340122,Thương mại điện tử,7340122,2024,https://github.com/HTNam1710/ADS_Final/blob/main/Data/diem_chuan_2024_final.csv
UEF,7340201,Tài chính - Ngân hàng,7340201,2024,https://github.com/HTNam1710/ADS_Final/blob/main/Data/diem_chuan_2024_final.csv
UEF,7340205,Công nghệ tài chính (Fintech),7340205,2024,https://github.com/HTNam1710/ADS_Final/blob/main/Data/diem_chuan_2024_final.csv
UEF,7340206,Tài chính quốc tế,7340206,2024,https://github.com/HTNam1710/ADS_Final/blob/main/Data/diem_chuan_2024_final.csv
UEF,7340301,Kế toán,7340301,2024,https://github.com/HTNam1710/ADS_Final/blob/main/Data/diem_chuan_2024_final.csv
UEF,7340302,Kiểm toán,7340302,2024,https://github.com/HTNam1710/ADS_Final/blob/main/Data/diem_chuan_2024_final.csv
UEF,7340404,Quản trị nhân lực,7340404,2024,https://github.com/HTNam1710/ADS_Final/blob/main/Data/diem_chuan_2024_final.csv
UEF,7340412,Quản trị sự kiện,7340412,2024,https://github.com/HTNam1710/ADS_Final/blob/main/Data/diem_chuan_2024_final.csv
UEF,7380101,Luật,7380101,2024,https://github.com/HTNam1710/ADS_Final/blob/main/Data/diem_chuan_2024_final.csv
UEF,7380107,Luật kinh tế,7380107,2024,https://github.com/HTNam1710/ADS_Final/blob/main/Data/diem_chuan_2024_final.csv
UEF,7380108,Luật quốc tế,7380108,2024,https://github.com/HTNam1710/ADS_Final/blob/main/Data/diem_chuan_2024_final.csv
UEF,7460108,Khoa học dữ liệu,7460108,2024,https://github.com/HTNam1710/ADS_Final/blob/main/Data/diem_chuan_2024_final.csv
UEF,7480103,Kỹ thuật phần mềm,7480103,2024,https://github.com/HTNam1710/ADS_Final/blob/main/Data/diem_chuan_2024_final.csv
UEF,7480201,Công nghệ thông tin,7480201,2024,https://github.com/HTNam1710/ADS_Final/blob/main/Data/diem_chuan_2024_final.csv
UEF,7510605,Logistics và quản lý chuỗi cung ứng,7510605,2024,https://github.com/HTNam1710/ADS_Final/blob/main/Data/diem_chuan_2024_final.csv
UEF,7810103,Quản trị dịch vụ du lịch và lữ hành,7810103,2024,https://github.com/HTNam1710/ADS_Final/blob/main/Data/diem_chuan_2024_final.csv
UEF,7810201,Quản trị khách sạn,7810201,2024,https://github.com/HTNam1710/ADS_Final/blob/main/Data/diem_chuan_2024_final.csv
UEF,7810202,Quản trị nhà hàng và dịch vụ ăn uống,7810202,2024,https://github.com/HTNam1710/ADS_Final/blob/main/Data/diem_chuan_2024_final.csv
DFA,7310101,Kinh tế (Chuyên ngành: Quản lý kinh tế; Kinh tế - Luật),7310101,2024,https://github.com/HTNam1710/ADS_Final/blob/main/Data/diem_chuan_2024_final.csv
DFA,7340101,Quản trị kinh doanh (Chuyên ngành: Quản trị doanh nghiệp; Quản trị Marketing; Quản trị kinh doanh du lịch),7340101,2024,https://github.com/HTNam1710/ADS_Final/blob/main/Data/diem_chuan_2024_final.csv
DFA,7340120,Kinh doanh quốc tế (Chuyên ngành: Thương mại quốc tế),7340120,2024,https://github.com/HTNam1710/ADS_Final/blob/main/Data/diem_chuan_2024_final.csv
DFA,7340201,Tài chính - Ngân hàng (Chuyên ngành: Tài chính doanh nghiệp; Thuế; Ngân hàng; Thẩm định giá),7340201,2024,https://github.com/HTNam1710/ADS_Final/blob/main/Data/diem_chuan_2024_final.csv
DFA,7340301,"Kế toán (Chuyên ngành: Kế toán công, Kế toán doanh nghiệp, Kế toán tin)",7340301,2024,https://github.com/HTNam1710/ADS_Final/blob/main/Data/diem_chuan_2024_final.csv
DFA,7340302,Kiểm toán (Chuyên ngành: Kiểm toán),7340302,2024,https://github.com/HTNam1710/ADS_Final/blob/main/Data/diem_chuan_2024_final.csv
DFA,7340405,Hệ thống thông tin quản lý (Chuyên ngành: Công nghệ Thương mại điện tử),7340405,2024,https://github.com/HTNam1710/ADS_Final/blob/main/Data/diem_chuan_2024_final.csv
TTG,7229040,Văn hóa học,7229040,2024,https://github.com/HTNam1710/ADS_Final/blob/main/Data/diem_chuan_2024_final.csv
TTG,7310101,Kinh tế,7310101,2024,https://github.com/HTNam1710/ADS_Final/blob/main/Data/diem_chuan_2024_final.csv
TTG,7340101,Quản trị Kinh doanh,7340101,2024,https://github.com/HTNam1710/ADS_Final/blob/main/Data/diem_chuan_2024_final.csv
TTG,7340201,Tài chính ngân hàng,7340201,2024,https://github.com/HTNam1710/ADS_Final/blob/main/Data/diem_chuan_2024_final.csv
TTG,7340301,Kế toán,7340301,2024,https://github.com/HTNam1710/ADS_Final/blob/main/Data/diem_chuan_2024_final.csv
TTG,7380101,Luật,7380101,2024,https://github.com/HTNam1710/ADS_Final/blob/main/Data/diem_chuan_2024_final.csv
TTG,7420201,Công nghệ Sinh học,7420201,2024,https://github.com/HTNam1710/ADS_Final/blob/main/Data/diem_chuan_2024_final.csv
TTG,7480201,Công nghệ Thông tin,7480201,2024,https://github.com/HTNam1710/ADS_Final/blob/main/Data/diem_chuan_2024_final.csv
TTG,7510103,Công nghệ Kỹ thuật Xây dựng,7510103,2024,https://github.com/HTNam1710/ADS_Final/blob/main/Data/diem_chuan_2024_final.csv
TTG,7510201,Công nghệ Kỹ thuật Cơ khí,7510201,2024,https://github.com/HTNam1710/ADS_Final/blob/main/Data/diem_chuan_2024_final.csv
TTG,7510203,Công nghệ kỹ thuật cơ điện tử,7510203,2024,https://github.com/HTNam1710/ADS_Final/blob/main/Data/diem_chuan_2024_final.csv
TTG,7510303,Công nghệ kỹ thuật điều khiển và tự động hóa,7510303,2024,https://github.com/HTNam1710/ADS_Final/blob/main/Data/diem_chuan_2024_final.csv
TTG,7540101,Công nghệ Thực phẩm,7540101,2024,https://github.com/HTNam1710/ADS_Final/blob/main/Data/diem_chuan_2024_final.csv
TTG,7620105,Chăn nuôi,7620105,2024,https://github.com/HTNam1710/ADS_Final/blob/main/Data/diem_chuan_2024_final.csv
TTG,7620112,Bảo vệ thực vật,7620112,2024,https://github.com/HTNam1710/ADS_Final/blob/main/Data/diem_chuan_2024_final.csv
TTG,7620301,Nuôi trồng thủy sản,7620301,2024,https://github.com/HTNam1710/ADS_Final/blob/main/Data/diem_chuan_2024_final.csv
TTG,7810101,Du lịch,7810101,2024,https://github.com/HTNam1710/ADS_Final/blob/main/Data/diem_chuan_2024_final.csv
DTE,7310101,Kinh tế,7310101,2024,https://github.com/HTNam1710/ADS_Final/blob/main/Data/diem_chuan_2024_final.csv
DTE,7310104,Kinh tế đầu tư,7310104,2024,https://github.com/HTNam1710/ADS_Final/blob/main/Data/diem_chuan_2024_final.csv
DTE,7310105,Kinh tế phát triển,7310105,2024,https://github.com/HTNam1710/ADS_Final/blob/main/Data/diem_chuan_2024_final.csv
DTE,7340101,Quản trị kinh doanh,7340101,2024,https://github.com/HTNam1710/ADS_Final/blob/main/Data/diem_chuan_2024_final.csv
DTE,7340101-HG,Quản trị kinh doanh (Học tại phân hiệu ĐHTN tại tỉnh Hà Giang),7340101,2024,https://github.com/HTNam1710/ADS_Final/blob/main/Data/diem_chuan_2024_final.csv
DTE,7340101-TA,Quản trị kinh doanh,7340101,2024,https://github.com/HTNam1710/ADS_Final/blob/main/Data/diem_chuan_2024_final.csv
DTE,7340115,Marketing,7340115,2024,https://github.com/HTNam1710/ADS_Final/blob/main/Data/diem_chuan_2024_final.csv
DTE,7340115-TA,Quản trị marketing,7340115,2024,https://github.com/HTNam1710/ADS_Final/blob/main/Data/diem_chuan_2024_final.csv
DTE,7340120,Kinh doanh quốc tế,7340120,2024,https://github.com/HTNam1710/ADS_Final/blob/main/Data/diem_chuan_2024_final.csv
DTE,7340201,Tài chính - Ngân hàng,7340201,2024,https://github.com/HTNam1710/ADS_Final/blob/main/Data/diem_chuan_2024_final.csv
DTE,7340201-TA,Tài chính,7340201,2024,https://github.com/HTNam1710/ADS_Final/blob/main/Data/diem_chuan_2024_final.csv
DTE,7340301,Kế toán,7340301,2024,https://github.com/HTNam1710/ADS_Final/blob/main/Data/diem_chuan_2024_final.csv
DTE,7340403,Quản lý công (Quản lý kinh tế),7340403,2024,https://github.com/HTNam1710/ADS_Final/blob/main/Data/diem_chuan_2024_final.csv
DTE,7340404,Quản trị nhân lực,7340404,2024,https://github.com/HTNam1710/ADS_Final/blob/main/Data/diem_chuan_2024_final.csv
DTE,7380107,Luật kinh tế,7380107,2024,https://github.com/HTNam1710/ADS_Final/blob/main/Data/diem_chuan_2024_final.csv
DTE,7380107-HG,Luật kinh tế (Học tại phân hiệu ĐHTN tại tỉnh Hà Giang),7380107,2024,https://github.com/HTNam1710/ADS_Final/blob/main/Data/diem_chuan_2024_final.csv
DTE,7510605,Logistics và Quản lý chuỗi cung ứng,7510605,2024,https://github.com/HTNam1710/ADS_Final/blob/main/Data/diem_chuan_2024_final.csv
DTE,7810103,Quản trị dịch vụ du lịch và lữ hành,7810103,2024,https://github.com/HTNam1710/ADS_Final/blob/main/Data/diem_chuan_2024_final.csv
DTE,7810103-TA,Quản trị du lịch và khách sạn,7810103,2024,https://github.com/HTNam1710/ADS_Final/blob/main/Data/diem_chuan_2024_final.csv
PVU,7480101,"Khoa học Máy tính (Khoa học dữ liệu, Trí tuệ nhân tạo)",7480101,2024,https://github.com/HTNam1710/ADS_Final/blob/main/Data/diem_chuan_2024_final.csv
PVU,7520301,Kỹ thuật Hóa học (Lọc-Hóa dầu),7520301,2024,https://github.com/HTNam1710/ADS_Final/blob/main/Data/diem_chuan_2024_final.csv
PVU,7520501,Kỹ thuật Địa chất (Địa chất - Địa vật lý Dầu khí),7520501,2024,https://github.com/HTNam1710/ADS_Final/blob/main/Data/diem_chuan_2024_final.csv
PVU,7520604,Kỹ thuật Dầu khí (Khoan-Khai thác Mỏ Dầu khí),7520604,2024,https://github.com/HTNam1710/ADS_Final/blob/main/Data/diem_chuan_2024_final.csv
DNT,7220201,Ngôn ngữ Anh,7220201,2024,https://github.com/HTNam1710/ADS_Final/blob/main/Data/diem_chuan_2024_final.csv
DNT,7220204,Ngôn ngữ Trung Quốc,7220204,2024,https://github.com/HTNam1710/ADS_Final/blob/main/Data/diem_chuan_2024_final.csv
DNT,7220209,Ngôn ngữ Nhật Bản,7220209,2024,https://github.com/HTNam1710/ADS_Final/blob/main/Data/diem_chuan_2024_final.csv
DNT,7220210,Ngôn ngữ Hàn Quốc,7220210,2024,https://github.com/HTNam1710/ADS_Final/blob/main/Data/diem_chuan_2024_final.csv
DNT,7310206,Quan hệ quốc tế,7310206,2024,https://github.com/HTNam1710/ADS_Final/blob/main/Data/diem_chuan_2024_final.csv
DNT,7310608,Đông phương học,7310608,2024,https://github.com/HTNam1710/ADS_Final/blob/main/Data/diem_chuan_2024_final.csv
DNT,7320108,Quan hệ công chúng,7320108,2024,https://github.com/HTNam1710/ADS_Final/blob/main/Data/diem_chuan_2024_final.csv
DNT,7340101,Quản trị kinh doanh,7340101,2024,https://github.com/HTNam1710/ADS_Final/blob/main/Data/diem_chuan_2024_final.csv
DNT,7340120,Kinh doanh quốc tế,7340120,2024,https://github.com/HTNam1710/ADS_Final/blob/main/Data/diem_chuan_2024_final.csv
DNT,7340122,Thương mại điện tử,7340122,2024,https://github.com/HTNam1710/ADS_Final/blob/main/Data/diem_chuan_2024_final.csv
DNT,7340201,Tài chính - Ngân hàng,7340201,2024,https://github.com/HTNam1710/ADS_Final/blob/main/Data/diem_chuan_2024_final.csv
DNT,7340301,Kế toán,7340301,2024,https://github.com/HTNam1710/ADS_Final/blob/main/Data/diem_chuan_2024_final.csv
DNT,7340302,Kiểm toán,7340302,2024,https://github.com/HTNam1710/ADS_Final/blob/main/Data/diem_chuan_2024_final.csv
DNT,7380101,Luật,7380101,2024,https://github.com/HTNam1710/ADS_Final/blob/main/Data/diem_chuan_2024_final.csv
DNT,7380107,Luật kinh tế,7380107,2024,https://github.com/HTNam1710/ADS_Final/blob/main/Data/diem_chuan_2024_final.csv
DNT,7480107,Trí tuệ nhân tạo,7480107,2024,https://github.com/HTNam1710/ADS_Final/blob/main/Data/diem_chuan_2024_final.csv
DNT,7480201,Công nghệ thông tin,7480201,2024,https://github.com/HTNam1710/ADS_Final/blob/main/Data/diem_chuan_2024_final.csv
DNT,7510605,Logistics và quản lý chuỗi cung ứng,7510605,2024,https://github.com/HTNam1710/ADS_Final/blob/main/Data/diem_chuan_2024_final.csv
DNT,7810103,Quản trị dịch vụ du lịch và lữ hành,7810103,2024,https://github.com/HTNam1710/ADS_Final/blob/main/Data/diem_chuan_2024_final.csv
DNT,7810201,Quản trị khách sạn,7810201,2024,https://github.com/HTNam1710/ADS_Final/blob/main/Data/diem_chuan_2024_final.csv
SKV,7140246,Sư phạm công nghệ,7140246,2024,https://github.com/HTNam1710/ADS_Final/blob/main/Data/diem_chuan_2024_final.csv
SKV,7340101,Quản trị kinh doanh,7340101,2024,https://github.com/HTNam1710/ADS_Final/blob/main/Data/diem_chuan_2024_final.csv
SKV,7340122,Thương mại điện tử,7340122,2024,https://github.com/HTNam1710/ADS_Final/blob/main/Data/diem_chuan_2024_final.csv
SKV,7340301,Kế toán,7340301,2024,https://github.com/HTNam1710/ADS_Final/blob/main/Data/diem_chuan_2024_final.csv
SKV,7480108,Công nghệ kỹ thuật máy tính,7480108,2024,https://github.com/HTNam1710/ADS_Final/blob/main/Data/diem_chuan_2024_final.csv
SKV,7480201,Công nghệ thông tin,7480201,2024,https://github.com/HTNam1710/ADS_Final/blob/main/Data/diem_chuan_2024_final.csv
SKV,7510201,Công nghệ kỹ thuật cơ khí,7510201,2024,https://github.com/HTNam1710/ADS_Final/blob/main/Data/diem_chuan_2024_final.csv
SKV,7510202,Công nghệ chế tạo máy,7510202,2024,https://github.com/HTNam1710/ADS_Final/blob/main/Data/diem_chuan_2024_final.csv
SKV,7510203,Công nghệ kỹ thuật cơ điện tử,7510203,2024,https://github.com/HTNam1710/ADS_Final/blob/main/Data/diem_chuan_2024_final.csv
SKV,7510205,Công nghệ kỹ thuật ô tô,7510205,2024,https://github.com/HTNam1710/ADS_Final/blob/main/Data/diem_chuan_2024_final.csv
SKV,7510206,Công nghệ kỹ thuật nhiệt (CN: Nhiệt - điện lạnh),7510206,2024,https://github.com/HTNam1710/ADS_Final/blob/main/Data/diem_chuan_2024_final.csv
SKV,7510301,"Công nghệ kỹ thuật điện, điện tử",7510301,2024,https://github.com/HTNam1710/ADS_Final/blob/main/Data/diem_chuan_2024_final.csv
SKV,7510302,Công nghệ kỹ thuật điện tử - viễn thông (CN: Thiết kế vi mạch),7510302,2024,https://github.com/HTNam1710/ADS_Final/blob/main/Data/diem_chuan_2024_final.csv
SKV,7510303,Công nghệ kỹ thuật điều khiển và tự động hóa,7510303,2024,https://github.com/HTNam1710/ADS_Final/blob/main/Data/diem_chuan_2024_final.csv
CEA,7220201,Ngôn ngữ Anh,7220201,2024,https://github.com/HTNam1710/ADS_Final/blob/main/Data/diem_chuan_2024_final.csv
CEA,7310101,Kinh tế,7310101,2024,https://github.com/HTNam1710/ADS_Final/blob/main/Data/diem_chuan_2024_final.csv
CEA,7310109,Kinh tế số,7310109,2024,https://github.com/HTNam1710/ADS_Final/blob/main/Data/diem_chuan_2024_final.csv
CEA,7340101,Quản trị kinh doanh,7340101,2024,https://github.com/HTNam1710/ADS_Final/blob/main/Data/diem_chuan_2024_final.csv
CEA,7340115,Marketing,7340115,2024,https://github.com/HTNam1710/ADS_Final/blob/main/Data/diem_chuan_2024_final.csv
CEA,7340122,Thương mại điện tử,7340122,2024,https://github.com/HTNam1710/ADS_Final/blob/main/Data/diem_chuan_2024_final.csv
CEA,7340201,Tài chính ngân hàng,7340201,2024,https://github.com/HTNam1710/ADS_Final/blob/main/Data/diem_chuan_2024_final.csv
CEA,7340205,Công nghệ tài chính,7340205,2024,https://github.com/HTNam1710/ADS_Final/blob/main/Data/diem_chuan_2024_final.csv
CEA,7340301,Kế toán,7340301,2024,https://github.com/HTNam1710/ADS_Final/blob/main/Data/diem_chuan_2024_final.csv
CEA,7480201,Công nghệ thông tin,7480201,2024,https://github.com/HTNam1710/ADS_Final/blob/main/Data/diem_chuan_2024_final.csv
CEA,7510605,Logictics và chuỗi cung ứng,7510605,2024,https://github.com/HTNam1710/ADS_Final/blob/main/Data/diem_chuan_2024_final.csv
CEA,7620101,Nông nghiệp,7620101,2024,https://github.com/HTNam1710/ADS_Final/blob/main/Data/diem_chuan_2024_final.csv
CEA,7620201,Lâm học,7620201,2024,https://github.com/HTNam1710/ADS_Final/blob/main/Data/diem_chuan_2024_final.csv
CEA,7640101,Thú y (Bác sĩ Thú y),7640101,2024,https://github.com/HTNam1710/ADS_Final/blob/main/Data/diem_chuan_2024_final.csv
CEA,7850103,Quản lý đất đai,7850103,2024,https://github.com/HTNam1710/ADS_Final/blob/main/Data/diem_chuan_2024_final.csv
LNH,7310101,Kinh tế,7310101,2024,https://github.com/HTNam1710/ADS_Final/blob/main/Data/diem_chuan_2024_final.csv
LNH,7340101,Quản trị kinh doanh,7340101,2024,https://github.com/HTNam1710/ADS_Final/blob/main/Data/diem_chuan_2024_final.csv
LNH,7340116,Bất động sản,7340116,2024,https://github.com/HTNam1710/ADS_Final/blob/main/Data/diem_chuan_2024_final.csv
LNH,7340201,Tài chính – Ngân hàng,7340201,2024,https://github.com/HTNam1710/ADS_Final/blob/main/Data/diem_chuan_2024_final.csv
LNH,7340301,Kế toán,7340301,2024,https://github.com/HTNam1710/ADS_Final/blob/main/Data/diem_chuan_2024_final.csv
LNH,7420201,Công nghệ sinh học,7420201,2024,https://github.com/HTNam1710/ADS_Final/blob/main/Data/diem_chuan_2024_final.csv
LNH,7480104,Hệ thống thông tin,7480104,2024,https://github.com/HTNam1710/ADS_Final/blob/main/Data/diem_chuan_2024_final.csv
LNH,7510203,Công nghệ kỹ thuật cơ điện tử,7510203,2024,https://github.com/HTNam1710/ADS_Final/blob/main/Data/diem_chuan_2024_final.csv
LNH,7510205,Công nghệ kỹ thuật ô tô,7510205,2024,https://github.com/HTNam1710/ADS_Final/blob/main/Data/diem_chuan_2024_final.csv
LNH,7510605,Logistics và Quản lý chuỗi cung ứng,7510605,2024,https://github.com/HTNam1710/ADS_Final/blob/main/Data/diem_chuan_2024_final.csv
LNH,7520103,Kỹ thuật cơ khí,7520103,2024,https://github.com/HTNam1710/ADS_Final/blob/main/Data/diem_chuan_2024_final.csv
LNH,7549001,Công nghệ chế biến lâm sản,7549001,2024,https://github.com/HTNam1710/ADS_Final/blob/main/Data/diem_chuan_2024_final.csv
LNH,7580102,Kiến trúc cảnh quan,7580102,2024,https://github.com/HTNam1710/ADS_Final/blob/main/Data/diem_chuan_2024_final.csv
LNH,7580108,Thiết kế nội thất,7580108,2024,https://github.com/HTNam1710/ADS_Final/blob/main/Data/diem_chuan_2024_final.csv
LNH,7580201,Kỹ thuật xây dựng,7580201,2024,https://github.com/HTNam1710/ADS_Final/blob/main/Data/diem_chuan_2024_final.csv
LNH,7620105,Chăn nuôi,7620105,2024,https://github.com/HTNam1710/ADS_Final/blob/main/Data/diem_chuan_2024_final.csv
LNH,7620110,Khoa học cây trồng,7620110,2024,https://github.com/HTNam1710/ADS_Final/blob/main/Data/diem_chuan_2024_final.csv
LNH,7620205,Lâm sinh,7620205,2024,https://github.com/HTNam1710/ADS_Final/blob/main/Data/diem_chuan_2024_final.csv
LNH,7620211,Quản lý tài nguyên rừng,7620211,2024,https://github.com/HTNam1710/ADS_Final/blob/main/Data/diem_chuan_2024_final.csv
LNH,7640101,Thú y,7640101,2024,https://github.com/HTNam1710/ADS_Final/blob/main/Data/diem_chuan_2024_final.csv
LNH,7760101,Công tác xã hội,7760101,2024,https://github.com/HTNam1710/ADS_Final/blob/main/Data/diem_chuan_2024_final.csv
LNH,7810103,Quản trị dịch vụ du lịch và lữ hành,7810103,2024,https://github.com/HTNam1710/ADS_Final/blob/main/Data/diem_chuan_2024_final.csv
LNH,7850101,Quản lý tài nguyên và Môi trường,7850101,2024,https://github.com/HTNam1710/ADS_Final/blob/main/Data/diem_chuan_2024_final.csv
LNH,7850103,Quản lý đất đai,7850103,2024,https://github.com/HTNam1710/ADS_Final/blob/main/Data/diem_chuan_2024_final.csv
LNH,7850104,Du lịch sinh thái,7850104,2024,https://github.com/HTNam1710/ADS_Final/blob/main/Data/diem_chuan_2024_final.csv
LNH,7850106,Quản lý tài nguyên thiên nhiên,7850106,2024,https://github.com/HTNam1710/ADS_Final/blob/main/Data/diem_chuan_2024_final.csv
DVH,7210205,Thanh nhạc,7210205,2024,https://github.com/HTNam1710/ADS_Final/blob/main/Data/diem_chuan_2024_final.csv
DVH,7210208,Piano,7210208,2024,https://github.com/HTNam1710/ADS_Final/blob/main/Data/diem_chuan_2024_final.csv
DVH,7210235,"Đạo diễn điện ảnh, truyền hình",7210235,2024,https://github.com/HTNam1710/ADS_Final/blob/main/Data/diem_chuan_2024_final.csv
DVH,7210302,"Công nghệ điện ảnh, truyền hình",7210302,2024,https://github.com/HTNam1710/ADS_Final/blob/main/Data/diem_chuan_2024_final.csv
DVH,7220201,Ngôn ngữ Anh,7220201,2024,https://github.com/HTNam1710/ADS_Final/blob/main/Data/diem_chuan_2024_final.csv
DVH,7220203,Ngôn ngữ Pháp,7220203,2024,https://github.com/HTNam1710/ADS_Final/blob/main/Data/diem_chuan_2024_final.csv
DVH,7220204,Ngôn ngữ Trung Quốc,7220204,2024,https://github.com/HTNam1710/ADS_Final/blob/main/Data/diem_chuan_2024_final.csv
DVH,7220209,Ngôn ngữ Nhật,7220209,2024,https://github.com/HTNam1710/ADS_Final/blob/main/Data/diem_chuan_2024_final.csv
DVH,7229030,Văn học,7229030,2024,https://github.com/HTNam1710/ADS_Final/blob/main/Data/diem_chuan_2024_final.csv
DVH,7310101,Kinh tế,7310101,2024,https://github.com/HTNam1710/ADS_Final/blob/main/Data/diem_chuan_2024_final.csv
DVH,7310206,Quan hệ quốc tế,7310206,2024,https://github.com/HTNam1710/ADS_Final/blob/main/Data/diem_chuan_2024_final.csv
DVH,7310301,Xã hội học,7310301,2024,https://github.com/HTNam1710/ADS_Final/blob/main/Data/diem_chuan_2024_final.csv
DVH,7310401,Tâm lý học,7310401,2024,https://github.com/HTNam1710/ADS_Final/blob/main/Data/diem_chuan_2024_final.csv
DVH,7310608,Đông phương học,7310608,2024,https://github.com/HTNam1710/ADS_Final/blob/main/Data/diem_chuan_2024_final.csv
DVH,7310630,Việt Nam học,7310630,2024,https://github.com/HTNam1710/ADS_Final/blob/main/Data/diem_chuan_2024_final.csv
DVH,7320104,Truyền thông đa phương tiện,7320104,2024,https://github.com/HTNam1710/ADS_Final/blob/main/Data/diem_chuan_2024_final.csv
DVH,7320108,Quan hệ công chúng,7320108,2024,https://github.com/HTNam1710/ADS_Final/blob/main/Data/diem_chuan_2024_final.csv
DVH,7340101,Quản trị kinh doanh,7340101,2024,https://github.com/HTNam1710/ADS_Final/blob/main/Data/diem_chuan_2024_final.csv
DVH,7340115,Marketing,7340115,2024,https://github.com/HTNam1710/ADS_Final/blob/main/Data/diem_chuan_2024_final.csv
DVH,7340121,Kinh doanh thương mại,7340121,2024,https://github.com/HTNam1710/ADS_Final/blob/main/Data/diem_chuan_2024_final.csv
DVH,7340122,Thương mại điện tử,7340122,2024,https://github.com/HTNam1710/ADS_Final/blob/main/Data/diem_chuan_2024_final.csv
DVH,7340201,Tài chính - Ngân hàng,7340201,2024,https://github.com/HTNam1710/ADS_Final/blob/main/Data/diem_chuan_2024_final.csv
DVH,7340205,Công nghệ tài chính,7340205,2024,https://github.com/HTNam1710/ADS_Final/blob/main/Data/diem_chuan_2024_final.csv
DVH,7340301,Kế toán,7340301,2024,https://github.com/HTNam1710/ADS_Final/blob/main/Data/diem_chuan_2024_final.csv
DVH,7340302,Kiểm toán,7340302,2024,https://github.com/HTNam1710/ADS_Final/blob/main/Data/diem_chuan_2024_final.csv
DVH,7340404,Quản trị nhân lực,7340404,2024,https://github.com/HTNam1710/ADS_Final/blob/main/Data/diem_chuan_2024_final.csv
DVH,7380101,Luật,7380101,2024,https://github.com/HTNam1710/ADS_Final/blob/main/Data/diem_chuan_2024_final.csv
DVH,7420201,Công nghệ sinh học,7420201,2024,https://github.com/HTNam1710/ADS_Final/blob/main/Data/diem_chuan_2024_final.csv
DVH,7480101,Khoa học máy tính,7480101,2024,https://github.com/HTNam1710/ADS_Final/blob/main/Data/diem_chuan_2024_final.csv
DVH,7480201,Công nghệ thông tin,7480201,2024,https://github.com/HTNam1710/ADS_Final/blob/main/Data/diem_chuan_2024_final.csv
DVH,7510605,Logistics và Quản lý chuỗi cung ứng,7510605,2024,https://github.com/HTNam1710/ADS_Final/blob/main/Data/diem_chuan_2024_final.csv
DVH,7520207,Kỹ thuật điện tử - viễn thông,7520207,2024,https://github.com/HTNam1710/ADS_Final/blob/main/Data/diem_chuan_2024_final.csv
DVH,7520320,Kỹ thuật môi trường,7520320,2024,https://github.com/HTNam1710/ADS_Final/blob/main/Data/diem_chuan_2024_final.csv
DVH,7540101,Công nghệ thực phẩm,7540101,2024,https://github.com/HTNam1710/ADS_Final/blob/main/Data/diem_chuan_2024_final.csv
DVH,7580201,Kỹ thuật xây dựng,7580201,2024,https://github.com/HTNam1710/ADS_Final/blob/main/Data/diem_chuan_2024_final.csv
DVH,7720301,Điều dưỡng,7720301,2024,https://github.com/HTNam1710/ADS_Final/blob/main/Data/diem_chuan_2024_final.csv
DVH,7810101,Du lịch,7810101,2024,https://github.com/HTNam1710/ADS_Final/blob/main/Data/diem_chuan_2024_final.csv
DVH,7810103,Quản trị dịch vụ du lịch và lữ hành,7810103,2024,https://github.com/HTNam1710/ADS_Final/blob/main/Data/diem_chuan_2024_final.csv
DVH,7810201,Quản trị khách sạn,7810201,2024,https://github.com/HTNam1710/ADS_Final/blob/main/Data/diem_chuan_2024_final.csv
DQT,7220201,Ngôn ngữ Anh,7220201,2024,https://github.com/HTNam1710/ADS_Final/blob/main/Data/diem_chuan_2024_final.csv
DQT,7310101,Kinh tế,7310101,2024,https://github.com/HTNam1710/ADS_Final/blob/main/Data/diem_chuan_2024_final.csv
DQT,7340101,Quản trị kinh doanh,7340101,2024,https://github.com/HTNam1710/ADS_Final/blob/main/Data/diem_chuan_2024_final.csv
DQT,7340201,Tài chính – Ngân hàng,7340201,2024,https://github.com/HTNam1710/ADS_Final/blob/main/Data/diem_chuan_2024_final.csv
DQT,7340301,Kế toán,7340301,2024,https://github.com/HTNam1710/ADS_Final/blob/main/Data/diem_chuan_2024_final.csv
DQT,7420201,Công nghệ sinh học,7420201,2024,https://github.com/HTNam1710/ADS_Final/blob/main/Data/diem_chuan_2024_final.csv
DQT,7480201,Công nghệ thông tin,7480201,2024,https://github.com/HTNam1710/ADS_Final/blob/main/Data/diem_chuan_2024_final.csv
DQT,7510103,Công nghệ Kỹ thuật xây dựng,7510103,2024,https://github.com/HTNam1710/ADS_Final/blob/main/Data/diem_chuan_2024_final.csv
DQT,7620115,Kinh tế Nông nghiệp,7620115,2024,https://github.com/HTNam1710/ADS_Final/blob/main/Data/diem_chuan_2024_final.csv
DQT,7720301,Điều Dưỡng,7720301,2024,https://github.com/HTNam1710/ADS_Final/blob/main/Data/diem_chuan_2024_final.csv
DQT,7720701,Y tế Công cộng,7720701,2024,https://github.com/HTNam1710/ADS_Final/blob/main/Data/diem_chuan_2024_final.csv
DQT,7810103,Quản trị dịch vụ du lịch và lữ hành,7810103,2024,https://github.com/HTNam1710/ADS_Final/blob/main/Data/diem_chuan_2024_final.csv
DQT,7810203,Quản trị Khách sạn - Nhà hàng,7810203,2024,https://github.com/HTNam1710/ADS_Final/blob/main/Data/diem_chuan_2024_final.csv
HSU,7210403,Thiết kế Đồ họa,7210403,2024,https://github.com/HTNam1710/ADS_Final/blob/main/Data/diem_chuan_2024_final.csv
HSU,7210404,Thiết kế Thời trang,7210404,2024,https://github.com/HTNam1710/ADS_Final/blob/main/Data/diem_chuan_2024_final.csv
HSU,7210408,Nghệ thuật số,7210408,2024,https://github.com/HTNam1710/ADS_Final/blob/main/Data/diem_chuan_2024_final.csv
HSU,7220201,Ngôn ngữ Anh,7220201,2024,https://github.com/HTNam1710/ADS_Final/blob/main/Data/diem_chuan_2024_final.csv
HSU,7220204,Ngôn ngữ Trung Quốc,7220204,2024,https://github.com/HTNam1710/ADS_Final/blob/main/Data/diem_chuan_2024_final.csv
HSU,7310113,Kinh tế thể thao,7310113,2024,https://github.com/HTNam1710/ADS_Final/blob/main/Data/diem_chuan_2024_final.csv
HSU,7310401,Tâm lý học,7310401,2024,https://github.com/HTNam1710/ADS_Final/blob/main/Data/diem_chuan_2024_final.csv
HSU,7320104,Truyền thông đa phương tiện,7320104,2024,https://github.com/HTNam1710/ADS_Final/blob/main/Data/diem_chuan_2024_final.csv
HSU,7320108,Quan hệ công chúng,7320108,2024,https://github.com/HTNam1710/ADS_Final/blob/main/Data/diem_chuan_2024_final.csv
HSU,7340101,Quản trị kinh doanh,7340101,2024,https://github.com/HTNam1710/ADS_Final/blob/main/Data/diem_chuan_2024_final.csv
HSU,7340114,Digital Marketing,7340114,2024,https://github.com/HTNam1710/ADS_Final/blob/main/Data/diem_chuan_2024_final.csv
HSU,7340115,Marketing,7340115,2024,https://github.com/HTNam1710/ADS_Final/blob/main/Data/diem_chuan_2024_final.csv
HSU,7340120,Kinh doanh Quốc tế,7340120,2024,https://github.com/HTNam1710/ADS_Final/blob/main/Data/diem_chuan_2024_final.csv
HSU,7340122,Thương mại điện tử,7340122,2024,https://github.com/HTNam1710/ADS_Final/blob/main/Data/diem_chuan_2024_final.csv
HSU,7340201,Tài chính – Ngân hàng,7340201,2024,https://github.com/HTNam1710/ADS_Final/blob/main/Data/diem_chuan_2024_final.csv
HSU,7340205,Công nghệ tài chính,7340205,2024,https://github.com/HTNam1710/ADS_Final/blob/main/Data/diem_chuan_2024_final.csv
HSU,7340301,Kế toán,7340301,2024,https://github.com/HTNam1710/ADS_Final/blob/main/Data/diem_chuan_2024_final.csv
HSU,7340404,Quản trị Nhân lực,7340404,2024,https://github.com/HTNam1710/ADS_Final/blob/main/Data/diem_chuan_2024_final.csv
HSU,7340410,Quản trị công nghệ truyền thông,7340410,2024,https://github.com/HTNam1710/ADS_Final/blob/main/Data/diem_chuan_2024_final.csv
HSU,7340412,Quản trị sự kiện,7340412,2024,https://github.com/HTNam1710/ADS_Final/blob/main/Data/diem_chuan_2024_final.csv
HSU,7380101,Luật,7380101,2024,https://github.com/HTNam1710/ADS_Final/blob/main/Data/diem_chuan_2024_final.csv
HSU,7380107,Luật Kinh tế,7380107,2024,https://github.com/HTNam1710/ADS_Final/blob/main/Data/diem_chuan_2024_final.csv
HSU,7480103,Kỹ thuật phần mềm,7480103,2024,https://github.com/HTNam1710/ADS_Final/blob/main/Data/diem_chuan_2024_final.csv
HSU,7480107,Trí tuệ nhân tạo,7480107,2024,https://github.com/HTNam1710/ADS_Final/blob/main/Data/diem_chuan_2024_final.csv
HSU,7480201,Công nghệ thông tin,7480201,2024,https://github.com/HTNam1710/ADS_Final/blob/main/Data/diem_chuan_2024_final.csv
HSU,7510605,Logistics & Quản lý chuỗi cung ứng,7510605,2024,https://github.com/HTNam1710/ADS_Final/blob/main/Data/diem_chuan_2024_final.csv
HSU,7580108,Thiết kế Nội thất,7580108,2024,https://github.com/HTNam1710/ADS_Final/blob/main/Data/diem_chuan_2024_final.csv
HSU,7810103,Quản trị dịch vụ Du lịch & Lữ hành,7810103,2024,https://github.com/HTNam1710/ADS_Final/blob/main/Data/diem_chuan_2024_final.csv
HSU,7810201,Quản trị khách sạn,7810201,2024,https://github.com/HTNam1710/ADS_Final/blob/main/Data/diem_chuan_2024_final.csv
HSU,7810201E,Quản trị khách sạn – Chương trình Elite,7810201,2024,https://github.com/HTNam1710/ADS_Final/blob/main/Data/diem_chuan_2024_final.csv
HSU,7810202,Quản trị nhà hàng & Dịch vụ ăn uống,7810202,2024,https://github.com/HTNam1710/ADS_Final/blob/main/Data/diem_chuan_2024_final.csv
HSU,7810202E,Quản trị nhà hàng & Dịch vụ ăn uống – Chương trình Elite,7810202,2024,https://github.com/HTNam1710/ADS_Final/blob/main/Data/diem_chuan_2024_final.csv
DPT,7220201,Ngôn ngữ Anh,7220201,2024,https://github.com/HTNam1710/ADS_Final/blob/main/Data/diem_chuan_2024_final.csv
DPT,7340101,Quản trị Kinh doanh,7340101,2024,https://github.com/HTNam1710/ADS_Final/blob/main/Data/diem_chuan_2024_final.csv
DPT,7340201,Tài chính - Ngân hàng,7340201,2024,https://github.com/HTNam1710/ADS_Final/blob/main/Data/diem_chuan_2024_final.csv
DPT,7340301,Kế toán,7340301,2024,https://github.com/HTNam1710/ADS_Final/blob/main/Data/diem_chuan_2024_final.csv
DPT,7380101,Luật,7380101,2024,https://github.com/HTNam1710/ADS_Final/blob/main/Data/diem_chuan_2024_final.csv
DPT,7380107,Luật Kinh tế,7380107,2024,https://github.com/HTNam1710/ADS_Final/blob/main/Data/diem_chuan_2024_final.csv
DPT,7480201,Công nghệ Thông tin,7480201,2024,https://github.com/HTNam1710/ADS_Final/blob/main/Data/diem_chuan_2024_final.csv
DPT,7510605,Logistics và Quản lý chuỗi cung ứng,7510605,2024,https://github.com/HTNam1710/ADS_Final/blob/main/Data/diem_chuan_2024_final.csv
DPT,7520103,Kỹ thuật Cơ khí,7520103,2024,https://github.com/HTNam1710/ADS_Final/blob/main/Data/diem_chuan_2024_final.csv
DPT,7520130,Kỹ thuật Ô tô,7520130,2024,https://github.com/HTNam1710/ADS_Final/blob/main/Data/diem_chuan_2024_final.csv
DPT,7580201,Kỹ thuật Xây dựng,7580201,2024,https://github.com/HTNam1710/ADS_Final/blob/main/Data/diem_chuan_2024_final.csv
DPT,7720601,Kỹ thuật Xét nghiệm Y học,7720601,2024,https://github.com/HTNam1710/ADS_Final/blob/main/Data/diem_chuan_2024_final.csv
DPT,7810103,Quản trị Dịch vụ Du lịch & Lữ hành,7810103,2024,https://github.com/HTNam1710/ADS_Final/blob/main/Data/diem_chuan_2024_final.csv
DPT,7810201,"Quản trị Khách sạn (khu nghỉ dưỡng, resort & spa)",7810201,2024,https://github.com/HTNam1710/ADS_Final/blob/main/Data/diem_chuan_2024_final.csv
DPT,7810202,Quản trị Nhà hàng và Dịch vụ Ăn uống,7810202,2024,https://github.com/HTNam1710/ADS_Final/blob/main/Data/diem_chuan_2024_final.csv
DVP,7220201,Ngôn ngữ Anh,7220201,2024,https://github.com/HTNam1710/ADS_Final/blob/main/Data/diem_chuan_2024_final.csv
DVP,7220204,Ngôn ngữ Trung Quốc,7220204,2024,https://github.com/HTNam1710/ADS_Final/blob/main/Data/diem_chuan_2024_final.csv
DVP,7220210,Ngôn ngữ Hàn Quốc,7220210,2024,https://github.com/HTNam1710/ADS_Final/blob/main/Data/diem_chuan_2024_final.csv
DVP,7320104,Truyền thông đa phương tiện,7320104,2024,https://github.com/HTNam1710/ADS_Final/blob/main/Data/diem_chuan_2024_final.csv
DVP,7340101,Quản trị kinh doanh,7340101,2024,https://github.com/HTNam1710/ADS_Final/blob/main/Data/diem_chuan_2024_final.csv
DVP,7340122,Thương mại điện tử,7340122,2024,https://github.com/HTNam1710/ADS_Final/blob/main/Data/diem_chuan_2024_final.csv
DVP,7340201,Tài chính - Ngân hàng,7340201,2024,https://github.com/HTNam1710/ADS_Final/blob/main/Data/diem_chuan_2024_final.csv
DVP,7340301,Kế toán,7340301,2024,https://github.com/HTNam1710/ADS_Final/blob/main/Data/diem_chuan_2024_final.csv
DVP,7380107,Luật kinh tế,7380107,2024,https://github.com/HTNam1710/ADS_Final/blob/main/Data/diem_chuan_2024_final.csv
DVP,7480201,Công nghệ thông tin,7480201,2024,https://github.com/HTNam1710/ADS_Final/blob/main/Data/diem_chuan_2024_final.csv
DVP,7510205,Công nghệ kỹ thuật ô tô,7510205,2024,https://github.com/HTNam1710/ADS_Final/blob/main/Data/diem_chuan_2024_final.csv
DVP,7510605,Logistic và quản lý chuỗi cung ứng,7510605,2024,https://github.com/HTNam1710/ADS_Final/blob/main/Data/diem_chuan_2024_final.csv
DVP,7720301,Điều dưỡng,7720301,2024,https://github.com/HTNam1710/ADS_Final/blob/main/Data/diem_chuan_2024_final.csv
DVP,7810103,Quản trị dịch vụ du lịch và lữ hành,7810103,2024,https://github.com/HTNam1710/ADS_Final/blob/main/Data/diem_chuan_2024_final.csv
YDD,7720301,Điều dưỡng,7720301,2024,https://github.com/HTNam1710/ADS_Final/blob/main/Data/diem_chuan_2024_final.csv
YDD,7720302,Hộ sinh,7720302,2024,https://github.com/HTNam1710/ADS_Final/blob/main/Data/diem_chuan_2024_final.csv
YDD,7720401,Dinh dưỡng,7720401,2024,https://github.com/HTNam1710/ADS_Final/blob/main/Data/diem_chuan_2024_final.csv
THU,7720301,Điều dưỡng,7720301,2024,https://github.com/HTNam1710/ADS_Final/blob/main/Data/diem_chuan_2024_final.csv
THU,7720601,Kỹ thuật Xét nghiệm y học,7720601,2024,https://github.com/HTNam1710/ADS_Final/blob/main/Data/diem_chuan_2024_final.csv
THU,7720602,Kỹ thuật Hình ảnh y học,7720602,2024,https://github.com/HTNam1710/ADS_Final/blob/main/Data/diem_chuan_2024_final.csv
THU,7720603,Kỹ thuật Phục hồi chức năng,7720603,2024,https://github.com/HTNam1710/ADS_Final/blob/main/Data/diem_chuan_2024_final.csv
DCD,7210403,Thiết kế đồ họa,7210403,2024,https://github.com/HTNam1710/ADS_Final/blob/main/Data/diem_chuan_2024_final.csv
DCD,7220201,Ngôn ngữ Anh,7220201,2024,https://github.com/HTNam1710/ADS_Final/blob/main/Data/diem_chuan_2024_final.csv
DCD,7220204,Ngôn ngữ Trung Quốc,7220204,2024,https://github.com/HTNam1710/ADS_Final/blob/main/Data/diem_chuan_2024_final.csv
DCD,7310608,Đông phương học,7310608,2024,https://github.com/HTNam1710/ADS_Final/blob/main/Data/diem_chuan_2024_final.csv
DCD,7320104,Truyền thông đa phương tiện,7320104,2024,https://github.com/HTNam1710/ADS_Final/blob/main/Data/diem_chuan_2024_final.csv
DCD,7340101,Quản trị kinh doanh,7340101,2024,https://github.com/HTNam1710/ADS_Final/blob/main/Data/diem_chuan_2024_final.csv
DCD,7340201,Tài chính - ngân hàng,7340201,2024,https://github.com/HTNam1710/ADS_Final/blob/main/Data/diem_chuan_2024_final.csv
DCD,7340301,Kế toán,7340301,2024,https://github.com/HTNam1710/ADS_Final/blob/main/Data/diem_chuan_2024_final.csv
DCD,7420201,Công nghệ sinh học,7420201,2024,https://github.com/HTNam1710/ADS_Final/blob/main/Data/diem_chuan_2024_final.csv
DCD,7480103,Kỹ thuật phần mềm,7480103,2024,https://github.com/HTNam1710/ADS_Final/blob/main/Data/diem_chuan_2024_final.csv
DCD,7480201,Công nghệ thông tin,7480201,2024,https://github.com/HTNam1710/ADS_Final/blob/main/Data/diem_chuan_2024_final.csv
DCD,7510103,Công nghệ kỹ thuật xây dựng,7510103,2024,https://github.com/HTNam1710/ADS_Final/blob/main/Data/diem_chuan_2024_final.csv
DCD,7510202,Công nghệ chế tạo máy,7510202,2024,https://github.com/HTNam1710/ADS_Final/blob/main/Data/diem_chuan_2024_final.csv
DCD,7510205,Công nghệ kỹ thuật ô tô,7510205,2024,https://github.com/HTNam1710/ADS_Final/blob/main/Data/diem_chuan_2024_final.csv
DCD,7510301,"Công nghệ kỹ thuật điện, điện tử",7510301,2024,https://github.com/HTNam1710/ADS_Final/blob/main/Data/diem_chuan_2024_final.csv
DCD,7510401,Công nghệ kỹ thuật hóa học,7510401,2024,https://github.com/HTNam1710/ADS_Final/blob/main/Data/diem_chuan_2024_final.csv
DCD,7510406,Công nghệ kỹ thuật môi trường,7510406,2024,https://github.com/HTNam1710/ADS_Final/blob/main/Data/diem_chuan_2024_final.csv
DCD,7540101,Công nghệ thực phẩm,7540101,2024,https://github.com/HTNam1710/ADS_Final/blob/main/Data/diem_chuan_2024_final.csv
DCD,7720301,Điều dưỡng,7720301,2024,https://github.com/HTNam1710/ADS_Final/blob/main/Data/diem_chuan_2024_final.csv
DCD,7720601,Kỹ thuật xét nghiệm y học,7720601,2024,https://github.com/HTNam1710/ADS_Final/blob/main/Data/diem_chuan_2024_final.csv
DCD,7810103,Quản trị dịch vụ du lịch và lữ hành,7810103,2024,https://github.com/HTNam1710/ADS_Final/blob/main/Data/diem_chuan_2024_final.csv
DCD,7810201,Quản trị khách sạn,7810201,2024,https://github.com/HTNam1710/ADS_Final/blob/main/Data/diem_chuan_2024_final.csv
EIU,7310101,Kinh tế,7310101,2024,https://github.com/HTNam1710/ADS_Final/blob/main/Data/diem_chuan_2024_final.csv
EIU,7340101,Quản trị kinh doanh,7340101,2024,https://github.com/HTNam1710/ADS_Final/blob/main/Data/diem_chuan_2024_final.csv
EIU,7480102,Mạng máy tính và truyền thông dữ liệu,7480102,2024,https://github.com/HTNam1710/ADS_Final/blob/main/Data/diem_chuan_2024_final.csv
EIU,7480103,Kỹ thuật phần mềm,7480103,2024,https://github.com/HTNam1710/ADS_Final/blob/main/Data/diem_chuan_2024_final.csv
EIU,7510302,Kỹ thuật điện tử - viễn thông,7510302,2024,https://github.com/HTNam1710/ADS_Final/blob/main/Data/diem_chuan_2024_final.csv
EIU,7520103,Kỹ thuật cơ khí,7520103,2024,https://github.com/HTNam1710/ADS_Final/blob/main/Data/diem_chuan_2024_final.csv
EIU,7520114,Kỹ thuật cơ điện tử,7520114,2024,https://github.com/HTNam1710/ADS_Final/blob/main/Data/diem_chuan_2024_final.csv
EIU,7520201,Kỹ thuật điện,7520201,2024,https://github.com/HTNam1710/ADS_Final/blob/main/Data/diem_chuan_2024_final.csv
EIU,7520216,Kỹ thuật điều khiển và tự động hóa,7520216,2024,https://github.com/HTNam1710/ADS_Final/blob/main/Data/diem_chuan_2024_final.csv
EIU,7720301,Điều dưỡng,7720301,2024,https://github.com/HTNam1710/ADS_Final/blob/main/Data/diem_chuan_2024_final.csv
DDV,7340124,Quản trị và Kinh doanh Quốc tế,7340124,2024,https://github.com/HTNam1710/ADS_Final/blob/main/Data/diem_chuan_2024_final.csv
DDV,7420204,Khoa học Y Sinh,7420204,2024,https://github.com/HTNam1710/ADS_Final/blob/main/Data/diem_chuan_2024_final.csv
DDV,7480101-CSE,Khoa học Máy tính – Chuyên ngành Công nghệ Phần mềm,7480101,2024,https://github.com/HTNam1710/ADS_Final/blob/main/Data/diem_chuan_2024_final.csv
DDV,7480101-SE,Khoa học Máy tính – Chuyên ngành Công nghệ Phần mềm,7480101,2024,https://github.com/HTNam1710/ADS_Final/blob/main/Data/diem_chuan_2024_final.csv
DDV,7510402,Công nghệ Vật liệu – Chuyên ngành Công nghệ Nano,7510402,2024,https://github.com/HTNam1710/ADS_Final/blob/main/Data/diem_chuan_2024_final.csv
TDB,7729001,Y sinh học TDTT,7729001,2024,https://github.com/HTNam1710/ADS_Final/blob/main/Data/diem_chuan_2024_final.csv
TDB,7810301,Quản lý TDTT,7810301,2024,https://github.com/HTNam1710/ADS_Final/blob/main/Data/diem_chuan_2024_final.csv
TDB,7810302,Huấn luyện thể thao,7810302,2024,https://github.com/HTNam1710/ADS_Final/blob/main/Data/diem_chuan_2024_final.csv
DHE,7480112,Khoa học dữ liệu và trí tuệ nhân tạo (Hệ Cử nhân),7480112,2024,https://github.com/HTNam1710/ADS_Final/blob/main/Data/diem_chuan_2024_final.csv
DHE,7480112KS,Khoa học dữ liệu và trí tuệ nhân tạo (Hệ Kỹ sư),7480112,2024,https://github.com/HTNam1710/ADS_Final/blob/main/Data/diem_chuan_2024_final.csv
DHE,7510205,Công nghệ kỹ thuật ô tô,7510205,2024,https://github.com/HTNam1710/ADS_Final/blob/main/Data/diem_chuan_2024_final.csv
DHE,7520201,Kỹ thuật điện,7520201,2024,https://github.com/HTNam1710/ADS_Final/blob/main/Data/diem_chuan_2024_final.csv
DHE,7520216,Kỹ thuật điều khiển và tự động hóa,7520216,2024,https://github.com/HTNam1710/ADS_Final/blob/main/Data/diem_chuan_2024_final.csv
DHE,7580201,Kỹ thuật xây dựng,7580201,2024,https://github.com/HTNam1710/ADS_Final/blob/main/Data/diem_chuan_2024_final.csv
DTB,7310101,Kinh tế,7310101,2024,https://github.com/HTNam1710/ADS_Final/blob/main/Data/diem_chuan_2024_final.csv
DTB,7310201,Chính trị học,7310201,2024,https://github.com/HTNam1710/ADS_Final/blob/main/Data/diem_chuan_2024_final.csv
DTB,7310206,Quan hệ quốc tế,7310206,2024,https://github.com/HTNam1710/ADS_Final/blob/main/Data/diem_chuan_2024_final.csv
DTB,7340101,Quản trị kinh doanh,7340101,2024,https://github.com/HTNam1710/ADS_Final/blob/main/Data/diem_chuan_2024_final.csv
DTB,7340201,Tài chính - Ngân hàng,7340201,2024,https://github.com/HTNam1710/ADS_Final/blob/main/Data/diem_chuan_2024_final.csv
DTB,7340301,Kế toán,7340301,2024,https://github.com/HTNam1710/ADS_Final/blob/main/Data/diem_chuan_2024_final.csv
DTB,7380101,Luật,7380101,2024,https://github.com/HTNam1710/ADS_Final/blob/main/Data/diem_chuan_2024_final.csv
DTB,7480201,Công nghệ thông tin,7480201,2024,https://github.com/HTNam1710/ADS_Final/blob/main/Data/diem_chuan_2024_final.csv
DTB,7510201,Công nghệ kỹ thuật cơ khí,7510201,2024,https://github.com/HTNam1710/ADS_Final/blob/main/Data/diem_chuan_2024_final.csv
DTB,7510301,"Công nghệ kỹ thuật điện, điện tử",7510301,2024,https://github.com/HTNam1710/ADS_Final/blob/main/Data/diem_chuan_2024_final.csv
HVD,7310101,Kinh tế giáo dục vùng dân tộc thiểu số,7310101,2024,https://github.com/HTNam1710/ADS_Final/blob/main/Data/diem_chuan_2024_final.csv
DHT,7220104,Hán Nôm,7220104,2024,https://github.com/HTNam1710/ADS_Final/blob/main/Data/diem_chuan_2024_final.csv
DHT,7229001,Triết học,7229001,2024,https://github.com/HTNam1710/ADS_Final/blob/main/Data/diem_chuan_2024_final.csv
DHT,7229010,Lịch sử,7229010,2024,https://github.com/HTNam1710/ADS_Final/blob/main/Data/diem_chuan_2024_final.csv
DHT,7229030,Văn học,7229030,2024,https://github.com/HTNam1710/ADS_Final/blob/main/Data/diem_chuan_2024_final.csv
DHT,7229042,Quản lý văn hóa,7229042,2024,https://github.com/HTNam1710/ADS_Final/blob/main/Data/diem_chuan_2024_final.csv
DHT,7310205,Quản lý nhà nước,7310205,2024,https://github.com/HTNam1710/ADS_Final/blob/main/Data/diem_chuan_2024_final.csv
DHT,7310301,Xã hội học,7310301,2024,https://github.com/HTNam1710/ADS_Final/blob/main/Data/diem_chuan_2024_final.csv
DHT,7310608,Đông phương học,7310608,2024,https://github.com/HTNam1710/ADS_Final/blob/main/Data/diem_chuan_2024_final.csv
DHT,7320101,Báo chí,7320101,2024,https://github.com/HTNam1710/ADS_Final/blob/main/Data/diem_chuan_2024_final.csv
DHT,7320115,Truyền thông số,7320115,2024,https://github.com/HTNam1710/ADS_Final/blob/main/Data/diem_chuan_2024_final.csv
DHT,7420201,Công nghệ sinh học,7420201,2024,https://github.com/HTNam1710/ADS_Final/blob/main/Data/diem_chuan_2024_final.csv
DHT,7440102,Vật lý học,7440102,2024,https://github.com/HTNam1710/ADS_Final/blob/main/Data/diem_chuan_2024_final.csv
DHT,7440112,Hóa học,7440112,2024,https://github.com/HTNam1710/ADS_Final/blob/main/Data/diem_chuan_2024_final.csv
DHT,7440301,Khoa học môi trường,7440301,2024,https://github.com/HTNam1710/ADS_Final/blob/main/Data/diem_chuan_2024_final.csv
DHT,7480103,Kỹ thuật phần mềm,7480103,2024,https://github.com/HTNam1710/ADS_Final/blob/main/Data/diem_chuan_2024_final.csv
DHT,7480107D,Quản trị và phân tích dữ liệu (thí điểm),7480107,2024,https://github.com/HTNam1710/ADS_Final/blob/main/Data/diem_chuan_2024_final.csv
DHT,7480201,Công nghệ thông tin,7480201,2024,https://github.com/HTNam1710/ADS_Final/blob/main/Data/diem_chuan_2024_final.csv
DHT,7510302,Công nghệ kỹ thuật điện tử - Viễn thông,7510302,2024,https://github.com/HTNam1710/ADS_Final/blob/main/Data/diem_chuan_2024_final.csv
DHT,7510401,Công nghệ kỹ thuật hóa học,7510401,2024,https://github.com/HTNam1710/ADS_Final/blob/main/Data/diem_chuan_2024_final.csv
DHT,7520503,Kỹ thuật trắc địa - bản đồ,7520503,2024,https://github.com/HTNam1710/ADS_Final/blob/main/Data/diem_chuan_2024_final.csv
DHT,7580101,Kiến trúc,7580101,2024,https://github.com/HTNam1710/ADS_Final/blob/main/Data/diem_chuan_2024_final.csv
DHT,7580211,Địa kỹ thuật xây dựng,7580211,2024,https://github.com/HTNam1710/ADS_Final/blob/main/Data/diem_chuan_2024_final.csv
DHT,7760101,Công tác xã hội,7760101,2024,https://github.com/HTNam1710/ADS_Final/blob/main/Data/diem_chuan_2024_final.csv
DHT,7850101,Quản lý tài nguyên và môi trường,7850101,2024,https://github.com/HTNam1710/ADS_Final/blob/main/Data/diem_chuan_2024_final.csv
DHT,7850105,"Quản lý an toàn, sức khỏe và môi trường",7850105,2024,https://github.com/HTNam1710/ADS_Final/blob/main/Data/diem_chuan_2024_final.csv
DTZ,7220113,Ngôn ngữ và Văn hóa các dân tộc thiếu số Việt Nam,7220113,2024,https://github.com/HTNam1710/ADS_Final/blob/main/Data/diem_chuan_2024_final.csv
DTZ,7220201,Ngôn ngữ Anh (Tiếng Anh ứng dụng),7220201,2024,https://github.com/HTNam1710/ADS_Final/blob/main/Data/diem_chuan_2024_final.csv
DTZ,7220201_AH,Ngôn ngữ Anh (Song ngữ Anh - Hàn),7220201,2024,https://github.com/HTNam1710/ADS_Final/blob/main/Data/diem_chuan_2024_final.csv
DTZ,7220201_AT,Ngôn ngữ Anh (Song ngữ Anh - Trung),7220201,2024,https://github.com/HTNam1710/ADS_Final/blob/main/Data/diem_chuan_2024_final.csv
DTZ,7220201_HG,Ngôn ngữ Anh (Tiếng Anh ứng dụng),7220201,2024,https://github.com/HTNam1710/ADS_Final/blob/main/Data/diem_chuan_2024_final.csv
DTZ,7220201_LC,Ngôn ngữ Anh (Tiếng Anh ứng dụng),7220201,2024,https://github.com/HTNam1710/ADS_Final/blob/main/Data/diem_chuan_2024_final.csv
DTZ,7229010,Lịch sử (Lịch sử - Địa lý và Kinh tế pháp luật),7229010,2024,https://github.com/HTNam1710/ADS_Final/blob/main/Data/diem_chuan_2024_final.csv
DTZ,7229030,Văn học,7229030,2024,https://github.com/HTNam1710/ADS_Final/blob/main/Data/diem_chuan_2024_final.csv
DTZ,7310612,Trung Quốc học,7310612,2024,https://github.com/HTNam1710/ADS_Final/blob/main/Data/diem_chuan_2024_final.csv
DTZ,7310614,Hàn Quốc học,7310614,2024,https://github.com/HTNam1710/ADS_Final/blob/main/Data/diem_chuan_2024_final.csv
DTZ,7320101,Báo chí (Báo chí đa phương tiện),7320101,2024,https://github.com/HTNam1710/ADS_Final/blob/main/Data/diem_chuan_2024_final.csv
DTZ,7320201,Thông tin - Thư viện (Thư viện - Thiết bị trường học và Văn thư),7320201,2024,https://github.com/HTNam1710/ADS_Final/blob/main/Data/diem_chuan_2024_final.csv
DTZ,7340401,Khoa học quản lý (Quản lý nhân lực),7340401,2024,https://github.com/HTNam1710/ADS_Final/blob/main/Data/diem_chuan_2024_final.csv
DTZ,7380101,"Luật (Luật, Dịch vụ pháp luật)",7380101,2024,https://github.com/HTNam1710/ADS_Final/blob/main/Data/diem_chuan_2024_final.csv
DTZ,7420201,Công nghệ sinh học (Kỹ thuật xét nghiệm Y - Sinh; Công nghệ sinh dược và nông nghiệp công nghệ cao),7420201,2024,https://github.com/HTNam1710/ADS_Final/blob/main/Data/diem_chuan_2024_final.csv
DTZ,7440102_TĐ,Công nghệ bán dẫn,7440102,2024,https://github.com/HTNam1710/ADS_Final/blob/main/Data/diem_chuan_2024_final.csv
DTZ,7440112,Hóa học (Hóa học - Sinh học - Vật lý),7440112,2024,https://github.com/HTNam1710/ADS_Final/blob/main/Data/diem_chuan_2024_final.csv
DTZ,7460101,Toán học,7460101,2024,https://github.com/HTNam1710/ADS_Final/blob/main/Data/diem_chuan_2024_final.csv
DTZ,7460117,Toán Tin,7460117,2024,https://github.com/HTNam1710/ADS_Final/blob/main/Data/diem_chuan_2024_final.csv
DTZ,7510401,Công nghệ kỹ thuật Hoá học (Công nghệ Hóa phân tích),7510401,2024,https://github.com/HTNam1710/ADS_Final/blob/main/Data/diem_chuan_2024_final.csv
DTZ,7760101,Công tác xã hội,7760101,2024,https://github.com/HTNam1710/ADS_Final/blob/main/Data/diem_chuan_2024_final.csv
DTZ,7810101,Du lịch,7810101,2024,https://github.com/HTNam1710/ADS_Final/blob/main/Data/diem_chuan_2024_final.csv
DTZ,7810101_HG,Du lịch,7810101,2024,https://github.com/HTNam1710/ADS_Final/blob/main/Data/diem_chuan_2024_final.csv
DTZ,7810103,Quản trị dịch vụ du lịch và lữ hành,7810103,2024,https://github.com/HTNam1710/ADS_Final/blob/main/Data/diem_chuan_2024_final.csv
DTZ,7810301,Quản lý Thể dục thể thao,7810301,2024,https://github.com/HTNam1710/ADS_Final/blob/main/Data/diem_chuan_2024_final.csv
DTZ,7850101,Quản lý Tài nguyên và Môi trường,7850101,2024,https://github.com/HTNam1710/ADS_Final/blob/main/Data/diem_chuan_2024_final.csv
HDT,7140201,Giáo dục Mầm non,7140201,2024,https://github.com/HTNam1710/ADS_Final/blob/main/Data/diem_chuan_2024_final.csv
HDT,7140202,Giáo dục Tiểu học,7140202,2024,https://github.com/HTNam1710/ADS_Final/blob/main/Data/diem_chuan_2024_final.csv
HDT,7140209,Sư phạm Toán học,7140209,2024,https://github.com/HTNam1710/ADS_Final/blob/main/Data/diem_chuan_2024_final.csv
HDT,7140210,Sư phạm Tin học,7140210,2024,https://github.com/HTNam1710/ADS_Final/blob/main/Data/diem_chuan_2024_final.csv
HDT,7140217,Sư phạm Ngữ văn,7140217,2024,https://github.com/HTNam1710/ADS_Final/blob/main/Data/diem_chuan_2024_final.csv
HDT,7140231,Sư phạm Tiếng Anh,7140231,2024,https://github.com/HTNam1710/ADS_Final/blob/main/Data/diem_chuan_2024_final.csv
HDT,7140247,Sư phạm KH Tự nhiên,7140247,2024,https://github.com/HTNam1710/ADS_Final/blob/main/Data/diem_chuan_2024_final.csv
HDT,7140249,Sư phạm Lịch sử - Địa lý,7140249,2024,https://github.com/HTNam1710/ADS_Final/blob/main/Data/diem_chuan_2024_final.csv
HDT,7220201,Ngôn ngữ Anh,7220201,2024,https://github.com/HTNam1710/ADS_Final/blob/main/Data/diem_chuan_2024_final.csv
HDT,7310101,Kinh tế,7310101,2024,https://github.com/HTNam1710/ADS_Final/blob/main/Data/diem_chuan_2024_final.csv
HDT,7310401,Tâm lý học,7310401,2024,https://github.com/HTNam1710/ADS_Final/blob/main/Data/diem_chuan_2024_final.csv
HDT,7320104,Truyền thông đa phương tiện,7320104,2024,https://github.com/HTNam1710/ADS_Final/blob/main/Data/diem_chuan_2024_final.csv
HDT,7340101,Quản trị kinh doanh,7340101,2024,https://github.com/HTNam1710/ADS_Final/blob/main/Data/diem_chuan_2024_final.csv
HDT,7340201,Tài chính - Ngân hàng,7340201,2024,https://github.com/HTNam1710/ADS_Final/blob/main/Data/diem_chuan_2024_final.csv
HDT,7340301,Kế toán,7340301,2024,https://github.com/HTNam1710/ADS_Final/blob/main/Data/diem_chuan_2024_final.csv
HDT,7340302,Kiểm toán,7340302,2024,https://github.com/HTNam1710/ADS_Final/blob/main/Data/diem_chuan_2024_final.csv
HDT,7380101,Luật,7380101,2024,https://github.com/HTNam1710/ADS_Final/blob/main/Data/diem_chuan_2024_final.csv
HDT,7380107,Luật Kinh tế,7380107,2024,https://github.com/HTNam1710/ADS_Final/blob/main/Data/diem_chuan_2024_final.csv
HDT,7480201,Công nghệ thông tin,7480201,2024,https://github.com/HTNam1710/ADS_Final/blob/main/Data/diem_chuan_2024_final.csv
HDT,7510605,Logistics và quản lý chuỗi cung ứng,7510605,2024,https://github.com/HTNam1710/ADS_Final/blob/main/Data/diem_chuan_2024_final.csv
HDT,7520201,Kỹ thuật điện,7520201,2024,https://github.com/HTNam1710/ADS_Final/blob/main/Data/diem_chuan_2024_final.csv
HDT,7580201,Kỹ thuật xây dựng,7580201,2024,https://github.com/HTNam1710/ADS_Final/blob/main/Data/diem_chuan_2024_final.csv
HDT,7580302,Quản lý xây dựng,7580302,2024,https://github.com/HTNam1710/ADS_Final/blob/main/Data/diem_chuan_2024_final.csv
HDT,7620106,Chăn nuôi - Thú y,7620106,2024,https://github.com/HTNam1710/ADS_Final/blob/main/Data/diem_chuan_2024_final.csv
HDT,7620110,Khoa học cây trồng,7620110,2024,https://github.com/HTNam1710/ADS_Final/blob/main/Data/diem_chuan_2024_final.csv
HDT,7620115,Kinh tế nông nghiệp,7620115,2024,https://github.com/HTNam1710/ADS_Final/blob/main/Data/diem_chuan_2024_final.csv
HDT,7620201,Lâm học,7620201,2024,https://github.com/HTNam1710/ADS_Final/blob/main/Data/diem_chuan_2024_final.csv
HDT,7810101,Du lịch,7810101,2024,https://github.com/HTNam1710/ADS_Final/blob/main/Data/diem_chuan_2024_final.csv
HDT,7810201,Quản trị khách sạn,7810201,2024,https://github.com/HTNam1710/ADS_Final/blob/main/Data/diem_chuan_2024_final.csv
HDT,7810302,Huấn luyện thể thao,7810302,2024,https://github.com/HTNam1710/ADS_Final/blob/main/Data/diem_chuan_2024_final.csv
HDT,7850103,Quản lý đất đai,7850103,2024,https://github.com/HTNam1710/ADS_Final/blob/main/Data/diem_chuan_2024_final.csv
DNU,51140201,Giáo dục mầm non (Cao đẳng),,2024,https://github.com/HTNam1710/ADS_Final/blob/main/Data/diem_chuan_2024_final.csv
DNU,7140201,Giáo dục mầm non,7140201,2024,https://github.com/HTNam1710/ADS_Final/blob/main/Data/diem_chuan_2024_final.csv
DNU,7140202,Giáo dục Tiểu học,7140202,2024,https://github.com/HTNam1710/ADS_Final/blob/main/Data/diem_chuan_2024_final.csv
DNU,7140209,Sư phạm Toán học,7140209,2024,https://github.com/HTNam1710/ADS_Final/blob/main/Data/diem_chuan_2024_final.csv
DNU,7140217,Sư phạm Ngữ văn,7140217,2024,https://github.com/HTNam1710/ADS_Final/blob/main/Data/diem_chuan_2024_final.csv
DNU,7140231,Sư phạm Tiếng Anh,7140231,2024,https://github.com/HTNam1710/ADS_Final/blob/main/Data/diem_chuan_2024_final.csv
DNU,7220201,Ngôn ngữ Anh,7220201,2024,https://github.com/HTNam1710/ADS_Final/blob/main/Data/diem_chuan_2024_final.csv
DNU,7340101,Quản trị kinh doanh,7340101,2024,https://github.com/HTNam1710/ADS_Final/blob/main/Data/diem_chuan_2024_final.csv
DNU,7340301,Kế toán,7340301,2024,https://github.com/HTNam1710/ADS_Final/blob/main/Data/diem_chuan_2024_final.csv
DNU,7510301,"Công nghệ kỹ thuật điện, điện tử",7510301,2024,https://github.com/HTNam1710/ADS_Final/blob/main/Data/diem_chuan_2024_final.csv
DNU,7520103,Kỹ thuật cơ khí,7520103,2024,https://github.com/HTNam1710/ADS_Final/blob/main/Data/diem_chuan_2024_final.csv
LNS,7340101,Quản trị kinh doanh,7340101,2024,https://github.com/HTNam1710/ADS_Final/blob/main/Data/diem_chuan_2024_final.csv
LNS,7340201,Tài chính ngân hàng,7340201,2024,https://github.com/HTNam1710/ADS_Final/blob/main/Data/diem_chuan_2024_final.csv
LNS,7340301,Kế toán,7340301,2024,https://github.com/HTNam1710/ADS_Final/blob/main/Data/diem_chuan_2024_final.csv
LNS,7480104,Hệ thống thông tin,7480104,2024,https://github.com/HTNam1710/ADS_Final/blob/main/Data/diem_chuan_2024_final.csv
LNS,7510605,Logistics & Quản lý chuỗi cung ứng,7510605,2024,https://github.com/HTNam1710/ADS_Final/blob/main/Data/diem_chuan_2024_final.csv
LNS,7549001,Công nghệ Chế biến lâm sản,7549001,2024,https://github.com/HTNam1710/ADS_Final/blob/main/Data/diem_chuan_2024_final.csv
LNS,7580108,Thiết kế nội thất,7580108,2024,https://github.com/HTNam1710/ADS_Final/blob/main/Data/diem_chuan_2024_final.csv
LNS,7620105,Chăn nuôi,7620105,2024,https://github.com/HTNam1710/ADS_Final/blob/main/Data/diem_chuan_2024_final.csv
LNS,7620110,Khoa học cây trồng,7620110,2024,https://github.com/HTNam1710/ADS_Final/blob/main/Data/diem_chuan_2024_final.csv
LNS,7620112,Bảo vệ thực vật,7620112,2024,https://github.com/HTNam1710/ADS_Final/blob/main/Data/diem_chuan_2024_final.csv
LNS,7620205,Lâm sinh,7620205,2024,https://github.com/HTNam1710/ADS_Final/blob/main/Data/diem_chuan_2024_final.csv
LNS,7620211,Quản lí tài nguyên rừng,7620211,2024,https://github.com/HTNam1710/ADS_Final/blob/main/Data/diem_chuan_2024_final.csv
LNS,7640101,Thú y,7640101,2024,https://github.com/HTNam1710/ADS_Final/blob/main/Data/diem_chuan_2024_final.csv
LNS,7810103,Quản trị dịch vụ du lịch & lữ hành,7810103,2024,https://github.com/HTNam1710/ADS_Final/blob/main/Data/diem_chuan_2024_final.csv
LNS,7850101,Quản lí tài nguyên & môi trường,7850101,2024,https://github.com/HTNam1710/ADS_Final/blob/main/Data/diem_chuan_2024_final.csv
LNS,7850103,Quản lý đất đai,7850103,2024,https://github.com/HTNam1710/ADS_Final/blob/main/Data/diem_chuan_2024_final.csv
DTM,7340101,Quản trị kinh doanh,7340101,2024,https://github.com/HTNam1710/ADS_Final/blob/main/Data/diem_chuan_2024_final.csv
DTM,7340116,Bất động sản,7340116,2024,https://github.com/HTNam1710/ADS_Final/blob/main/Data/diem_chuan_2024_final.csv
DTM,7440201,Địa chất học,7440201,2024,https://github.com/HTNam1710/ADS_Final/blob/main/Data/diem_chuan_2024_final.csv
DTM,7440222,Khí tượng và khí hậu học,7440222,2024,https://github.com/HTNam1710/ADS_Final/blob/main/Data/diem_chuan_2024_final.csv
DTM,7440224,Thủy văn học,7440224,2024,https://github.com/HTNam1710/ADS_Final/blob/main/Data/diem_chuan_2024_final.csv
DTM,7440298,Biến đổi khí hậu và phát triển bền vững,7440298,2024,https://github.com/HTNam1710/ADS_Final/blob/main/Data/diem_chuan_2024_final.csv
DTM,7480104,Hệ thống thông tin,7480104,2024,https://github.com/HTNam1710/ADS_Final/blob/main/Data/diem_chuan_2024_final.csv
DTM,7480201,Công nghệ thông tin,7480201,2024,https://github.com/HTNam1710/ADS_Final/blob/main/Data/diem_chuan_2024_final.csv
DTM,7510401,Công nghệ kỹ thuật hóa học,7510401,2024,https://github.com/HTNam1710/ADS_Final/blob/main/Data/diem_chuan_2024_final.csv
DTM,7510402,Công nghệ vật liệu,7510402,2024,https://github.com/HTNam1710/ADS_Final/blob/main/Data/diem_chuan_2024_final.csv
DTM,7510406,Công nghệ kỹ thuật môi trường,7510406,2024,https://github.com/HTNam1710/ADS_Final/blob/main/Data/diem_chuan_2024_final.csv
DTM,7520503,Kỹ thuật trắc địa - Bản đồ,7520503,2024,https://github.com/HTNam1710/ADS_Final/blob/main/Data/diem_chuan_2024_final.csv
DTM,7580106,Quàn lý đô thị và công trình,7580106,2024,https://github.com/HTNam1710/ADS_Final/blob/main/Data/diem_chuan_2024_final.csv
DTM,7580213,Kỹ thuật cấp thoát nước,7580213,2024,https://github.com/HTNam1710/ADS_Final/blob/main/Data/diem_chuan_2024_final.csv
DTM,7850101,Quản lý tài nguyên và môi trường,7850101,2024,https://github.com/HTNam1710/ADS_Final/blob/main/Data/diem_chuan_2024_final.csv
DTM,7850102,Kinh tế tài nguyên thiên nhiên,7850102,2024,https://github.com/HTNam1710/ADS_Final/blob/main/Data/diem_chuan_2024_final.csv
DTM,7850103,Quản lý đất đai,7850103,2024,https://github.com/HTNam1710/ADS_Final/blob/main/Data/diem_chuan_2024_final.csv
DTM,7850195,Quản lý tổng hợp tài nguyên nước,7850195,2024,https://github.com/HTNam1710/ADS_Final/blob/main/Data/diem_chuan_2024_final.csv
DTM,7850197,Quản lý tài nguyên và môi trường biển đảo,7850197,2024,https://github.com/HTNam1710/ADS_Final/blob/main/Data/diem_chuan_2024_final.csv
NTU,7210403,Thiết kế đồ họa,7210403,2024,https://github.com/HTNam1710/ADS_Final/blob/main/Data/diem_chuan_2024_final.csv
NTU,7220209,Ngôn ngữ Nhật,7220209,2024,https://github.com/HTNam1710/ADS_Final/blob/main/Data/diem_chuan_2024_final.csv
NTU,7220210,Ngôn ngữ Hàn Quốc,7220210,2024,https://github.com/HTNam1710/ADS_Final/blob/main/Data/diem_chuan_2024_final.csv
NTU,7310601,Quốc tế học,7310601,2024,https://github.com/HTNam1710/ADS_Final/blob/main/Data/diem_chuan_2024_final.csv
NTU,7320108,Quan hệ công chúng,7320108,2024,https://github.com/HTNam1710/ADS_Final/blob/main/Data/diem_chuan_2024_final.csv
NTU,7340101,Quản trị kinh doanh,7340101,2024,https://github.com/HTNam1710/ADS_Final/blob/main/Data/diem_chuan_2024_final.csv
NTU,7340201,Tài chính ngân hàng,7340201,2024,https://github.com/HTNam1710/ADS_Final/blob/main/Data/diem_chuan_2024_final.csv
NTU,7340301,Kế toán,7340301,2024,https://github.com/HTNam1710/ADS_Final/blob/main/Data/diem_chuan_2024_final.csv
NTU,7480201,Công nghệ thông tin,7480201,2024,https://github.com/HTNam1710/ADS_Final/blob/main/Data/diem_chuan_2024_final.csv
NTU,7580101,Kiến trúc,7580101,2024,https://github.com/HTNam1710/ADS_Final/blob/main/Data/diem_chuan_2024_final.csv
NTU,7580108,Thiết kế nội thất,7580108,2024,https://github.com/HTNam1710/ADS_Final/blob/main/Data/diem_chuan_2024_final.csv
CCM,7210403,Thiết kế đồ họa,7210403,2024,https://github.com/HTNam1710/ADS_Final/blob/main/Data/diem_chuan_2024_final.csv
CCM,7210404,Thiết kế thời trang,7210404,2024,https://github.com/HTNam1710/ADS_Final/blob/main/Data/diem_chuan_2024_final.csv
CCM,7340101,Quản trị kinh doanh,7340101,2024,https://github.com/HTNam1710/ADS_Final/blob/main/Data/diem_chuan_2024_final.csv
CCM,7340115,Marketing,7340115,2024,https://github.com/HTNam1710/ADS_Final/blob/main/Data/diem_chuan_2024_final.csv
CCM,7340122,Thương mại điện tử,7340122,2024,https://github.com/HTNam1710/ADS_Final/blob/main/Data/diem_chuan_2024_final.csv
CCM,7340301,Kế toán,7340301,2024,https://github.com/HTNam1710/ADS_Final/blob/main/Data/diem_chuan_2024_final.csv
CCM,7510201,Công nghệ kỹ thuật cơ khí,7510201,2024,https://github.com/HTNam1710/ADS_Final/blob/main/Data/diem_chuan_2024_final.csv
CCM,7510301,"Công nghệ kỹ thuật điện, điện tử",7510301,2024,https://github.com/HTNam1710/ADS_Final/blob/main/Data/diem_chuan_2024_final.csv
CCM,7510601,Quản lý công nghiệp,7510601,2024,https://github.com/HTNam1710/ADS_Final/blob/main/Data/diem_chuan_2024_final.csv
CCM,7540202,Công nghệ sợi dệt,7540202,2024,https://github.com/HTNam1710/ADS_Final/blob/main/Data/diem_chuan_2024_final.csv
CCM,7540209,Công nghệ may,7540209,2024,https://github.com/HTNam1710/ADS_Final/blob/main/Data/diem_chuan_2024_final.csv
VUI,7220201,Ngôn ngữ Anh,7220201,2024,https://github.com/HTNam1710/ADS_Final/blob/main/Data/diem_chuan_2024_final.csv
VUI,7220204,Ngôn ngữ Trung Quốc,7220204,2024,https://github.com/HTNam1710/ADS_Final/blob/main/Data/diem_chuan_2024_final.csv
VUI,7340101,Quản trị kinh doanh,7340101,2024,https://github.com/HTNam1710/ADS_Final/blob/main/Data/diem_chuan_2024_final.csv
VUI,7340301,Kế toán,7340301,2024,https://github.com/HTNam1710/ADS_Final/blob/main/Data/diem_chuan_2024_final.csv
VUI,7420201,Công nghệ sinh học,7420201,2024,https://github.com/HTNam1710/ADS_Final/blob/main/Data/diem_chuan_2024_final.csv
VUI,7440112,Hóa học (Hóa phân tích),7440112,2024,https://github.com/HTNam1710/ADS_Final/blob/main/Data/diem_chuan_2024_final.csv
VUI,7480201,Công nghệ thông tin,7480201,2024,https://github.com/HTNam1710/ADS_Final/blob/main/Data/diem_chuan_2024_final.csv
VUI,7510201,Công nghệ kỹ thuật cơ khí,7510201,2024,https://github.com/HTNam1710/ADS_Final/blob/main/Data/diem_chuan_2024_final.csv
VUI,7510205,Công nghệ kỹ thuật ô tô,7510205,2024,https://github.com/HTNam1710/ADS_Final/blob/main/Data/diem_chuan_2024_final.csv
VUI,7510301,"Công nghệ kỹ thuật điện, điện tử",7510301,2024,https://github.com/HTNam1710/ADS_Final/blob/main/Data/diem_chuan_2024_final.csv
VUI,7510303,Công nghệ kỹ thuật điều khiển và tự động hóa,7510303,2024,https://github.com/HTNam1710/ADS_Final/blob/main/Data/diem_chuan_2024_final.csv
VUI,7510401,Công nghệ kỹ thuật hóa học,7510401,2024,https://github.com/HTNam1710/ADS_Final/blob/main/Data/diem_chuan_2024_final.csv
VUI,7510406,Công nghệ kỹ thuật môi trường,7510406,2024,https://github.com/HTNam1710/ADS_Final/blob/main/Data/diem_chuan_2024_final.csv
VUI,7540101,Công nghệ thực phẩm,7540101,2024,https://github.com/HTNam1710/ADS_Final/blob/main/Data/diem_chuan_2024_final.csv
QSP,7580201,Kỹ thuật xây dựng,7580201,2024,https://github.com/HTNam1710/ADS_Final/blob/main/Data/diem_chuan_2024_final.csv
DHL,7340116,Bất động sản,7340116,2024,https://github.com/HTNam1710/ADS_Final/blob/main/Data/diem_chuan_2024_final.csv
DHL,7510201,Công nghệ kỹ thuật cơ khí,7510201,2024,https://github.com/HTNam1710/ADS_Final/blob/main/Data/diem_chuan_2024_final.csv
DHL,7520114,Kỹ thuật cơ – điện tử,7520114,2024,https://github.com/HTNam1710/ADS_Final/blob/main/Data/diem_chuan_2024_final.csv
DHL,7540101,Công nghệ thực phẩm,7540101,2024,https://github.com/HTNam1710/ADS_Final/blob/main/Data/diem_chuan_2024_final.csv
DHL,7540106,Đảm bảo chất lượng và an toàn thực phẩm,7540106,2024,https://github.com/HTNam1710/ADS_Final/blob/main/Data/diem_chuan_2024_final.csv
DHL,7620102,Khuyến nông,7620102,2024,https://github.com/HTNam1710/ADS_Final/blob/main/Data/diem_chuan_2024_final.csv
DHL,7620105,Chăn nuôi,7620105,2024,https://github.com/HTNam1710/ADS_Final/blob/main/Data/diem_chuan_2024_final.csv
DHL,7620110,Khoa học cây trồng,7620110,2024,https://github.com/HTNam1710/ADS_Final/blob/main/Data/diem_chuan_2024_final.csv
DHL,7620112,Bảo vệ thực vật,7620112,2024,https://github.com/HTNam1710/ADS_Final/blob/main/Data/diem_chuan_2024_final.csv
DHL,7620116,Phát triển nông thôn,7620116,2024,https://github.com/HTNam1710/ADS_Final/blob/main/Data/diem_chuan_2024_final.csv
DHL,7620118,Nông nghiệp công nghệ cao,7620118,2024,https://github.com/HTNam1710/ADS_Final/blob/main/Data/diem_chuan_2024_final.csv
DHL,7620119,Kinh doanh và khởi nghiệp nông thôn,7620119,2024,https://github.com/HTNam1710/ADS_Final/blob/main/Data/diem_chuan_2024_final.csv
DHL,7620205,Lâm nghiệp,7620205,2024,https://github.com/HTNam1710/ADS_Final/blob/main/Data/diem_chuan_2024_final.csv
DHL,7620211,Quản lý tài nguyên rừng,7620211,2024,https://github.com/HTNam1710/ADS_Final/blob/main/Data/diem_chuan_2024_final.csv
DHL,7620301,Nuôi trồng thủy sản,7620301,2024,https://github.com/HTNam1710/ADS_Final/blob/main/Data/diem_chuan_2024_final.csv
DHL,7620302,Bệnh học thủy sản,7620302,2024,https://github.com/HTNam1710/ADS_Final/blob/main/Data/diem_chuan_2024_final.csv
DHL,7620305,Quản lý thủy sản,7620305,2024,https://github.com/HTNam1710/ADS_Final/blob/main/Data/diem_chuan_2024_final.csv
DHL,7640101,Thú y,7640101,2024,https://github.com/HTNam1710/ADS_Final/blob/main/Data/diem_chuan_2024_final.csv
DHL,7850103,Quản lý đất đai,7850103,2024,https://github.com/HTNam1710/ADS_Final/blob/main/Data/diem_chuan_2024_final.csv
DTQ,7310601,Quốc tế học (Chương trình dạy và học bằng tiếng Anh),7310601,2024,https://github.com/HTNam1710/ADS_Final/blob/main/Data/diem_chuan_2024_final.csv
DTQ,7340101,Quản trị kinh doanh (Chương trình tiên tiến),7340101,2024,https://github.com/HTNam1710/ADS_Final/blob/main/Data/diem_chuan_2024_final.csv
DTQ,7340120,Kinh doanh quốc tế (Chương trình tiên tiến),7340120,2024,https://github.com/HTNam1710/ADS_Final/blob/main/Data/diem_chuan_2024_final.csv
DTQ,7340205,Công nghệ tài chính (Chương trình dạy và học bằng tiếng Anh),7340205,2024,https://github.com/HTNam1710/ADS_Final/blob/main/Data/diem_chuan_2024_final.csv
DTQ,7340301,Kế toán (Chương trình tiên tiến),7340301,2024,https://github.com/HTNam1710/ADS_Final/blob/main/Data/diem_chuan_2024_final.csv
DTQ,7850101,Quản lý tài nguyên và môi trường (Chương trình tiên tiến),7850101,2024,https://github.com/HTNam1710/ADS_Final/blob/main/Data/diem_chuan_2024_final.csv
SIU,7140103,Công nghệ giáo dục,7140103,2024,https://github.com/HTNam1710/ADS_Final/blob/main/Data/diem_chuan_2024_final.csv
SIU,7220201,Ngôn ngữ Anh,7220201,2024,https://github.com/HTNam1710/ADS_Final/blob/main/Data/diem_chuan_2024_final.csv
SIU,7310401,Tâm lý học,7310401,2024,https://github.com/HTNam1710/ADS_Final/blob/main/Data/diem_chuan_2024_final.csv
SIU,7310608,Đông phương học,7310608,2024,https://github.com/HTNam1710/ADS_Final/blob/main/Data/diem_chuan_2024_final.csv
SIU,7320104,Truyền thông đa phương tiện,7320104,2024,https://github.com/HTNam1710/ADS_Final/blob/main/Data/diem_chuan_2024_final.csv
SIU,7320108,Quan hệ công chúng,7320108,2024,https://github.com/HTNam1710/ADS_Final/blob/main/Data/diem_chuan_2024_final.csv
SIU,7340101,Quản trị kinh doanh,7340101,2024,https://github.com/HTNam1710/ADS_Final/blob/main/Data/diem_chuan_2024_final.csv
SIU,7340122,Thương mại điện tử,7340122,2024,https://github.com/HTNam1710/ADS_Final/blob/main/Data/diem_chuan_2024_final.csv
SIU,7340301,Kế toán,7340301,2024,https://github.com/HTNam1710/ADS_Final/blob/main/Data/diem_chuan_2024_final.csv
SIU,7380107,Luật kinh tế,7380107,2024,https://github.com/HTNam1710/ADS_Final/blob/main/Data/diem_chuan_2024_final.csv
SIU,7480101,Khoa học máy tính,7480101,2024,https://github.com/HTNam1710/ADS_Final/blob/main/Data/diem_chuan_2024_final.csv
SIU,7480201,Công nghệ thông tin,7480201,2024,https://github.com/HTNam1710/ADS_Final/blob/main/Data/diem_chuan_2024_final.csv
SIU,7510605,Logistic và quản lý chuỗi cung ứng,7510605,2024,https://github.com/HTNam1710/ADS_Final/blob/main/Data/diem_chuan_2024_final.csv
SIU,7810201,Quản trị khách sạn,7810201,2024,https://github.com/HTNam1710/ADS_Final/blob/main/Data/diem_chuan_2024_final.csv
DCA,7220201,Ngôn ngữ Anh,7220201,2024,https://github.com/HTNam1710/ADS_Final/blob/main/Data/diem_chuan_2024_final.csv
DCA,7340101,Quản trị kinh doanh,7340101,2024,https://github.com/HTNam1710/ADS_Final/blob/main/Data/diem_chuan_2024_final.csv
DCA,7340201,Tài chính - Ngân hàng,7340201,2024,https://github.com/HTNam1710/ADS_Final/blob/main/Data/diem_chuan_2024_final.csv
DCA,7340301,Kế toán,7340301,2024,https://github.com/HTNam1710/ADS_Final/blob/main/Data/diem_chuan_2024_final.csv
DCA,7380107,Luật Kinh tế,7380107,2024,https://github.com/HTNam1710/ADS_Final/blob/main/Data/diem_chuan_2024_final.csv
DCA,7480201,Công nghệ thông tin,7480201,2024,https://github.com/HTNam1710/ADS_Final/blob/main/Data/diem_chuan_2024_final.csv
DCA,7520201,Kỹ thuật điện,7520201,2024,https://github.com/HTNam1710/ADS_Final/blob/main/Data/diem_chuan_2024_final.csv
DLA,7220201,Ngôn ngữ Anh,7220201,2024,https://github.com/HTNam1710/ADS_Final/blob/main/Data/diem_chuan_2024_final.csv
DLA,7340101,Quản trị kinh doanh,7340101,2024,https://github.com/HTNam1710/ADS_Final/blob/main/Data/diem_chuan_2024_final.csv
DLA,7340201,Tài chính - Ngân hàng,7340201,2024,https://github.com/HTNam1710/ADS_Final/blob/main/Data/diem_chuan_2024_final.csv
DLA,7340301,Kế toán,7340301,2024,https://github.com/HTNam1710/ADS_Final/blob/main/Data/diem_chuan_2024_final.csv
DLA,7380107,Luật Kinh tế,7380107,2024,https://github.com/HTNam1710/ADS_Final/blob/main/Data/diem_chuan_2024_final.csv
DLA,7480201,Công nghệ thông tin,7480201,2024,https://github.com/HTNam1710/ADS_Final/blob/main/Data/diem_chuan_2024_final.csv
DLA,7510103,Công nghệ Kỹ thuật Xây dựng,7510103,2024,https://github.com/HTNam1710/ADS_Final/blob/main/Data/diem_chuan_2024_final.csv
DLA,7810103,Quản trị dịch vụ du lịch và lữ hành,7810103,2024,https://github.com/HTNam1710/ADS_Final/blob/main/Data/diem_chuan_2024_final.csv
DBH,7340101,Quản trị kinh doanh,7340101,2024,https://github.com/HTNam1710/ADS_Final/blob/main/Data/diem_chuan_2024_final.csv
DBH,7340201,Tài chính ngân hàng,7340201,2024,https://github.com/HTNam1710/ADS_Final/blob/main/Data/diem_chuan_2024_final.csv
DBH,7340301,Kế toán,7340301,2024,https://github.com/HTNam1710/ADS_Final/blob/main/Data/diem_chuan_2024_final.csv
DBH,7480201,Công nghệ thông tin,7480201,2024,https://github.com/HTNam1710/ADS_Final/blob/main/Data/diem_chuan_2024_final.csv
DBH,7520207,Kỹ thuật điện tử viễn thông,7520207,2024,https://github.com/HTNam1710/ADS_Final/blob/main/Data/diem_chuan_2024_final.csv
DBH,7580201,Kỹ thuật xây dựng,7580201,2024,https://github.com/HTNam1710/ADS_Final/blob/main/Data/diem_chuan_2024_final.csv
DBH,7580205,Kỹ thuật xây dựng công trình giao thông,7580205,2024,https://github.com/HTNam1710/ADS_Final/blob/main/Data/diem_chuan_2024_final.csv
DBH,7580301,Kinh tế xây dựng,7580301,2024,https://github.com/HTNam1710/ADS_Final/blob/main/Data/diem_chuan_2024_final.csv
SKN,7340101,Quản trị kinh doanh,7340101,2024,https://github.com/HTNam1710/ADS_Final/blob/main/Data/diem_chuan_2024_final.csv
SKN,7340301,Kế toán,7340301,2024,https://github.com/HTNam1710/ADS_Final/blob/main/Data/diem_chuan_2024_final.csv
SKN,7480101,Khoa học máy tính,7480101,2024,https://github.com/HTNam1710/ADS_Final/blob/main/Data/diem_chuan_2024_final.csv
SKN,7480201,Công nghệ thông tin,7480201,2024,https://github.com/HTNam1710/ADS_Final/blob/main/Data/diem_chuan_2024_final.csv
SKN,7510201,Công nghệ kỹ thuật cơ khí,7510201,2024,https://github.com/HTNam1710/ADS_Final/blob/main/Data/diem_chuan_2024_final.csv
SKN,7510202,Công nghệ chế tạo máy,7510202,2024,https://github.com/HTNam1710/ADS_Final/blob/main/Data/diem_chuan_2024_final.csv
SKN,7510203,Công nghệ kỹ thuật cơ điện tử,7510203,2024,https://github.com/HTNam1710/ADS_Final/blob/main/Data/diem_chuan_2024_final.csv
SKN,7510205,Công nghệ kỹ thuật ô tô,7510205,2024,https://github.com/HTNam1710/ADS_Final/blob/main/Data/diem_chuan_2024_final.csv
SKN,7510301,Công nghệ kỹ thuật điện (chuyên ngành),7510301,2024,https://github.com/HTNam1710/ADS_Final/blob/main/Data/diem_chuan_2024_final.csv
SKN,7510303,Công nghệ kỹ thuật điều khiển và tự động hóa,7510303,2024,https://github.com/HTNam1710/ADS_Final/blob/main/Data/diem_chuan_2024_final.csv
NLG,7340101G,Quản trị kinh doanh,7340101,2024,https://github.com/HTNam1710/ADS_Final/blob/main/Data/diem_chuan_2024_final.csv
NLG,7340116G,Bất động sản,7340116,2024,https://github.com/HTNam1710/ADS_Final/blob/main/Data/diem_chuan_2024_final.csv
NLG,7340301G,Kế toán,7340301,2024,https://github.com/HTNam1710/ADS_Final/blob/main/Data/diem_chuan_2024_final.csv
NLG,7420201G,Công nghệ sinh học,7420201,2024,https://github.com/HTNam1710/ADS_Final/blob/main/Data/diem_chuan_2024_final.csv
NLG,7620109G,Nông học,7620109,2024,https://github.com/HTNam1710/ADS_Final/blob/main/Data/diem_chuan_2024_final.csv
NLG,7620202G,Lâm nghiệp đô thị,7620202,2024,https://github.com/HTNam1710/ADS_Final/blob/main/Data/diem_chuan_2024_final.csv
NLG,7640101G,Thú y,7640101,2024,https://github.com/HTNam1710/ADS_Final/blob/main/Data/diem_chuan_2024_final.csv
NLG,7859002G,Tài nguyên và du lịch sinh thái,7859002,2024,https://github.com/HTNam1710/ADS_Final/blob/main/Data/diem_chuan_2024_final.csv
DTN,7320205,Quản lý thông tin,7320205,2024,https://github.com/HTNam1710/ADS_Final/blob/main/Data/diem_chuan_2024_final.csv
DTN,7340120,Kinh doanh quốc tế,7340120,2024,https://github.com/HTNam1710/ADS_Final/blob/main/Data/diem_chuan_2024_final.csv
DTN,7340301,Tài chính - Kế toán,7340301,2024,https://github.com/HTNam1710/ADS_Final/blob/main/Data/diem_chuan_2024_final.csv
DTN,7420201,Công nghệ sinh học,7420201,2024,https://github.com/HTNam1710/ADS_Final/blob/main/Data/diem_chuan_2024_final.csv
DTN,7440301,Khoa học môi trường,7440301,2024,https://github.com/HTNam1710/ADS_Final/blob/main/Data/diem_chuan_2024_final.csv
DTN,7480201,Công nghệ và đổi mới sáng tạo,7480201,2024,https://github.com/HTNam1710/ADS_Final/blob/main/Data/diem_chuan_2024_final.csv
DTN,7540101,Công nghệ thực phẩm,7540101,2024,https://github.com/HTNam1710/ADS_Final/blob/main/Data/diem_chuan_2024_final.csv
DTN,7540106,Đàm bảo chất lượng và An toàn thực phẩm,7540106,2024,https://github.com/HTNam1710/ADS_Final/blob/main/Data/diem_chuan_2024_final.csv
DTN,7549002,Dược liệu và hợp chất thiên nhiên,7549002,2024,https://github.com/HTNam1710/ADS_Final/blob/main/Data/diem_chuan_2024_final.csv
DTN,7580109,Quản lý phát triển đô thị và Bất động sản,7580109,2024,https://github.com/HTNam1710/ADS_Final/blob/main/Data/diem_chuan_2024_final.csv
DTN,7620101,Nông nghiệp công nghệ cao,7620101,2024,https://github.com/HTNam1710/ADS_Final/blob/main/Data/diem_chuan_2024_final.csv
DTN,7620105,Chăn nuôi thú y,7620105,2024,https://github.com/HTNam1710/ADS_Final/blob/main/Data/diem_chuan_2024_final.csv
DTN,7620110,Khoa học cây trồng,7620110,2024,https://github.com/HTNam1710/ADS_Final/blob/main/Data/diem_chuan_2024_final.csv
DTN,7620115,Kinh tế nông nghiệp,7620115,2024,https://github.com/HTNam1710/ADS_Final/blob/main/Data/diem_chuan_2024_final.csv
DTN,7620205,Lâm sinh,7620205,2024,https://github.com/HTNam1710/ADS_Final/blob/main/Data/diem_chuan_2024_final.csv
DTN,7620211,Quản lý tài nguyên rừng,7620211,2024,https://github.com/HTNam1710/ADS_Final/blob/main/Data/diem_chuan_2024_final.csv
DTN,7640101,Thú y,7640101,2024,https://github.com/HTNam1710/ADS_Final/blob/main/Data/diem_chuan_2024_final.csv
DTN,7810204,Quản lý du lịch Quốc tế,7810204,2024,https://github.com/HTNam1710/ADS_Final/blob/main/Data/diem_chuan_2024_final.csv
DTN,7850101,Quản lý tài nguyên và môi trường,7850101,2024,https://github.com/HTNam1710/ADS_Final/blob/main/Data/diem_chuan_2024_final.csv
DTN,7850103,Quản lý đất đai,7850103,2024,https://github.com/HTNam1710/ADS_Final/blob/main/Data/diem_chuan_2024_final.csv
DTN,7904492,Khoa học và quản lý môi trường (Chương trình tiên tiến),7904492,2024,https://github.com/HTNam1710/ADS_Final/blob/main/Data/diem_chuan_2024_final.csv
DTN,7905419,Công nghệ thực phẩm (Chương trình tiên tiến),7905419,2024,https://github.com/HTNam1710/ADS_Final/blob/main/Data/diem_chuan_2024_final.csv
DTN,7906425,Kinh tế nông nghiệp (Chương trình tiên tiến),7906425,2024,https://github.com/HTNam1710/ADS_Final/blob/main/Data/diem_chuan_2024_final.csv
UMT,7210403,Thiết kế đồ họa,7210403,2024,https://github.com/HTNam1710/ADS_Final/blob/main/Data/diem_chuan_2024_final.csv
UMT,7320104,Truyền thông đa phương tiện,7320104,2024,https://github.com/HTNam1710/ADS_Final/blob/main/Data/diem_chuan_2024_final.csv
UMT,7340101,Quản trị kinh doanh,7340101,2024,https://github.com/HTNam1710/ADS_Final/blob/main/Data/diem_chuan_2024_final.csv
UMT,7340115,Marketing,7340115,2024,https://github.com/HTNam1710/ADS_Final/blob/main/Data/diem_chuan_2024_final.csv
UMT,7340120,Kinh doanh quốc tế,7340120,2024,https://github.com/HTNam1710/ADS_Final/blob/main/Data/diem_chuan_2024_final.csv
UMT,7480201,Công nghệ thông tin,7480201,2024,https://github.com/HTNam1710/ADS_Final/blob/main/Data/diem_chuan_2024_final.csv
UMT,7510605,Logistics và Quản lý chuỗi cung ứng,7510605,2024,https://github.com/HTNam1710/ADS_Final/blob/main/Data/diem_chuan_2024_final.csv
UMT,7810301,Quản lý thể dục thể thao,7810301,2024,https://github.com/HTNam1710/ADS_Final/blob/main/Data/diem_chuan_2024_final.csv
DCQ,7220201,Ngôn ngữ Anh,7220201,2024,https://github.com/HTNam1710/ADS_Final/blob/main/Data/diem_chuan_2024_final.csv
DCQ,7220204,Ngôn ngữ Trung Quốc,7220204,2024,https://github.com/HTNam1710/ADS_Final/blob/main/Data/diem_chuan_2024_final.csv
DCQ,7310106,Kinh tế quốc tế,7310106,2024,https://github.com/HTNam1710/ADS_Final/blob/main/Data/diem_chuan_2024_final.csv
DCQ,7310205,Quản lý nhà nước,7310205,2024,https://github.com/HTNam1710/ADS_Final/blob/main/Data/diem_chuan_2024_final.csv
DCQ,7340101,Quản trị kinh doanh,7340101,2024,https://github.com/HTNam1710/ADS_Final/blob/main/Data/diem_chuan_2024_final.csv
DCQ,7340116,Bất động sản,7340116,2024,https://github.com/HTNam1710/ADS_Final/blob/main/Data/diem_chuan_2024_final.csv
DCQ,7340201,Tài chính - Ngân hàng,7340201,2024,https://github.com/HTNam1710/ADS_Final/blob/main/Data/diem_chuan_2024_final.csv
DCQ,7340205,Công nghệ tài chính,7340205,2024,https://github.com/HTNam1710/ADS_Final/blob/main/Data/diem_chuan_2024_final.csv
DCQ,7340301,Kế toán,7340301,2024,https://github.com/HTNam1710/ADS_Final/blob/main/Data/diem_chuan_2024_final.csv
DCQ,7380107,Luật kinh tế,7380107,2024,https://github.com/HTNam1710/ADS_Final/blob/main/Data/diem_chuan_2024_final.csv
DCQ,7480103,Kỹ thuật phần mềm,7480103,2024,https://github.com/HTNam1710/ADS_Final/blob/main/Data/diem_chuan_2024_final.csv
DCQ,7480201,Công nghệ thông tin,7480201,2024,https://github.com/HTNam1710/ADS_Final/blob/main/Data/diem_chuan_2024_final.csv
DCQ,7510205,Công nghệ kỹ thuật ô tô,7510205,2024,https://github.com/HTNam1710/ADS_Final/blob/main/Data/diem_chuan_2024_final.csv
DCQ,7510605,Logistics và quản lý chuỗi cung ứng,7510605,2024,https://github.com/HTNam1710/ADS_Final/blob/main/Data/diem_chuan_2024_final.csv
DCQ,7810103,Quản trị dịch vụ du lịch và lữ hành,7810103,2024,https://github.com/HTNam1710/ADS_Final/blob/main/Data/diem_chuan_2024_final.csv
DHQ,7510406,Công nghệ kỹ thuật môi trường,7510406,2024,https://github.com/HTNam1710/ADS_Final/blob/main/Data/diem_chuan_2024_final.csv
DHQ,7520201,Kỹ thuật điện,7520201,2024,https://github.com/HTNam1710/ADS_Final/blob/main/Data/diem_chuan_2024_final.csv
DHQ,7520216,Kỹ thuật diều khiển và tự động hóa,7520216,2024,https://github.com/HTNam1710/ADS_Final/blob/main/Data/diem_chuan_2024_final.csv
DHQ,7580201,Kỹ thuật xây dựng,7580201,2024,https://github.com/HTNam1710/ADS_Final/blob/main/Data/diem_chuan_2024_final.csv
DHQ,7580301,Kinh tế xây dựng,7580301,2024,https://github.com/HTNam1710/ADS_Final/blob/main/Data/diem_chuan_2024_final.csv
TBD,7210403,Thiết kế đồ họa,7210403,2024,https://github.com/HTNam1710/ADS_Final/blob/main/Data/diem_chuan_2024_final.csv
TBD,7220201,Ngôn ngữ Anh,7220201,2024,https://github.com/HTNam1710/ADS_Final/blob/main/Data/diem_chuan_2024_final.csv
TBD,7310608,Đông Phương học (Tiếng Trung Quốc - Tiếng Hàn Quốc),7310608,2024,https://github.com/HTNam1710/ADS_Final/blob/main/Data/diem_chuan_2024_final.csv
TBD,7320104,Truyền thông đa phương tiện,7320104,2024,https://github.com/HTNam1710/ADS_Final/blob/main/Data/diem_chuan_2024_final.csv
TBD,7340101,Quản trị kinh doanh,7340101,2024,https://github.com/HTNam1710/ADS_Final/blob/main/Data/diem_chuan_2024_final.csv
TBD,7340115,Kỹ thuật phần mềm,7340115,2024,https://github.com/HTNam1710/ADS_Final/blob/main/Data/diem_chuan_2024_final.csv
TBD,7340115,Marketing,7340115,2024,https://github.com/HTNam1710/ADS_Final/blob/main/Data/diem_chuan_2024_final.csv
TBD,7340201,Tài chính - Ngân hàng,7340201,2024,https://github.com/HTNam1710/ADS_Final/blob/main/Data/diem_chuan_2024_final.csv
TBD,7340301,Kế toán,7340301,2024,https://github.com/HTNam1710/ADS_Final/blob/main/Data/diem_chuan_2024_final.csv
TBD,7380101,Luật,7380101,2024,https://github.com/HTNam1710/ADS_Final/blob/main/Data/diem_chuan_2024_final.csv
TBD,7480107,Trí tuệ nhân tạo,7480107,2024,https://github.com/HTNam1710/ADS_Final/blob/main/Data/diem_chuan_2024_final.csv
TBD,7480201,Công nghệ thông tin,7480201,2024,https://github.com/HTNam1710/ADS_Final/blob/main/Data/diem_chuan_2024_final.csv
TBD,7510605,Logistics và Quản lý chuỗi cung ứng,7510605,2024,https://github.com/HTNam1710/ADS_Final/blob/main/Data/diem_chuan_2024_final.csv
TBD,7810101,Du lịch,7810101,2024,https://github.com/HTNam1710/ADS_Final/blob/main/Data/diem_chuan_2024_final.csv
TBD,7810201,Quản trị khách sạn,7810201,2024,https://github.com/HTNam1710/ADS_Final/blob/main/Data/diem_chuan_2024_final.csv
DHV,7220201,Ngôn ngữ Anh,7220201,2024,https://github.com/HTNam1710/ADS_Final/blob/main/Data/diem_chuan_2024_final.csv
DHV,7220204,Ngôn ngữ Trung Quốc,7220204,2024,https://github.com/HTNam1710/ADS_Final/blob/main/Data/diem_chuan_2024_final.csv
DHV,7220209,Ngôn ngữ Nhật,7220209,2024,https://github.com/HTNam1710/ADS_Final/blob/main/Data/diem_chuan_2024_final.csv
DHV,7220210,Ngôn ngữ Hàn Quốc,7220210,2024,https://github.com/HTNam1710/ADS_Final/blob/main/Data/diem_chuan_2024_final.csv
DHV,73010106,Kinh tế quốc tế,7301010,2024,https://github.com/HTNam1710/ADS_Final/blob/main/Data/diem_chuan_2024_final.csv
DHV,7310401,Tâm lý học,7310401,2024,https://github.com/HTNam1710/ADS_Final/blob/main/Data/diem_chuan_2024_final.csv
DHV,7340101,Quản trị kinh doanh,7340101,2024,https://github.com/HTNam1710/ADS_Final/blob/main/Data/diem_chuan_2024_final.csv
DHV,7340115,Marketing,7340115,2024,https://github.com/HTNam1710/ADS_Final/blob/main/Data/diem_chuan_2024_final.csv
DHV,7340122,Thương mại điện tử,7340122,2024,https://github.com/HTNam1710/ADS_Final/blob/main/Data/diem_chuan_2024_final.csv
DHV,7340201,Tài chính - ngân hàng,7340201,2024,https://github.com/HTNam1710/ADS_Final/blob/main/Data/diem_chuan_2024_final.csv
DHV,7340205,Công nghệ tài chính,7340205,2024,https://github.com/HTNam1710/ADS_Final/blob/main/Data/diem_chuan_2024_final.csv
DHV,7340301,Kế toán,7340301,2024,https://github.com/HTNam1710/ADS_Final/blob/main/Data/diem_chuan_2024_final.csv
DHV,7380101,Luật,7380101,2024,https://github.com/HTNam1710/ADS_Final/blob/main/Data/diem_chuan_2024_final.csv
DHV,7380107,Luật kinh tế,7380107,2024,https://github.com/HTNam1710/ADS_Final/blob/main/Data/diem_chuan_2024_final.csv
DHV,7480106,Kỹ thuật máy tính,7480106,2024,https://github.com/HTNam1710/ADS_Final/blob/main/Data/diem_chuan_2024_final.csv
DHV,7480201,Công nghệ thông tin,7480201,2024,https://github.com/HTNam1710/ADS_Final/blob/main/Data/diem_chuan_2024_final.csv
DHV,7720802,Quản lý bệnh viện,7720802,2024,https://github.com/HTNam1710/ADS_Final/blob/main/Data/diem_chuan_2024_final.csv
DHV,7810103,Quản trị dv du lịch và lữ hành,7810103,2024,https://github.com/HTNam1710/ADS_Final/blob/main/Data/diem_chuan_2024_final.csv
DHV,7810201,Quản trị khách sạn,7810201,2024,https://github.com/HTNam1710/ADS_Final/blob/main/Data/diem_chuan_2024_final.csv
DVB,7220210,Ngôn ngữ Anh,7220210,2024,https://github.com/HTNam1710/ADS_Final/blob/main/Data/diem_chuan_2024_final.csv
DVB,7220210,Ngôn ngữ Hàn Quốc,7220210,2024,https://github.com/HTNam1710/ADS_Final/blob/main/Data/diem_chuan_2024_final.csv
DVB,7340101,Quản trị kinh doanh,7340101,2024,https://github.com/HTNam1710/ADS_Final/blob/main/Data/diem_chuan_2024_final.csv
DVB,7340301,Kế toán,7340301,2024,https://github.com/HTNam1710/ADS_Final/blob/main/Data/diem_chuan_2024_final.csv
DVB,7380101,Luật,7380101,2024,https://github.com/HTNam1710/ADS_Final/blob/main/Data/diem_chuan_2024_final.csv
DVB,7480201,Công nghệ thông tin,7480201,2024,https://github.com/HTNam1710/ADS_Final/blob/main/Data/diem_chuan_2024_final.csv
DVB,7520103,Kỹ thuật cơ khí,7520103,2024,https://github.com/HTNam1710/ADS_Final/blob/main/Data/diem_chuan_2024_final.csv
DVB,7520201,Kỹ thuật điện,7520201,2024,https://github.com/HTNam1710/ADS_Final/blob/main/Data/diem_chuan_2024_final.csv
DVB,7810101,Du lịch,7810101,2024,https://github.com/HTNam1710/ADS_Final/blob/main/Data/diem_chuan_2024_final.csv
DPX,7220201,Ngôn ngữ Anh,7220201,2024,https://github.com/HTNam1710/ADS_Final/blob/main/Data/diem_chuan_2024_final.csv
DPX,7220204,Ngôn ngữ Trung,7220204,2024,https://github.com/HTNam1710/ADS_Final/blob/main/Data/diem_chuan_2024_final.csv
DPX,7340101,Quản trị kinh doanh,7340101,2024,https://github.com/HTNam1710/ADS_Final/blob/main/Data/diem_chuan_2024_final.csv
DPX,7340301,Kế toán,7340301,2024,https://github.com/HTNam1710/ADS_Final/blob/main/Data/diem_chuan_2024_final.csv
DPX,7480201,Công nghệ thông tin,7480201,2024,https://github.com/HTNam1710/ADS_Final/blob/main/Data/diem_chuan_2024_final.csv
DPX,7510205,Công nghệ kỹ thuật ô tô,7510205,2024,https://github.com/HTNam1710/ADS_Final/blob/main/Data/diem_chuan_2024_final.csv
DPX,7580108,Thiết kế nội thất,7580108,2024,https://github.com/HTNam1710/ADS_Final/blob/main/Data/diem_chuan_2024_final.csv
DPX,7810103,Quản trị dịch vụ du lịch và lữ hành,7810103,2024,https://github.com/HTNam1710/ADS_Final/blob/main/Data/diem_chuan_2024_final.csv
DPX,7810201,Quản trị khách sạn,7810201,2024,https://github.com/HTNam1710/ADS_Final/blob/main/Data/diem_chuan_2024_final.csv
HPU,7220201,Ngôn ngữ Anh,7220201,2024,https://github.com/HTNam1710/ADS_Final/blob/main/Data/diem_chuan_2024_final.csv
HPU,7310630,Việt Nam học,7310630,2024,https://github.com/HTNam1710/ADS_Final/blob/main/Data/diem_chuan_2024_final.csv
HPU,7340101,Quản trị kinh doanh,7340101,2024,https://github.com/HTNam1710/ADS_Final/blob/main/Data/diem_chuan_2024_final.csv
HPU,7480201,Công nghệ thông tin,7480201,2024,https://github.com/HTNam1710/ADS_Final/blob/main/Data/diem_chuan_2024_final.csv
HPU,7510301,"Công nghệ kỹ thuật điện, điện tử",7510301,2024,https://github.com/HTNam1710/ADS_Final/blob/main/Data/diem_chuan_2024_final.csv
HPU,7520320,Kĩ thuật môi trường,7520320,2024,https://github.com/HTNam1710/ADS_Final/blob/main/Data/diem_chuan_2024_final.csv
MTU,7340301,Kế toán,7340301,2024,https://github.com/HTNam1710/ADS_Final/blob/main/Data/diem_chuan_2024_final.csv
MTU,7480103,Công nghệ thông tin,7480103,2024,https://github.com/HTNam1710/ADS_Final/blob/main/Data/diem_chuan_2024_final.csv
MTU,7520320,Kỹ thuật môi trường (Kỹ sư),7520320,2024,https://github.com/HTNam1710/ADS_Final/blob/main/Data/diem_chuan_2024_final.csv
MTU,7580101,Kiến trúc,7580101,2024,https://github.com/HTNam1710/ADS_Final/blob/main/Data/diem_chuan_2024_final.csv
MTU,7580106,Quản lý đô thị và công trình,7580106,2024,https://github.com/HTNam1710/ADS_Final/blob/main/Data/diem_chuan_2024_final.csv
MTU,7580201,Kỹ thuật xây dựng,7580201,2024,https://github.com/HTNam1710/ADS_Final/blob/main/Data/diem_chuan_2024_final.csv
MTU,7580205,Kỹ thuật xây dựng công trình giao thông,7580205,2024,https://github.com/HTNam1710/ADS_Final/blob/main/Data/diem_chuan_2024_final.csv
MTU,7580213,Kỹ thuật cấp thoát nước (Kỹ sư),7580213,2024,https://github.com/HTNam1710/ADS_Final/blob/main/Data/diem_chuan_2024_final.csv
VHD,7310101,Kinh tế,7310101,2024,https://github.com/HTNam1710/ADS_Final/blob/main/Data/diem_chuan_2024_final.csv
VHD,7340101,Quản trị kinh doanh,7340101,2024,https://github.com/HTNam1710/ADS_Final/blob/main/Data/diem_chuan_2024_final.csv
VHD,7340201,Tài chính - Ngân hàng,7340201,2024,https://github.com/HTNam1710/ADS_Final/blob/main/Data/diem_chuan_2024_final.csv
VHD,7480201,Công nghệ thông tin,7480201,2024,https://github.com/HTNam1710/ADS_Final/blob/main/Data/diem_chuan_2024_final.csv
VHD,7510103,Công nghệ kỹ thuật xây dựng,7510103,2024,https://github.com/HTNam1710/ADS_Final/blob/main/Data/diem_chuan_2024_final.csv
VHD,7510201,Công nghệ kỹ thuật cơ khí,7510201,2024,https://github.com/HTNam1710/ADS_Final/blob/main/Data/diem_chuan_2024_final.csv
VHD,7510205,Công nghệ kỹ thuật ô tô,7510205,2024,https://github.com/HTNam1710/ADS_Final/blob/main/Data/diem_chuan_2024_final.csv
VHD,7510301,"Công nghệ Kỹ thuật điện, điện tử",7510301,2024,https://github.com/HTNam1710/ADS_Final/blob/main/Data/diem_chuan_2024_final.csv
LNA,7340101,Quản trị kinh doanh,7340101,2024,https://github.com/HTNam1710/ADS_Final/blob/main/Data/diem_chuan_2024_final.csv
LNA,7340301,Kế toán,7340301,2024,https://github.com/HTNam1710/ADS_Final/blob/main/Data/diem_chuan_2024_final.csv
LNA,7620110,Khoa học cây trồng,7620110,2024,https://github.com/HTNam1710/ADS_Final/blob/main/Data/diem_chuan_2024_final.csv
LNA,7620112,Bảo vệ thực vật,7620112,2024,https://github.com/HTNam1710/ADS_Final/blob/main/Data/diem_chuan_2024_final.csv
LNA,7620205,Lâm sinh,7620205,2024,https://github.com/HTNam1710/ADS_Final/blob/main/Data/diem_chuan_2024_final.csv
LNA,7850103,Quản lý đất đai,7850103,2024,https://github.com/HTNam1710/ADS_Final/blob/main/Data/diem_chuan_2024_final.csv
NHP,ACT02,Kế toán,,2024,https://github.com/HTNam1710/ADS_Final/blob/main/Data/diem_chuan_2024_final.csv
NHP,BANK02,Ngân hàng,,2024,https://github.com/HTNam1710/ADS_Final/blob/main/Data/diem_chuan_2024_final.csv
NHP,FIN02,Tài chính,,2024,https://github.com/HTNam1710/ADS_Final/blob/main/Data/diem_chuan_2024_final.csv
UFA,7340101,Quản trị kinh doanh,7340101,2024,https://github.com/HTNam1710/ADS_Final/blob/main/Data/diem_chuan_2024_final.csv
UFA,7340120,Kinh doanh quốc tế,7340120,2024,https://github.com/HTNam1710/ADS_Final/blob/main/Data/diem_chuan_2024_final.csv
UFA,7340201,Tài chính - Ngân hàng,7340201,2024,https://github.com/HTNam1710/ADS_Final/blob/main/Data/diem_chuan_2024_final.csv
UFA,7340301,Kế toán,7340301,2024,https://github.com/HTNam1710/ADS_Final/blob/main/Data/diem_chuan_2024_final.csv
UFA,7380107,Luật Kinh tế,7380107,2024,https://github.com/HTNam1710/ADS_Final/blob/main/Data/diem_chuan_2024_final.csv
GDU,7220201,Ngôn ngữ Anh,7220201,2024,https://github.com/HTNam1710/ADS_Final/blob/main/Data/diem_chuan_2024_final.csv
GDU,7310608,Đông phương học,7310608,2024,https://github.com/HTNam1710/ADS_Final/blob/main/Data/diem_chuan_2024_final.csv
GDU,7320104,Truyền thông đa phương tiện,7320104,2024,https://github.com/HTNam1710/ADS_Final/blob/main/Data/diem_chuan_2024_final.csv
GDU,7320106,Công nghệ truyền thông,7320106,2024,https://github.com/HTNam1710/ADS_Final/blob/main/Data/diem_chuan_2024_final.csv
GDU,7320108,Quan hệ công chúng,7320108,2024,https://github.com/HTNam1710/ADS_Final/blob/main/Data/diem_chuan_2024_final.csv
GDU,7340101,Quản trị kinh doanh,7340101,2024,https://github.com/HTNam1710/ADS_Final/blob/main/Data/diem_chuan_2024_final.csv
GDU,7340115,Marketing,7340115,2024,https://github.com/HTNam1710/ADS_Final/blob/main/Data/diem_chuan_2024_final.csv
GDU,7340120,Kinh doanh quốc tế,7340120,2024,https://github.com/HTNam1710/ADS_Final/blob/main/Data/diem_chuan_2024_final.csv
GDU,7340121,Kinh doanh thương mại,7340121,2024,https://github.com/HTNam1710/ADS_Final/blob/main/Data/diem_chuan_2024_final.csv
GDU,7340122,Thương mại điện tử,7340122,2024,https://github.com/HTNam1710/ADS_Final/blob/main/Data/diem_chuan_2024_final.csv
GDU,7340201,Tài chính ngân hàng,7340201,2024,https://github.com/HTNam1710/ADS_Final/blob/main/Data/diem_chuan_2024_final.csv
GDU,7340205,Công nghệ tài chính,7340205,2024,https://github.com/HTNam1710/ADS_Final/blob/main/Data/diem_chuan_2024_final.csv
GDU,7340301,Kế toán,7340301,2024,https://github.com/HTNam1710/ADS_Final/blob/main/Data/diem_chuan_2024_final.csv
GDU,7380101,Luật,7380101,2024,https://github.com/HTNam1710/ADS_Final/blob/main/Data/diem_chuan_2024_final.csv
GDU,7380107,Luật kinh tế,7380107,2024,https://github.com/HTNam1710/ADS_Final/blob/main/Data/diem_chuan_2024_final.csv
GDU,7480102,Mạng máy tính và truyền thông dữ liệu,7480102,2024,https://github.com/HTNam1710/ADS_Final/blob/main/Data/diem_chuan_2024_final.csv
GDU,7480103,Kỹ thuật phần mềm,7480103,2024,https://github.com/HTNam1710/ADS_Final/blob/main/Data/diem_chuan_2024_final.csv
GDU,7480201,Công nghệ thông tin,7480201,2024,https://github.com/HTNam1710/ADS_Final/blob/main/Data/diem_chuan_2024_final.csv
GDU,7510605,Logistics và quản lý chuỗi cung ứng,7510605,2024,https://github.com/HTNam1710/ADS_Final/blob/main/Data/diem_chuan_2024_final.csv
GDU,7810103,Quản trị dịch vụ du lịch và lữ hành,7810103,2024,https://github.com/HTNam1710/ADS_Final/blob/main/Data/diem_chuan_2024_final.csv
GDU,7810201,Quản trị khách sạn,7810201,2024,https://github.com/HTNam1710/ADS_Final/blob/main/Data/diem_chuan_2024_final.csv
DDM,7340101,Quản trị kinh doanh,7340101,2024,https://github.com/HTNam1710/ADS_Final/blob/main/Data/diem_chuan_2024_final.csv
DDM,7340201,Tài chính ngân hàng,7340201,2024,https://github.com/HTNam1710/ADS_Final/blob/main/Data/diem_chuan_2024_final.csv
DDM,7340301,Kế toán,7340301,2024,https://github.com/HTNam1710/ADS_Final/blob/main/Data/diem_chuan_2024_final.csv
DDM,7480201,Công nghệ thông tin,7480201,2024,https://github.com/HTNam1710/ADS_Final/blob/main/Data/diem_chuan_2024_final.csv
DDM,7510102,Công nghệ kỹ thuật công trình xây dựng,7510102,2024,https://github.com/HTNam1710/ADS_Final/blob/main/Data/diem_chuan_2024_final.csv
DDM,7510201,Công nghệ kỹ thuật cơ khí,7510201,2024,https://github.com/HTNam1710/ADS_Final/blob/main/Data/diem_chuan_2024_final.csv
DDM,7510301,"Công nghệ kỹ thuật điện, điện tử",7510301,2024,https://github.com/HTNam1710/ADS_Final/blob/main/Data/diem_chuan_2024_final.csv
DDM,7510303,Công nghệ kỹ thuật điều khiển và tự động hoá,7510303,2024,https://github.com/HTNam1710/ADS_Final/blob/main/Data/diem_chuan_2024_final.csv
DDM,7520601,Kỹ thuật mỏ,7520601,2024,https://github.com/HTNam1710/ADS_Final/blob/main/Data/diem_chuan_2024_final.csv
XDT,7340101,Quản trị kinh doanh,7340101,2024,https://github.com/HTNam1710/ADS_Final/blob/main/Data/diem_chuan_2024_final.csv
XDT,7340122,Thương mại điện tử,7340122,2024,https://github.com/HTNam1710/ADS_Final/blob/main/Data/diem_chuan_2024_final.csv
XDT,7340201,Tài chính - Ngân hàng,7340201,2024,https://github.com/HTNam1710/ADS_Final/blob/main/Data/diem_chuan_2024_final.csv
XDT,7340301,Kế toán,7340301,2024,https://github.com/HTNam1710/ADS_Final/blob/main/Data/diem_chuan_2024_final.csv
XDT,7480201,Công nghệ thông tin,7480201,2024,https://github.com/HTNam1710/ADS_Final/blob/main/Data/diem_chuan_2024_final.csv
XDT,7510205,Công nghệ kỹ thuật ô tô,7510205,2024,https://github.com/HTNam1710/ADS_Final/blob/main/Data/diem_chuan_2024_final.csv
XDT,7510605,Logistics và Quản lý chuỗi cung ứng,7510605,2024,https://github.com/HTNam1710/ADS_Final/blob/main/Data/diem_chuan_2024_final.csv
XDT,7520216,Kỹ thuật điều khiển và tự động hoá,7520216,2024,https://github.com/HTNam1710/ADS_Final/blob/main/Data/diem_chuan_2024_final.csv
XDT,7580101,Kiến trúc,7580101,2024,https://github.com/HTNam1710/ADS_Final/blob/main/Data/diem_chuan_2024_final.csv
XDT,7580103,Kiến trúc nội thất,7580103,2024,https://github.com/HTNam1710/ADS_Final/blob/main/Data/diem_chuan_2024_final.csv
XDT,7580201,Kỹ thuật xây dựng,7580201,2024,https://github.com/HTNam1710/ADS_Final/blob/main/Data/diem_chuan_2024_final.csv
XDT,7580205,Kỹ thuật xây dựng công trình giao thông,7580205,2024,https://github.com/HTNam1710/ADS_Final/blob/main/Data/diem_chuan_2024_final.csv
XDT,7580213,Kỹ thuật cấp thoát nước,7580213,2024,https://github.com/HTNam1710/ADS_Final/blob/main/Data/diem_chuan_2024_final.csv
XDT,7580301,Kinh tế xây dựng,7580301,2024,https://github.com/HTNam1710/ADS_Final/blob/main/Data/diem_chuan_2024_final.csv
XDT,7580302,Quản lý xây dựng,7580302,2024,https://github.com/HTNam1710/ADS_Final/blob/main/Data/diem_chuan_2024_final.csv
DSG,7210402,Thiết kế công nghiệp,7210402,2024,https://github.com/HTNam1710/ADS_Final/blob/main/Data/diem_chuan_2024_final.csv
DSG,7340101,Quản trị kinh doanh,7340101,2024,https://github.com/HTNam1710/ADS_Final/blob/main/Data/diem_chuan_2024_final.csv
DSG,7480201,Công nghệ thông tin,7480201,2024,https://github.com/HTNam1710/ADS_Final/blob/main/Data/diem_chuan_2024_final.csv
DSG,7510203,Công nghệ kỹ thuật cơ điện tử,7510203,2024,https://github.com/HTNam1710/ADS_Final/blob/main/Data/diem_chuan_2024_final.csv
DSG,7510301,Công nghệ kỹ thuật điện - điện tử,7510301,2024,https://github.com/HTNam1710/ADS_Final/blob/main/Data/diem_chuan_2024_final.csv
DSG,7510302,CNKT Điện tử viễn thông,7510302,2024,https://github.com/HTNam1710/ADS_Final/blob/main/Data/diem_chuan_2024_final.csv
DSG,7540101,Công nghệ thực phẩm,7540101,2024,https://github.com/HTNam1710/ADS_Final/blob/main/Data/diem_chuan_2024_final.csv
DSG,7580201,Kỹ thuật Xây dựng,7580201,2024,https://github.com/HTNam1710/ADS_Final/blob/main/Data/diem_chuan_2024_final.csv
XDN,7340101-DN,Quản trị kinh doanh,7340101,2024,https://github.com/HTNam1710/ADS_Final/blob/main/Data/diem_chuan_2024_final.csv
XDN,7340122-DN,Thương mại điện tử,7340122,2024,https://github.com/HTNam1710/ADS_Final/blob/main/Data/diem_chuan_2024_final.csv
XDN,7340201,Tài chính - Ngân hàng,7340201,2024,https://github.com/HTNam1710/ADS_Final/blob/main/Data/diem_chuan_2024_final.csv
XDN,7480201-DN,Công nghệ thông tin,7480201,2024,https://github.com/HTNam1710/ADS_Final/blob/main/Data/diem_chuan_2024_final.csv
XDN,7510205-DN,Công nghệ kỹ thuật ô tô,7510205,2024,https://github.com/HTNam1710/ADS_Final/blob/main/Data/diem_chuan_2024_final.csv
XDN,7510605-DN,Logistics và Quản lý chuỗi cung ứng,7510605,2024,https://github.com/HTNam1710/ADS_Final/blob/main/Data/diem_chuan_2024_final.csv
XDN,7520216,Kỹ thuật điều khiển và tự động hoá,7520216,2024,https://github.com/HTNam1710/ADS_Final/blob/main/Data/diem_chuan_2024_final.csv
XDN,7580101-DN,Kiến trúc,7580101,2024,https://github.com/HTNam1710/ADS_Final/blob/main/Data/diem_chuan_2024_final.csv
XDN,7580103,Kiến trúc nội thất,7580103,2024,https://github.com/HTNam1710/ADS_Final/blob/main/Data/diem_chuan_2024_final.csv
XDN,7580201-DN,Kỹ thuật xây dựng,7580201,2024,https://github.com/HTNam1710/ADS_Final/blob/main/Data/diem_chuan_2024_final.csv
XDN,7580205-DN,Kỹ thuật xây dựng công trình giao thông,7580205,2024,https://github.com/HTNam1710/ADS_Final/blob/main/Data/diem_chuan_2024_final.csv
XDN,7580213-DN,Kỹ thuật Cấp thoát nước,7580213,2024,https://github.com/HTNam1710/ADS_Final/blob/main/Data/diem_chuan_2024_final.csv
XDN,7580302-DN,Quản lý xây dựng,7580302,2024,https://github.com/HTNam1710/ADS_Final/blob/main/Data/diem_chuan_2024_final.csv
DBG,7220201,Ngôn ngữ Anh,7220201,2024,https://github.com/HTNam1710/ADS_Final/blob/main/Data/diem_chuan_2024_final.csv
DBG,7220204,Ngôn ngữ Trung Quốc,7220204,2024,https://github.com/HTNam1710/ADS_Final/blob/main/Data/diem_chuan_2024_final.csv
DBG,7310101,Kinh tế,7310101,2024,https://github.com/HTNam1710/ADS_Final/blob/main/Data/diem_chuan_2024_final.csv
DBG,7340122,Thương mại điện tử,7340122,2024,https://github.com/HTNam1710/ADS_Final/blob/main/Data/diem_chuan_2024_final.csv
DBG,7340301,Kế toán,7340301,2024,https://github.com/HTNam1710/ADS_Final/blob/main/Data/diem_chuan_2024_final.csv
DBG,7480201,Công nghệ thông tin,7480201,2024,https://github.com/HTNam1710/ADS_Final/blob/main/Data/diem_chuan_2024_final.csv
DBG,7510205,Công nghệ kỹ thuật ô tô,7510205,2024,https://github.com/HTNam1710/ADS_Final/blob/main/Data/diem_chuan_2024_final.csv
DBG,7540101,Công nghệ thực phẩm,7540101,2024,https://github.com/HTNam1710/ADS_Final/blob/main/Data/diem_chuan_2024_final.csv
DBG,7620101,Nông nghiệp,7620101,2024,https://github.com/HTNam1710/ADS_Final/blob/main/Data/diem_chuan_2024_final.csv
DBG,7620105,Chăn nuôi,7620105,2024,https://github.com/HTNam1710/ADS_Final/blob/main/Data/diem_chuan_2024_final.csv
DBG,7620110,Khoa học cây trồng,7620110,2024,https://github.com/HTNam1710/ADS_Final/blob/main/Data/diem_chuan_2024_final.csv
DBG,7620112,Bảo vệ thực vật,7620112,2024,https://github.com/HTNam1710/ADS_Final/blob/main/Data/diem_chuan_2024_final.csv
DBG,7620211,Quản lý tài nguyên rừng,7620211,2024,https://github.com/HTNam1710/ADS_Final/blob/main/Data/diem_chuan_2024_final.csv
DBG,7640101,Thú y,7640101,2024,https://github.com/HTNam1710/ADS_Final/blob/main/Data/diem_chuan_2024_final.csv
DBG,7810103,Quản trị dịch vụ du lịch và lữ hành,7810103,2024,https://github.com/HTNam1710/ADS_Final/blob/main/Data/diem_chuan_2024_final.csv
DBG,7850101,Quản lý tài nguyên và môi trường,7850101,2024,https://github.com/HTNam1710/ADS_Final/blob/main/Data/diem_chuan_2024_final.csv
DBG,7850103,Quản lý đất đai,7850103,2024,https://github.com/HTNam1710/ADS_Final/blob/main/Data/diem_chuan_2024_final.csv
TTB,7140201,Giáo dục Mầm non,7140201,2024,https://github.com/HTNam1710/ADS_Final/blob/main/Data/diem_chuan_2024_final.csv
TTB,7140202,Giáo dục Tiểu học,7140202,2024,https://github.com/HTNam1710/ADS_Final/blob/main/Data/diem_chuan_2024_final.csv
TTB,7140205,Giáo dục Chính trị,7140205,2024,https://github.com/HTNam1710/ADS_Final/blob/main/Data/diem_chuan_2024_final.csv
TTB,7140206,Giáo dục Thể chất,7140206,2024,https://github.com/HTNam1710/ADS_Final/blob/main/Data/diem_chuan_2024_final.csv
TTB,7140209,Sư phạm Toán học,7140209,2024,https://github.com/HTNam1710/ADS_Final/blob/main/Data/diem_chuan_2024_final.csv
TTB,7140210,Sư phạm Tin học,7140210,2024,https://github.com/HTNam1710/ADS_Final/blob/main/Data/diem_chuan_2024_final.csv
TTB,7140211,Sư phạm Vật lí,7140211,2024,https://github.com/HTNam1710/ADS_Final/blob/main/Data/diem_chuan_2024_final.csv
TTB,7140212,Sư phạm Hóa học,7140212,2024,https://github.com/HTNam1710/ADS_Final/blob/main/Data/diem_chuan_2024_final.csv
TTB,7140213,Sư phạm Sinh học,7140213,2024,https://github.com/HTNam1710/ADS_Final/blob/main/Data/diem_chuan_2024_final.csv
TTB,7140217,Sư phạm Ngữ văn,7140217,2024,https://github.com/HTNam1710/ADS_Final/blob/main/Data/diem_chuan_2024_final.csv
TTB,7140218,Sư phạm Lịch sử,7140218,2024,https://github.com/HTNam1710/ADS_Final/blob/main/Data/diem_chuan_2024_final.csv
TTB,7140219,Sư phạm Địa lí,7140219,2024,https://github.com/HTNam1710/ADS_Final/blob/main/Data/diem_chuan_2024_final.csv
TTB,7140231,Sư phạm Tiếng Anh,7140231,2024,https://github.com/HTNam1710/ADS_Final/blob/main/Data/diem_chuan_2024_final.csv
TTB,7340101,Quản trị kinh doanh,7340101,2024,https://github.com/HTNam1710/ADS_Final/blob/main/Data/diem_chuan_2024_final.csv
TTB,7340201,Tài chính - Ngân hàng,7340201,2024,https://github.com/HTNam1710/ADS_Final/blob/main/Data/diem_chuan_2024_final.csv
TTB,7340301,Kế toán,7340301,2024,https://github.com/HTNam1710/ADS_Final/blob/main/Data/diem_chuan_2024_final.csv
TTB,7480201,Công nghệ thông tin,7480201,2024,https://github.com/HTNam1710/ADS_Final/blob/main/Data/diem_chuan_2024_final.csv
TTB,7620105,Chăn nuôi,7620105,2024,https://github.com/HTNam1710/ADS_Final/blob/main/Data/diem_chuan_2024_final.csv
TTB,7620109,Nông học,7620109,2024,https://github.com/HTNam1710/ADS_Final/blob/main/Data/diem_chuan_2024_final.csv
TTB,7620112,Bảo vệ thực vật,7620112,2024,https://github.com/HTNam1710/ADS_Final/blob/main/Data/diem_chuan_2024_final.csv
TTB,7620205,Lâm sinh,7620205,2024,https://github.com/HTNam1710/ADS_Final/blob/main/Data/diem_chuan_2024_final.csv
TTB,7620211,Quản lý tài nguyên rừng,7620211,2024,https://github.com/HTNam1710/ADS_Final/blob/main/Data/diem_chuan_2024_final.csv
TTB,7720401,Dinh dưỡng,7720401,2024,https://github.com/HTNam1710/ADS_Final/blob/main/Data/diem_chuan_2024_final.csv
TTB,7810103,Quản trị dịch vụ du lịch và lữ hành,7810103,2024,https://github.com/HTNam1710/ADS_Final/blob/main/Data/diem_chuan_2024_final.csv
TTB,7850101,Quản lý tài nguyên và môi trường,7850101,2024,https://github.com/HTNam1710/ADS_Final/blob/main/Data/diem_chuan_2024_final.csv
TDL,7140202,Giáo dục tiểu học,7140202,2024,https://github.com/HTNam1710/ADS_Final/blob/main/Data/diem_chuan_2024_final.csv
TDL,7140209,Sư phạm Toán học,7140209,2024,https://github.com/HTNam1710/ADS_Final/blob/main/Data/diem_chuan_2024_final.csv
TDL,7140210,Sư phạm Tin học,7140210,2024,https://github.com/HTNam1710/ADS_Final/blob/main/Data/diem_chuan_2024_final.csv
TDL,7140211,Sư phạm Vật lý,7140211,2024,https://github.com/HTNam1710/ADS_Final/blob/main/Data/diem_chuan_2024_final.csv
TDL,7140212,Sư phạm Hóa học,7140212,2024,https://github.com/HTNam1710/ADS_Final/blob/main/Data/diem_chuan_2024_final.csv
TDL,7140213,Sư phạm Sinh học,7140213,2024,https://github.com/HTNam1710/ADS_Final/blob/main/Data/diem_chuan_2024_final.csv
TDL,7140217,Sư phạm Ngữ văn,7140217,2024,https://github.com/HTNam1710/ADS_Final/blob/main/Data/diem_chuan_2024_final.csv
TDL,7140218,Sư phạm Lịch sử,7140218,2024,https://github.com/HTNam1710/ADS_Final/blob/main/Data/diem_chuan_2024_final.csv
TDL,7140231,Sư phạm Tiếng Anh,7140231,2024,https://github.com/HTNam1710/ADS_Final/blob/main/Data/diem_chuan_2024_final.csv
TDL,7220201,Ngôn ngữ Anh,7220201,2024,https://github.com/HTNam1710/ADS_Final/blob/main/Data/diem_chuan_2024_final.csv
TDL,7229010,Lịch sử,7229010,2024,https://github.com/HTNam1710/ADS_Final/blob/main/Data/diem_chuan_2024_final.csv
TDL,7229030,Văn học (Ngữ văn tổng hợp; Ngữ văn báo chí),7229030,2024,https://github.com/HTNam1710/ADS_Final/blob/main/Data/diem_chuan_2024_final.csv
TDL,7310301,Xã hội học,7310301,2024,https://github.com/HTNam1710/ADS_Final/blob/main/Data/diem_chuan_2024_final.csv
TDL,7310601,Quốc tế học,7310601,2024,https://github.com/HTNam1710/ADS_Final/blob/main/Data/diem_chuan_2024_final.csv
TDL,7310608,Đông phương học (Hàn Quốc học; Nhật Bản học),7310608,2024,https://github.com/HTNam1710/ADS_Final/blob/main/Data/diem_chuan_2024_final.csv
TDL,7310612,Trung Quốc học,7310612,2024,https://github.com/HTNam1710/ADS_Final/blob/main/Data/diem_chuan_2024_final.csv
TDL,7310630,Việt Nam học,7310630,2024,https://github.com/HTNam1710/ADS_Final/blob/main/Data/diem_chuan_2024_final.csv
TDL,7340101,Quản trị Kinh doanh,7340101,2024,https://github.com/HTNam1710/ADS_Final/blob/main/Data/diem_chuan_2024_final.csv
TDL,7340201,Tài chính - Ngân hàng,7340201,2024,https://github.com/HTNam1710/ADS_Final/blob/main/Data/diem_chuan_2024_final.csv
TDL,7340301,Kế toán,7340301,2024,https://github.com/HTNam1710/ADS_Final/blob/main/Data/diem_chuan_2024_final.csv
TDL,7380101,Luật,7380101,2024,https://github.com/HTNam1710/ADS_Final/blob/main/Data/diem_chuan_2024_final.csv
TDL,7380104,Luật hình sự và tố tụng hình sự,7380104,2024,https://github.com/HTNam1710/ADS_Final/blob/main/Data/diem_chuan_2024_final.csv
TDL,7420101,Sinh học,7420101,2024,https://github.com/HTNam1710/ADS_Final/blob/main/Data/diem_chuan_2024_final.csv
TDL,7420201,Công nghệ Sinh học,7420201,2024,https://github.com/HTNam1710/ADS_Final/blob/main/Data/diem_chuan_2024_final.csv
TDL,7440102,Vật lý học,7440102,2024,https://github.com/HTNam1710/ADS_Final/blob/main/Data/diem_chuan_2024_final.csv
TDL,7440112,Hóa học,7440112,2024,https://github.com/HTNam1710/ADS_Final/blob/main/Data/diem_chuan_2024_final.csv
TDL,7460101,Toán học (Toán - Tin học),7460101,2024,https://github.com/HTNam1710/ADS_Final/blob/main/Data/diem_chuan_2024_final.csv
TDL,7460108,Khoa học dữ liệu,7460108,2024,https://github.com/HTNam1710/ADS_Final/blob/main/Data/diem_chuan_2024_final.csv
TDL,7480201,Công nghệ Thông tin,7480201,2024,https://github.com/HTNam1710/ADS_Final/blob/main/Data/diem_chuan_2024_final.csv
TDL,7510302,Công nghệ Kỹ thuật Điện tử - Viễn thông,7510302,2024,https://github.com/HTNam1710/ADS_Final/blob/main/Data/diem_chuan_2024_final.csv
TDL,7510303,Công nghệ kỹ thuật điều khiển và tự động hóa,7510303,2024,https://github.com/HTNam1710/ADS_Final/blob/main/Data/diem_chuan_2024_final.csv
TDL,7510406,Công nghệ kỹ thuật môi trường,7510406,2024,https://github.com/HTNam1710/ADS_Final/blob/main/Data/diem_chuan_2024_final.csv
TDL,7520402,Kỳ thuật hạt nhân,7520402,2024,https://github.com/HTNam1710/ADS_Final/blob/main/Data/diem_chuan_2024_final.csv
TDL,7540101,Công nghệ thực phẩm,7540101,2024,https://github.com/HTNam1710/ADS_Final/blob/main/Data/diem_chuan_2024_final.csv
TDL,7540104,Công nghệ Sau thu hoạch,7540104,2024,https://github.com/HTNam1710/ADS_Final/blob/main/Data/diem_chuan_2024_final.csv
TDL,7620109,Nông học,7620109,2024,https://github.com/HTNam1710/ADS_Final/blob/main/Data/diem_chuan_2024_final.csv
TDL,7720203,Hóa dược,7720203,2024,https://github.com/HTNam1710/ADS_Final/blob/main/Data/diem_chuan_2024_final.csv
TDL,7760101,Công tác xã hội,7760101,2024,https://github.com/HTNam1710/ADS_Final/blob/main/Data/diem_chuan_2024_final.csv
TDL,7810103,Quản trị dịch vụ du lịch và lữ hành,7810103,2024,https://github.com/HTNam1710/ADS_Final/blob/main/Data/diem_chuan_2024_final.csv
TDL,7810106,Văn hóa Du lịch,7810106,2024,https://github.com/HTNam1710/ADS_Final/blob/main/Data/diem_chuan_2024_final.csv
DTP,51140201,Giáo dục Mầm non,,2024,https://github.com/HTNam1710/ADS_Final/blob/main/Data/diem_chuan_2024_final.csv
DTP,7140201,Giáo dục Mầm non,7140201,2024,https://github.com/HTNam1710/ADS_Final/blob/main/Data/diem_chuan_2024_final.csv
DTP,7140202,Giáo dục Tiểu học (chương trình đại trà),7140202,2024,https://github.com/HTNam1710/ADS_Final/blob/main/Data/diem_chuan_2024_final.csv
DTP,7140202TA,Giáo dục Tiểu học (chương trình tiếng Anh),7140202,2024,https://github.com/HTNam1710/ADS_Final/blob/main/Data/diem_chuan_2024_final.csv
DTP,7220204,Ngôn ngữ Trung Quốc,7220204,2024,https://github.com/HTNam1710/ADS_Final/blob/main/Data/diem_chuan_2024_final.csv
DTP,7310101,Kinh tế,7310101,2024,https://github.com/HTNam1710/ADS_Final/blob/main/Data/diem_chuan_2024_final.csv
DTP,7620105,Chăn nuôi,7620105,2024,https://github.com/HTNam1710/ADS_Final/blob/main/Data/diem_chuan_2024_final.csv
DTP,7620110,Khoa học cây trồng,7620110,2024,https://github.com/HTNam1710/ADS_Final/blob/main/Data/diem_chuan_2024_final.csv
DTP,7810103,Quản trị dịch vụ du lịch và lữ hành,7810103,2024,https://github.com/HTNam1710/ADS_Final/blob/main/Data/diem_chuan_2024_final.csv
DTP,7850101,Quản lý tài nguyên và môi trường,7850101,2024,https://github.com/HTNam1710/ADS_Final/blob/main/Data/diem_chuan_2024_final.csv
TQU,51140201,Giáo dục Mầm non (Trình độ Cao Đẳng),,2024,https://github.com/HTNam1710/ADS_Final/blob/main/Data/diem_chuan_2024_final.csv
TQU,7140201,Giáo dục Mầm non,7140201,2024,https://github.com/HTNam1710/ADS_Final/blob/main/Data/diem_chuan_2024_final.csv
TQU,7140202,Giáo dục Tiểu học,7140202,2024,https://github.com/HTNam1710/ADS_Final/blob/main/Data/diem_chuan_2024_final.csv
TQU,7140209,Sư phạm Toán học,7140209,2024,https://github.com/HTNam1710/ADS_Final/blob/main/Data/diem_chuan_2024_final.csv
TQU,7140217,Sư phạm Ngữ văn,7140217,2024,https://github.com/HTNam1710/ADS_Final/blob/main/Data/diem_chuan_2024_final.csv
TQU,7140247,Sư phạm Khoa học Tự nhiên,7140247,2024,https://github.com/HTNam1710/ADS_Final/blob/main/Data/diem_chuan_2024_final.csv
TQU,7229042,Quản lý Văn hóa,7229042,2024,https://github.com/HTNam1710/ADS_Final/blob/main/Data/diem_chuan_2024_final.csv
TQU,7340301,Kế toán,7340301,2024,https://github.com/HTNam1710/ADS_Final/blob/main/Data/diem_chuan_2024_final.csv
TQU,7480201,Công nghệ thông tin,7480201,2024,https://github.com/HTNam1710/ADS_Final/blob/main/Data/diem_chuan_2024_final.csv
TQU,7720201,Dược học,7720201,2024,https://github.com/HTNam1710/ADS_Final/blob/main/Data/diem_chuan_2024_final.csv
TQU,7720301,Điều duỡng,7720301,2024,https://github.com/HTNam1710/ADS_Final/blob/main/Data/diem_chuan_2024_final.csv
TQU,7760101,Công tác xã hội,7760101,2024,https://github.com/HTNam1710/ADS_Final/blob/main/Data/diem_chuan_2024_final.csv
TQU,7810103,Quản trị Dịch vụ Du lịch và Lữ hành,7810103,2024,https://github.com/HTNam1710/ADS_Final/blob/main/Data/diem_chuan_2024_final.csv
TKG,7140201,Giáo dục tiểu học,7140201,2024,https://github.com/HTNam1710/ADS_Final/blob/main/Data/diem_chuan_2024_final.csv
TKG,7140201,Giáo dục mầm non,7140201,2024,https://github.com/HTNam1710/ADS_Final/blob/main/Data/diem_chuan_2024_final.csv
TKG,7140209,Sư phạm Toán học,7140209,2024,https://github.com/HTNam1710/ADS_Final/blob/main/Data/diem_chuan_2024_final.csv
TKG,7220101,Tiếng Việt và văn hóa Việt Nam,7220101,2024,https://github.com/HTNam1710/ADS_Final/blob/main/Data/diem_chuan_2024_final.csv
TKG,7220201,Ngôn ngữ Anh,7220201,2024,https://github.com/HTNam1710/ADS_Final/blob/main/Data/diem_chuan_2024_final.csv
TKG,7320104,Truyền thông đa phương tiện,7320104,2024,https://github.com/HTNam1710/ADS_Final/blob/main/Data/diem_chuan_2024_final.csv
TKG,7340101,Quản trị kinh doanh,7340101,2024,https://github.com/HTNam1710/ADS_Final/blob/main/Data/diem_chuan_2024_final.csv
TKG,7340120,Kinh doanh quốc tế,7340120,2024,https://github.com/HTNam1710/ADS_Final/blob/main/Data/diem_chuan_2024_final.csv
TKG,7340122,Thương mại điện tử,7340122,2024,https://github.com/HTNam1710/ADS_Final/blob/main/Data/diem_chuan_2024_final.csv
TKG,7340201,Tài chính ngân hàng,7340201,2024,https://github.com/HTNam1710/ADS_Final/blob/main/Data/diem_chuan_2024_final.csv
TKG,7340301,Kế toán,7340301,2024,https://github.com/HTNam1710/ADS_Final/blob/main/Data/diem_chuan_2024_final.csv
TKG,7380101,Luật,7380101,2024,https://github.com/HTNam1710/ADS_Final/blob/main/Data/diem_chuan_2024_final.csv
TKG,7420201,Công nghệ sinh học,7420201,2024,https://github.com/HTNam1710/ADS_Final/blob/main/Data/diem_chuan_2024_final.csv
TKG,7480201,Công nghệ thông tin,7480201,2024,https://github.com/HTNam1710/ADS_Final/blob/main/Data/diem_chuan_2024_final.csv
TKG,7510103,Công nghệ kỹ thuật xây dựng,7510103,2024,https://github.com/HTNam1710/ADS_Final/blob/main/Data/diem_chuan_2024_final.csv
TKG,7510205,Công nghệ kỹ thuật ô tô,7510205,2024,https://github.com/HTNam1710/ADS_Final/blob/main/Data/diem_chuan_2024_final.csv
TKG,7510406,Công nghệ kỹ thuật môi trường,7510406,2024,https://github.com/HTNam1710/ADS_Final/blob/main/Data/diem_chuan_2024_final.csv
TKG,7520216,Kỹ thuật điều khiển và tự động hóa,7520216,2024,https://github.com/HTNam1710/ADS_Final/blob/main/Data/diem_chuan_2024_final.csv
TKG,7540101,Công nghệ thực phẩm,7540101,2024,https://github.com/HTNam1710/ADS_Final/blob/main/Data/diem_chuan_2024_final.csv
TKG,7620105,Chăn nuôi,7620105,2024,https://github.com/HTNam1710/ADS_Final/blob/main/Data/diem_chuan_2024_final.csv
TKG,7620110,Khoa học cây trồng,7620110,2024,https://github.com/HTNam1710/ADS_Final/blob/main/Data/diem_chuan_2024_final.csv
TKG,7620114,Kinh doanh nông nghiệp,7620114,2024,https://github.com/HTNam1710/ADS_Final/blob/main/Data/diem_chuan_2024_final.csv
TKG,7620301,Nuôi trồng thủy sản,7620301,2024,https://github.com/HTNam1710/ADS_Final/blob/main/Data/diem_chuan_2024_final.csv
TKG,7810101,Du lịch,7810101,2024,https://github.com/HTNam1710/ADS_Final/blob/main/Data/diem_chuan_2024_final.csv
TKG,7850101,Quản lý tài nguyên môi trường,7850101,2024,https://github.com/HTNam1710/ADS_Final/blob/main/Data/diem_chuan_2024_final.csv
DVD,7140201,Giáo dục Mầm non,7140201,2024,https://github.com/HTNam1710/ADS_Final/blob/main/Data/diem_chuan_2024_final.csv
DVD,7140202,Giáo dục Tiểu học,7140202,2024,https://github.com/HTNam1710/ADS_Final/blob/main/Data/diem_chuan_2024_final.csv
DVD,7140206,Giáo dục Thể chất,7140206,2024,https://github.com/HTNam1710/ADS_Final/blob/main/Data/diem_chuan_2024_final.csv
DVD,7140210,Sư phạm Tin học,7140210,2024,https://github.com/HTNam1710/ADS_Final/blob/main/Data/diem_chuan_2024_final.csv
DVD,7210104,Đồ họa,7210104,2024,https://github.com/HTNam1710/ADS_Final/blob/main/Data/diem_chuan_2024_final.csv
DVD,7210205,Thanh nhạc,7210205,2024,https://github.com/HTNam1710/ADS_Final/blob/main/Data/diem_chuan_2024_final.csv
DVD,7210404,Thiết kế thời trang,7210404,2024,https://github.com/HTNam1710/ADS_Final/blob/main/Data/diem_chuan_2024_final.csv
DVD,7220201,Ngôn ngữ Anh,7220201,2024,https://github.com/HTNam1710/ADS_Final/blob/main/Data/diem_chuan_2024_final.csv
DVD,7229042,Quản lý văn hóa,7229042,2024,https://github.com/HTNam1710/ADS_Final/blob/main/Data/diem_chuan_2024_final.csv
DVD,7310205,Quản lý Nhà nước,7310205,2024,https://github.com/HTNam1710/ADS_Final/blob/main/Data/diem_chuan_2024_final.csv
DVD,7320106,Công nghệ truyền thông,7320106,2024,https://github.com/HTNam1710/ADS_Final/blob/main/Data/diem_chuan_2024_final.csv
DVD,7320201,Thông tin - Thư viện,7320201,2024,https://github.com/HTNam1710/ADS_Final/blob/main/Data/diem_chuan_2024_final.csv
DVD,7320201A,Chuyên ngành: Thư viện - Thiết bị trường học,7320201,2024,https://github.com/HTNam1710/ADS_Final/blob/main/Data/diem_chuan_2024_final.csv
DVD,7320201B,Chuyên ngành: Văn thư - Lưu trữ,7320201,2024,https://github.com/HTNam1710/ADS_Final/blob/main/Data/diem_chuan_2024_final.csv
DVD,7380101,Luật,7380101,2024,https://github.com/HTNam1710/ADS_Final/blob/main/Data/diem_chuan_2024_final.csv
DVD,7760101,Công tác Xã hội,7760101,2024,https://github.com/HTNam1710/ADS_Final/blob/main/Data/diem_chuan_2024_final.csv
DVD,7810101,Du lịch,7810101,2024,https://github.com/HTNam1710/ADS_Final/blob/main/Data/diem_chuan_2024_final.csv
DVD,7810103,Quản trị dịch vụ du lịch và lữ hành,7810103,2024,https://github.com/HTNam1710/ADS_Final/blob/main/Data/diem_chuan_2024_final.csv
DVD,7810201,Quản trị khách sạn,7810201,2024,https://github.com/HTNam1710/ADS_Final/blob/main/Data/diem_chuan_2024_final.csv
DVD,7810301,Quản lý Thể dục thể thao,7810301,2024,https://github.com/HTNam1710/ADS_Final/blob/main/Data/diem_chuan_2024_final.csv
DVD,7810302,Huấn luyện thể thao,7810302,2024,https://github.com/HTNam1710/ADS_Final/blob/main/Data/diem_chuan_2024_final.csv
DTG,51140201,SP Giáo dục Mầm non,,2024,https://github.com/HTNam1710/ADS_Final/blob/main/Data/diem_chuan_2024_final.csv
DTG,7140201,SP Giáo dục Mầm non,7140201,2024,https://github.com/HTNam1710/ADS_Final/blob/main/Data/diem_chuan_2024_final.csv
DTG,7140202,SP Giáo dục Tiểu học,7140202,2024,https://github.com/HTNam1710/ADS_Final/blob/main/Data/diem_chuan_2024_final.csv
DTG,7140227,SP tiếng H'mong,7140227,2024,https://github.com/HTNam1710/ADS_Final/blob/main/Data/diem_chuan_2024_final.csv
DTG,7220204,Ngôn ngữ Trung Quốc,7220204,2024,https://github.com/HTNam1710/ADS_Final/blob/main/Data/diem_chuan_2024_final.csv
DNB,7140201,Giáo dục Mầm non,7140201,2024,https://github.com/HTNam1710/ADS_Final/blob/main/Data/diem_chuan_2024_final.csv
DNB,7140202,Giáo dục Tiểu học,7140202,2024,https://github.com/HTNam1710/ADS_Final/blob/main/Data/diem_chuan_2024_final.csv
DNB,7140209,Sư phạm Toán học,7140209,2024,https://github.com/HTNam1710/ADS_Final/blob/main/Data/diem_chuan_2024_final.csv
DNB,7340101,Quản trị kinh doanh,7340101,2024,https://github.com/HTNam1710/ADS_Final/blob/main/Data/diem_chuan_2024_final.csv
DNB,7340301,Kế toán,7340301,2024,https://github.com/HTNam1710/ADS_Final/blob/main/Data/diem_chuan_2024_final.csv
DNB,7480201,Công nghệ thông tin,7480201,2024,https://github.com/HTNam1710/ADS_Final/blob/main/Data/diem_chuan_2024_final.csv
DNB,7810101,Du lịch,7810101,2024,https://github.com/HTNam1710/ADS_Final/blob/main/Data/diem_chuan_2024_final.csv
LBS,7860210,Thí sinh Nam Quân khu 4 (Quảng Trị và TT-Huế),7860210,2024,https://github.com/HTNam1710/ADS_Final/blob/main/Data/diem_chuan_2024_final.csv
HVA,7210201,Âm nhạc học,7210201,2024,https://github.com/HTNam1710/ADS_Final/blob/main/Data/diem_chuan_2024_final.csv
HVA,7210203,Sáng tác âm nhạc,7210203,2024,https://github.com/HTNam1710/ADS_Final/blob/main/Data/diem_chuan_2024_final.csv
HVA,7210205,Thanh nhạc,7210205,2024,https://github.com/HTNam1710/ADS_Final/blob/main/Data/diem_chuan_2024_final.csv
HVA,7210207,Biểu diễn nhạc cụ phương tây,7210207,2024,https://github.com/HTNam1710/ADS_Final/blob/main/Data/diem_chuan_2024_final.csv
HVA,7210210,Biểu diễn nhạc cụ truyền thống,7210210,2024,https://github.com/HTNam1710/ADS_Final/blob/main/Data/diem_chuan_2024_final.csv
NVH,7210201,Âm nhạc học,7210201,2024,https://github.com/HTNam1710/ADS_Final/blob/main/Data/diem_chuan_2024_final.csv
NVH,7210203,Sáng tác âm nhạc,7210203,2024,https://github.com/HTNam1710/ADS_Final/blob/main/Data/diem_chuan_2024_final.csv
NVH,7210204,Chỉ huy âm nhạc,7210204,2024,https://github.com/HTNam1710/ADS_Final/blob/main/Data/diem_chuan_2024_final.csv
NVH,7210205,Thanh nhạc,7210205,2024,https://github.com/HTNam1710/ADS_Final/blob/main/Data/diem_chuan_2024_final.csv
NVH,7210207,Biểu diễn nhạc cụ phương tây,7210207,2024,https://github.com/HTNam1710/ADS_Final/blob/main/Data/diem_chuan_2024_final.csv
NVH,7210208,Piano,7210208,2024,https://github.com/HTNam1710/ADS_Final/blob/main/Data/diem_chuan_2024_final.csv
NVH,7210209,Nhạc Jazz,7210209,2024,https://github.com/HTNam1710/ADS_Final/blob/main/Data/diem_chuan_2024_final.csv
NVH,7210210,Biểu diễn nhạc cụ truyền thống,7210210,2024,https://github.com/HTNam1710/ADS_Final/blob/main/Data/diem_chuan_2024_final.csv
NVS,7210201,Âm nhạc học,7210201,2024,https://github.com/HTNam1710/ADS_Final/blob/main/Data/diem_chuan_2024_final.csv
NVS,7210203,Sáng tác âm nhạc,7210203,2024,https://github.com/HTNam1710/ADS_Final/blob/main/Data/diem_chuan_2024_final.csv
NVS,7210204,Chỉ huy âm nhạc,7210204,2024,https://github.com/HTNam1710/ADS_Final/blob/main/Data/diem_chuan_2024_final.csv
NVS,7210205,Thanh nhạc,7210205,2024,https://github.com/HTNam1710/ADS_Final/blob/main/Data/diem_chuan_2024_final.csv
NVS,7210207,Biểu diễn nhạc cụ phương tây,7210207,2024,https://github.com/HTNam1710/ADS_Final/blob/main/Data/diem_chuan_2024_final.csv
NVS,7210208,Piano,7210208,2024,https://github.com/HTNam1710/ADS_Final/blob/main/Data/diem_chuan_2024_final.csv
NVS,7210210,Biểu diễn nhạc cụ truyền thống,7210210,2024,https://github.com/HTNam1710/ADS_Final/blob/main/Data/diem_chuan_2024_final.csv
DVX,7220201,Ngôn ngữ Anh,7220201,2024,https://github.com/HTNam1710/ADS_Final/blob/main/Data/diem_chuan_2024_final.csv
DVX,7340101,Quản trị kinh doanh,7340101,2024,https://github.com/HTNam1710/ADS_Final/blob/main/Data/diem_chuan_2024_final.csv
DVX,7340201,Tài chính ngân hàng,7340201,2024,https://github.com/HTNam1710/ADS_Final/blob/main/Data/diem_chuan_2024_final.csv
DVX,7340301,Kế toán,7340301,2024,https://github.com/HTNam1710/ADS_Final/blob/main/Data/diem_chuan_2024_final.csv
DVX,7420201,Công nghệ sinh học,7420201,2024,https://github.com/HTNam1710/ADS_Final/blob/main/Data/diem_chuan_2024_final.csv
DVX,7480201,Công nghệ thông tin,7480201,2024,https://github.com/HTNam1710/ADS_Final/blob/main/Data/diem_chuan_2024_final.csv
DVX,7580201,Kỹ thuật xây dựng,7580201,2024,https://github.com/HTNam1710/ADS_Final/blob/main/Data/diem_chuan_2024_final.csv
DVX,7810201,Quản trị khách sạn,7810201,2024,https://github.com/HTNam1710/ADS_Final/blob/main/Data/diem_chuan_2024_final.csv
DHH,7220201,Ngôn Ngữ Anh,7220201,2024,https://github.com/HTNam1710/ADS_Final/blob/main/Data/diem_chuan_2024_final.csv
DHH,7340101,Quản trị kinh doanh,7340101,2024,https://github.com/HTNam1710/ADS_Final/blob/main/Data/diem_chuan_2024_final.csv
DHH,7340201,Tài Chính ngân hàng,7340201,2024,https://github.com/HTNam1710/ADS_Final/blob/main/Data/diem_chuan_2024_final.csv
DHH,7340301,Kế toán,7340301,2024,https://github.com/HTNam1710/ADS_Final/blob/main/Data/diem_chuan_2024_final.csv
DHH,7480104,Công nghệ thông tin,7480104,2024,https://github.com/HTNam1710/ADS_Final/blob/main/Data/diem_chuan_2024_final.csv
DHH,7510103,Công nghệ kỹ thuật xây dựng,7510103,2024,https://github.com/HTNam1710/ADS_Final/blob/main/Data/diem_chuan_2024_final.csv
DHH,7510202,Công nghệ chế tạo máy,7510202,2024,https://github.com/HTNam1710/ADS_Final/blob/main/Data/diem_chuan_2024_final.csv
DHH,7510301,"Công nghệ kỹ thuật điện, điện tử",7510301,2024,https://github.com/HTNam1710/ADS_Final/blob/main/Data/diem_chuan_2024_final.csv
DHH,7510303,Công nghệ kt điều khiển và tự động hóa,7510303,2024,https://github.com/HTNam1710/ADS_Final/blob/main/Data/diem_chuan_2024_final.csv
DHH,C220201,Ngôn Ngữ Anh,,2024,https://github.com/HTNam1710/ADS_Final/blob/main/Data/diem_chuan_2024_final.csv
DHH,C340101,Quản trị kinh doanh,,2024,https://github.com/HTNam1710/ADS_Final/blob/main/Data/diem_chuan_2024_final.csv
DHH,C340201,Tài Chính ngân hàng,,2024,https://github.com/HTNam1710/ADS_Final/blob/main/Data/diem_chuan_2024_final.csv
DHH,C340301,Kế toán,,2024,https://github.com/HTNam1710/ADS_Final/blob/main/Data/diem_chuan_2024_final.csv
DHH,C480202,Tin học ứng dụng,,2024,https://github.com/HTNam1710/ADS_Final/blob/main/Data/diem_chuan_2024_final.csv
DHH,C510103,Công nghệ kỹ thuật xây dựng,,2024,https://github.com/HTNam1710/ADS_Final/blob/main/Data/diem_chuan_2024_final.csv
DHH,C510202,Công nghệ chế tạo máy,,2024,https://github.com/HTNam1710/ADS_Final/blob/main/Data/diem_chuan_2024_final.csv
DHH,C510301,"Công nghệ kỹ thuật điện, điện tử",,2024,https://github.com/HTNam1710/ADS_Final/blob/main/Data/diem_chuan_2024_final.csv
DHH,C510303,Công nghệ kt điều khiển và tự động hóa,,2024,https://github.com/HTNam1710/ADS_Final/blob/main/Data/diem_chuan_2024_final.csv
MTS,7140222,Sư phạm Mỹ thuật,7140222,2024,https://github.com/HTNam1710/ADS_Final/blob/main/Data/diem_chuan_2024_final.csv
MTS,7210101,"Lý luận, lịch sử và phê bình mỹ thuật",7210101,2024,https://github.com/HTNam1710/ADS_Final/blob/main/Data/diem_chuan_2024_final.csv
MTS,7210103,Hội hoạ,7210103,2024,https://github.com/HTNam1710/ADS_Final/blob/main/Data/diem_chuan_2024_final.csv
MTS,7210104,Đồ hoạ,7210104,2024,https://github.com/HTNam1710/ADS_Final/blob/main/Data/diem_chuan_2024_final.csv
MTS,7210105,Điêu khắc,7210105,2024,https://github.com/HTNam1710/ADS_Final/blob/main/Data/diem_chuan_2024_final.csv
MTS,7210403,Thiết kế đồ họa,7210403,2024,https://github.com/HTNam1710/ADS_Final/blob/main/Data/diem_chuan_2024_final.csv
MTH,52140222,Sư phạm mỹ thuật,,2024,https://github.com/HTNam1710/ADS_Final/blob/main/Data/diem_chuan_2024_final.csv
MTH,52210101,"Lý luận, lịch sử và phê bình mỹ thuật",,2024,https://github.com/HTNam1710/ADS_Final/blob/main/Data/diem_chuan_2024_final.csv
MTH,52210103,Hội họa,,2024,https://github.com/HTNam1710/ADS_Final/blob/main/Data/diem_chuan_2024_final.csv
MTH,52210104,Đồ họa,,2024,https://github.com/HTNam1710/ADS_Final/blob/main/Data/diem_chuan_2024_final.csv
MTH,52210105,Điêu khắc,,2024,https://github.com/HTNam1710/ADS_Final/blob/main/Data/diem_chuan_2024_final.csv
MTH,52210403,Thiết kế đồ họa,,2024,https://github.com/HTNam1710/ADS_Final/blob/main/Data/diem_chuan_2024_final.csv
YHT,7720101_YHT,Y khoa,7720101,2024,https://github.com/HTNam1710/ADS_Final/blob/main/Data/diem_chuan_2024_final.csv
YHT,7720301_YHT,Điều Dưỡng,7720301,2024,https://github.com/HTNam1710/ADS_Final/blob/main/Data/diem_chuan_2024_final.csv
SKD,7210225,Biên kịch sân khấu,7210225,2024,https://github.com/HTNam1710/ADS_Final/blob/main/Data/diem_chuan_2024_final.csv
SKD,7210226,Diễn viên sân khấu kịch hát,7210226,2024,https://github.com/HTNam1710/ADS_Final/blob/main/Data/diem_chuan_2024_final.csv
SKD,7210227,Đạo diễn sân khấu,7210227,2024,https://github.com/HTNam1710/ADS_Final/blob/main/Data/diem_chuan_2024_final.csv
SKD,7210231,"Lý luận, lịch sử và phê bình điện ảnh, truyền hình",7210231,2024,https://github.com/HTNam1710/ADS_Final/blob/main/Data/diem_chuan_2024_final.csv
SKD,7210233,"Biên kịch điện ảnh, truyền hình",7210233,2024,https://github.com/HTNam1710/ADS_Final/blob/main/Data/diem_chuan_2024_final.csv
SKD,7210234,"Diễn viên kịch, điện ảnh - truyền hình",7210234,2024,https://github.com/HTNam1710/ADS_Final/blob/main/Data/diem_chuan_2024_final.csv
SKD,7210235,Đạo diễn điện ảnh,7210235,2024,https://github.com/HTNam1710/ADS_Final/blob/main/Data/diem_chuan_2024_final.csv
SKD,7210236,Quay phim điện ảnh,7210236,2024,https://github.com/HTNam1710/ADS_Final/blob/main/Data/diem_chuan_2024_final.csv
SKD,7210243,Biên đạo múa,7210243,2024,https://github.com/HTNam1710/ADS_Final/blob/main/Data/diem_chuan_2024_final.csv
SKD,7210244,Huấn luyện múa,7210244,2024,https://github.com/HTNam1710/ADS_Final/blob/main/Data/diem_chuan_2024_final.csv
SKD,7210301,Nhiếp ảnh,7210301,2024,https://github.com/HTNam1710/ADS_Final/blob/main/Data/diem_chuan_2024_final.csv
SKD,7210302,Công nghệ dựng phim,7210302,2024,https://github.com/HTNam1710/ADS_Final/blob/main/Data/diem_chuan_2024_final.csv
SKD,7210406,"Thiết kế mỹ thuật sân khấu, điện ảnh",7210406,2024,https://github.com/HTNam1710/ADS_Final/blob/main/Data/diem_chuan_2024_final.csv
ZNH,,Đại học Dân Sự,,2024,https://github.com/HTNam1710/ADS_Final/blob/main/Data/diem_chuan_2024_final.csv
ZNH,7140221,Sư phạm Âm nhạc,7140221,2024,https://github.com/HTNam1710/ADS_Final/blob/main/Data/diem_chuan_2024_final.csv
ZNH,7210203,Sáng tác âm nhạc,7210203,2024,https://github.com/HTNam1710/ADS_Final/blob/main/Data/diem_chuan_2024_final.csv
ZNH,7210205,Thanh nhạc,7210205,2024,https://github.com/HTNam1710/ADS_Final/blob/main/Data/diem_chuan_2024_final.csv
ZNH,7210207,Biểu diễn nhạc cụ phương tây,7210207,2024,https://github.com/HTNam1710/ADS_Final/blob/main/Data/diem_chuan_2024_final.csv
ZNH,7210243,Biên đạo múa,7210243,2024,https://github.com/HTNam1710/ADS_Final/blob/main/Data/diem_chuan_2024_final.csv
ZNH,7229042,Quản lý văn hoá,7229042,2024,https://github.com/HTNam1710/ADS_Final/blob/main/Data/diem_chuan_2024_final.csv
ZNH,7320101,Báo chí,7320101,2024,https://github.com/HTNam1710/ADS_Final/blob/main/Data/diem_chuan_2024_final.csv
DNV,7220201,"Ngôn ngữ Anh, chuyên ngành Biên - phiên dịch thuộc ngành Ngôn ngữ Anh chuyên ngành Tiếng Anh du lịch thuộc ngành Ngôn ngữ Anh",7220201,2024,https://github.com/HTNam1710/ADS_Final/blob/main/Data/diem_chuan_2024_final.csv
DNV,7229040,Chuyên ngành Văn hóa du lịch thuộc ngành Văn hóa học chuyên ngành Văn hóa truyền thông thuộc ngành văn hóa học,7229040,2024,https://github.com/HTNam1710/ADS_Final/blob/main/Data/diem_chuan_2024_final.csv
DNV,7229042,Quản lý văn hóa (Chuyên ngành Quản lý di sản văn hóa và phát triển du lịch thuộc ngành Quản lí văn hóa),7229042,2024,https://github.com/HTNam1710/ADS_Final/blob/main/Data/diem_chuan_2024_final.csv
DNV,7310101,Kinh tế,7310101,2024,https://github.com/HTNam1710/ADS_Final/blob/main/Data/diem_chuan_2024_final.csv
DNV,7310201,Chính trị học (Chuyên ngành Chính sách công),7310201,2024,https://github.com/HTNam1710/ADS_Final/blob/main/Data/diem_chuan_2024_final.csv
DNV,7310202,Xây dựng Đảng và chính quyền nhà nước,7310202,2024,https://github.com/HTNam1710/ADS_Final/blob/main/Data/diem_chuan_2024_final.csv
DNV,7310205,Quản lý nhà nước,7310205,2024,https://github.com/HTNam1710/ADS_Final/blob/main/Data/diem_chuan_2024_final.csv
DNV,7310205QN,Quản lý nhà nước,7310205,2024,https://github.com/HTNam1710/ADS_Final/blob/main/Data/diem_chuan_2024_final.csv
DNV,7310205TP-HCM,Quản lý nhà nước,7310205,2024,https://github.com/HTNam1710/ADS_Final/blob/main/Data/diem_chuan_2024_final.csv
DNV,7320201,"Thông tin - thư viện, chuyên ngành Quản trị thông tin thuộc ngành thông tin - thư viện",7320201,2024,https://github.com/HTNam1710/ADS_Final/blob/main/Data/diem_chuan_2024_final.csv
DNV,7320303,Lưu trữ học (Chuyên ngành Văn thư - Lưu trữ),7320303,2024,https://github.com/HTNam1710/ADS_Final/blob/main/Data/diem_chuan_2024_final.csv
DNV,7320303TP-HCM,Lưu trữ học - Chuyên ngành Văn thư - lưu trữ thuộc ngành Lưu trữ học,7320303,2024,https://github.com/HTNam1710/ADS_Final/blob/main/Data/diem_chuan_2024_final.csv
DNV,7340404,Quản trị nhân lực,7340404,2024,https://github.com/HTNam1710/ADS_Final/blob/main/Data/diem_chuan_2024_final.csv
DNV,7340404QN,Quản trị nhân lực,7340404,2024,https://github.com/HTNam1710/ADS_Final/blob/main/Data/diem_chuan_2024_final.csv
DNV,7340406,Quản trị văn phòng,7340406,2024,https://github.com/HTNam1710/ADS_Final/blob/main/Data/diem_chuan_2024_final.csv
DNV,7340406QN,Quản trị văn phòng,7340406,2024,https://github.com/HTNam1710/ADS_Final/blob/main/Data/diem_chuan_2024_final.csv
DNV,7340406TP-HCM,Quản trị văn phòng,7340406,2024,https://github.com/HTNam1710/ADS_Final/blob/main/Data/diem_chuan_2024_final.csv
DNV,7380101,Luật (Chuyên ngành Thanh tra),7380101,2024,https://github.com/HTNam1710/ADS_Final/blob/main/Data/diem_chuan_2024_final.csv
DNV,7380101QN 7380101-1QN,Luật (Chuyên ngành Thanh tra),7380101,2024,https://github.com/HTNam1710/ADS_Final/blob/main/Data/diem_chuan_2024_final.csv
DNV,7380101TP-HCM,Luật (Chuyên ngành Thanh tra),7380101,2024,https://github.com/HTNam1710/ADS_Final/blob/main/Data/diem_chuan_2024_final.csv
DNV,7480104,Hệ thông thông tin (Chuyên ngành Hệ thống thông tin thương mại điện tử),7480104,2024,https://github.com/HTNam1710/ADS_Final/blob/main/Data/diem_chuan_2024_final.csv
DNV,7810103,Quản trị dịch vụ du lịch và lữ hành,7810103,2024,https://github.com/HTNam1710/ADS_Final/blob/main/Data/diem_chuan_2024_final.csv
VPH,7860220,Chỉ huy tham mưu thông tin - Thí sinh Nam miền Bắc,7860220,2024,https://github.com/HTNam1710/ADS_Final/blob/main/Data/diem_chuan_2024_final.csv
DDA,7220201,Ngôn ngữ Anh,7220201,2024,https://github.com/HTNam1710/ADS_Final/blob/main/Data/diem_chuan_2024_final.csv
DDA,7340101,Marketing,7340101,2024,https://github.com/HTNam1710/ADS_Final/blob/main/Data/diem_chuan_2024_final.csv
DDA,7340201,Tài chính Ngân hàng,7340201,2024,https://github.com/HTNam1710/ADS_Final/blob/main/Data/diem_chuan_2024_final.csv
DDA,7340301,Kế toán,7340301,2024,https://github.com/HTNam1710/ADS_Final/blob/main/Data/diem_chuan_2024_final.csv
DDA,7380101,Luật,7380101,2024,https://github.com/HTNam1710/ADS_Final/blob/main/Data/diem_chuan_2024_final.csv
DDA,7480201,Công nghệ thông tin,7480201,2024,https://github.com/HTNam1710/ADS_Final/blob/main/Data/diem_chuan_2024_final.csv
DDA,7510202,Cơ điện tử,7510202,2024,https://github.com/HTNam1710/ADS_Final/blob/main/Data/diem_chuan_2024_final.csv
DDA,7510205,Công nghệ kỹ thuật ô tô,7510205,2024,https://github.com/HTNam1710/ADS_Final/blob/main/Data/diem_chuan_2024_final.csv
DDA,7510206,Công nghệ Kỹ thuật Nhiệt (Nhiệt – Điện lạnh),7510206,2024,https://github.com/HTNam1710/ADS_Final/blob/main/Data/diem_chuan_2024_final.csv
DDA,7510301,Công nghệ Kỹ thuật Điện  – Điện tử,7510301,2024,https://github.com/HTNam1710/ADS_Final/blob/main/Data/diem_chuan_2024_final.csv
DDA,7510303,Công nghệ Kỹ thuật Điều khiển – Tự động hóa,7510303,2024,https://github.com/HTNam1710/ADS_Final/blob/main/Data/diem_chuan_2024_final.csv
DDA,7540101,Công nghệ Thực phẩm,7540101,2024,https://github.com/HTNam1710/ADS_Final/blob/main/Data/diem_chuan_2024_final.csv
DDA,7580201,Kỹ thuật Xây dựng,7580201,2024,https://github.com/HTNam1710/ADS_Final/blob/main/Data/diem_chuan_2024_final.csv
DDA,7720201,Dược học,7720201,2024,https://github.com/HTNam1710/ADS_Final/blob/main/Data/diem_chuan_2024_final.csv
DDA,7720301,Điều dưỡng,7720301,2024,https://github.com/HTNam1710/ADS_Final/blob/main/Data/diem_chuan_2024_final.csv
DDA,7810103,Quản trị dịch vụ du lịch và lữ hành,7810103,2024,https://github.com/HTNam1710/ADS_Final/blob/main/Data/diem_chuan_2024_final.csv
DDA,7810201,Quản trị khách sạn,7810201,2024,https://github.com/HTNam1710/ADS_Final/blob/main/Data/diem_chuan_2024_final.csv
BMU,7720101,Y khoa,7720101,2024,https://github.com/HTNam1710/ADS_Final/blob/main/Data/diem_chuan_2024_final.csv
BMU,7720201,Dược học,7720201,2024,https://github.com/HTNam1710/ADS_Final/blob/main/Data/diem_chuan_2024_final.csv
BMU,7720301,Điều dưỡng,7720301,2024,https://github.com/HTNam1710/ADS_Final/blob/main/Data/diem_chuan_2024_final.csv
BMU,7720701,Y tế công cộng,7720701,2024,https://github.com/HTNam1710/ADS_Final/blob/main/Data/diem_chuan_2024_final.csv
DDG,7140206,Giáo dục thể chất,7140206,2024,https://github.com/HTNam1710/ADS_Final/blob/main/Data/diem_chuan_2024_final.csv