ma_tuyen_sinh,ma_nganh_tuyen_sinh,ten_nganh,ma_nganh_bo,nam,source_url
ANH,7480201_Nam,Ngành Công nghệ thông tin (Thí sinh Nam),7480201,2025,https://github.com/kbaoooo/vn_schools_scores_data/blob/main/craw-data/scores/ANH/2025.json
ANH,7860100_Nam_1,"Ngành Nghiệp vụ an ninh (Thí sinh Nam, vùng 1)",7860100,2025,https://github.com/kbaoooo/vn_schools_scores_data/blob/main/craw-data/scores/ANH/2025.json
ANH,7860100_Nam_2,"Ngành Nghiệp vụ an ninh (Thí sinh Nam, vùng 2)",7860100,2025,https://github.com/kbaoooo/vn_schools_scores_data/blob/main/craw-data/scores/ANH/2025.json
ANH,7860100_Nam_3,"Ngành Nghiệp vụ an ninh (Thí sinh Nam, vùng 3)",7860100,2025,https://github.com/kbaoooo/vn_schools_scores_data/blob/main/craw-data/scores/ANH/2025.json
ANH,7860100_Nam_8,"Ngành Nghiệp vụ an ninh (Thí sinh Nam, vùng 8)",7860100,2025,https://github.com/kbaoooo/vn_schools_scores_data/blob/main/craw-data/scores/ANH/2025.json
ANH,7860100_Nu_1,"Ngành Nghiệp vụ an ninh (Thí sinh Nữ, vùng 1)",7860100,2025,https://github.com/kbaoooo/vn_schools_scores_data/blob/main/craw-data/scores/ANH/2025.json
ANH,7860100_Nu_2,"Ngành Nghiệp vụ an ninh (Thí sinh Nữ, vùng 2)",7860100,2025,https://github.com/kbaoooo/vn_schools_scores_data/blob/main/craw-data/scores/ANH/2025.json
ANH,7860100_Nu_3,"Ngành Nghiệp vụ an ninh (Thí sinh Nữ, vùng 3)",7860100,2025,https://github.com/kbaoooo/vn_schools_scores_data/blob/main/craw-data/scores/ANH/2025.json
ANH,7860100_Nu_8,"Ngành Nghiệp vụ an ninh (Thí sinh Nữ, vùng 8)",7860100,2025,https://github.com/kbaoooo/vn_schools_scores_data/blob/main/craw-data/scores/ANH/2025.json
ANH,7860114_Nam_B,"Ngành An ninh mạng và phòng chống tội phạm công nghệ cao (Thí sinh Nam, miền Bắc)",7860114,2025,https://github.com/kbaoooo/vn_schools_scores_data/blob/main/craw-data/scores/ANH/2025.json
ANH,7860114_Nam_N,"Ngành An ninh mạng và phòng chống tội phạm công nghệ cao (Thí sinh Nam, miền Nam)",7860114,2025,https://github.com/kbaoooo/vn_schools_scores_data/blob/main/craw-data/scores/ANH/2025.json
ANH,7860114_Nu_B,"Ngành An ninh mạng và phòng chống tội phạm công nghệ cao (Thí sinh Nữ, miền Bắc)",7860114,2025,https://github.com/kbaoooo/vn_schools_scores_data/blob/main/craw-data/scores/ANH/2025.json
ANH,7860114_Nu_N,"Ngành An ninh mạng và phòng chống tội phạm công nghệ cao (Thí sinh Nữ, miền Nam)",7860114,2025,https://github.com/kbaoooo/vn_schools_scores_data/blob/main/craw-data/scores/ANH/2025.json
ANS,7860100_Nam_4,"Nghiệp vụ An ninh (Thí sinh Nam, vùng 4)",7860100,2025,https://github.com/kbaoooo/vn_schools_scores_data/blob/main/craw-data/scores/ANS/2025.json
ANS,7860100_Nam_5,"Nghiệp vụ An ninh (Thí sinh Nam, vùng 5)",7860100,2025,https://github.com/kbaoooo/vn_schools_scores_data/blob/main/craw-data/scores/ANS/2025.json
ANS,7860100_Nam_6,"Nghiệp vụ An ninh (Thí sinh Nam, vùng 6)",7860100,2025,https://github.com/kbaoooo/vn_schools_scores_data/blob/main/craw-data/scores/ANS/2025.json
ANS,7860100_Nam_7,"Nghiệp vụ An ninh (Thí sinh Nam, vùng 7)",7860100,2025,https://github.com/kbaoooo/vn_schools_scores_data/blob/main/craw-data/scores/ANS/2025.json
ANS,7860100_Nam_8,"Nghiệp vụ An ninh (Thí sinh Nam, vùng 8)",7860100,2025,https://github.com/kbaoooo/vn_schools_scores_data/blob/main/craw-data/scores/ANS/2025.json
ANS,7860100_Nu_4,"Nghiệp vụ An ninh (Thí sinh Nữ, vùng 4)",7860100,2025,https://github.com/kbaoooo/vn_schools_scores_data/blob/main/craw-data/scores/ANS/2025.json
ANS,7860100_Nu_5,"Nghiệp vụ An ninh (Thí sinh Nữ, vùng 5)",7860100,2025,https://github.com/kbaoooo/vn_schools_scores_data/blob/main/craw-data/scores/ANS/2025.json
ANS,7860100_Nu_6,"Nghiệp vụ An ninh (Thí sinh Nữ, vùng 6)",7860100,2025,https://github.com/kbaoooo/vn_schools_scores_data/blob/main/craw-data/scores/ANS/2025.json
ANS,7860100_Nu_7,"Nghiệp vụ An ninh (Thí sinh Nữ, vùng 7)",7860100,2025,https://github.com/kbaoooo/vn_schools_scores_data/blob/main/craw-data/scores/ANS/2025.json
ANS,7860100_Nu_8,"Nghiệp vụ An ninh (Thí sinh Nữ, vùng 8)",7860100,2025,https://github.com/kbaoooo/vn_schools_scores_data/blob/main/craw-data/scores/ANS/2025.json
BKA,BF-E12,Kỹ thuật Thực phẩm (CT tiên tiến),,2025,https://github.com/kbaoooo/vn_schools_scores_data/blob/main/craw-data/scores/BKA/2025.json
BKA,BF-E19,Kỹ thuật sinh học (CT tiên tiến),,2025,https://github.com/kbaoooo/vn_schools_scores_data/blob/main/craw-data/scores/BKA/2025.json
BKA,BF1,Kỹ thuật Sinh học,,2025,https://github.com/kbaoooo/vn_schools_scores_data/blob/main/craw-data/scores/BKA/2025.json
BKA,BF2,Kỹ thuật Thực phẩm,,2025,https://github.com/kbaoooo/vn_schools_scores_data/blob/main/craw-data/scores/BKA/2025.json
BKA,CH-E11,Kỹ thuật Hóa dược (CT tiên tiến),,2025,https://github.com/kbaoooo/vn_schools_scores_data/blob/main/craw-data/scores/BKA/2025.json
BKA,CH1,Kỹ thuật Hoá học,,2025,https://github.com/kbaoooo/vn_schools_scores_data/blob/main/craw-data/scores/BKA/2025.json
BKA,CH2,Hoá học,,2025,https://github.com/kbaoooo/vn_schools_scores_data/blob/main/craw-data/scores/BKA/2025.json
BKA,ED2,Công nghệ giáo dục,,2025,https://github.com/kbaoooo/vn_schools_scores_data/blob/main/craw-data/scores/BKA/2025.json
BKA,ED3,Quản lý giáo dục,,2025,https://github.com/kbaoooo/vn_schools_scores_data/blob/main/craw-data/scores/BKA/2025.json
BKA,EE-E18,Hệ thống điện và năng lượng tái tạo (CT tiên tiến),,2025,https://github.com/kbaoooo/vn_schools_scores_data/blob/main/craw-data/scores/BKA/2025.json
BKA,EE-E8,Kỹ thuật Điều khiển - Tự động hoá (CT tiên tiến),,2025,https://github.com/kbaoooo/vn_schools_scores_data/blob/main/craw-data/scores/BKA/2025.json
BKA,EE-EP,Tin học công nghiệp và Tự động hóa (Chương trình Việt - Pháp PFIEV),,2025,https://github.com/kbaoooo/vn_schools_scores_data/blob/main/craw-data/scores/BKA/2025.json
BKA,EE1,Kỹ thuật Điện,,2025,https://github.com/kbaoooo/vn_schools_scores_data/blob/main/craw-data/scores/BKA/2025.json
BKA,EE2,Kỹ thuật Điều khiển - Tự động hoá,,2025,https://github.com/kbaoooo/vn_schools_scores_data/blob/main/craw-data/scores/BKA/2025.json
BKA,EM-E13,Phân tích kinh doanh (CT tiên tiến),,2025,https://github.com/kbaoooo/vn_schools_scores_data/blob/main/craw-data/scores/BKA/2025.json
BKA,EM-E14,Logistics và Quản lý chuỗi cung ứng (CT tiên tiến),,2025,https://github.com/kbaoooo/vn_schools_scores_data/blob/main/craw-data/scores/BKA/2025.json
BKA,EM1,Quản lý năng lượng,,2025,https://github.com/kbaoooo/vn_schools_scores_data/blob/main/craw-data/scores/BKA/2025.json
BKA,EM2,Quản lý công nghiệp,,2025,https://github.com/kbaoooo/vn_schools_scores_data/blob/main/craw-data/scores/BKA/2025.json
BKA,EM3,Quản trị kinh doanh,,2025,https://github.com/kbaoooo/vn_schools_scores_data/blob/main/craw-data/scores/BKA/2025.json
BKA,EM4,Kế toán,,2025,https://github.com/kbaoooo/vn_schools_scores_data/blob/main/craw-data/scores/BKA/2025.json
BKA,EM5,Tài chính - Ngân hàng,,2025,https://github.com/kbaoooo/vn_schools_scores_data/blob/main/craw-data/scores/BKA/2025.json
BKA,ET-E16,Truyền thông số và Kỹ thuật đa phương tiện (CT tiên tiến),,2025,https://github.com/kbaoooo/vn_schools_scores_data/blob/main/craw-data/scores/BKA/2025.json
BKA,ET-E4,Kỹ thuật Điện tử - Viễn thông (CT tiên tiến),,2025,https://github.com/kbaoooo/vn_schools_scores_data/blob/main/craw-data/scores/BKA/2025.json
BKA,ET-E5,Kỹ thuật Y sinh (CT tiên tiến),,2025,https://github.com/kbaoooo/vn_schools_scores_data/blob/main/craw-data/scores/BKA/2025.json
BKA,ET-E9,Hệ thống nhúng thông minh và IoT (CT tiên tiến),,2025,https://github.com/kbaoooo/vn_schools_scores_data/blob/main/craw-data/scores/BKA/2025.json
BKA,ET-LUH,Điện tử - Viễn thông - hợp tác với ĐH Leibniz Hannover (Đức),,2025,https://github.com/kbaoooo/vn_schools_scores_data/blob/main/craw-data/scores/BKA/2025.json
BKA,ET1,Kỹ thuật Điện tử - Viễn thông,,2025,https://github.com/kbaoooo/vn_schools_scores_data/blob/main/craw-data/scores/BKA/2025.json
BKA,ET2,Kỹ thuật Y sinh,,2025,https://github.com/kbaoooo/vn_schools_scores_data/blob/main/craw-data/scores/BKA/2025.json
BKA,EV1,Kỹ thuật Môi trường,,2025,https://github.com/kbaoooo/vn_schools_scores_data/blob/main/craw-data/scores/BKA/2025.json
BKA,EV2,Quản lý Tài nguyên và Môi trường,,2025,https://github.com/kbaoooo/vn_schools_scores_data/blob/main/craw-data/scores/BKA/2025.json
BKA,FL1,Tiếng Anh KHKT và Công nghệ,,2025,https://github.com/kbaoooo/vn_schools_scores_data/blob/main/craw-data/scores/BKA/2025.json
BKA,FL2,Tiếng Anh chuyên nghiệp quốc tế,,2025,https://github.com/kbaoooo/vn_schools_scores_data/blob/main/craw-data/scores/BKA/2025.json
BKA,FL3,Tiếng Trung KHKT và Công nghệ,,2025,https://github.com/kbaoooo/vn_schools_scores_data/blob/main/craw-data/scores/BKA/2025.json
BKA,HE1,Kỹ thuật Nhiệt,,2025,https://github.com/kbaoooo/vn_schools_scores_data/blob/main/craw-data/scores/BKA/2025.json
BKA,IT-E10,Khoa học dữ liệu và Trí tuệ nhân tạo (CT tiên tiến),,2025,https://github.com/kbaoooo/vn_schools_scores_data/blob/main/craw-data/scores/BKA/2025.json
BKA,IT-E15,An toàn không gian số - Cyber Security (CT Tiên tiến),,2025,https://github.com/kbaoooo/vn_schools_scores_data/blob/main/craw-data/scores/BKA/2025.json
BKA,IT-E6,Công nghệ thông tin (Việt - Nhật),,2025,https://github.com/kbaoooo/vn_schools_scores_data/blob/main/craw-data/scores/BKA/2025.json
BKA,IT-E7,Công nghệ thông tin (Global ICT),,2025,https://github.com/kbaoooo/vn_schools_scores_data/blob/main/craw-data/scores/BKA/2025.json
BKA,IT-EP,Công nghệ thông tin (Việt - Pháp),,2025,https://github.com/kbaoooo/vn_schools_scores_data/blob/main/craw-data/scores/BKA/2025.json
BKA,IT1,CNTT: Khoa học Máy tính,,2025,https://github.com/kbaoooo/vn_schools_scores_data/blob/main/craw-data/scores/BKA/2025.json
BKA,IT2,CNTT: Kỹ thuật Máy tính,,2025,https://github.com/kbaoooo/vn_schools_scores_data/blob/main/craw-data/scores/BKA/2025.json
BKA,ME-E1,Kỹ thuật Cơ điện tử (CT tiên tiến),,2025,https://github.com/kbaoooo/vn_schools_scores_data/blob/main/craw-data/scores/BKA/2025.json
BKA,ME-GU,Cơ khí - Chế tạo máy - hợp tác với ĐH Griffith (Úc),,2025,https://github.com/kbaoooo/vn_schools_scores_data/blob/main/craw-data/scores/BKA/2025.json
BKA,ME-LUH,Cơ điện tử - hợp tác với ĐH Leibniz Hannover (Đức),,2025,https://github.com/kbaoooo/vn_schools_scores_data/blob/main/craw-data/scores/BKA/2025.json
BKA,ME-NUT,Cơ điện tử - hợp tác với ĐH Công nghệ Nagaoka (Nhật Bản),,2025,https://github.com/kbaoooo/vn_schools_scores_data/blob/main/craw-data/scores/BKA/2025.json
BKA,ME1,Kỹ thuật Cơ điện tử,,2025,https://github.com/kbaoooo/vn_schools_scores_data/blob/main/craw-data/scores/BKA/2025.json
BKA,ME2,Kỹ thuật Cơ khí,,2025,https://github.com/kbaoooo/vn_schools_scores_data/blob/main/craw-data/scores/BKA/2025.json
BKA,MI1,Toán - Tin,,2025,https://github.com/kbaoooo/vn_schools_scores_data/blob/main/craw-data/scores/BKA/2025.json
BKA,MI2,Hệ thống thông tin quản lý,,2025,https://github.com/kbaoooo/vn_schools_scores_data/blob/main/craw-data/scores/BKA/2025.json
BKA,MS-E3,Khoa học và kỹ thuật vật liệu (CT tiên tiến),,2025,https://github.com/kbaoooo/vn_schools_scores_data/blob/main/craw-data/scores/BKA/2025.json
BKA,MS1,Kỹ thuật Vật liệu,,2025,https://github.com/kbaoooo/vn_schools_scores_data/blob/main/craw-data/scores/BKA/2025.json
BKA,MS2,Kỹ thuật Vi điện tử và Công nghệ nano,,2025,https://github.com/kbaoooo/vn_schools_scores_data/blob/main/craw-data/scores/BKA/2025.json
BKA,MS3,Công nghệ vật liệu Polyme và Compozit,,2025,https://github.com/kbaoooo/vn_schools_scores_data/blob/main/craw-data/scores/BKA/2025.json
BKA,MS5,Kỹ thuật in,,2025,https://github.com/kbaoooo/vn_schools_scores_data/blob/main/craw-data/scores/BKA/2025.json
BKA,PH1,Vật lý kỹ thuật,,2025,https://github.com/kbaoooo/vn_schools_scores_data/blob/main/craw-data/scores/BKA/2025.json
BKA,PH2,Kỹ thuật hạt nhân,,2025,https://github.com/kbaoooo/vn_schools_scores_data/blob/main/craw-data/scores/BKA/2025.json
BKA,PH3,Vật lý Y khoa,,2025,https://github.com/kbaoooo/vn_schools_scores_data/blob/main/craw-data/scores/BKA/2025.json
BKA,TE-E2,Kỹ thuật Ô tô (CT tiên tiến),,2025,https://github.com/kbaoooo/vn_schools_scores_data/blob/main/craw-data/scores/BKA/2025.json
BKA,TE-EP,Cơ khí hàng không (Chương trình Việt - Pháp PFIEV),,2025,https://github.com/kbaoooo/vn_schools_scores_data/blob/main/craw-data/scores/BKA/2025.json
BKA,TE1,Kỹ thuật Ô tô,,2025,https://github.com/kbaoooo/vn_schools_scores_data/blob/main/craw-data/scores/BKA/2025.json
BKA,TE2,Kỹ thuật Cơ khí động lực,,2025,https://github.com/kbaoooo/vn_schools_scores_data/blob/main/craw-data/scores/BKA/2025.json
BKA,TE3,Kỹ thuật Hàng không,,2025,https://github.com/kbaoooo/vn_schools_scores_data/blob/main/craw-data/scores/BKA/2025.json
BKA,TROY-BA,Quản trị kinh doanh - hợp tác với ĐH Troy (Hoa Kỳ),,2025,https://github.com/kbaoooo/vn_schools_scores_data/blob/main/craw-data/scores/BKA/2025.json
BKA,TROY-IT,Khoa học máy tính - hợp tác với ĐH Troy (Hoa Kỳ),,2025,https://github.com/kbaoooo/vn_schools_scores_data/blob/main/craw-data/scores/BKA/2025.json
BKA,TX1,Công nghệ Dệt - May,,2025,https://github.com/kbaoooo/vn_schools_scores_data/blob/main/craw-data/scores/BKA/2025.json
BMU,7720101,Y khoa,7720101,2025,https://github.com/kbaoooo/vn_schools_scores_data/blob/main/craw-data/scores/BMU/2025.json
BMU,7720201,Dược học,7720201,2025,https://github.com/kbaoooo/vn_schools_scores_data/blob/main/craw-data/scores/BMU/2025.json
BMU,7720301,Điều dưỡng,7720301,2025,https://github.com/kbaoooo/vn_schools_scores_data/blob/main/craw-data/scores/BMU/2025.json
BMU,7720701,Y tế công cộng,7720701,2025,https://github.com/kbaoooo/vn_schools_scores_data/blob/main/craw-data/scores/BMU/2025.json
BPH,7380101_B_C00,Luật (Thí sinh miền Bắc),7380101,2025,https://github.com/kbaoooo/vn_schools_scores_data/blob/main/craw-data/scores/BPH/2025.json
BPH,7380101_B_C01,Luật (Thí sinh miền Bắc),7380101,2025,https://github.com/kbaoooo/vn_schools_scores_data/blob/main/craw-data/scores/BPH/2025.json
BPH,7380101_B_C03,Luật (Thí sinh miền Bắc),7380101,2025,https://github.com/kbaoooo/vn_schools_scores_data/blob/main/craw-data/scores/BPH/2025.json
BPH,7380101_N,Luật (Thí sinh miền Nam),7380101,2025,https://github.com/kbaoooo/vn_schools_scores_data/blob/main/craw-data/scores/BPH/2025.json
BPH,7380101_N_C01,Luật (Thí sinh miền Nam),7380101,2025,https://github.com/kbaoooo/vn_schools_scores_data/blob/main/craw-data/scores/BPH/2025.json
BPH,7380101_N_C03,Luật (Thí sinh miền Nam),7380101,2025,https://github.com/kbaoooo/vn_schools_scores_data/blob/main/craw-data/scores/BPH/2025.json
BPH,7860214_A01_4,Biên phòng (Quân khu 4),7860214,2025,https://github.com/kbaoooo/vn_schools_scores_data/blob/main/craw-data/scores/BPH/2025.json
BPH,7860214_A01_5,Biên phòng (Quân khu 5),7860214,2025,https://github.com/kbaoooo/vn_schools_scores_data/blob/main/craw-data/scores/BPH/2025.json
BPH,7860214_A01_7,Biên phòng (Quân khu 7),7860214,2025,https://github.com/kbaoooo/vn_schools_scores_data/blob/main/craw-data/scores/BPH/2025.json
BPH,7860214_A01_9,Biên phòng (Quân khu 9),7860214,2025,https://github.com/kbaoooo/vn_schools_scores_data/blob/main/craw-data/scores/BPH/2025.json
BPH,7860214_B_A01,Biên phòng (Thí sinh miền Bắc),7860214,2025,https://github.com/kbaoooo/vn_schools_scores_data/blob/main/craw-data/scores/BPH/2025.json
BPH,7860214_B_C00,Biên phòng (Thí sinh miền Bắc),7860214,2025,https://github.com/kbaoooo/vn_schools_scores_data/blob/main/craw-data/scores/BPH/2025.json
BPH,7860214_B_C01,Biên phòng (Thí sinh miền Bắc),7860214,2025,https://github.com/kbaoooo/vn_schools_scores_data/blob/main/craw-data/scores/BPH/2025.json
BPH,7860214_B_C03,Biên phòng (Thí sinh miền Bắc),7860214,2025,https://github.com/kbaoooo/vn_schools_scores_data/blob/main/craw-data/scores/BPH/2025.json
BPH,7860214_C00_4,Biên phòng (Quân khu 4),7860214,2025,https://github.com/kbaoooo/vn_schools_scores_data/blob/main/craw-data/scores/BPH/2025.json
BPH,7860214_C00_5,Biên phòng (Quân khu 5),7860214,2025,https://github.com/kbaoooo/vn_schools_scores_data/blob/main/craw-data/scores/BPH/2025.json
BPH,7860214_C00_7,Biên phòng (Quân khu 7),7860214,2025,https://github.com/kbaoooo/vn_schools_scores_data/blob/main/craw-data/scores/BPH/2025.json
BPH,7860214_C00_9,Biên phòng (Quân khu 9),7860214,2025,https://github.com/kbaoooo/vn_schools_scores_data/blob/main/craw-data/scores/BPH/2025.json
BPH,7860214_C01_4,Biên phòng (Quân khu 4),7860214,2025,https://github.com/kbaoooo/vn_schools_scores_data/blob/main/craw-data/scores/BPH/2025.json
BPH,7860214_C01_5,Biên phòng (Quân khu 5),7860214,2025,https://github.com/kbaoooo/vn_schools_scores_data/blob/main/craw-data/scores/BPH/2025.json
BPH,7860214_C01_7,Biên phòng (Quân khu 7),7860214,2025,https://github.com/kbaoooo/vn_schools_scores_data/blob/main/craw-data/scores/BPH/2025.json
BPH,7860214_C01_9,Biên phòng (Quân khu 9),7860214,2025,https://github.com/kbaoooo/vn_schools_scores_data/blob/main/craw-data/scores/BPH/2025.json
BPH,7860214_C03_4,Biên phòng (Quân khu 4),7860214,2025,https://github.com/kbaoooo/vn_schools_scores_data/blob/main/craw-data/scores/BPH/2025.json
BPH,7860214_C03_5,Biên phòng (Quân khu 5),7860214,2025,https://github.com/kbaoooo/vn_schools_scores_data/blob/main/craw-data/scores/BPH/2025.json
BPH,7860214_C03_7,Biên phòng (Quân khu 7),7860214,2025,https://github.com/kbaoooo/vn_schools_scores_data/blob/main/craw-data/scores/BPH/2025.json
BPH,7860214_C03_9,Biên phòng (Quân khu 9),7860214,2025,https://github.com/kbaoooo/vn_schools_scores_data/blob/main/craw-data/scores/BPH/2025.json
BVH,7320101,Báo chí,7320101,2025,https://github.com/kbaoooo/vn_schools_scores_data/blob/main/craw-data/scores/BVH/2025.json
BVH,7320104,Truyền thông đa phương tiện,7320104,2025,https://github.com/kbaoooo/vn_schools_scores_data/blob/main/craw-data/scores/BVH/2025.json
BVH,7320104_CLC,Truyền thông đa phương tiện - Chương trình đào tạo chất lượng cao,7320104,2025,https://github.com/kbaoooo/vn_schools_scores_data/blob/main/craw-data/scores/BVH/2025.json
BVH,7329001,Công nghệ đa phương tiện,7329001,2025,https://github.com/kbaoooo/vn_schools_scores_data/blob/main/craw-data/scores/BVH/2025.json
BVH,7329001_GAM,Thiết kế và phát triển Game (ngành Công nghệ đa phương tiện),7329001,2025,https://github.com/kbaoooo/vn_schools_scores_data/blob/main/craw-data/scores/BVH/2025.json
BVH,7340101,Quản trị kinh doanh,7340101,2025,https://github.com/kbaoooo/vn_schools_scores_data/blob/main/craw-data/scores/BVH/2025.json
BVH,7340101_LOG,Logistics và quản trị chuỗi cung ứng (ngành Quản trị kinh doanh),7340101,2025,https://github.com/kbaoooo/vn_schools_scores_data/blob/main/craw-data/scores/BVH/2025.json
BVH,7340115,Marketing,7340115,2025,https://github.com/kbaoooo/vn_schools_scores_data/blob/main/craw-data/scores/BVH/2025.json
BVH,7340115_CLC,Marketing (chất lượng cao),7340115,2025,https://github.com/kbaoooo/vn_schools_scores_data/blob/main/craw-data/scores/BVH/2025.json
BVH,7340115_QHC,Quan hệ công chúng (ngành Marketing),7340115,2025,https://github.com/kbaoooo/vn_schools_scores_data/blob/main/craw-data/scores/BVH/2025.json
BVH,7340122,Thương mại điện tử,7340122,2025,https://github.com/kbaoooo/vn_schools_scores_data/blob/main/craw-data/scores/BVH/2025.json
BVH,7340205,Công nghệ tài chính (Fintech),7340205,2025,https://github.com/kbaoooo/vn_schools_scores_data/blob/main/craw-data/scores/BVH/2025.json
BVH,7340301,Kế toán,7340301,2025,https://github.com/kbaoooo/vn_schools_scores_data/blob/main/craw-data/scores/BVH/2025.json
BVH,7340301_CLC,Kế toán chất lượng cao (chuẩn quốc tế ACCA),7340301,2025,https://github.com/kbaoooo/vn_schools_scores_data/blob/main/craw-data/scores/BVH/2025.json
BVH,7480101,Khoa học máy tính (định hướng Khoa học dữ liệu),7480101,2025,https://github.com/kbaoooo/vn_schools_scores_data/blob/main/craw-data/scores/BVH/2025.json
BVH,7480102,Kỹ thuật dữ liệu (ngành Mạng máy tính và truyền thông dữ liệu),7480102,2025,https://github.com/kbaoooo/vn_schools_scores_data/blob/main/craw-data/scores/BVH/2025.json
BVH,7480107,Trí tuệ nhân tạo,7480107,2025,https://github.com/kbaoooo/vn_schools_scores_data/blob/main/craw-data/scores/BVH/2025.json
BVH,7480201,Công nghệ thông tin,7480201,2025,https://github.com/kbaoooo/vn_schools_scores_data/blob/main/craw-data/scores/BVH/2025.json
BVH,7480201_CLC,Công nghệ thông tin - Chương trình chất lượng cao,7480201,2025,https://github.com/kbaoooo/vn_schools_scores_data/blob/main/craw-data/scores/BVH/2025.json
BVH,7480201_UDU,Công nghệ thông tin (Cử nhân định hướng ứng dụng),7480201,2025,https://github.com/kbaoooo/vn_schools_scores_data/blob/main/craw-data/scores/BVH/2025.json
BVH,7480201_VNH,Công nghệ thông tin Việt - Nhật,7480201,2025,https://github.com/kbaoooo/vn_schools_scores_data/blob/main/craw-data/scores/BVH/2025.json
BVH,7480202,An toàn thông tin,7480202,2025,https://github.com/kbaoooo/vn_schools_scores_data/blob/main/craw-data/scores/BVH/2025.json
BVH,7480202_CLC,An toàn thông tin - Chất lượng cao,7480202,2025,https://github.com/kbaoooo/vn_schools_scores_data/blob/main/craw-data/scores/BVH/2025.json
BVH,7510301,"Công nghệ Kỹ thuật Điện, điện tử",7510301,2025,https://github.com/kbaoooo/vn_schools_scores_data/blob/main/craw-data/scores/BVH/2025.json
BVH,7510301_MBD,"Công nghệ vi mạch bán dẫn (ngành Công nghệ Kỹ thuật Điện, điện tử)",7510301,2025,https://github.com/kbaoooo/vn_schools_scores_data/blob/main/craw-data/scores/BVH/2025.json
BVH,7520207,Kỹ thuật Điện tử viễn thông,7520207,2025,https://github.com/kbaoooo/vn_schools_scores_data/blob/main/craw-data/scores/BVH/2025.json
BVH,7520207_AIoT,Trí tuệ nhân tạo vạn vật (AIoT) (ngành Kỹ thuật Điện tử viễn thông),7520207,2025,https://github.com/kbaoooo/vn_schools_scores_data/blob/main/craw-data/scores/BVH/2025.json
BVH,7520216,Kỹ thuật Điều khiển và tự động hóa,7520216,2025,https://github.com/kbaoooo/vn_schools_scores_data/blob/main/craw-data/scores/BVH/2025.json
BVS,7320104,Truyền thông đa phương tiện,7320104,2025,https://github.com/kbaoooo/vn_schools_scores_data/blob/main/craw-data/scores/BVS/2025.json
BVS,7329001,Công nghệ đa phương tiện,7329001,2025,https://github.com/kbaoooo/vn_schools_scores_data/blob/main/craw-data/scores/BVS/2025.json
BVS,7340101,Quản trị kinh doanh,7340101,2025,https://github.com/kbaoooo/vn_schools_scores_data/blob/main/craw-data/scores/BVS/2025.json
BVS,7340115,Marketing,7340115,2025,https://github.com/kbaoooo/vn_schools_scores_data/blob/main/craw-data/scores/BVS/2025.json
BVS,7340115_CLC,Marketing,7340115,2025,https://github.com/kbaoooo/vn_schools_scores_data/blob/main/craw-data/scores/BVS/2025.json
BVS,7340301,Kế toán,7340301,2025,https://github.com/kbaoooo/vn_schools_scores_data/blob/main/craw-data/scores/BVS/2025.json
BVS,7480201,Công nghệ thông tin,7480201,2025,https://github.com/kbaoooo/vn_schools_scores_data/blob/main/craw-data/scores/BVS/2025.json
BVS,7480201_CLC,Công nghệ thông tin,7480201,2025,https://github.com/kbaoooo/vn_schools_scores_data/blob/main/craw-data/scores/BVS/2025.json
BVS,7480202,An toàn thông tin,7480202,2025,https://github.com/kbaoooo/vn_schools_scores_data/blob/main/craw-data/scores/BVS/2025.json
BVS,7510301,"Công nghệ kỹ thuật điện, điện tử",7510301,2025,https://github.com/kbaoooo/vn_schools_scores_data/blob/main/craw-data/scores/BVS/2025.json
BVS,7520207,kỹ thuật điện tử viễn thông,7520207,2025,https://github.com/kbaoooo/vn_schools_scores_data/blob/main/craw-data/scores/BVS/2025.json
BVS,7520208,Công nghệ internet vạn vật (IoT),7520208,2025,https://github.com/kbaoooo/vn_schools_scores_data/blob/main/craw-data/scores/BVS/2025.json
BVS,7520216,Kỹ thuật điều khiển và tự động hóa,7520216,2025,https://github.com/kbaoooo/vn_schools_scores_data/blob/main/craw-data/scores/BVS/2025.json
BVU,7220201,Ngôn ngữ Anh,7220201,2025,https://github.com/kbaoooo/vn_schools_scores_data/blob/main/craw-data/scores/BVU/2025.json
BVU,7220201C1,"Ngôn ngữ Anh (Tiếng Anh biên - phiên dịch - Chương trình chuẩn, ngoại ngữ tiếng Anh/Nhật/Hàn/Trung)",7220201,2025,https://github.com/kbaoooo/vn_schools_scores_data/blob/main/craw-data/scores/BVU/2025.json
BVU,7220201C2,"Ngôn ngữ Anh (Tiếng Anh du lịch - thương mại - Chương trình chuẩn, ngoại ngữ tiếng Anh/Nhật/Hàn/Trung)",7220201,2025,https://github.com/kbaoooo/vn_schools_scores_data/blob/main/craw-data/scores/BVU/2025.json
BVU,7220201C3,"Ngôn ngữ Anh (Phương pháp giảng dạy tiếng Anh - Chương trình chuẩn, ngoại ngữ tiếng Anh/Nhật/Hàn/Trung)",7220201,2025,https://github.com/kbaoooo/vn_schools_scores_data/blob/main/craw-data/scores/BVU/2025.json
BVU,7220201CT,Ngôn ngữ Anh (Lý luận và phương pháp dạy học bộ môn tiếng Anh - Chương trình chuẩn nhận hai bằng cử nhân và thạc sĩ),7220201,2025,https://github.com/kbaoooo/vn_schools_scores_data/blob/main/craw-data/scores/BVU/2025.json
BVU,7220204,"Ngôn ngữ Trung Quốc (Chương trình chuẩn, ngoại ngữ tiếng Anh/Nhật/Hàn/Trung)",7220204,2025,https://github.com/kbaoooo/vn_schools_scores_data/blob/main/craw-data/scores/BVU/2025.json
BVU,7220204C1,"Ngôn ngữ Trung Quốc (Tiếng Trung biên - phiên dịch - Chương trình chuẩn, ngoại ngữ tiếng Anh/Nhật/Hàn/Trung)",7220204,2025,https://github.com/kbaoooo/vn_schools_scores_data/blob/main/craw-data/scores/BVU/2025.json
BVU,7220204C2,"Ngôn ngữ Trung Quốc (Tiếng Trung du lịch - thương mại - Chương trình chuẩn, ngoại ngữ tiếng Anh/Nhật/Hàn/Trung)",7220204,2025,https://github.com/kbaoooo/vn_schools_scores_data/blob/main/craw-data/scores/BVU/2025.json
BVU,7220204C3,"Ngôn ngữ Trung Quốc (Phương pháp giảng dạy tiếng Trung - Chương trình chuẩn, ngoại ngữ tiếng Anh/Nhật/Hàn/Trung)",7220204,2025,https://github.com/kbaoooo/vn_schools_scores_data/blob/main/craw-data/scores/BVU/2025.json
BVU,7310401,Tâm lý học,7310401,2025,https://github.com/kbaoooo/vn_schools_scores_data/blob/main/craw-data/scores/BVU/2025.json
BVU,7310401C1,"Tâm lý học (Tham vấn và trị liệu tâm lý - Chương trình chuẩn, ngoại ngữ tiếng Anh)",7310401,2025,https://github.com/kbaoooo/vn_schools_scores_data/blob/main/craw-data/scores/BVU/2025.json
BVU,7310608C1,"Đông phương học (Ngôn ngữ và văn hóa Hàn Quốc - Chương trình chuẩn, ngoại ngữ tiếng Anh/Nhật/Hàn/Trung)",7310608,2025,https://github.com/kbaoooo/vn_schools_scores_data/blob/main/craw-data/scores/BVU/2025.json
BVU,7310608C2,"Đông phương học (Phương pháp giảng dạy tiếng Hàn - Chương trình chuẩn, ngoại ngữ tiếng Anh/Nhật/Hàn/Trung)",7310608,2025,https://github.com/kbaoooo/vn_schools_scores_data/blob/main/craw-data/scores/BVU/2025.json
BVU,7310608C3,"Đông phương học (Ngôn ngữ và văn hóa Nhật Bản - Chương trình chuẩn, ngoại ngữ tiếng Anh/Nhật/Hàn/Trung)",7310608,2025,https://github.com/kbaoooo/vn_schools_scores_data/blob/main/craw-data/scores/BVU/2025.json
BVU,7310608C4,"Đông phương học (Phương pháp giảng dạy tiếng Nhật - Chương trình chuẩn, ngoại ngữ tiếng Anh/Nhật/Hàn/Trung)",7310608,2025,https://github.com/kbaoooo/vn_schools_scores_data/blob/main/craw-data/scores/BVU/2025.json
BVU,7310608C5,"Đông phương học (Văn hóa và truyền thông xuyên quốc gia - Chương trình chuẩn, ngoại ngữ tiếng Anh/Nhật/Hàn/Trung)",7310608,2025,https://github.com/kbaoooo/vn_schools_scores_data/blob/main/craw-data/scores/BVU/2025.json
BVU,7310608CT1,Đông phương học (Ngôn ngữ và văn hóa Nhật Bản - Chương trình chuẩn nhận hai bằng cử nhân và thạc sĩ),7310608,2025,https://github.com/kbaoooo/vn_schools_scores_data/blob/main/craw-data/scores/BVU/2025.json
BVU,7310608CT2,Đông phương học (Ngôn ngữ và văn hóa Hàn Quốc - Chương trình chuẩn nhận hai bằng cử nhân và thạc sĩ),7310608,2025,https://github.com/kbaoooo/vn_schools_scores_data/blob/main/craw-data/scores/BVU/2025.json
BVU,7320104,Truyền thông đa phương tiện,7320104,2025,https://github.com/kbaoooo/vn_schools_scores_data/blob/main/craw-data/scores/BVU/2025.json
BVU,7320108,Quan hệ công chúng,7320108,2025,https://github.com/kbaoooo/vn_schools_scores_data/blob/main/craw-data/scores/BVU/2025.json
BVU,7340101,Quản trị kinh doanh,7340101,2025,https://github.com/kbaoooo/vn_schools_scores_data/blob/main/craw-data/scores/BVU/2025.json
BVU,7340101C1,"Quản trị kinh doanh (Quản trị doanh nghiệp - Chương trình chuẩn, ngoại ngữ tiếng Anh)",7340101,2025,https://github.com/kbaoooo/vn_schools_scores_data/blob/main/craw-data/scores/BVU/2025.json
BVU,7340101C2,"Quản trị kinh doanh (Quản trị kinh doanh bất động sản - Chương trình chuẩn, ngoại ngữ tiếng Anh)",7340101,2025,https://github.com/kbaoooo/vn_schools_scores_data/blob/main/craw-data/scores/BVU/2025.json
BVU,7340101C3,"Quản trị kinh doanh (Quản trị nhân sự - Chương trình chuẩn, ngoại ngữ tiếng Anh)",7340101,2025,https://github.com/kbaoooo/vn_schools_scores_data/blob/main/craw-data/scores/BVU/2025.json
BVU,7340101C4,"Quản trị kinh doanh (Quản trị sự kiện và dịch vụ giải trí - Chương trình chuẩn, ngoại ngữ tiếng Anh)",7340101,2025,https://github.com/kbaoooo/vn_schools_scores_data/blob/main/craw-data/scores/BVU/2025.json
BVU,7340101C5,"Quản trị kinh doanh (Quản trị khởi nghiệp - Chương trình chuẩn, ngoại ngữ tiếng Anh)",7340101,2025,https://github.com/kbaoooo/vn_schools_scores_data/blob/main/craw-data/scores/BVU/2025.json
BVU,7340101CT,Quản trị kinh doanh (Chương trình chuẩn nhận hai bằng cử nhân và thạc sĩ),7340101,2025,https://github.com/kbaoooo/vn_schools_scores_data/blob/main/craw-data/scores/BVU/2025.json
BVU,7340101QA,Quản trị kinh doanh & Ngôn ngữ Anh (Chương trình chuẩn nhận cùng lúc hai bằng cử nhân),7340101,2025,https://github.com/kbaoooo/vn_schools_scores_data/blob/main/craw-data/scores/BVU/2025.json
BVU,7340101QL,Quản trị kinh doanh & Luật (Chương trình chuẩn nhận cùng lúc hai bằng cử nhân),7340101,2025,https://github.com/kbaoooo/vn_schools_scores_data/blob/main/craw-data/scores/BVU/2025.json
BVU,7340115,Marketing,7340115,2025,https://github.com/kbaoooo/vn_schools_scores_data/blob/main/craw-data/scores/BVU/2025.json
BVU,7340115C1,"Marketing (Marketing và tổ chức sự kiện - Chương trình chuẩn, ngoại ngữ tiếng Anh)",7340115,2025,https://github.com/kbaoooo/vn_schools_scores_data/blob/main/craw-data/scores/BVU/2025.json
BVU,7340115C2,"Marketing (Marketing thương mại - Chương trình chuẩn, ngoại ngữ tiếng Anh)",7340115,2025,https://github.com/kbaoooo/vn_schools_scores_data/blob/main/craw-data/scores/BVU/2025.json
BVU,7340115C3,"Marketing (Digital marketing - Chương trình chuẩn, ngoại ngữ tiếng Anh)",7340115,2025,https://github.com/kbaoooo/vn_schools_scores_data/blob/main/craw-data/scores/BVU/2025.json
BVU,7340115C4,"Marketing (Marketing và truyền thông - Chương trình chuẩn, ngoại ngữ tiếng Anh)",7340115,2025,https://github.com/kbaoooo/vn_schools_scores_data/blob/main/craw-data/scores/BVU/2025.json
BVU,7340120,Kinh doanh quốc tế,7340120,2025,https://github.com/kbaoooo/vn_schools_scores_data/blob/main/craw-data/scores/BVU/2025.json
BVU,7340120C1,"Kinh doanh quốc tế (Kinh doanh số - Chương trình chuẩn, ngoại ngữ tiếng Anh)",7340120,2025,https://github.com/kbaoooo/vn_schools_scores_data/blob/main/craw-data/scores/BVU/2025.json
BVU,7340120KL,Kinh doanh quốc tế & Luật (Chương trình chuẩn nhận cùng lúc hai bằng cử nhân),7340120,2025,https://github.com/kbaoooo/vn_schools_scores_data/blob/main/craw-data/scores/BVU/2025.json
BVU,7340122,Thương mại điện tử,7340122,2025,https://github.com/kbaoooo/vn_schools_scores_data/blob/main/craw-data/scores/BVU/2025.json
BVU,7340201,Tài chính - Ngân hàng,7340201,2025,https://github.com/kbaoooo/vn_schools_scores_data/blob/main/craw-data/scores/BVU/2025.json
BVU,7340201C1,"Tài chính - Ngân hàng (Tài chính doanh nghiệp - Chương trình chuẩn, ngoại ngữ tiếng Anh)",7340201,2025,https://github.com/kbaoooo/vn_schools_scores_data/blob/main/craw-data/scores/BVU/2025.json
BVU,7340201C2,"Tài chính - Ngân hàng (Đầu tư tài chính - Chương trình chuẩn, ngoại ngữ tiếng Anh)",7340201,2025,https://github.com/kbaoooo/vn_schools_scores_data/blob/main/craw-data/scores/BVU/2025.json
BVU,7340201TL,Tài chính ngân hàng & Luật (Chương trình chuẩn nhận cùng lúc hai bằng cử nhân),7340201,2025,https://github.com/kbaoooo/vn_schools_scores_data/blob/main/craw-data/scores/BVU/2025.json
BVU,7340301,Kế toán,7340301,2025,https://github.com/kbaoooo/vn_schools_scores_data/blob/main/craw-data/scores/BVU/2025.json
BVU,7340301C1,"Kế toán (Kế toán tài chính - Chương trình chuẩn, ngoại ngữ tiếng Anh)",7340301,2025,https://github.com/kbaoooo/vn_schools_scores_data/blob/main/craw-data/scores/BVU/2025.json
BVU,7340301C2,"Kế toán (Kế toán kiểm toán - Chương trình chuẩn, ngoại ngữ tiếng Anh)",7340301,2025,https://github.com/kbaoooo/vn_schools_scores_data/blob/main/craw-data/scores/BVU/2025.json
BVU,7340301C3,"Kế toán (Kế toán quốc tế - Chương trình chuẩn, ngoại ngữ tiếng Anh)",7340301,2025,https://github.com/kbaoooo/vn_schools_scores_data/blob/main/craw-data/scores/BVU/2025.json
BVU,7340301KL,Kế toán & Luật (Chương trình chuẩn nhận cùng lúc hai bằng cử nhân),7340301,2025,https://github.com/kbaoooo/vn_schools_scores_data/blob/main/craw-data/scores/BVU/2025.json
BVU,7340301TN,"Kế toán (Chương trình chuẩn, học song ngữ Việt - Anh)",7340301,2025,https://github.com/kbaoooo/vn_schools_scores_data/blob/main/craw-data/scores/BVU/2025.json
BVU,7380101,Luật,7380101,2025,https://github.com/kbaoooo/vn_schools_scores_data/blob/main/craw-data/scores/BVU/2025.json
BVU,7380101C1,"Luật (Luật kinh tế và dân sự - Chương trình chuẩn, ngoại ngữ tiếng Anh)",7380101,2025,https://github.com/kbaoooo/vn_schools_scores_data/blob/main/craw-data/scores/BVU/2025.json
BVU,7380101LA,Luật & Ngôn ngữ Anh (Chương trình chuẩn nhận cùng lúc hai bằng cử nhân),7380101,2025,https://github.com/kbaoooo/vn_schools_scores_data/blob/main/craw-data/scores/BVU/2025.json
BVU,7480201,Công nghệ thông tin,7480201,2025,https://github.com/kbaoooo/vn_schools_scores_data/blob/main/craw-data/scores/BVU/2025.json
BVU,7480201C1,"Công nghệ thông tin (Kỹ thuật phần mềm - Chương trình chuẩn, ngoại ngữ tiếng Anh)",7480201,2025,https://github.com/kbaoooo/vn_schools_scores_data/blob/main/craw-data/scores/BVU/2025.json
BVU,7480201C2,"Công nghệ thông tin (Lập trình ứng dụng di động và game - Chương trình chuẩn, ngoại ngữ tiếng Anh)",7480201,2025,https://github.com/kbaoooo/vn_schools_scores_data/blob/main/craw-data/scores/BVU/2025.json
BVU,7480201C3,"Công nghệ thông tin (Quản trị mạng và an toàn thông tin - Chương trình chuẩn, ngoại ngữ tiếng Anh)",7480201,2025,https://github.com/kbaoooo/vn_schools_scores_data/blob/main/craw-data/scores/BVU/2025.json
BVU,7480201CT,Công nghệ thông tin (Chương trình chuẩn nhận hai bằng cử nhân và thạc sĩ),7480201,2025,https://github.com/kbaoooo/vn_schools_scores_data/blob/main/craw-data/scores/BVU/2025.json
BVU,7510102,"Công nghệ kỹ thuật công trình xây dựng (Chương trình chuẩn, ngoại ngữ tiếng Anh)",7510102,2025,https://github.com/kbaoooo/vn_schools_scores_data/blob/main/craw-data/scores/BVU/2025.json
BVU,7510102NB,"Công nghệ kỹ thuật công trình xây dựng (Chương trình chuẩn, ngoại ngữ tiếng Nhật)",7510102,2025,https://github.com/kbaoooo/vn_schools_scores_data/blob/main/craw-data/scores/BVU/2025.json
BVU,7510201,"Công nghệ kỹ thuật cơ khí (Chương trình chuẩn, ngoại ngữ tiếng Anh)",7510201,2025,https://github.com/kbaoooo/vn_schools_scores_data/blob/main/craw-data/scores/BVU/2025.json
BVU,7510201C1,"Công nghệ kỹ thuật cơ khí (Kỹ thuật Robot và Cơ điện tử - Chương trình chuẩn, ngoại ngữ tiếng Anh)",7510201,2025,https://github.com/kbaoooo/vn_schools_scores_data/blob/main/craw-data/scores/BVU/2025.json
BVU,7510201NB,"Công nghệ kỹ thuật cơ khí (Chương trình chuẩn, ngoại ngữ tiếng Nhật)",7510201,2025,https://github.com/kbaoooo/vn_schools_scores_data/blob/main/craw-data/scores/BVU/2025.json
BVU,7510205,"Công nghệ kỹ thuật ô tô (Chương trình chuẩn, ngoại ngữ tiếng Anh)",7510205,2025,https://github.com/kbaoooo/vn_schools_scores_data/blob/main/craw-data/scores/BVU/2025.json
BVU,7510205C1,"Công nghệ kỹ thuật ô tô (Công nghệ kỹ thuật ô tô điện - Chương trình chuẩn, ngoại ngữ tiếng Anh)",7510205,2025,https://github.com/kbaoooo/vn_schools_scores_data/blob/main/craw-data/scores/BVU/2025.json
BVU,7510205NB,"Công nghệ kỹ thuật ô tô (Chương trình chuẩn, ngoại ngữ tiếng Nhật)",7510205,2025,https://github.com/kbaoooo/vn_schools_scores_data/blob/main/craw-data/scores/BVU/2025.json
BVU,7510301,"Công nghệ kỹ thuật điện, điện tử (Chương trình chuẩn, ngoại ngữ tiếng Anh)",7510301,2025,https://github.com/kbaoooo/vn_schools_scores_data/blob/main/craw-data/scores/BVU/2025.json
BVU,7510301C1,"Công nghệ kỹ thuật điện, điện tử (Kỹ thuật điện - Chương trình chuẩn, ngoại ngữ tiếng Anh)",7510301,2025,https://github.com/kbaoooo/vn_schools_scores_data/blob/main/craw-data/scores/BVU/2025.json
BVU,7510301C2,"Công nghệ kỹ thuật điện, điện tử (Điều khiển và tự động hóa - Chương trình chuẩn, ngoại ngữ tiếng Anh)",7510301,2025,https://github.com/kbaoooo/vn_schools_scores_data/blob/main/craw-data/scores/BVU/2025.json
BVU,7510301NB,"Công nghệ kỹ thuật điện, điện tử (Chương trình chuẩn, ngoại ngữ tiếng Nhật)",7510301,2025,https://github.com/kbaoooo/vn_schools_scores_data/blob/main/craw-data/scores/BVU/2025.json
BVU,7510605,"Logistics và Quản lý chuỗi cung ứng (Chương trình chuẩn, ngoại ngữ tiếng Anh)",7510605,2025,https://github.com/kbaoooo/vn_schools_scores_data/blob/main/craw-data/scores/BVU/2025.json
BVU,7510605C1,"Logistics và Quản lý chuỗi cung ứng (Logistics cảng biển - Xuất nhập khẩu - Giao nhận vận tải quốc tế - Chương trình chuẩn, ngoại ngữ tiếng Anh)",7510605,2025,https://github.com/kbaoooo/vn_schools_scores_data/blob/main/craw-data/scores/BVU/2025.json
BVU,7510605C2,"Logistics và Quản lý chuỗi cung ứng (Logistics cảng hàng không - Xuất nhập khẩu - Giao nhận vận tải quốc tế - Chương trình chuẩn, ngoại ngữ tiếng Anh)",7510605,2025,https://github.com/kbaoooo/vn_schools_scores_data/blob/main/craw-data/scores/BVU/2025.json
BVU,7510605CT1,Logistics và Quản lý chuỗi cung ứng (Chương trình chuẩn nhận hai bằng cử nhân và thạc sĩ),7510605,2025,https://github.com/kbaoooo/vn_schools_scores_data/blob/main/craw-data/scores/BVU/2025.json
BVU,7510605CT2,Logistics và Quản lý chuỗi cung ứng (Quản lý Logistics cảng biển - XNK - Giao nhận vận tải quốc tế - Chương trình chuẩn nhận hai bằng cử nhân và thạc sĩ),7510605,2025,https://github.com/kbaoooo/vn_schools_scores_data/blob/main/craw-data/scores/BVU/2025.json
BVU,7510605CT3,Logistics và quản lý chuỗi cung ứng (Quản lý Logistics cảng hàng không - XNK - Giao nhận vận tải quốc tế - Chương trình chuẩn nhận hai bằng cử nhân và thạc sĩ),7510605,2025,https://github.com/kbaoooo/vn_schools_scores_data/blob/main/craw-data/scores/BVU/2025.json
BVU,7510605LA,Logistics và Quản lý chuỗi cung ứng & Ngôn ngữ Anh (Chương trình chuẩn nhận cùng lúc hai bằng cử nhân),7510605,2025,https://github.com/kbaoooo/vn_schools_scores_data/blob/main/craw-data/scores/BVU/2025.json
BVU,7510605NB,"Logistics và Quản lý chuỗi cung ứng (Chương trình chuẩn, ngoại ngữ tiếng Nhật)",7510605,2025,https://github.com/kbaoooo/vn_schools_scores_data/blob/main/craw-data/scores/BVU/2025.json
BVU,7510605TN,"Logistics và Quản lý chuỗi cung ứng (Chương trình chuẩn, học song ngữ Việt - Anh)",7510605,2025,https://github.com/kbaoooo/vn_schools_scores_data/blob/main/craw-data/scores/BVU/2025.json
BVU,7720201,Dược học,7720201,2025,https://github.com/kbaoooo/vn_schools_scores_data/blob/main/craw-data/scores/BVU/2025.json
BVU,7720301,Điều dưỡng,7720301,2025,https://github.com/kbaoooo/vn_schools_scores_data/blob/main/craw-data/scores/BVU/2025.json
BVU,7720301NB,"Điều dưỡng (Chương trình chuẩn, ngoại ngữ tiếng Nhật)",7720301,2025,https://github.com/kbaoooo/vn_schools_scores_data/blob/main/craw-data/scores/BVU/2025.json
BVU,7810103,Quản trị dịch vụ du lịch và lữ hành,7810103,2025,https://github.com/kbaoooo/vn_schools_scores_data/blob/main/craw-data/scores/BVU/2025.json
BVU,7810103C1,"Quản trị dịch vụ du lịch và lữ hành (Quản trị du lịch - nhà hàng - khách sạn - Chương trình chuẩn, ngoại ngữ tiếng Anh)",7810103,2025,https://github.com/kbaoooo/vn_schools_scores_data/blob/main/craw-data/scores/BVU/2025.json
BVU,7810103DA,Quản trị dịch vụ du lịch và lữ hành & Ngôn ngữ Anh (Chương trình chuẩn nhận cùng lúc hai bằng cử nhân),7810103,2025,https://github.com/kbaoooo/vn_schools_scores_data/blob/main/craw-data/scores/BVU/2025.json
BVU,7810103NB,"Quản trị dịch vụ du lịch và lữ hành (Chương trình chuẩn, ngoại ngữ tiếng Nhật)",7810103,2025,https://github.com/kbaoooo/vn_schools_scores_data/blob/main/craw-data/scores/BVU/2025.json
BVU,7810201,Quản trị khách sạn,7810201,2025,https://github.com/kbaoooo/vn_schools_scores_data/blob/main/craw-data/scores/BVU/2025.json
BVU,7810201C1,"Quản trị khách sạn (Quản trị nhà hàng - khách sạn và dịch vụ ăn uống - Chương trình chuẩn, ngoại ngữ tiếng Anh)",7810201,2025,https://github.com/kbaoooo/vn_schools_scores_data/blob/main/craw-data/scores/BVU/2025.json
BVU,7810201NB,"Quản trị khách sạn (Chương trình chuẩn, ngoại ngữ tiếng Nhật)",7810201,2025,https://github.com/kbaoooo/vn_schools_scores_data/blob/main/craw-data/scores/BVU/2025.json
BVU,7810201QA,Quản trị khách sạn & Ngôn ngữ Anh (Chương trình chuẩn nhận cùng lúc hai bằng cử nhân),7810201,2025,https://github.com/kbaoooo/vn_schools_scores_data/blob/main/craw-data/scores/BVU/2025.json
BVU,7840101,"Khai thác vận tải (Chương trình chuẩn, ngoại ngữ tiếng Anh)",7840101,2025,https://github.com/kbaoooo/vn_schools_scores_data/blob/main/craw-data/scores/BVU/2025.json
BVU,7840101C1,"Khai thác vận tải (Quản trị Logistics và vận tải đa phương thức - Chương trình chuẩn, ngoại ngữ tiếng Anh)",7840101,2025,https://github.com/kbaoooo/vn_schools_scores_data/blob/main/craw-data/scores/BVU/2025.json
BVU,7840101C2,"Khai thác vận tải (Quản lý và kinh doanh vận tải - Chương trình chuẩn, ngoại ngữ tiếng Anh)",7840101,2025,https://github.com/kbaoooo/vn_schools_scores_data/blob/main/craw-data/scores/BVU/2025.json
BVU,7840104,Kinh tế vận tải,7840104,2025,https://github.com/kbaoooo/vn_schools_scores_data/blob/main/craw-data/scores/BVU/2025.json
BVU,7840104C1,"Kinh tế vận tải (Kinh tế vận tải biển - Chương trình chuẩn, ngoại ngữ tiếng Anh)",7840104,2025,https://github.com/kbaoooo/vn_schools_scores_data/blob/main/craw-data/scores/BVU/2025.json
BVU,7840104C2,"Kinh tế vận tải (Kinh tế vận tải hàng không - Chương trình chuẩn, ngoại ngữ tiếng Anh)",7840104,2025,https://github.com/kbaoooo/vn_schools_scores_data/blob/main/craw-data/scores/BVU/2025.json
CCM,7210403,Thiết kế đồ họa,7210403,2025,https://github.com/kbaoooo/vn_schools_scores_data/blob/main/craw-data/scores/CCM/2025.json
CCM,7210404,Thiết kế thời trang,7210404,2025,https://github.com/kbaoooo/vn_schools_scores_data/blob/main/craw-data/scores/CCM/2025.json
CCM,7340101,Quản trị kinh doanh,7340101,2025,https://github.com/kbaoooo/vn_schools_scores_data/blob/main/craw-data/scores/CCM/2025.json
CCM,7340115,Marketing,7340115,2025,https://github.com/kbaoooo/vn_schools_scores_data/blob/main/craw-data/scores/CCM/2025.json
CCM,7340122,Thương mại điện tử,7340122,2025,https://github.com/kbaoooo/vn_schools_scores_data/blob/main/craw-data/scores/CCM/2025.json
CCM,7340301,Kế toán,7340301,2025,https://github.com/kbaoooo/vn_schools_scores_data/blob/main/craw-data/scores/CCM/2025.json
CCM,7510201,Công nghệ kỹ thuật cơ khí,7510201,2025,https://github.com/kbaoooo/vn_schools_scores_data/blob/main/craw-data/scores/CCM/2025.json
CCM,7510301,"Công nghệ kỹ thuật điện, điện tử",7510301,2025,https://github.com/kbaoooo/vn_schools_scores_data/blob/main/craw-data/scores/CCM/2025.json
CCM,7510601,Quản lý công nghiệp,7510601,2025,https://github.com/kbaoooo/vn_schools_scores_data/blob/main/craw-data/scores/CCM/2025.json
CCM,7540202,Công nghệ Sợi Dệt,7540202,2025,https://github.com/kbaoooo/vn_schools_scores_data/blob/main/craw-data/scores/CCM/2025.json
CCM,7540209,Công nghệ may,7540209,2025,https://github.com/kbaoooo/vn_schools_scores_data/blob/main/craw-data/scores/CCM/2025.json
CEA,7220201,Ngôn ngữ Anh,7220201,2025,https://github.com/kbaoooo/vn_schools_scores_data/blob/main/craw-data/scores/CEA/2025.json
CEA,7220204,Ngôn ngữ Trung,7220204,2025,https://github.com/kbaoooo/vn_schools_scores_data/blob/main/craw-data/scores/CEA/2025.json
CEA,7310101,Kinh tế,7310101,2025,https://github.com/kbaoooo/vn_schools_scores_data/blob/main/craw-data/scores/CEA/2025.json
CEA,7340101,Quản trị kinh doanh,7340101,2025,https://github.com/kbaoooo/vn_schools_scores_data/blob/main/craw-data/scores/CEA/2025.json
CEA,7340115,Marketing,7340115,2025,https://github.com/kbaoooo/vn_schools_scores_data/blob/main/craw-data/scores/CEA/2025.json
CEA,7340122,Thương mại điện tử,7340122,2025,https://github.com/kbaoooo/vn_schools_scores_data/blob/main/craw-data/scores/CEA/2025.json
CEA,7340201,Tài chính - Ngân hàng,7340201,2025,https://github.com/kbaoooo/vn_schools_scores_data/blob/main/craw-data/scores/CEA/2025.json
CEA,7340205,Công nghệ tài chính,7340205,2025,https://github.com/kbaoooo/vn_schools_scores_data/blob/main/craw-data/scores/CEA/2025.json
CEA,7340301,Kế toán,7340301,2025,https://github.com/kbaoooo/vn_schools_scores_data/blob/main/craw-data/scores/CEA/2025.json
CEA,7340302,Kiểm toán,7340302,2025,https://github.com/kbaoooo/vn_schools_scores_data/blob/main/craw-data/scores/CEA/2025.json
CEA,7480201,Công nghệ thông tin,7480201,2025,https://github.com/kbaoooo/vn_schools_scores_data/blob/main/craw-data/scores/CEA/2025.json
CEA,7510605,Logistics và chuỗi cung ứng,7510605,2025,https://github.com/kbaoooo/vn_schools_scores_data/blob/main/craw-data/scores/CEA/2025.json
CEA,7620101,Nông nghiệp,7620101,2025,https://github.com/kbaoooo/vn_schools_scores_data/blob/main/craw-data/scores/CEA/2025.json
CEA,7620201,Lâm học,7620201,2025,https://github.com/kbaoooo/vn_schools_scores_data/blob/main/craw-data/scores/CEA/2025.json
CEA,7640101,Thúy (Bác sĩ Thú y),7640101,2025,https://github.com/kbaoooo/vn_schools_scores_data/blob/main/craw-data/scores/CEA/2025.json
CEA,7850103,Quản lý đất đai,7850103,2025,https://github.com/kbaoooo/vn_schools_scores_data/blob/main/craw-data/scores/CEA/2025.json
CMC,AI,Trí tuệ Nhân tạo,,2025,https://github.com/kbaoooo/vn_schools_scores_data/blob/main/craw-data/scores/CMC/2025.json
CMC,BA,Quản trị Kinh doanh,,2025,https://github.com/kbaoooo/vn_schools_scores_data/blob/main/craw-data/scores/CMC/2025.json
CMC,CL,Ngôn ngữ Trung Quốc,,2025,https://github.com/kbaoooo/vn_schools_scores_data/blob/main/craw-data/scores/CMC/2025.json
CMC,CS,Khoa học Máy tính,,2025,https://github.com/kbaoooo/vn_schools_scores_data/blob/main/craw-data/scores/CMC/2025.json
CMC,EC,Thương mại điện tử,,2025,https://github.com/kbaoooo/vn_schools_scores_data/blob/main/craw-data/scores/CMC/2025.json
CMC,ET,Công nghệ Kỹ thuật Điện tử - Viễn thông (IC Design),,2025,https://github.com/kbaoooo/vn_schools_scores_data/blob/main/craw-data/scores/CMC/2025.json
CMC,GA,Đồ họa game,,2025,https://github.com/kbaoooo/vn_schools_scores_data/blob/main/craw-data/scores/CMC/2025.json
CMC,GD,Thiết kế Đồ họa,,2025,https://github.com/kbaoooo/vn_schools_scores_data/blob/main/craw-data/scores/CMC/2025.json
CMC,IT,Công nghệ Thông tin,,2025,https://github.com/kbaoooo/vn_schools_scores_data/blob/main/craw-data/scores/CMC/2025.json
CMC,JL,Tiếng Nhật thương mại,,2025,https://github.com/kbaoooo/vn_schools_scores_data/blob/main/craw-data/scores/CMC/2025.json
CMC,KL,Ngôn ngữ Hàn Quốc,,2025,https://github.com/kbaoooo/vn_schools_scores_data/blob/main/craw-data/scores/CMC/2025.json
CMC,LS,Logistics và Quản lý chuỗi cung ứng,,2025,https://github.com/kbaoooo/vn_schools_scores_data/blob/main/craw-data/scores/CMC/2025.json
CMC,MK,Digital Marketing,,2025,https://github.com/kbaoooo/vn_schools_scores_data/blob/main/craw-data/scores/CMC/2025.json
CMC,SE,Kỹ thuật Phần mềm,,2025,https://github.com/kbaoooo/vn_schools_scores_data/blob/main/craw-data/scores/CMC/2025.json
CSH,7860100_Nam_1,"Nhóm ngành nghiệp vụ Cảnh sát (Thí sinh Nam, vùng 1)",7860100,2025,https://github.com/kbaoooo/vn_schools_scores_data/blob/main/craw-data/scores/CSH/2025.json
CSH,7860100_Nam_2,"Nhóm ngành nghiệp vụ Cảnh sát (Thí sinh Nam, vùng 2)",7860100,2025,https://github.com/kbaoooo/vn_schools_scores_data/blob/main/craw-data/scores/CSH/2025.json
CSH,7860100_Nam_3,"Nhóm ngành nghiệp vụ Cảnh sát (Thí sinh Nam, vùng 3)",7860100,2025,https://github.com/kbaoooo/vn_schools_scores_data/blob/main/craw-data/scores/CSH/2025.json
CSH,7860100_Nam_8,"Nhóm ngành nghiệp vụ Cảnh sát (Thí sinh Nam, vùng 8)",7860100,2025,https://github.com/kbaoooo/vn_schools_scores_data/blob/main/craw-data/scores/CSH/2025.json
CSH,7860100_Nu_1,"Nhóm ngành nghiệp vụ Cảnh sát (Thí sinh Nữ, vùng 1)",7860100,2025,https://github.com/kbaoooo/vn_schools_scores_data/blob/main/craw-data/scores/CSH/2025.json
CSH,7860100_Nu_2,"Nhóm ngành nghiệp vụ Cảnh sát (Thí sinh Nữ, vùng 2)",7860100,2025,https://github.com/kbaoooo/vn_schools_scores_data/blob/main/craw-data/scores/CSH/2025.json
CSH,7860100_Nu_3,"Nhóm ngành nghiệp vụ Cảnh sát (Thí sinh Nữ, vùng 3)",7860100,2025,https://github.com/kbaoooo/vn_schools_scores_data/blob/main/craw-data/scores/CSH/2025.json
CSH,7860100_Nu_8,"Nhóm ngành nghiệp vụ Cảnh sát (Thí sinh Nữ, vùng 8)",7860100,2025,https://github.com/kbaoooo/vn_schools_scores_data/blob/main/craw-data/scores/CSH/2025.json
CSS,7860100_Nam_4,"Nhóm ngành nghiệp vụ Cảnh sát (Thí sinh Nam, vùng 4)",7860100,2025,https://github.com/kbaoooo/vn_schools_scores_data/blob/main/craw-data/scores/CSS/2025.json
CSS,7860100_Nam_5,"Nhóm ngành nghiệp vụ Cảnh sát (Thí sinh Nam, vùng 5)",7860100,2025,https://github.com/kbaoooo/vn_schools_scores_data/blob/main/craw-data/scores/CSS/2025.json
CSS,7860100_Nam_6,"Nhóm ngành nghiệp vụ Cảnh sát (Thí sinh Nam, vùng 6)",7860100,2025,https://github.com/kbaoooo/vn_schools_scores_data/blob/main/craw-data/scores/CSS/2025.json
CSS,7860100_Nam_7,"Nhóm ngành nghiệp vụ Cảnh sát (Thí sinh Nam, vùng 7)",7860100,2025,https://github.com/kbaoooo/vn_schools_scores_data/blob/main/craw-data/scores/CSS/2025.json
CSS,7860100_Nam_8,"Nhóm ngành nghiệp vụ Cảnh sát (Thí sinh Nam, vùng 8)",7860100,2025,https://github.com/kbaoooo/vn_schools_scores_data/blob/main/craw-data/scores/CSS/2025.json
CSS,7860100_Nữ_4,"Nhóm ngành nghiệp vụ Cảnh sát (Thí sinh Nữ, vùng 4)",7860100,2025,https://github.com/kbaoooo/vn_schools_scores_data/blob/main/craw-data/scores/CSS/2025.json
CSS,7860100_Nữ_5,"Nhóm ngành nghiệp vụ Cảnh sát (Thí sinh Nữ, vùng 5)",7860100,2025,https://github.com/kbaoooo/vn_schools_scores_data/blob/main/craw-data/scores/CSS/2025.json
CSS,7860100_Nữ_6,"Nhóm ngành nghiệp vụ Cảnh sát (Thí sinh Nữ, vùng 6)",7860100,2025,https://github.com/kbaoooo/vn_schools_scores_data/blob/main/craw-data/scores/CSS/2025.json
CSS,7860100_Nữ_7,"Nhóm ngành nghiệp vụ Cảnh sát (Thí sinh Nữ, vùng 7)",7860100,2025,https://github.com/kbaoooo/vn_schools_scores_data/blob/main/craw-data/scores/CSS/2025.json
CSS,7860100_Nữ_8,"Nhóm ngành nghiệp vụ Cảnh sát (Thí sinh Nữ, vùng 8)",7860100,2025,https://github.com/kbaoooo/vn_schools_scores_data/blob/main/craw-data/scores/CSS/2025.json
DAD,7210104,Đồ họa,7210104,2025,https://github.com/kbaoooo/vn_schools_scores_data/blob/main/craw-data/scores/DAD/2025.json
DAD,7210404,Thiết kế thời trang,7210404,2025,https://github.com/kbaoooo/vn_schools_scores_data/blob/main/craw-data/scores/DAD/2025.json
DAD,7220201,Ngôn ngữ Anh,7220201,2025,https://github.com/kbaoooo/vn_schools_scores_data/blob/main/craw-data/scores/DAD/2025.json
DAD,7220204,Ngôn ngữ Trung Quốc,7220204,2025,https://github.com/kbaoooo/vn_schools_scores_data/blob/main/craw-data/scores/DAD/2025.json
DAD,7220209,Ngôn ngữ Nhật,7220209,2025,https://github.com/kbaoooo/vn_schools_scores_data/blob/main/craw-data/scores/DAD/2025.json
DAD,7220210,Ngôn ngữ Hàn Quốc,7220210,2025,https://github.com/kbaoooo/vn_schools_scores_data/blob/main/craw-data/scores/DAD/2025.json
DAD,7229030,Văn học (Ứng dụng),7229030,2025,https://github.com/kbaoooo/vn_schools_scores_data/blob/main/craw-data/scores/DAD/2025.json
DAD,7229042,Quản lý văn hóa,7229042,2025,https://github.com/kbaoooo/vn_schools_scores_data/blob/main/craw-data/scores/DAD/2025.json
DAD,7310401,Tâm lý học,7310401,2025,https://github.com/kbaoooo/vn_schools_scores_data/blob/main/craw-data/scores/DAD/2025.json
DAD,7320104,Truyền thông đa phương tiện,7320104,2025,https://github.com/kbaoooo/vn_schools_scores_data/blob/main/craw-data/scores/DAD/2025.json
DAD,7340101,Quản trị kinh doanh,7340101,2025,https://github.com/kbaoooo/vn_schools_scores_data/blob/main/craw-data/scores/DAD/2025.json
DAD,7340115,Marketing/ Digital marketing,7340115,2025,https://github.com/kbaoooo/vn_schools_scores_data/blob/main/craw-data/scores/DAD/2025.json
DAD,7340115,Digital Marketing,7340115,2025,https://github.com/kbaoooo/vn_schools_scores_data/blob/main/craw-data/scores/DAD/2025.json
DAD,7340120,Kinh doanh quốc tế,7340120,2025,https://github.com/kbaoooo/vn_schools_scores_data/blob/main/craw-data/scores/DAD/2025.json
DAD,7340122,Thương mại điện tử,7340122,2025,https://github.com/kbaoooo/vn_schools_scores_data/blob/main/craw-data/scores/DAD/2025.json
DAD,7340201,Tài chính - Ngân hàng,7340201,2025,https://github.com/kbaoooo/vn_schools_scores_data/blob/main/craw-data/scores/DAD/2025.json
DAD,7340301,Kế toán,7340301,2025,https://github.com/kbaoooo/vn_schools_scores_data/blob/main/craw-data/scores/DAD/2025.json
DAD,7340404,Quản trị nhân lực,7340404,2025,https://github.com/kbaoooo/vn_schools_scores_data/blob/main/craw-data/scores/DAD/2025.json
DAD,7340406,Quản trị văn phòng,7340406,2025,https://github.com/kbaoooo/vn_schools_scores_data/blob/main/craw-data/scores/DAD/2025.json
DAD,7380101,Luật,7380101,2025,https://github.com/kbaoooo/vn_schools_scores_data/blob/main/craw-data/scores/DAD/2025.json
DAD,7380107,Luật kinh tế,7380107,2025,https://github.com/kbaoooo/vn_schools_scores_data/blob/main/craw-data/scores/DAD/2025.json
DAD,7480106,Kỹ thuật máy tính,7480106,2025,https://github.com/kbaoooo/vn_schools_scores_data/blob/main/craw-data/scores/DAD/2025.json
DAD,7480201,Công nghệ thông tin,7480201,2025,https://github.com/kbaoooo/vn_schools_scores_data/blob/main/craw-data/scores/DAD/2025.json
DAD,7480207,Trí tuệ nhân tạo,7480207,2025,https://github.com/kbaoooo/vn_schools_scores_data/blob/main/craw-data/scores/DAD/2025.json
DAD,7510103,Công nghệ kỹ thuật xây dựng,7510103,2025,https://github.com/kbaoooo/vn_schools_scores_data/blob/main/craw-data/scores/DAD/2025.json
DAD,7510205,Công nghệ kỹ thuật ô tô,7510205,2025,https://github.com/kbaoooo/vn_schools_scores_data/blob/main/craw-data/scores/DAD/2025.json
DAD,7510205,Công nghệ kỹ thuật Ô tô,7510205,2025,https://github.com/kbaoooo/vn_schools_scores_data/blob/main/craw-data/scores/DAD/2025.json
DAD,7510301,Công nghệ kỹ thuật Điện - Điện tử,7510301,2025,https://github.com/kbaoooo/vn_schools_scores_data/blob/main/craw-data/scores/DAD/2025.json
DAD,7510301,Công nghệ kỹ thuật điện; điện tử,7510301,2025,https://github.com/kbaoooo/vn_schools_scores_data/blob/main/craw-data/scores/DAD/2025.json
DAD,7510303,Công nghệ kỹ thuật điều khiển và tự động hóa,7510303,2025,https://github.com/kbaoooo/vn_schools_scores_data/blob/main/craw-data/scores/DAD/2025.json
DAD,7510605,Logistics và quản lý chuỗi cung ứng,7510605,2025,https://github.com/kbaoooo/vn_schools_scores_data/blob/main/craw-data/scores/DAD/2025.json
DAD,7520114,Kỹ thuật Cơ điện tử,7520114,2025,https://github.com/kbaoooo/vn_schools_scores_data/blob/main/craw-data/scores/DAD/2025.json
DAD,7540101,Công nghệ thực phẩm,7540101,2025,https://github.com/kbaoooo/vn_schools_scores_data/blob/main/craw-data/scores/DAD/2025.json
DAD,7620101,Nông nghiệp,7620101,2025,https://github.com/kbaoooo/vn_schools_scores_data/blob/main/craw-data/scores/DAD/2025.json
DAD,7640101,Thú y,7640101,2025,https://github.com/kbaoooo/vn_schools_scores_data/blob/main/craw-data/scores/DAD/2025.json
DAD,7720101,Y khoa,7720101,2025,https://github.com/kbaoooo/vn_schools_scores_data/blob/main/craw-data/scores/DAD/2025.json
DAD,7720201,Dược học,7720201,2025,https://github.com/kbaoooo/vn_schools_scores_data/blob/main/craw-data/scores/DAD/2025.json
DAD,7720301,Điều dưỡng,7720301,2025,https://github.com/kbaoooo/vn_schools_scores_data/blob/main/craw-data/scores/DAD/2025.json
DAD,7720302,Hộ sinh,7720302,2025,https://github.com/kbaoooo/vn_schools_scores_data/blob/main/craw-data/scores/DAD/2025.json
DAD,7720401,Dinh dưỡng,7720401,2025,https://github.com/kbaoooo/vn_schools_scores_data/blob/main/craw-data/scores/DAD/2025.json
DAD,7720603,Kỹ thuật phục hồi chức năng,7720603,2025,https://github.com/kbaoooo/vn_schools_scores_data/blob/main/craw-data/scores/DAD/2025.json
DAD,7810103,Quản trị DV Du lịch và Lữ hành,7810103,2025,https://github.com/kbaoooo/vn_schools_scores_data/blob/main/craw-data/scores/DAD/2025.json
DAD,7810103,Quản trị dịch vụ du lịch và lữ hành,7810103,2025,https://github.com/kbaoooo/vn_schools_scores_data/blob/main/craw-data/scores/DAD/2025.json
DAD,7810201,Quản trị khách sạn,7810201,2025,https://github.com/kbaoooo/vn_schools_scores_data/blob/main/craw-data/scores/DAD/2025.json
DAD,7810202,Quản trị nhà hàng và dịch vụ ăn uống,7810202,2025,https://github.com/kbaoooo/vn_schools_scores_data/blob/main/craw-data/scores/DAD/2025.json
DBD,7220201,Ngôn ngữ Anh,7220201,2025,https://github.com/kbaoooo/vn_schools_scores_data/blob/main/craw-data/scores/DBD/2025.json
DBD,7310301,Xã hội học,7310301,2025,https://github.com/kbaoooo/vn_schools_scores_data/blob/main/craw-data/scores/DBD/2025.json
DBD,7310614,Hàn Quốc học,7310614,2025,https://github.com/kbaoooo/vn_schools_scores_data/blob/main/craw-data/scores/DBD/2025.json
DBD,7310615,Nhật Bản học,7310615,2025,https://github.com/kbaoooo/vn_schools_scores_data/blob/main/craw-data/scores/DBD/2025.json
DBD,7340101,Quản trị kinh doanh,7340101,2025,https://github.com/kbaoooo/vn_schools_scores_data/blob/main/craw-data/scores/DBD/2025.json
DBD,7340201,Tài chính - Ngân hàng,7340201,2025,https://github.com/kbaoooo/vn_schools_scores_data/blob/main/craw-data/scores/DBD/2025.json
DBD,7340301,Kế toán,7340301,2025,https://github.com/kbaoooo/vn_schools_scores_data/blob/main/craw-data/scores/DBD/2025.json
DBD,7380101,Luật,7380101,2025,https://github.com/kbaoooo/vn_schools_scores_data/blob/main/craw-data/scores/DBD/2025.json
DBD,7380107,Luật kinh tế,7380107,2025,https://github.com/kbaoooo/vn_schools_scores_data/blob/main/craw-data/scores/DBD/2025.json
DBD,7480201,Công nghệ thông tin,7480201,2025,https://github.com/kbaoooo/vn_schools_scores_data/blob/main/craw-data/scores/DBD/2025.json
DBD,7510102,Công nghệ kỹ thuật công trình xây dựng,7510102,2025,https://github.com/kbaoooo/vn_schools_scores_data/blob/main/craw-data/scores/DBD/2025.json
DBD,7510205,Công nghệ kỹ thuật ô tô,7510205,2025,https://github.com/kbaoooo/vn_schools_scores_data/blob/main/craw-data/scores/DBD/2025.json
DBD,7510301,"Công nghệ kỹ thuật điện, điện tử",7510301,2025,https://github.com/kbaoooo/vn_schools_scores_data/blob/main/craw-data/scores/DBD/2025.json
DBD,7510605,Logistics và Quản lý chuỗi cung ứng,7510605,2025,https://github.com/kbaoooo/vn_schools_scores_data/blob/main/craw-data/scores/DBD/2025.json
DBD,7540101,Công nghệ thực phẩm,7540101,2025,https://github.com/kbaoooo/vn_schools_scores_data/blob/main/craw-data/scores/DBD/2025.json
DBD,7580101,Kiến trúc,7580101,2025,https://github.com/kbaoooo/vn_schools_scores_data/blob/main/craw-data/scores/DBD/2025.json
DBD,7720201,Dược học,7720201,2025,https://github.com/kbaoooo/vn_schools_scores_data/blob/main/craw-data/scores/DBD/2025.json
DBD,7720203,Hóa dược,7720203,2025,https://github.com/kbaoooo/vn_schools_scores_data/blob/main/craw-data/scores/DBD/2025.json
DBG,7220201,Ngôn ngữ Anh,7220201,2025,https://github.com/kbaoooo/vn_schools_scores_data/blob/main/craw-data/scores/DBG/2025.json
DBG,7220204,Ngôn ngữ Trung Quốc,7220204,2025,https://github.com/kbaoooo/vn_schools_scores_data/blob/main/craw-data/scores/DBG/2025.json
DBG,7310101,Kinh tế,7310101,2025,https://github.com/kbaoooo/vn_schools_scores_data/blob/main/craw-data/scores/DBG/2025.json
DBG,7310110,Quản lý kinh tế,7310110,2025,https://github.com/kbaoooo/vn_schools_scores_data/blob/main/craw-data/scores/DBG/2025.json
DBG,7340101,Quản trị kinh doanh,7340101,2025,https://github.com/kbaoooo/vn_schools_scores_data/blob/main/craw-data/scores/DBG/2025.json
DBG,7340122,Thương mại điện tử,7340122,2025,https://github.com/kbaoooo/vn_schools_scores_data/blob/main/craw-data/scores/DBG/2025.json
DBG,7340301,Kế toán,7340301,2025,https://github.com/kbaoooo/vn_schools_scores_data/blob/main/craw-data/scores/DBG/2025.json
DBG,7480201,Công nghệ thông tin,7480201,2025,https://github.com/kbaoooo/vn_schools_scores_data/blob/main/craw-data/scores/DBG/2025.json
DBG,7510205,Công nghệ kỹ thuật ô tô,7510205,2025,https://github.com/kbaoooo/vn_schools_scores_data/blob/main/craw-data/scores/DBG/2025.json
DBG,7520114,Kỹ thuật cơ điện tử,7520114,2025,https://github.com/kbaoooo/vn_schools_scores_data/blob/main/craw-data/scores/DBG/2025.json
DBG,7520216,Kỹ thuật điều khiển và tự động hóa,7520216,2025,https://github.com/kbaoooo/vn_schools_scores_data/blob/main/craw-data/scores/DBG/2025.json
DBG,7540101,Công nghệ thực phẩm,7540101,2025,https://github.com/kbaoooo/vn_schools_scores_data/blob/main/craw-data/scores/DBG/2025.json
DBG,7620101,Nông nghiệp,7620101,2025,https://github.com/kbaoooo/vn_schools_scores_data/blob/main/craw-data/scores/DBG/2025.json
DBG,7620105,Chăn nuôi,7620105,2025,https://github.com/kbaoooo/vn_schools_scores_data/blob/main/craw-data/scores/DBG/2025.json
DBG,7620110,Khoa học cây trồng,7620110,2025,https://github.com/kbaoooo/vn_schools_scores_data/blob/main/craw-data/scores/DBG/2025.json
DBG,7620112,Bảo vệ thực vật,7620112,2025,https://github.com/kbaoooo/vn_schools_scores_data/blob/main/craw-data/scores/DBG/2025.json
DBG,7620211,Quản lý tài nguyên rừng,7620211,2025,https://github.com/kbaoooo/vn_schools_scores_data/blob/main/craw-data/scores/DBG/2025.json
DBG,7640101,Thú y,7640101,2025,https://github.com/kbaoooo/vn_schools_scores_data/blob/main/craw-data/scores/DBG/2025.json
DBG,7850101,Quản lý tài nguyên và môi trường,7850101,2025,https://github.com/kbaoooo/vn_schools_scores_data/blob/main/craw-data/scores/DBG/2025.json
DBG,7850103,Quản lý đất đai,7850103,2025,https://github.com/kbaoooo/vn_schools_scores_data/blob/main/craw-data/scores/DBG/2025.json
DBL,7140202,Giáo dục tiểu học,7140202,2025,https://github.com/kbaoooo/vn_schools_scores_data/blob/main/craw-data/scores/DBL/2025.json
DBL,7220101,Tiếng Việt và văn hóa Việt Nam,7220101,2025,https://github.com/kbaoooo/vn_schools_scores_data/blob/main/craw-data/scores/DBL/2025.json
DBL,7220201,Ngôn ngữ Anh,7220201,2025,https://github.com/kbaoooo/vn_schools_scores_data/blob/main/craw-data/scores/DBL/2025.json
DBL,7340101,Quản trị kinh doanh,7340101,2025,https://github.com/kbaoooo/vn_schools_scores_data/blob/main/craw-data/scores/DBL/2025.json
DBL,7340201,Tài chính - Ngân hàng,7340201,2025,https://github.com/kbaoooo/vn_schools_scores_data/blob/main/craw-data/scores/DBL/2025.json
DBL,7340301,Kế toán,7340301,2025,https://github.com/kbaoooo/vn_schools_scores_data/blob/main/craw-data/scores/DBL/2025.json
DBL,7440301,Khoa học môi trường,7440301,2025,https://github.com/kbaoooo/vn_schools_scores_data/blob/main/craw-data/scores/DBL/2025.json
DBL,7480201,Công nghệ thông tin,7480201,2025,https://github.com/kbaoooo/vn_schools_scores_data/blob/main/craw-data/scores/DBL/2025.json
DBL,7620105,Chăn nuôi,7620105,2025,https://github.com/kbaoooo/vn_schools_scores_data/blob/main/craw-data/scores/DBL/2025.json
DBL,7620112,Bảo vệ thực vật,7620112,2025,https://github.com/kbaoooo/vn_schools_scores_data/blob/main/craw-data/scores/DBL/2025.json
DBL,7620301,Nuôi trồng thực vật,7620301,2025,https://github.com/kbaoooo/vn_schools_scores_data/blob/main/craw-data/scores/DBL/2025.json
DCD,7210403,Thiết kế đồ họa,7210403,2025,https://github.com/kbaoooo/vn_schools_scores_data/blob/main/craw-data/scores/DCD/2025.json
DCD,7210408,Nghệ thuật số,7210408,2025,https://github.com/kbaoooo/vn_schools_scores_data/blob/main/craw-data/scores/DCD/2025.json
DCD,7220201,Ngôn ngữ Anh,7220201,2025,https://github.com/kbaoooo/vn_schools_scores_data/blob/main/craw-data/scores/DCD/2025.json
DCD,7220204,Ngôn ngữ Trung Quốc,7220204,2025,https://github.com/kbaoooo/vn_schools_scores_data/blob/main/craw-data/scores/DCD/2025.json
DCD,7310608,Đông phương học,7310608,2025,https://github.com/kbaoooo/vn_schools_scores_data/blob/main/craw-data/scores/DCD/2025.json
DCD,7320104,Truyền thông đa phương tiện,7320104,2025,https://github.com/kbaoooo/vn_schools_scores_data/blob/main/craw-data/scores/DCD/2025.json
DCD,7340101,Quản trị kinh doanh,7340101,2025,https://github.com/kbaoooo/vn_schools_scores_data/blob/main/craw-data/scores/DCD/2025.json
DCD,7340201,Tài chính - Ngân hàng,7340201,2025,https://github.com/kbaoooo/vn_schools_scores_data/blob/main/craw-data/scores/DCD/2025.json
DCD,7340301,Kế toán,7340301,2025,https://github.com/kbaoooo/vn_schools_scores_data/blob/main/craw-data/scores/DCD/2025.json
DCD,7420201,Công nghệ sinh học,7420201,2025,https://github.com/kbaoooo/vn_schools_scores_data/blob/main/craw-data/scores/DCD/2025.json
DCD,7480103,Kỹ thuật phần mềm,7480103,2025,https://github.com/kbaoooo/vn_schools_scores_data/blob/main/craw-data/scores/DCD/2025.json
DCD,7480107,Trí tuệ nhân tạo,7480107,2025,https://github.com/kbaoooo/vn_schools_scores_data/blob/main/craw-data/scores/DCD/2025.json
DCD,7480201,Công nghệ thông tin,7480201,2025,https://github.com/kbaoooo/vn_schools_scores_data/blob/main/craw-data/scores/DCD/2025.json
DCD,7510103,Công nghệ kỹ thuật xây dựng,7510103,2025,https://github.com/kbaoooo/vn_schools_scores_data/blob/main/craw-data/scores/DCD/2025.json
DCD,7510202,Công nghệ chế tạo máy,7510202,2025,https://github.com/kbaoooo/vn_schools_scores_data/blob/main/craw-data/scores/DCD/2025.json
DCD,7510205,Công nghệ kỹ thuật ô tô,7510205,2025,https://github.com/kbaoooo/vn_schools_scores_data/blob/main/craw-data/scores/DCD/2025.json
DCD,7510301,Công nghệ kỹ thuật điện; điện tử,7510301,2025,https://github.com/kbaoooo/vn_schools_scores_data/blob/main/craw-data/scores/DCD/2025.json
DCD,7510401,Công nghệ kỹ thuật hóa học,7510401,2025,https://github.com/kbaoooo/vn_schools_scores_data/blob/main/craw-data/scores/DCD/2025.json
DCD,7510406,Công nghệ kỹ thuật môi trường,7510406,2025,https://github.com/kbaoooo/vn_schools_scores_data/blob/main/craw-data/scores/DCD/2025.json
DCD,7510605,Logistics và quản lý chuỗi cung ứng,7510605,2025,https://github.com/kbaoooo/vn_schools_scores_data/blob/main/craw-data/scores/DCD/2025.json
DCD,7540101,Công nghệ thực phẩm,7540101,2025,https://github.com/kbaoooo/vn_schools_scores_data/blob/main/craw-data/scores/DCD/2025.json
DCD,7720301,Điều dưỡng,7720301,2025,https://github.com/kbaoooo/vn_schools_scores_data/blob/main/craw-data/scores/DCD/2025.json
DCD,7720601,Kỹ thuật xét nghiệm y học,7720601,2025,https://github.com/kbaoooo/vn_schools_scores_data/blob/main/craw-data/scores/DCD/2025.json
DCD,7810103,Quản trị dịch vụ du lịch và lữ hành,7810103,2025,https://github.com/kbaoooo/vn_schools_scores_data/blob/main/craw-data/scores/DCD/2025.json
DCD,7810201,Quản trị khách sạn,7810201,2025,https://github.com/kbaoooo/vn_schools_scores_data/blob/main/craw-data/scores/DCD/2025.json
DCL,7210403,Thiết kế đồ họa,7210403,2025,https://github.com/kbaoooo/vn_schools_scores_data/blob/main/craw-data/scores/DCL/2025.json
DCL,7220101,Tiếng Việt và Văn hóa Việt Nam,7220101,2025,https://github.com/kbaoooo/vn_schools_scores_data/blob/main/craw-data/scores/DCL/2025.json
DCL,7220201,Ngôn ngữ Anh,7220201,2025,https://github.com/kbaoooo/vn_schools_scores_data/blob/main/craw-data/scores/DCL/2025.json
DCL,7310110,Quản lý kinh tế,7310110,2025,https://github.com/kbaoooo/vn_schools_scores_data/blob/main/craw-data/scores/DCL/2025.json
DCL,7310608,Đông phương học,7310608,2025,https://github.com/kbaoooo/vn_schools_scores_data/blob/main/craw-data/scores/DCL/2025.json
DCL,7320104,Truyền thông đa phương tiện,7320104,2025,https://github.com/kbaoooo/vn_schools_scores_data/blob/main/craw-data/scores/DCL/2025.json
DCL,7320108,Quan hệ công chúng,7320108,2025,https://github.com/kbaoooo/vn_schools_scores_data/blob/main/craw-data/scores/DCL/2025.json
DCL,7340101,Quản trị kinh doanh,7340101,2025,https://github.com/kbaoooo/vn_schools_scores_data/blob/main/craw-data/scores/DCL/2025.json
DCL,7340115,Marketing,7340115,2025,https://github.com/kbaoooo/vn_schools_scores_data/blob/main/craw-data/scores/DCL/2025.json
DCL,7340121,kinh doanh thương mại,7340121,2025,https://github.com/kbaoooo/vn_schools_scores_data/blob/main/craw-data/scores/DCL/2025.json
DCL,7340201,Tài chính - Ngân hàng,7340201,2025,https://github.com/kbaoooo/vn_schools_scores_data/blob/main/craw-data/scores/DCL/2025.json
DCL,7340205,Công nghệ tài chính,7340205,2025,https://github.com/kbaoooo/vn_schools_scores_data/blob/main/craw-data/scores/DCL/2025.json
DCL,7340301,Kế toán,7340301,2025,https://github.com/kbaoooo/vn_schools_scores_data/blob/main/craw-data/scores/DCL/2025.json
DCL,7380101,Luật,7380101,2025,https://github.com/kbaoooo/vn_schools_scores_data/blob/main/craw-data/scores/DCL/2025.json
DCL,7380107,Luật kinh tế,7380107,2025,https://github.com/kbaoooo/vn_schools_scores_data/blob/main/craw-data/scores/DCL/2025.json
DCL,7480201,Công nghệ thông tin,7480201,2025,https://github.com/kbaoooo/vn_schools_scores_data/blob/main/craw-data/scores/DCL/2025.json
DCL,7510102,Công nghệ kỹ thuật công trình xây dựng,7510102,2025,https://github.com/kbaoooo/vn_schools_scores_data/blob/main/craw-data/scores/DCL/2025.json
DCL,7510201,Công nghệ kỹ thuật cơ khí,7510201,2025,https://github.com/kbaoooo/vn_schools_scores_data/blob/main/craw-data/scores/DCL/2025.json
DCL,7510205,Công nghệ kỹ thuật ô tô,7510205,2025,https://github.com/kbaoooo/vn_schools_scores_data/blob/main/craw-data/scores/DCL/2025.json
DCL,7510301,"Công nghệ kỹ thuật điện, điện tử",7510301,2025,https://github.com/kbaoooo/vn_schools_scores_data/blob/main/craw-data/scores/DCL/2025.json
DCL,7520212,Kỹ thuật y sinh,7520212,2025,https://github.com/kbaoooo/vn_schools_scores_data/blob/main/craw-data/scores/DCL/2025.json
DCL,7540101,Công nghệ thực phẩm,7540101,2025,https://github.com/kbaoooo/vn_schools_scores_data/blob/main/craw-data/scores/DCL/2025.json
DCL,7580205,Kỹ thuật xây dựng công trình giao thông,7580205,2025,https://github.com/kbaoooo/vn_schools_scores_data/blob/main/craw-data/scores/DCL/2025.json
DCL,7620109,Nông học,7620109,2025,https://github.com/kbaoooo/vn_schools_scores_data/blob/main/craw-data/scores/DCL/2025.json
DCL,7620112,Bảo vệ thực vật,7620112,2025,https://github.com/kbaoooo/vn_schools_scores_data/blob/main/craw-data/scores/DCL/2025.json
DCL,7620301,Nuôi trồng thủy sản,7620301,2025,https://github.com/kbaoooo/vn_schools_scores_data/blob/main/craw-data/scores/DCL/2025.json
DCL,7640101,Thú y,7640101,2025,https://github.com/kbaoooo/vn_schools_scores_data/blob/main/craw-data/scores/DCL/2025.json
DCL,7720101,Y khoa,7720101,2025,https://github.com/kbaoooo/vn_schools_scores_data/blob/main/craw-data/scores/DCL/2025.json
DCL,7720115,Răng - Hàm - Mặt,7720115,2025,https://github.com/kbaoooo/vn_schools_scores_data/blob/main/craw-data/scores/DCL/2025.json
DCL,7720201,Dược học,7720201,2025,https://github.com/kbaoooo/vn_schools_scores_data/blob/main/craw-data/scores/DCL/2025.json
DCL,7720301,Điều dưỡng,7720301,2025,https://github.com/kbaoooo/vn_schools_scores_data/blob/main/craw-data/scores/DCL/2025.json
DCL,7720302,Hộ sinh,7720302,2025,https://github.com/kbaoooo/vn_schools_scores_data/blob/main/craw-data/scores/DCL/2025.json
DCL,7720501,Y học cổ truyền,7720501,2025,https://github.com/kbaoooo/vn_schools_scores_data/blob/main/craw-data/scores/DCL/2025.json
DCL,7720601,Kỹ thuật xét nghiệm y học,7720601,2025,https://github.com/kbaoooo/vn_schools_scores_data/blob/main/craw-data/scores/DCL/2025.json
DCL,7720602,Kỹ thuật hình ảnh y học,7720602,2025,https://github.com/kbaoooo/vn_schools_scores_data/blob/main/craw-data/scores/DCL/2025.json
DCL,7720603,Kỹ thuật phục hồi chức năng,7720603,2025,https://github.com/kbaoooo/vn_schools_scores_data/blob/main/craw-data/scores/DCL/2025.json
DCL,7760101,Công tác xã hội,7760101,2025,https://github.com/kbaoooo/vn_schools_scores_data/blob/main/craw-data/scores/DCL/2025.json
DCL,7810301,Quản trị dịch vụ du lịch và lữ hành,7810301,2025,https://github.com/kbaoooo/vn_schools_scores_data/blob/main/craw-data/scores/DCL/2025.json
DCN,7210404,Thiết kế thời trang,7210404,2025,https://github.com/kbaoooo/vn_schools_scores_data/blob/main/craw-data/scores/DCN/2025.json
DCN,7220201,Ngôn ngữ Anh,7220201,2025,https://github.com/kbaoooo/vn_schools_scores_data/blob/main/craw-data/scores/DCN/2025.json
DCN,7220204,Ngôn ngữ Trung Quốc,7220204,2025,https://github.com/kbaoooo/vn_schools_scores_data/blob/main/craw-data/scores/DCN/2025.json
DCN,7220204LK,Ngôn ngữ Trung Quốc (LK2+2 với ĐHKHKT Quảng Tây),7220204,2025,https://github.com/kbaoooo/vn_schools_scores_data/blob/main/craw-data/scores/DCN/2025.json
DCN,7220209,Ngôn ngữ Nhật,7220209,2025,https://github.com/kbaoooo/vn_schools_scores_data/blob/main/craw-data/scores/DCN/2025.json
DCN,7220210,Ngôn ngữ Hàn Quốc,7220210,2025,https://github.com/kbaoooo/vn_schools_scores_data/blob/main/craw-data/scores/DCN/2025.json
DCN,7229020,Ngôn ngữ học,7229020,2025,https://github.com/kbaoooo/vn_schools_scores_data/blob/main/craw-data/scores/DCN/2025.json
DCN,7310104,Kinh tế đầu tư,7310104,2025,https://github.com/kbaoooo/vn_schools_scores_data/blob/main/craw-data/scores/DCN/2025.json
DCN,7310612,Trung Quốc học,7310612,2025,https://github.com/kbaoooo/vn_schools_scores_data/blob/main/craw-data/scores/DCN/2025.json
DCN,7340101,Quản trị kinh doanh,7340101,2025,https://github.com/kbaoooo/vn_schools_scores_data/blob/main/craw-data/scores/DCN/2025.json
DCN,73401012,Phân tích dữ liệu kinh doanh,7340101,2025,https://github.com/kbaoooo/vn_schools_scores_data/blob/main/craw-data/scores/DCN/2025.json
DCN,7340115,Marketing,7340115,2025,https://github.com/kbaoooo/vn_schools_scores_data/blob/main/craw-data/scores/DCN/2025.json
DCN,7340201,Tài chính - Ngân hàng,7340201,2025,https://github.com/kbaoooo/vn_schools_scores_data/blob/main/craw-data/scores/DCN/2025.json
DCN,7340301,Kế toán,7340301,2025,https://github.com/kbaoooo/vn_schools_scores_data/blob/main/craw-data/scores/DCN/2025.json
DCN,7340301TA,Kế toán (CTĐT bằng tiếng Anh),7340301,2025,https://github.com/kbaoooo/vn_schools_scores_data/blob/main/craw-data/scores/DCN/2025.json
DCN,7340302,Kiểm toán,7340302,2025,https://github.com/kbaoooo/vn_schools_scores_data/blob/main/craw-data/scores/DCN/2025.json
DCN,7340404,Quản trị nhân lực,7340404,2025,https://github.com/kbaoooo/vn_schools_scores_data/blob/main/craw-data/scores/DCN/2025.json
DCN,7340406,Quản trị văn phòng,7340406,2025,https://github.com/kbaoooo/vn_schools_scores_data/blob/main/craw-data/scores/DCN/2025.json
DCN,7480101,Khoa học máy tính,7480101,2025,https://github.com/kbaoooo/vn_schools_scores_data/blob/main/craw-data/scores/DCN/2025.json
DCN,7480101TA,Khoa học máy tính (CTĐT bằng tiếng Anh),7480101,2025,https://github.com/kbaoooo/vn_schools_scores_data/blob/main/craw-data/scores/DCN/2025.json
DCN,7480102,Mạng máy tính và truyền thông dữ liệu,7480102,2025,https://github.com/kbaoooo/vn_schools_scores_data/blob/main/craw-data/scores/DCN/2025.json
DCN,7480103,Kỹ thuật phần mềm,7480103,2025,https://github.com/kbaoooo/vn_schools_scores_data/blob/main/craw-data/scores/DCN/2025.json
DCN,7480104,Hệ thống thông tin,7480104,2025,https://github.com/kbaoooo/vn_schools_scores_data/blob/main/craw-data/scores/DCN/2025.json
DCN,7480108,Công nghệ kỹ thuật máy tính,7480108,2025,https://github.com/kbaoooo/vn_schools_scores_data/blob/main/craw-data/scores/DCN/2025.json
DCN,7480201,Công nghệ thông tin,7480201,2025,https://github.com/kbaoooo/vn_schools_scores_data/blob/main/craw-data/scores/DCN/2025.json
DCN,74802012,Công nghệ đa phương tiện,7480201,2025,https://github.com/kbaoooo/vn_schools_scores_data/blob/main/craw-data/scores/DCN/2025.json
DCN,74802021,An toàn thông tin,7480202,2025,https://github.com/kbaoooo/vn_schools_scores_data/blob/main/craw-data/scores/DCN/2025.json
DCN,7510201,Công nghệ kỹ thuật cơ khí,7510201,2025,https://github.com/kbaoooo/vn_schools_scores_data/blob/main/craw-data/scores/DCN/2025.json
DCN,75102012,Công nghệ kỹ thuật khuôn mẫu,7510201,2025,https://github.com/kbaoooo/vn_schools_scores_data/blob/main/craw-data/scores/DCN/2025.json
DCN,75102013,Thiết kế cơ khí và kiểu dáng công nghiệp,7510201,2025,https://github.com/kbaoooo/vn_schools_scores_data/blob/main/craw-data/scores/DCN/2025.json
DCN,7510201TA,Công nghệ kỹ thuật cơ khí (CTĐT bằng tiếng Anh),7510201,2025,https://github.com/kbaoooo/vn_schools_scores_data/blob/main/craw-data/scores/DCN/2025.json
DCN,7510203,Công nghệ kỹ thuật cơ điện tử,7510203,2025,https://github.com/kbaoooo/vn_schools_scores_data/blob/main/craw-data/scores/DCN/2025.json
DCN,75102032,Robot và trí tuệ nhân tạo,7510203,2025,https://github.com/kbaoooo/vn_schools_scores_data/blob/main/craw-data/scores/DCN/2025.json
DCN,75102033,Công nghệ kỹ thuật cơ điện tử ô tô,7510203,2025,https://github.com/kbaoooo/vn_schools_scores_data/blob/main/craw-data/scores/DCN/2025.json
DCN,7510205,Công nghệ kỹ thuật ô tô,7510205,2025,https://github.com/kbaoooo/vn_schools_scores_data/blob/main/craw-data/scores/DCN/2025.json
DCN,7510205TA,Công nghệ kỹ thuật ô tô (CTĐT bằng tiếng Anh),7510205,2025,https://github.com/kbaoooo/vn_schools_scores_data/blob/main/craw-data/scores/DCN/2025.json
DCN,7510206,Công nghệ kỹ thuật nhiệt,7510206,2025,https://github.com/kbaoooo/vn_schools_scores_data/blob/main/craw-data/scores/DCN/2025.json
DCN,7510301,"Công nghệ kỹ thuật điện, điện tử",7510301,2025,https://github.com/kbaoooo/vn_schools_scores_data/blob/main/craw-data/scores/DCN/2025.json
DCN,7510301TA,"Công nghệ kỹ thuật điện, điện tử (CTĐT bằng tiếng Anh)",7510301,2025,https://github.com/kbaoooo/vn_schools_scores_data/blob/main/craw-data/scores/DCN/2025.json
DCN,7510302,Công nghệ kỹ thuật điện tử - viễn thông,7510302,2025,https://github.com/kbaoooo/vn_schools_scores_data/blob/main/craw-data/scores/DCN/2025.json
DCN,75103021,Công nghệ kỹ thuật điện tử y sinh,7510302,2025,https://github.com/kbaoooo/vn_schools_scores_data/blob/main/craw-data/scores/DCN/2025.json
DCN,7510302TA,Công nghệ kỹ thuật điện tử - viễn thông (CTĐT bằng tiếng Anh),7510302,2025,https://github.com/kbaoooo/vn_schools_scores_data/blob/main/craw-data/scores/DCN/2025.json
DCN,7510303,Công nghệ kỹ thuật điều khiển và tự động hóa,7510303,2025,https://github.com/kbaoooo/vn_schools_scores_data/blob/main/craw-data/scores/DCN/2025.json
DCN,75103031,Kỹ thuật sản xuất thông minh,7510303,2025,https://github.com/kbaoooo/vn_schools_scores_data/blob/main/craw-data/scores/DCN/2025.json
DCN,7510401,Công nghệ kỹ thuật hóa học,7510401,2025,https://github.com/kbaoooo/vn_schools_scores_data/blob/main/craw-data/scores/DCN/2025.json
DCN,7510406,Công nghệ kỹ thuật môi trường,7510406,2025,https://github.com/kbaoooo/vn_schools_scores_data/blob/main/craw-data/scores/DCN/2025.json
DCN,7510605,Logistics và quản lý chuỗi cung ứng,7510605,2025,https://github.com/kbaoooo/vn_schools_scores_data/blob/main/craw-data/scores/DCN/2025.json
DCN,75190071,Năng lượng tái tạo,7519007,2025,https://github.com/kbaoooo/vn_schools_scores_data/blob/main/craw-data/scores/DCN/2025.json
DCN,7520116,Kỹ thuật cơ khí động lực,7520116,2025,https://github.com/kbaoooo/vn_schools_scores_data/blob/main/craw-data/scores/DCN/2025.json
DCN,7520118,Kỹ thuật hệ thống công nghiệp,7520118,2025,https://github.com/kbaoooo/vn_schools_scores_data/blob/main/craw-data/scores/DCN/2025.json
DCN,7540101,Công nghệ thực phẩm,7540101,2025,https://github.com/kbaoooo/vn_schools_scores_data/blob/main/craw-data/scores/DCN/2025.json
DCN,7540203,"Công nghệ vật liệu dệt, may",7540203,2025,https://github.com/kbaoooo/vn_schools_scores_data/blob/main/craw-data/scores/DCN/2025.json
DCN,7540204,"Công nghệ dệt, may",7540204,2025,https://github.com/kbaoooo/vn_schools_scores_data/blob/main/craw-data/scores/DCN/2025.json
DCN,7720203,Hóa dược,7720203,2025,https://github.com/kbaoooo/vn_schools_scores_data/blob/main/craw-data/scores/DCN/2025.json
DCN,7810101,Du lịch,7810101,2025,https://github.com/kbaoooo/vn_schools_scores_data/blob/main/craw-data/scores/DCN/2025.json
DCN,7810101TA,Du lịch (CTĐT bằng tiếng Anh),7810101,2025,https://github.com/kbaoooo/vn_schools_scores_data/blob/main/craw-data/scores/DCN/2025.json
DCN,7810103,Quản trị dịch vụ du lịch và lữ hành,7810103,2025,https://github.com/kbaoooo/vn_schools_scores_data/blob/main/craw-data/scores/DCN/2025.json
DCN,7810103TA,Quản trị dịch vụ du lịch và lữ hành (CTĐT bằng tiếng Anh),7810103,2025,https://github.com/kbaoooo/vn_schools_scores_data/blob/main/craw-data/scores/DCN/2025.json
DCN,7810201,Quản trị khách sạn,7810201,2025,https://github.com/kbaoooo/vn_schools_scores_data/blob/main/craw-data/scores/DCN/2025.json
DCN,7810201TA,Quản trị khách sạn (CTĐT bằng tiếng Anh),7810201,2025,https://github.com/kbaoooo/vn_schools_scores_data/blob/main/craw-data/scores/DCN/2025.json
DCN,7810202,Quản trị nhà hàng và dịch vụ ăn uống,7810202,2025,https://github.com/kbaoooo/vn_schools_scores_data/blob/main/craw-data/scores/DCN/2025.json
DCN,7810202TA,Quản trị nhà hàng và dịch vụ ăn uống (CTĐT bằng tiếng Anh),7810202,2025,https://github.com/kbaoooo/vn_schools_scores_data/blob/main/craw-data/scores/DCN/2025.json
DCQ,7220201,Ngôn ngữ Anh,7220201,2025,https://github.com/kbaoooo/vn_schools_scores_data/blob/main/craw-data/scores/DCQ/2025.json
DCQ,7220204,Ngôn ngữ Trung Quốc,7220204,2025,https://github.com/kbaoooo/vn_schools_scores_data/blob/main/craw-data/scores/DCQ/2025.json
DCQ,7310106,Kinh tế quốc tế,7310106,2025,https://github.com/kbaoooo/vn_schools_scores_data/blob/main/craw-data/scores/DCQ/2025.json
DCQ,7310205,Quản lý nhà nước,7310205,2025,https://github.com/kbaoooo/vn_schools_scores_data/blob/main/craw-data/scores/DCQ/2025.json
DCQ,7340101,Quản trị kinh doanh,7340101,2025,https://github.com/kbaoooo/vn_schools_scores_data/blob/main/craw-data/scores/DCQ/2025.json
DCQ,7340115,Marketing,7340115,2025,https://github.com/kbaoooo/vn_schools_scores_data/blob/main/craw-data/scores/DCQ/2025.json
DCQ,7340116,Bất động sản,7340116,2025,https://github.com/kbaoooo/vn_schools_scores_data/blob/main/craw-data/scores/DCQ/2025.json
DCQ,7340201,Tài chính - ngân hàng,7340201,2025,https://github.com/kbaoooo/vn_schools_scores_data/blob/main/craw-data/scores/DCQ/2025.json
DCQ,7340205,Công nghệ tài chính,7340205,2025,https://github.com/kbaoooo/vn_schools_scores_data/blob/main/craw-data/scores/DCQ/2025.json
DCQ,7340301,Kế toán,7340301,2025,https://github.com/kbaoooo/vn_schools_scores_data/blob/main/craw-data/scores/DCQ/2025.json
DCQ,7380101,Luật,7380101,2025,https://github.com/kbaoooo/vn_schools_scores_data/blob/main/craw-data/scores/DCQ/2025.json
DCQ,7380107,Luật kinh tế,7380107,2025,https://github.com/kbaoooo/vn_schools_scores_data/blob/main/craw-data/scores/DCQ/2025.json
DCQ,7480103,Kỹ thuật phần mềm,7480103,2025,https://github.com/kbaoooo/vn_schools_scores_data/blob/main/craw-data/scores/DCQ/2025.json
DCQ,7480201,Công nghệ thông tin,7480201,2025,https://github.com/kbaoooo/vn_schools_scores_data/blob/main/craw-data/scores/DCQ/2025.json
DCQ,7510205,Công nghệ kỹ thuật ô tô,7510205,2025,https://github.com/kbaoooo/vn_schools_scores_data/blob/main/craw-data/scores/DCQ/2025.json
DCQ,7510605,Logistics và quản lý chuỗi cung ứng,7510605,2025,https://github.com/kbaoooo/vn_schools_scores_data/blob/main/craw-data/scores/DCQ/2025.json
DCQ,7810103,Quản trị dịch vụ du lịch và lữ hành,7810103,2025,https://github.com/kbaoooo/vn_schools_scores_data/blob/main/craw-data/scores/DCQ/2025.json
DCT,7220201,Ngôn ngữ Anh,7220201,2025,https://github.com/kbaoooo/vn_schools_scores_data/blob/main/craw-data/scores/DCT/2025.json
DCT,7220204,Ngôn ngữ Trung Quốc,7220204,2025,https://github.com/kbaoooo/vn_schools_scores_data/blob/main/craw-data/scores/DCT/2025.json
DCT,7340101,Quản trị kinh doanh,7340101,2025,https://github.com/kbaoooo/vn_schools_scores_data/blob/main/craw-data/scores/DCT/2025.json
DCT,7340115,Marketing,7340115,2025,https://github.com/kbaoooo/vn_schools_scores_data/blob/main/craw-data/scores/DCT/2025.json
DCT,7340120,Kinh doanh quốc tế,7340120,2025,https://github.com/kbaoooo/vn_schools_scores_data/blob/main/craw-data/scores/DCT/2025.json
DCT,7340122,Thương mại điện tử,7340122,2025,https://github.com/kbaoooo/vn_schools_scores_data/blob/main/craw-data/scores/DCT/2025.json
DCT,7340123,Kinh doanh thời trang và dệt may,7340123,2025,https://github.com/kbaoooo/vn_schools_scores_data/blob/main/craw-data/scores/DCT/2025.json
DCT,7340129,Quản trị kinh doanh thực phẩm,7340129,2025,https://github.com/kbaoooo/vn_schools_scores_data/blob/main/craw-data/scores/DCT/2025.json
DCT,7340201,Tài chính ngân hàng,7340201,2025,https://github.com/kbaoooo/vn_schools_scores_data/blob/main/craw-data/scores/DCT/2025.json
DCT,7340205,Công nghệ tài chính,7340205,2025,https://github.com/kbaoooo/vn_schools_scores_data/blob/main/craw-data/scores/DCT/2025.json
DCT,7340301,Kế toán,7340301,2025,https://github.com/kbaoooo/vn_schools_scores_data/blob/main/craw-data/scores/DCT/2025.json
DCT,7380101,Luật,7380101,2025,https://github.com/kbaoooo/vn_schools_scores_data/blob/main/craw-data/scores/DCT/2025.json
DCT,7380107,Luật kinh tế,7380107,2025,https://github.com/kbaoooo/vn_schools_scores_data/blob/main/craw-data/scores/DCT/2025.json
DCT,7420201,Công nghệ sinh học,7420201,2025,https://github.com/kbaoooo/vn_schools_scores_data/blob/main/craw-data/scores/DCT/2025.json
DCT,7460108,Khoa học dữ liệu,7460108,2025,https://github.com/kbaoooo/vn_schools_scores_data/blob/main/craw-data/scores/DCT/2025.json
DCT,7480201,Công nghệ thông tin,7480201,2025,https://github.com/kbaoooo/vn_schools_scores_data/blob/main/craw-data/scores/DCT/2025.json
DCT,7480202,An toàn thông tin,7480202,2025,https://github.com/kbaoooo/vn_schools_scores_data/blob/main/craw-data/scores/DCT/2025.json
DCT,7510202,Công nghệ chế tạo máy,7510202,2025,https://github.com/kbaoooo/vn_schools_scores_data/blob/main/craw-data/scores/DCT/2025.json
DCT,7510203,Công nghệ kỹ thuật cơ điện tử,7510203,2025,https://github.com/kbaoooo/vn_schools_scores_data/blob/main/craw-data/scores/DCT/2025.json
DCT,7510301,Công nghệ kỹ thuật điện - điện tử,7510301,2025,https://github.com/kbaoooo/vn_schools_scores_data/blob/main/craw-data/scores/DCT/2025.json
DCT,7510303,Công nghệ kỹ thuật điều khiển và tự động hóa,7510303,2025,https://github.com/kbaoooo/vn_schools_scores_data/blob/main/craw-data/scores/DCT/2025.json
DCT,7510401,Công nghệ kỹ thuật hóa học,7510401,2025,https://github.com/kbaoooo/vn_schools_scores_data/blob/main/craw-data/scores/DCT/2025.json
DCT,7510402,Công nghệ vật liệu,7510402,2025,https://github.com/kbaoooo/vn_schools_scores_data/blob/main/craw-data/scores/DCT/2025.json
DCT,7510406,Công nghệ kỹ thuật môi trường,7510406,2025,https://github.com/kbaoooo/vn_schools_scores_data/blob/main/craw-data/scores/DCT/2025.json
DCT,7510605,Logistics và quản lý chuỗi cung ứng,7510605,2025,https://github.com/kbaoooo/vn_schools_scores_data/blob/main/craw-data/scores/DCT/2025.json
DCT,7520115,Kỹ thuật nhiệt,7520115,2025,https://github.com/kbaoooo/vn_schools_scores_data/blob/main/craw-data/scores/DCT/2025.json
DCT,7540101,Công nghệ thực phẩm,7540101,2025,https://github.com/kbaoooo/vn_schools_scores_data/blob/main/craw-data/scores/DCT/2025.json
DCT,7540105,Công nghệ chế biến thủy sản,7540105,2025,https://github.com/kbaoooo/vn_schools_scores_data/blob/main/craw-data/scores/DCT/2025.json
DCT,7540106,Đảm bảo chất lượng và an toàn thực phẩm,7540106,2025,https://github.com/kbaoooo/vn_schools_scores_data/blob/main/craw-data/scores/DCT/2025.json
DCT,7540204,"Công nghệ dệt, may",7540204,2025,https://github.com/kbaoooo/vn_schools_scores_data/blob/main/craw-data/scores/DCT/2025.json
DCT,7810101,Du lịch,7810101,2025,https://github.com/kbaoooo/vn_schools_scores_data/blob/main/craw-data/scores/DCT/2025.json
DCT,7810103,Quản trị dịch vụ du lịch và lữ hành,7810103,2025,https://github.com/kbaoooo/vn_schools_scores_data/blob/main/craw-data/scores/DCT/2025.json
DCT,7810201,Quản trị khách sạn,7810201,2025,https://github.com/kbaoooo/vn_schools_scores_data/blob/main/craw-data/scores/DCT/2025.json
DCT,7810202,Quản trị nhà hàng và dịch vụ ăn uống,7810202,2025,https://github.com/kbaoooo/vn_schools_scores_data/blob/main/craw-data/scores/DCT/2025.json
DCT,7819009,Khoa học dinh dưỡng và ẩm thực,7819009,2025,https://github.com/kbaoooo/vn_schools_scores_data/blob/main/craw-data/scores/DCT/2025.json
DCT,7819010,Khoa học chế biến món ăn,7819010,2025,https://github.com/kbaoooo/vn_schools_scores_data/blob/main/craw-data/scores/DCT/2025.json
DCT,7850101,Quản lý tài nguyên và môi trường,7850101,2025,https://github.com/kbaoooo/vn_schools_scores_data/blob/main/craw-data/scores/DCT/2025.json
DCT,LK7220204,"Ngôn ngữ Trung Quốc - Chương trình liên kết Đại học Ludong, Trung Quốc (LDU).",,2025,https://github.com/kbaoooo/vn_schools_scores_data/blob/main/craw-data/scores/DCT/2025.json
DCT,LK7340101,"Quản trị kinh doanh - Chương trình liên kết Đại học Shinawatra, Thái Lan (SIU).",,2025,https://github.com/kbaoooo/vn_schools_scores_data/blob/main/craw-data/scores/DCT/2025.json
DCV,7340301,Kế toán,7340301,2025,https://github.com/kbaoooo/vn_schools_scores_data/blob/main/craw-data/scores/DCV/2025.json
DCV,7480201,Công nghệ thông tin,7480201,2025,https://github.com/kbaoooo/vn_schools_scores_data/blob/main/craw-data/scores/DCV/2025.json
DCV,7510301,Công nghệ kỹ thuật điện điện tử,7510301,2025,https://github.com/kbaoooo/vn_schools_scores_data/blob/main/craw-data/scores/DCV/2025.json
DCV,7810201,Quản trị khách sạn,7810201,2025,https://github.com/kbaoooo/vn_schools_scores_data/blob/main/craw-data/scores/DCV/2025.json
DDF,7140231,Sư phạm tiếng Anh,7140231,2025,https://github.com/kbaoooo/vn_schools_scores_data/blob/main/craw-data/scores/DDF/2025.json
DDF,7140233,Sư phạm tiếng Pháp,7140233,2025,https://github.com/kbaoooo/vn_schools_scores_data/blob/main/craw-data/scores/DDF/2025.json
DDF,7140234,Sư phạm tiếng Trung Quốc,7140234,2025,https://github.com/kbaoooo/vn_schools_scores_data/blob/main/craw-data/scores/DDF/2025.json
DDF,7220201,Ngôn ngữ Anh,7220201,2025,https://github.com/kbaoooo/vn_schools_scores_data/blob/main/craw-data/scores/DDF/2025.json
DDF,7220201KT,Ngôn ngữ Anh (Đào tạo 2 năm đầu tại Kon Tum),7220201,2025,https://github.com/kbaoooo/vn_schools_scores_data/blob/main/craw-data/scores/DDF/2025.json
DDF,7220202,Ngôn ngữ Nga,7220202,2025,https://github.com/kbaoooo/vn_schools_scores_data/blob/main/craw-data/scores/DDF/2025.json
DDF,7220203,Ngôn ngữ Pháp,7220203,2025,https://github.com/kbaoooo/vn_schools_scores_data/blob/main/craw-data/scores/DDF/2025.json
DDF,7220204,Ngôn ngữ Trung Quốc,7220204,2025,https://github.com/kbaoooo/vn_schools_scores_data/blob/main/craw-data/scores/DDF/2025.json
DDF,7220209,Ngôn ngữ Nhật,7220209,2025,https://github.com/kbaoooo/vn_schools_scores_data/blob/main/craw-data/scores/DDF/2025.json
DDF,7220210,Ngôn ngữ Hàn Quốc,7220210,2025,https://github.com/kbaoooo/vn_schools_scores_data/blob/main/craw-data/scores/DDF/2025.json
DDF,7220214,Ngôn ngữ Thái Lan,7220214,2025,https://github.com/kbaoooo/vn_schools_scores_data/blob/main/craw-data/scores/DDF/2025.json
DDF,7310206,Quan hệ quốc tế,7310206,2025,https://github.com/kbaoooo/vn_schools_scores_data/blob/main/craw-data/scores/DDF/2025.json
DDF,7310601,Quốc tế học,7310601,2025,https://github.com/kbaoooo/vn_schools_scores_data/blob/main/craw-data/scores/DDF/2025.json
DDF,7310608,Đông phương học,7310608,2025,https://github.com/kbaoooo/vn_schools_scores_data/blob/main/craw-data/scores/DDF/2025.json
DDF,7310613,Nhật Bản học,7310613,2025,https://github.com/kbaoooo/vn_schools_scores_data/blob/main/craw-data/scores/DDF/2025.json
DDF,7310614,Hàn Quốc học,7310614,2025,https://github.com/kbaoooo/vn_schools_scores_data/blob/main/craw-data/scores/DDF/2025.json
DDK,7420201,Công nghệ sinh học,7420201,2025,https://github.com/kbaoooo/vn_schools_scores_data/blob/main/craw-data/scores/DDK/2025.json
DDK,7420201A,"Công nghệ sinh học, chuyên ngành Công nghệ sinh học Y Dược",7420201,2025,https://github.com/kbaoooo/vn_schools_scores_data/blob/main/craw-data/scores/DDK/2025.json
DDK,7480106,Kỹ thuật máy tính,7480106,2025,https://github.com/kbaoooo/vn_schools_scores_data/blob/main/craw-data/scores/DDK/2025.json
DDK,7480118VM,Chương trình tiên tiến Việt-Mỹ ngành Hệ thống Nhúng và IoT,7480118,2025,https://github.com/kbaoooo/vn_schools_scores_data/blob/main/craw-data/scores/DDK/2025.json
DDK,7480201,Công nghệ thông tin (Đặc thù - Hợp tác doanh nghiệp),7480201,2025,https://github.com/kbaoooo/vn_schools_scores_data/blob/main/craw-data/scores/DDK/2025.json
DDK,7480201A,Công nghệ thông tin (ngoại ngữ Nhật),7480201,2025,https://github.com/kbaoooo/vn_schools_scores_data/blob/main/craw-data/scores/DDK/2025.json
DDK,7480201B,"Công nghệ thông tin (Đặc thù - Hợp tác doanh nghiệp), chuyên ngành Khoa học dữ liệu và Trí tuệ nhân tạo",7480201,2025,https://github.com/kbaoooo/vn_schools_scores_data/blob/main/craw-data/scores/DDK/2025.json
DDK,7510105,Công nghệ kỹ thuật vật liệu xây dựng,7510105,2025,https://github.com/kbaoooo/vn_schools_scores_data/blob/main/craw-data/scores/DDK/2025.json
DDK,7510202,Công nghệ chế tạo máy,7510202,2025,https://github.com/kbaoooo/vn_schools_scores_data/blob/main/craw-data/scores/DDK/2025.json
DDK,7510601,Quản lý công nghiệp,7510601,2025,https://github.com/kbaoooo/vn_schools_scores_data/blob/main/craw-data/scores/DDK/2025.json
DDK,7510701,Công nghệ dầu khí và khai thác dầu,7510701,2025,https://github.com/kbaoooo/vn_schools_scores_data/blob/main/craw-data/scores/DDK/2025.json
DDK,7520103A,"Kỹ thuật Cơ khí, chuyên ngành Cơ khí động lực",7520103,2025,https://github.com/kbaoooo/vn_schools_scores_data/blob/main/craw-data/scores/DDK/2025.json
DDK,7520103B,"Kỹ thuật Cơ khí, chuyên ngành Cơ khí hàng không",7520103,2025,https://github.com/kbaoooo/vn_schools_scores_data/blob/main/craw-data/scores/DDK/2025.json
DDK,7520114,Kỹ thuật Cơ điện tử,7520114,2025,https://github.com/kbaoooo/vn_schools_scores_data/blob/main/craw-data/scores/DDK/2025.json
DDK,7520115,Kỹ thuật nhiệt,7520115,2025,https://github.com/kbaoooo/vn_schools_scores_data/blob/main/craw-data/scores/DDK/2025.json
DDK,7520115A,"Kỹ thuật nhiệt, chuyên ngành Quản lý Năng lượng",7520115,2025,https://github.com/kbaoooo/vn_schools_scores_data/blob/main/craw-data/scores/DDK/2025.json
DDK,7520118,Kỹ thuật hệ thống công nghiệp,7520118,2025,https://github.com/kbaoooo/vn_schools_scores_data/blob/main/craw-data/scores/DDK/2025.json
DDK,7520122,Kỹ thuật Tàu thủy,7520122,2025,https://github.com/kbaoooo/vn_schools_scores_data/blob/main/craw-data/scores/DDK/2025.json
DDK,7520130,Kỹ thuật ô tô,7520130,2025,https://github.com/kbaoooo/vn_schools_scores_data/blob/main/craw-data/scores/DDK/2025.json
DDK,7520201,Kỹ thuật Điện,7520201,2025,https://github.com/kbaoooo/vn_schools_scores_data/blob/main/craw-data/scores/DDK/2025.json
DDK,7520207,Kỹ thuật điện tử - viễn thông,7520207,2025,https://github.com/kbaoooo/vn_schools_scores_data/blob/main/craw-data/scores/DDK/2025.json
DDK,7520207A,"Kỹ thuật Điện tử - Viễn thông, chuyên ngành Vi điện tử - Thiết kế vi mạch",7520207,2025,https://github.com/kbaoooo/vn_schools_scores_data/blob/main/craw-data/scores/DDK/2025.json
DDK,7520207VM,Chương trình tiên tiến Việt - Mỹ ngành Kỹ thuật Điện tử viễn thông,7520207,2025,https://github.com/kbaoooo/vn_schools_scores_data/blob/main/craw-data/scores/DDK/2025.json
DDK,7520216,Kỹ thuật Điều khiển và Tự động hóa,7520216,2025,https://github.com/kbaoooo/vn_schools_scores_data/blob/main/craw-data/scores/DDK/2025.json
DDK,7520301,Kỹ thuật hóa học,7520301,2025,https://github.com/kbaoooo/vn_schools_scores_data/blob/main/craw-data/scores/DDK/2025.json
DDK,7520320,Kỹ thuật môi trường,7520320,2025,https://github.com/kbaoooo/vn_schools_scores_data/blob/main/craw-data/scores/DDK/2025.json
DDK,7540101,Công nghệ thực phẩm,7540101,2025,https://github.com/kbaoooo/vn_schools_scores_data/blob/main/craw-data/scores/DDK/2025.json
DDK,7580101,Kiến trúc,7580101,2025,https://github.com/kbaoooo/vn_schools_scores_data/blob/main/craw-data/scores/DDK/2025.json
DDK,7580201,"Kỹ thuật xây dựng, chuyên ngành Xây dựng dân dụng và công nghiệp",7580201,2025,https://github.com/kbaoooo/vn_schools_scores_data/blob/main/craw-data/scores/DDK/2025.json
DDK,7580201A,"Kỹ thuật xây dựng, chuyên ngành Tin học xây dựng",7580201,2025,https://github.com/kbaoooo/vn_schools_scores_data/blob/main/craw-data/scores/DDK/2025.json
DDK,7580201B,"Kỹ thuật xây dựng, chuyên ngành Kỹ thuật và quản lý xây dựng đô thị thông minh",7580201,2025,https://github.com/kbaoooo/vn_schools_scores_data/blob/main/craw-data/scores/DDK/2025.json
DDK,7580201C,"Kỹ thuật xây dựng, chuyên ngành Mô hình thông tin và trí tuệ nhân tạo trong xây dựng",7580201,2025,https://github.com/kbaoooo/vn_schools_scores_data/blob/main/craw-data/scores/DDK/2025.json
DDK,7580202,Kỹ thuật xây dựng công trình thủy,7580202,2025,https://github.com/kbaoooo/vn_schools_scores_data/blob/main/craw-data/scores/DDK/2025.json
DDK,7580205,Kỹ thuật xây dựng công trình giao thông,7580205,2025,https://github.com/kbaoooo/vn_schools_scores_data/blob/main/craw-data/scores/DDK/2025.json
DDK,7580205A,"Kỹ thuật xây dựng công trình giao thông, chuyên ngành Xây dựng đường sắt tốc độ cao và đường sắt đô thị",7580205,2025,https://github.com/kbaoooo/vn_schools_scores_data/blob/main/craw-data/scores/DDK/2025.json
DDK,7580210,Kỹ thuật cơ sở hạ tầng,7580210,2025,https://github.com/kbaoooo/vn_schools_scores_data/blob/main/craw-data/scores/DDK/2025.json
DDK,7580301,Kinh tế xây dựng,7580301,2025,https://github.com/kbaoooo/vn_schools_scores_data/blob/main/craw-data/scores/DDK/2025.json
DDK,7850101,Quản lý tài nguyên và môi trường,7850101,2025,https://github.com/kbaoooo/vn_schools_scores_data/blob/main/craw-data/scores/DDK/2025.json
DDK,PFIEV,Chương trình đào tạo kỹ sư chất lượng cao Việt - Pháp (PFIEV),,2025,https://github.com/kbaoooo/vn_schools_scores_data/blob/main/craw-data/scores/DDK/2025.json
DDL,7220201,Ngôn ngữ Anh,7220201,2025,https://github.com/kbaoooo/vn_schools_scores_data/blob/main/craw-data/scores/DDL/2025.json
DDL,7340101,Quản trị kinh doanh,7340101,2025,https://github.com/kbaoooo/vn_schools_scores_data/blob/main/craw-data/scores/DDL/2025.json
DDL,7340115,Marketing,7340115,2025,https://github.com/kbaoooo/vn_schools_scores_data/blob/main/craw-data/scores/DDL/2025.json
DDL,7340122,Thương mại Điện tử,7340122,2025,https://github.com/kbaoooo/vn_schools_scores_data/blob/main/craw-data/scores/DDL/2025.json
DDL,7340201,Tài chính - Ngân hàng,7340201,2025,https://github.com/kbaoooo/vn_schools_scores_data/blob/main/craw-data/scores/DDL/2025.json
DDL,7340205,Công nghệ tài chính,7340205,2025,https://github.com/kbaoooo/vn_schools_scores_data/blob/main/craw-data/scores/DDL/2025.json
DDL,7340301,Kế toán,7340301,2025,https://github.com/kbaoooo/vn_schools_scores_data/blob/main/craw-data/scores/DDL/2025.json
DDL,7340302,Kiểm toán,7340302,2025,https://github.com/kbaoooo/vn_schools_scores_data/blob/main/craw-data/scores/DDL/2025.json
DDL,7380107,Luật kinh tế,7380107,2025,https://github.com/kbaoooo/vn_schools_scores_data/blob/main/craw-data/scores/DDL/2025.json
DDL,7460108,Khoa học dữ liệu,7460108,2025,https://github.com/kbaoooo/vn_schools_scores_data/blob/main/craw-data/scores/DDL/2025.json
DDL,7460117,Toán tin,7460117,2025,https://github.com/kbaoooo/vn_schools_scores_data/blob/main/craw-data/scores/DDL/2025.json
DDL,7480106,Kỹ thuật máy tính,7480106,2025,https://github.com/kbaoooo/vn_schools_scores_data/blob/main/craw-data/scores/DDL/2025.json
DDL,7480107,Trí tuệ nhân tạo,7480107,2025,https://github.com/kbaoooo/vn_schools_scores_data/blob/main/craw-data/scores/DDL/2025.json
DDL,7480201,Công nghệ thông tin,7480201,2025,https://github.com/kbaoooo/vn_schools_scores_data/blob/main/craw-data/scores/DDL/2025.json
DDL,7510102,Công nghệ kỹ thuật công trình xây dựng,7510102,2025,https://github.com/kbaoooo/vn_schools_scores_data/blob/main/craw-data/scores/DDL/2025.json
DDL,7510201,Công nghệ kỹ thuật cơ khí,7510201,2025,https://github.com/kbaoooo/vn_schools_scores_data/blob/main/craw-data/scores/DDL/2025.json
DDL,7510203,Công nghệ kỹ thuật cơ điện tử,7510203,2025,https://github.com/kbaoooo/vn_schools_scores_data/blob/main/craw-data/scores/DDL/2025.json
DDL,7510205,Công nghệ kỹ thuật ô tô,7510205,2025,https://github.com/kbaoooo/vn_schools_scores_data/blob/main/craw-data/scores/DDL/2025.json
DDL,7510301,"Công nghệ kỹ thuật điện, điện tử",7510301,2025,https://github.com/kbaoooo/vn_schools_scores_data/blob/main/craw-data/scores/DDL/2025.json
DDL,7510302,Công nghệ kỹ thuật điện tử - viễn thông,7510302,2025,https://github.com/kbaoooo/vn_schools_scores_data/blob/main/craw-data/scores/DDL/2025.json
DDL,7510303,Công nghệ kỹ thuật điều khiển và tự động hoá,7510303,2025,https://github.com/kbaoooo/vn_schools_scores_data/blob/main/craw-data/scores/DDL/2025.json
DDL,7510402,Công nghệ vật liệu,7510402,2025,https://github.com/kbaoooo/vn_schools_scores_data/blob/main/craw-data/scores/DDL/2025.json
DDL,7510403,Công nghệ kỹ thuật năng lượng,7510403,2025,https://github.com/kbaoooo/vn_schools_scores_data/blob/main/craw-data/scores/DDL/2025.json
DDL,7510406,Công nghệ kỹ thuật môi trường,7510406,2025,https://github.com/kbaoooo/vn_schools_scores_data/blob/main/craw-data/scores/DDL/2025.json
DDL,7510407,Công nghệ kỹ thuật hạt nhân,7510407,2025,https://github.com/kbaoooo/vn_schools_scores_data/blob/main/craw-data/scores/DDL/2025.json
DDL,7510601,Quản lý công nghiệp,7510601,2025,https://github.com/kbaoooo/vn_schools_scores_data/blob/main/craw-data/scores/DDL/2025.json
DDL,7510602,Quản lý năng lượng,7510602,2025,https://github.com/kbaoooo/vn_schools_scores_data/blob/main/craw-data/scores/DDL/2025.json
DDL,7510605,Logistics và Quản lý chuỗi cung ứng,7510605,2025,https://github.com/kbaoooo/vn_schools_scores_data/blob/main/craw-data/scores/DDL/2025.json
DDL,7520107,Kỹ thuật Robot,7520107,2025,https://github.com/kbaoooo/vn_schools_scores_data/blob/main/craw-data/scores/DDL/2025.json
DDL,7520115,Kỹ thuật nhiệt,7520115,2025,https://github.com/kbaoooo/vn_schools_scores_data/blob/main/craw-data/scores/DDL/2025.json
DDL,7810103,Quản trị dịch vụ Du lịch và Lữ hành,7810103,2025,https://github.com/kbaoooo/vn_schools_scores_data/blob/main/craw-data/scores/DDL/2025.json
DDL,7810201,Quản trị khách sạn,7810201,2025,https://github.com/kbaoooo/vn_schools_scores_data/blob/main/craw-data/scores/DDL/2025.json
DDM,7340101,Quản trị kinh doanh,7340101,2025,https://github.com/kbaoooo/vn_schools_scores_data/blob/main/craw-data/scores/DDM/2025.json
DDM,7340201,Tài chính ngân hàng,7340201,2025,https://github.com/kbaoooo/vn_schools_scores_data/blob/main/craw-data/scores/DDM/2025.json
DDM,7340301,Kế toán,7340301,2025,https://github.com/kbaoooo/vn_schools_scores_data/blob/main/craw-data/scores/DDM/2025.json
DDM,7480201,Công nghệ thông tin,7480201,2025,https://github.com/kbaoooo/vn_schools_scores_data/blob/main/craw-data/scores/DDM/2025.json
DDM,7510102,Công nghệ kỹ thuật công trình xây dựng,7510102,2025,https://github.com/kbaoooo/vn_schools_scores_data/blob/main/craw-data/scores/DDM/2025.json
DDM,7510201,Công nghệ kỹ thuật Cơ khí,7510201,2025,https://github.com/kbaoooo/vn_schools_scores_data/blob/main/craw-data/scores/DDM/2025.json
DDM,7510205,Công nghệ kỹ thuật ô tô,7510205,2025,https://github.com/kbaoooo/vn_schools_scores_data/blob/main/craw-data/scores/DDM/2025.json
DDM,7510301,"Công nghệ kỹ thuật điện, điện tử",7510301,2025,https://github.com/kbaoooo/vn_schools_scores_data/blob/main/craw-data/scores/DDM/2025.json
DDM,7510303,Công nghệ kỹ thuật điêu khiển và tự động hoá,7510303,2025,https://github.com/kbaoooo/vn_schools_scores_data/blob/main/craw-data/scores/DDM/2025.json
DDM,7520601,Kỹ thuật mỏ,7520601,2025,https://github.com/kbaoooo/vn_schools_scores_data/blob/main/craw-data/scores/DDM/2025.json
DDM,7520607,Kỹ thuật tuyên khoáng,7520607,2025,https://github.com/kbaoooo/vn_schools_scores_data/blob/main/craw-data/scores/DDM/2025.json
DDN,7210403,Thiết kế đồ hoạ,7210403,2025,https://github.com/kbaoooo/vn_schools_scores_data/blob/main/craw-data/scores/DDN/2025.json
DDN,7220201,Ngôn ngữ Anh,7220201,2025,https://github.com/kbaoooo/vn_schools_scores_data/blob/main/craw-data/scores/DDN/2025.json
DDN,7220204,Ngôn ngữ Trung Quốc,7220204,2025,https://github.com/kbaoooo/vn_schools_scores_data/blob/main/craw-data/scores/DDN/2025.json
DDN,7220209,Ngôn ngữ Nhật,7220209,2025,https://github.com/kbaoooo/vn_schools_scores_data/blob/main/craw-data/scores/DDN/2025.json
DDN,7220210,Ngôn ngữ Hàn Quốc,7220210,2025,https://github.com/kbaoooo/vn_schools_scores_data/blob/main/craw-data/scores/DDN/2025.json
DDN,7310101,Kinh tế,7310101,2025,https://github.com/kbaoooo/vn_schools_scores_data/blob/main/craw-data/scores/DDN/2025.json
DDN,7310109,Kinh tế số,7310109,2025,https://github.com/kbaoooo/vn_schools_scores_data/blob/main/craw-data/scores/DDN/2025.json
DDN,7310401,Tâm lý học,7310401,2025,https://github.com/kbaoooo/vn_schools_scores_data/blob/main/craw-data/scores/DDN/2025.json
DDN,7320104,Truyền thông đa phương tiện,7320104,2025,https://github.com/kbaoooo/vn_schools_scores_data/blob/main/craw-data/scores/DDN/2025.json
DDN,7320108,Quan hệ công chúng,7320108,2025,https://github.com/kbaoooo/vn_schools_scores_data/blob/main/craw-data/scores/DDN/2025.json
DDN,7340101,Quản trị kinh doanh,7340101,2025,https://github.com/kbaoooo/vn_schools_scores_data/blob/main/craw-data/scores/DDN/2025.json
DDN,7340101 LKDTNN-02,Quản trị kinh doanh (Liên kết Đài Loan),7340101,2025,https://github.com/kbaoooo/vn_schools_scores_data/blob/main/craw-data/scores/DDN/2025.json
DDN,7340115,Marketing,7340115,2025,https://github.com/kbaoooo/vn_schools_scores_data/blob/main/craw-data/scores/DDN/2025.json
DDN,7340120,Kinh doanh quốc tế,7340120,2025,https://github.com/kbaoooo/vn_schools_scores_data/blob/main/craw-data/scores/DDN/2025.json
DDN,7340122,Thương mại điện tử,7340122,2025,https://github.com/kbaoooo/vn_schools_scores_data/blob/main/craw-data/scores/DDN/2025.json
DDN,7340201,Tài chính - Ngân hàng,7340201,2025,https://github.com/kbaoooo/vn_schools_scores_data/blob/main/craw-data/scores/DDN/2025.json
DDN,7340205,Công nghệ tài chính (Fintech),7340205,2025,https://github.com/kbaoooo/vn_schools_scores_data/blob/main/craw-data/scores/DDN/2025.json
DDN,7340301,Kế toán,7340301,2025,https://github.com/kbaoooo/vn_schools_scores_data/blob/main/craw-data/scores/DDN/2025.json
DDN,7340404,Quản trị nhân lực,7340404,2025,https://github.com/kbaoooo/vn_schools_scores_data/blob/main/craw-data/scores/DDN/2025.json
DDN,7380101,Luật,7380101,2025,https://github.com/kbaoooo/vn_schools_scores_data/blob/main/craw-data/scores/DDN/2025.json
DDN,7380107,Luật kinh tế,7380107,2025,https://github.com/kbaoooo/vn_schools_scores_data/blob/main/craw-data/scores/DDN/2025.json
DDN,7480101,Khoa học máy tính,7480101,2025,https://github.com/kbaoooo/vn_schools_scores_data/blob/main/craw-data/scores/DDN/2025.json
DDN,7480104,Hệ thống thông tin,7480104,2025,https://github.com/kbaoooo/vn_schools_scores_data/blob/main/craw-data/scores/DDN/2025.json
DDN,7480201,Công nghệ thông tin,7480201,2025,https://github.com/kbaoooo/vn_schools_scores_data/blob/main/craw-data/scores/DDN/2025.json
DDN,7480201 LKDTNN,Công nghệ thông tin (Liên kết Đài Loan),7480201,2025,https://github.com/kbaoooo/vn_schools_scores_data/blob/main/craw-data/scores/DDN/2025.json
DDN,7510203,Công nghệ kỹ thuật cơ điện tử,7510203,2025,https://github.com/kbaoooo/vn_schools_scores_data/blob/main/craw-data/scores/DDN/2025.json
DDN,7510205,Công nghệ kỹ thuật ô tô,7510205,2025,https://github.com/kbaoooo/vn_schools_scores_data/blob/main/craw-data/scores/DDN/2025.json
DDN,7510301,"Công nghệ kỹ thuật điện, điện tử",7510301,2025,https://github.com/kbaoooo/vn_schools_scores_data/blob/main/craw-data/scores/DDN/2025.json
DDN,7510303,Công nghệ kỹ thuật điều khiển & tự động hóa,7510303,2025,https://github.com/kbaoooo/vn_schools_scores_data/blob/main/craw-data/scores/DDN/2025.json
DDN,7510303 LKDTNN,Công nghệ bán dẫn (Liên kết Đài Loan),7510303,2025,https://github.com/kbaoooo/vn_schools_scores_data/blob/main/craw-data/scores/DDN/2025.json
DDN,7510303 LKDTNN-02,Công nghệ bán dẫn (Liên kết Hàn Quốc),7510303,2025,https://github.com/kbaoooo/vn_schools_scores_data/blob/main/craw-data/scores/DDN/2025.json
DDN,7510605,Logistics và quản lý chuỗi cung ứng,7510605,2025,https://github.com/kbaoooo/vn_schools_scores_data/blob/main/craw-data/scores/DDN/2025.json
DDN,7510605 LKDTNN,Logistics và Quản lý chuỗi cung ứng (Liên kết Đài Loan),7510605,2025,https://github.com/kbaoooo/vn_schools_scores_data/blob/main/craw-data/scores/DDN/2025.json
DDN,7580101,Kiến trúc,7580101,2025,https://github.com/kbaoooo/vn_schools_scores_data/blob/main/craw-data/scores/DDN/2025.json
DDN,7580201,Kỹ thuật xây dựng,7580201,2025,https://github.com/kbaoooo/vn_schools_scores_data/blob/main/craw-data/scores/DDN/2025.json
DDN,7580301,Kinh tế xây dựng,7580301,2025,https://github.com/kbaoooo/vn_schools_scores_data/blob/main/craw-data/scores/DDN/2025.json
DDN,7720101,Y khoa,7720101,2025,https://github.com/kbaoooo/vn_schools_scores_data/blob/main/craw-data/scores/DDN/2025.json
DDN,7720201,Dược học,7720201,2025,https://github.com/kbaoooo/vn_schools_scores_data/blob/main/craw-data/scores/DDN/2025.json
DDN,7720301,Điều dưỡng,7720301,2025,https://github.com/kbaoooo/vn_schools_scores_data/blob/main/craw-data/scores/DDN/2025.json
DDN,7810103,Quản trị dịch vụ du lịch và lữ hành,7810103,2025,https://github.com/kbaoooo/vn_schools_scores_data/blob/main/craw-data/scores/DDN/2025.json
DDN,7810103 LKDTNN,Quản trị dịch vụ du lịch và lữ hành (Liên kết Đài Loan),7810103,2025,https://github.com/kbaoooo/vn_schools_scores_data/blob/main/craw-data/scores/DDN/2025.json
DDN,7810201,Quản trị khách sạn,7810201,2025,https://github.com/kbaoooo/vn_schools_scores_data/blob/main/craw-data/scores/DDN/2025.json
DDP,7140201,Giáo dục mầm non,7140201,2025,https://github.com/kbaoooo/vn_schools_scores_data/blob/main/craw-data/scores/DDP/2025.json
DDP,7140202,Giáo dục tiểu học,7140202,2025,https://github.com/kbaoooo/vn_schools_scores_data/blob/main/craw-data/scores/DDP/2025.json
DDP,7220201KT,Ngôn ngữ Anh,7220201,2025,https://github.com/kbaoooo/vn_schools_scores_data/blob/main/craw-data/scores/DDP/2025.json
DDP,7340101,Quản trị kinh doanh,7340101,2025,https://github.com/kbaoooo/vn_schools_scores_data/blob/main/craw-data/scores/DDP/2025.json
DDP,7340122,Thương mại điện tử,7340122,2025,https://github.com/kbaoooo/vn_schools_scores_data/blob/main/craw-data/scores/DDP/2025.json
DDP,7340301,Kế toán,7340301,2025,https://github.com/kbaoooo/vn_schools_scores_data/blob/main/craw-data/scores/DDP/2025.json
DDP,7380107,Luật kinh tế,7380107,2025,https://github.com/kbaoooo/vn_schools_scores_data/blob/main/craw-data/scores/DDP/2025.json
DDP,7480201,Công nghệ thông tin,7480201,2025,https://github.com/kbaoooo/vn_schools_scores_data/blob/main/craw-data/scores/DDP/2025.json
DDP,7510205KT,Công nghệ kỹ thuật ô tô,7510205,2025,https://github.com/kbaoooo/vn_schools_scores_data/blob/main/craw-data/scores/DDP/2025.json
DDP,7510303KT,Công nghệ kỹ thuật điều khiển và tự động hóa,7510303,2025,https://github.com/kbaoooo/vn_schools_scores_data/blob/main/craw-data/scores/DDP/2025.json
DDP,7580201,Kỹ thuật xây dựng,7580201,2025,https://github.com/kbaoooo/vn_schools_scores_data/blob/main/craw-data/scores/DDP/2025.json
DDP,7810103,Quản trị dịch vụ du lịch & lữ hành,7810103,2025,https://github.com/kbaoooo/vn_schools_scores_data/blob/main/craw-data/scores/DDP/2025.json
DDQ,7310101S,Kinh tế - Chương trình Kinh tế (S - Tiêu chuẩn),7310101,2025,https://github.com/kbaoooo/vn_schools_scores_data/blob/main/craw-data/scores/DDQ/2025.json
DDQ,7310107S,Thống kê kinh tế - Chương trình Thống kê kinh tế (S - Tiêu chuẩn),7310107,2025,https://github.com/kbaoooo/vn_schools_scores_data/blob/main/craw-data/scores/DDQ/2025.json
DDQ,7310205S,Quản lý nhà nước - Chương trình Quản lý nhà nước (S - Tiêu chuẩn),7310205,2025,https://github.com/kbaoooo/vn_schools_scores_data/blob/main/craw-data/scores/DDQ/2025.json
DDQ,7340101S,Quản trị kinh doanh - Chương trình Quản trị kinh doanh (S - Tiêu chuẩn),7340101,2025,https://github.com/kbaoooo/vn_schools_scores_data/blob/main/craw-data/scores/DDQ/2025.json
DDQ,7340115S,Marketing - Chương trình Marketing (S - Tiêu chuẩn),7340115,2025,https://github.com/kbaoooo/vn_schools_scores_data/blob/main/craw-data/scores/DDQ/2025.json
DDQ,7340120S,Kinh doanh quốc tế - Chương trình Kinh doanh quốc tế (S - Tiêu chuẩn),7340120,2025,https://github.com/kbaoooo/vn_schools_scores_data/blob/main/craw-data/scores/DDQ/2025.json
DDQ,7340121S,Kinh doanh thương mại - Chương trình Kinh doanh thương mại (S - Tiêu chuẩn),7340121,2025,https://github.com/kbaoooo/vn_schools_scores_data/blob/main/craw-data/scores/DDQ/2025.json
DDQ,7340122S,Thương mại điện tử - Chương trình Thương mại điện tử (S - Tiêu chuẩn),7340122,2025,https://github.com/kbaoooo/vn_schools_scores_data/blob/main/craw-data/scores/DDQ/2025.json
DDQ,7340201S,Tài chính - Ngân hàng - Chương trình Tài chính - Ngân hàng (S - Tiêu chuẩn),7340201,2025,https://github.com/kbaoooo/vn_schools_scores_data/blob/main/craw-data/scores/DDQ/2025.json
DDQ,7340205S,Công nghệ tài chính - Chương trình Công nghệ tài chính (S - Tiêu chuẩn),7340205,2025,https://github.com/kbaoooo/vn_schools_scores_data/blob/main/craw-data/scores/DDQ/2025.json
DDQ,7340301S,Kế toán - Chương trình Kế toán (S - Tiêu chuẩn),7340301,2025,https://github.com/kbaoooo/vn_schools_scores_data/blob/main/craw-data/scores/DDQ/2025.json
DDQ,7340302S,Kiểm toán - Chương trình Kiểm toán (S - Tiêu chuẩn),7340302,2025,https://github.com/kbaoooo/vn_schools_scores_data/blob/main/craw-data/scores/DDQ/2025.json
DDQ,7340404S,Quản trị nhân lực - Chương trình Quản trị nguồn nhân lực (S - Tiêu chuẩn),7340404,2025,https://github.com/kbaoooo/vn_schools_scores_data/blob/main/craw-data/scores/DDQ/2025.json
DDQ,7340405S,Hệ thống thông tin quản lý - Chương trình Hệ thống thông tin quản lý (S - Tiêu chuẩn),7340405,2025,https://github.com/kbaoooo/vn_schools_scores_data/blob/main/craw-data/scores/DDQ/2025.json
DDQ,7380101S,Luật - Chương trình Luật (S - Tiêu chuẩn),7380101,2025,https://github.com/kbaoooo/vn_schools_scores_data/blob/main/craw-data/scores/DDQ/2025.json
DDQ,7380107S,Luật kinh tế - Chương trình Luật Kinh tế (S - Tiêu chuẩn),7380107,2025,https://github.com/kbaoooo/vn_schools_scores_data/blob/main/craw-data/scores/DDQ/2025.json
DDQ,7460108S,Khoa học dữ liệu - Chương trình Khoa học dữ liệu (S - Tiêu chuẩn),7460108,2025,https://github.com/kbaoooo/vn_schools_scores_data/blob/main/craw-data/scores/DDQ/2025.json
DDQ,7810103S,Quản trị dịch vụ du lịch và lữ hành - Chương trình Quản trị dịch vụ du lịch và lữ hành (S - Tiêu chuẩn),7810103,2025,https://github.com/kbaoooo/vn_schools_scores_data/blob/main/craw-data/scores/DDQ/2025.json
DDQ,7810201S,Quản trị khách sạn - Chương trình Quản trị khách sạn (S - Tiêu chuẩn),7810201,2025,https://github.com/kbaoooo/vn_schools_scores_data/blob/main/craw-data/scores/DDQ/2025.json
DDS,7140201,Giáo dục Mầm non,7140201,2025,https://github.com/kbaoooo/vn_schools_scores_data/blob/main/craw-data/scores/DDS/2025.json
DDS,7140202,Giáo dục Tiểu học,7140202,2025,https://github.com/kbaoooo/vn_schools_scores_data/blob/main/craw-data/scores/DDS/2025.json
DDS,7140204,Giáo dục Công dân,7140204,2025,https://github.com/kbaoooo/vn_schools_scores_data/blob/main/craw-data/scores/DDS/2025.json
DDS,7140205,Giáo dục Chính trị,7140205,2025,https://github.com/kbaoooo/vn_schools_scores_data/blob/main/craw-data/scores/DDS/2025.json
DDS,7140206,Giáo dục Thể chất,7140206,2025,https://github.com/kbaoooo/vn_schools_scores_data/blob/main/craw-data/scores/DDS/2025.json
DDS,7140209,Sư phạm Toán học,7140209,2025,https://github.com/kbaoooo/vn_schools_scores_data/blob/main/craw-data/scores/DDS/2025.json
DDS,7140210,Sư phạm Tin học,7140210,2025,https://github.com/kbaoooo/vn_schools_scores_data/blob/main/craw-data/scores/DDS/2025.json
DDS,7140211,Sư phạm Vật lý,7140211,2025,https://github.com/kbaoooo/vn_schools_scores_data/blob/main/craw-data/scores/DDS/2025.json
DDS,7140212,Sư phạm Hóa học,7140212,2025,https://github.com/kbaoooo/vn_schools_scores_data/blob/main/craw-data/scores/DDS/2025.json
DDS,7140213,Sư phạm Sinh học,7140213,2025,https://github.com/kbaoooo/vn_schools_scores_data/blob/main/craw-data/scores/DDS/2025.json
DDS,7140217,Sư phạm Ngữ văn,7140217,2025,https://github.com/kbaoooo/vn_schools_scores_data/blob/main/craw-data/scores/DDS/2025.json
DDS,7140218,Sư phạm Lịch sử,7140218,2025,https://github.com/kbaoooo/vn_schools_scores_data/blob/main/craw-data/scores/DDS/2025.json
DDS,7140219,Sư phạm Địa lý,7140219,2025,https://github.com/kbaoooo/vn_schools_scores_data/blob/main/craw-data/scores/DDS/2025.json
DDS,7140221,Sư phạm Âm nhạc,7140221,2025,https://github.com/kbaoooo/vn_schools_scores_data/blob/main/craw-data/scores/DDS/2025.json
DDS,7140222,Sư phạm Mỹ thuật,7140222,2025,https://github.com/kbaoooo/vn_schools_scores_data/blob/main/craw-data/scores/DDS/2025.json
DDS,7140247,Sư phạm Khoa học tự nhiên,7140247,2025,https://github.com/kbaoooo/vn_schools_scores_data/blob/main/craw-data/scores/DDS/2025.json
DDS,7140248,Giáo dục pháp luật,7140248,2025,https://github.com/kbaoooo/vn_schools_scores_data/blob/main/craw-data/scores/DDS/2025.json
DDS,7140249,Sư phạm Lịch sử - Địa lý,7140249,2025,https://github.com/kbaoooo/vn_schools_scores_data/blob/main/craw-data/scores/DDS/2025.json
DDS,7140250,Sư phạm Tin học và Công nghệ Tiểu học,7140250,2025,https://github.com/kbaoooo/vn_schools_scores_data/blob/main/craw-data/scores/DDS/2025.json
DDS,7229010,Lịch sử (chuyên ngành Quan hệ quốc tế),7229010,2025,https://github.com/kbaoooo/vn_schools_scores_data/blob/main/craw-data/scores/DDS/2025.json
DDS,7229030,Văn học,7229030,2025,https://github.com/kbaoooo/vn_schools_scores_data/blob/main/craw-data/scores/DDS/2025.json
DDS,7229040,Văn hóa học,7229040,2025,https://github.com/kbaoooo/vn_schools_scores_data/blob/main/craw-data/scores/DDS/2025.json
DDS,7310401,"Tâm lý học, gồm các chuyên ngành: Tâm lý học trường học và tổ chức ; Tâm lý học lâm sàng",7310401,2025,https://github.com/kbaoooo/vn_schools_scores_data/blob/main/craw-data/scores/DDS/2025.json
DDS,7310501,Địa lý học (chuyên ngành Địa lý du lịch),7310501,2025,https://github.com/kbaoooo/vn_schools_scores_data/blob/main/craw-data/scores/DDS/2025.json
DDS,7310630,Việt Nam học (chuyên ngành Văn hóa du lịch),7310630,2025,https://github.com/kbaoooo/vn_schools_scores_data/blob/main/craw-data/scores/DDS/2025.json
DDS,7320101,Báo chí,7320101,2025,https://github.com/kbaoooo/vn_schools_scores_data/blob/main/craw-data/scores/DDS/2025.json
DDS,7320108,Quan hệ công chúng,7320108,2025,https://github.com/kbaoooo/vn_schools_scores_data/blob/main/craw-data/scores/DDS/2025.json
DDS,7420201,Công nghệ sinh học,7420201,2025,https://github.com/kbaoooo/vn_schools_scores_data/blob/main/craw-data/scores/DDS/2025.json
DDS,7440112,"Hóa học, gồm các chuyên ngành: Hóa Dược; ; Hóa phân tích môi trường",7440112,2025,https://github.com/kbaoooo/vn_schools_scores_data/blob/main/craw-data/scores/DDS/2025.json
DDS,7460108,Khoa học dữ liệu,7460108,2025,https://github.com/kbaoooo/vn_schools_scores_data/blob/main/craw-data/scores/DDS/2025.json
DDS,7480201,Công nghệ thông tin,7480201,2025,https://github.com/kbaoooo/vn_schools_scores_data/blob/main/craw-data/scores/DDS/2025.json
DDS,7520401,Vật lý kỹ thuật,7520401,2025,https://github.com/kbaoooo/vn_schools_scores_data/blob/main/craw-data/scores/DDS/2025.json
DDS,7760101,Công tác xã hội,7760101,2025,https://github.com/kbaoooo/vn_schools_scores_data/blob/main/craw-data/scores/DDS/2025.json
DDS,7850101,Quản lý tài nguyên và môi trường,7850101,2025,https://github.com/kbaoooo/vn_schools_scores_data/blob/main/craw-data/scores/DDS/2025.json
DDT,7210403_1,Ngành Thiết kế Đồ họa,7210403,2025,https://github.com/kbaoooo/vn_schools_scores_data/blob/main/craw-data/scores/DDT/2025.json
DDT,7210403_9,Ngành Thiết kế đồ họa - Chương trình Việt - Nhật,7210403,2025,https://github.com/kbaoooo/vn_schools_scores_data/blob/main/craw-data/scores/DDT/2025.json
DDT,7210404,Ngành Thiết kế Thời trang,7210404,2025,https://github.com/kbaoooo/vn_schools_scores_data/blob/main/craw-data/scores/DDT/2025.json
DDT,7220201,Ngành Ngôn ngữ Anh,7220201,2025,https://github.com/kbaoooo/vn_schools_scores_data/blob/main/craw-data/scores/DDT/2025.json
DDT,7220204,Ngành Ngôn Ngữ Trung Quốc,7220204,2025,https://github.com/kbaoooo/vn_schools_scores_data/blob/main/craw-data/scores/DDT/2025.json
DDT,7220209,Ngành Ngôn ngữ Nhật,7220209,2025,https://github.com/kbaoooo/vn_schools_scores_data/blob/main/craw-data/scores/DDT/2025.json
DDT,7220210,Ngành Ngôn Ngữ Hàn Quốc,7220210,2025,https://github.com/kbaoooo/vn_schools_scores_data/blob/main/craw-data/scores/DDT/2025.json
DDT,7229030,Ngành Văn học,7229030,2025,https://github.com/kbaoooo/vn_schools_scores_data/blob/main/craw-data/scores/DDT/2025.json
DDT,7310104,Ngành Kinh tế Đầu tư có chuyên ngành: Kinh tế đầu tư; Kinh tế quốc tế,7310104,2025,https://github.com/kbaoooo/vn_schools_scores_data/blob/main/craw-data/scores/DDT/2025.json
DDT,7310206,Ngành Quan hệ Quốc tế,7310206,2025,https://github.com/kbaoooo/vn_schools_scores_data/blob/main/craw-data/scores/DDT/2025.json
DDT,7310630,Ngành Việt Nam học,7310630,2025,https://github.com/kbaoooo/vn_schools_scores_data/blob/main/craw-data/scores/DDT/2025.json
DDT,7320104,Ngành Truyền thông Đa phương tiện,7320104,2025,https://github.com/kbaoooo/vn_schools_scores_data/blob/main/craw-data/scores/DDT/2025.json
DDT,7320108,Ngành Quan hệ Công chúng,7320108,2025,https://github.com/kbaoooo/vn_schools_scores_data/blob/main/craw-data/scores/DDT/2025.json
DDT,7340101 (HP),Ngành Quản trị Kinh doanh - Chương trình tài năng,7340101,2025,https://github.com/kbaoooo/vn_schools_scores_data/blob/main/craw-data/scores/DDT/2025.json
DDT,7340101 (LK),Ngành Quản trị Kinh doanh - Chương trình du học tại chỗ lấy bằng Mỹ,7340101,2025,https://github.com/kbaoooo/vn_schools_scores_data/blob/main/craw-data/scores/DDT/2025.json
DDT,7340101_2,Ngành Quản trị Kinh doanh,7340101,2025,https://github.com/kbaoooo/vn_schools_scores_data/blob/main/craw-data/scores/DDT/2025.json
DDT,7340101_6,Ngành Quản trị Kinh doanh - Chương trình Tiên tiến và Quốc tế,7340101,2025,https://github.com/kbaoooo/vn_schools_scores_data/blob/main/craw-data/scores/DDT/2025.json
DDT,7340115,"Ngành Marketing có các chuyên ngành: Quản trị kinh doanh Marketing, Digital Marketing",7340115,2025,https://github.com/kbaoooo/vn_schools_scores_data/blob/main/craw-data/scores/DDT/2025.json
DDT,7340115 (HP),Ngành Marketing - Chương trình Tài năng,7340115,2025,https://github.com/kbaoooo/vn_schools_scores_data/blob/main/craw-data/scores/DDT/2025.json
DDT,7340121,Ngành Kinh doanh Thương mại,7340121,2025,https://github.com/kbaoooo/vn_schools_scores_data/blob/main/craw-data/scores/DDT/2025.json
DDT,7340122,Ngành Thương mại Điện tử,7340122,2025,https://github.com/kbaoooo/vn_schools_scores_data/blob/main/craw-data/scores/DDT/2025.json
DDT,7340201,"Ngành Tài chính - Ngân hàng có các chuyên ngành: Tài chính Doanh nghiệp, Ngân hàng",7340201,2025,https://github.com/kbaoooo/vn_schools_scores_data/blob/main/craw-data/scores/DDT/2025.json
DDT,7340201 (HP),Ngành Tài chính-Ngân hành - Chương trình tài năng,7340201,2025,https://github.com/kbaoooo/vn_schools_scores_data/blob/main/craw-data/scores/DDT/2025.json
DDT,7340205,Ngành Công nghệ Tài chính,7340205,2025,https://github.com/kbaoooo/vn_schools_scores_data/blob/main/craw-data/scores/DDT/2025.json
DDT,7340301,Ngành Kế toán có các chuyên ngành: Kế toán Doanh nghiệp; Kế toán Quản trị,7340301,2025,https://github.com/kbaoooo/vn_schools_scores_data/blob/main/craw-data/scores/DDT/2025.json
DDT,7340302,Ngành Kiểm toán,7340302,2025,https://github.com/kbaoooo/vn_schools_scores_data/blob/main/craw-data/scores/DDT/2025.json
DDT,7340404,Ngành Quản trị Nhân lực,7340404,2025,https://github.com/kbaoooo/vn_schools_scores_data/blob/main/craw-data/scores/DDT/2025.json
DDT,7340405,Ngành Hệ thống Thông tin Quản lý - Chương trình Tiên tiến và Quốc tế,7340405,2025,https://github.com/kbaoooo/vn_schools_scores_data/blob/main/craw-data/scores/DDT/2025.json
DDT,7340412,Ngành Quản trị Sự kiện,7340412,2025,https://github.com/kbaoooo/vn_schools_scores_data/blob/main/craw-data/scores/DDT/2025.json
DDT,7380101,Ngành Luật,7380101,2025,https://github.com/kbaoooo/vn_schools_scores_data/blob/main/craw-data/scores/DDT/2025.json
DDT,7380107,Ngành Luật kinh tế,7380107,2025,https://github.com/kbaoooo/vn_schools_scores_data/blob/main/craw-data/scores/DDT/2025.json
DDT,7420201,Ngành Công nghệ Sinh học,7420201,2025,https://github.com/kbaoooo/vn_schools_scores_data/blob/main/craw-data/scores/DDT/2025.json
DDT,7460108,Ngành Khoa học Dữ liệu,7460108,2025,https://github.com/kbaoooo/vn_schools_scores_data/blob/main/craw-data/scores/DDT/2025.json
DDT,7480101,"Ngành Khoa học Máy tính có các chuyên ngành Khoa học máy tính, Kỹ thuật máy tính",7480101,2025,https://github.com/kbaoooo/vn_schools_scores_data/blob/main/craw-data/scores/DDT/2025.json
DDT,7480101 (LK),Ngành Khoa học Máy tính - Chương trình Du học tại chỗ lấy bằng Mỹ,7480101,2025,https://github.com/kbaoooo/vn_schools_scores_data/blob/main/craw-data/scores/DDT/2025.json
DDT,7480102,Ngành Mạng Máy tính & Truyền thông Dữ liệu,7480102,2025,https://github.com/kbaoooo/vn_schools_scores_data/blob/main/craw-data/scores/DDT/2025.json
DDT,7480103_1,Ngành Kỹ thuật Phần mềm có các chuyên ngành Công nghệ Phần mềm; Thiết kế Games và Multimedia),7480103,2025,https://github.com/kbaoooo/vn_schools_scores_data/blob/main/craw-data/scores/DDT/2025.json
DDT,7480103_6,Ngành Kỹ thuật Phần mềm - Chương trình Tiên tiến và Quốc tế,7480103,2025,https://github.com/kbaoooo/vn_schools_scores_data/blob/main/craw-data/scores/DDT/2025.json
DDT,7480103_9,Ngành Kỹ thuật Phần mềm - Chương trình Việt Nhật,7480103,2025,https://github.com/kbaoooo/vn_schools_scores_data/blob/main/craw-data/scores/DDT/2025.json
DDT,7480107,Ngành Trí tuệ Nhân tạo,7480107,2025,https://github.com/kbaoooo/vn_schools_scores_data/blob/main/craw-data/scores/DDT/2025.json
DDT,7480202_1,Ngành An toàn Thông tin,7480202,2025,https://github.com/kbaoooo/vn_schools_scores_data/blob/main/craw-data/scores/DDT/2025.json
DDT,7480202_6,Ngành An toàn Thông tin - Chương trình Tiên tiến&Quốc tế,7480202,2025,https://github.com/kbaoooo/vn_schools_scores_data/blob/main/craw-data/scores/DDT/2025.json
DDT,7510102,Ngành Công nghệ Kỹ thuật Công trình Xây dựng,7510102,2025,https://github.com/kbaoooo/vn_schools_scores_data/blob/main/craw-data/scores/DDT/2025.json
DDT,7510202,Ngành Công nghệ Chế tạo Máy,7510202,2025,https://github.com/kbaoooo/vn_schools_scores_data/blob/main/craw-data/scores/DDT/2025.json
DDT,7510205_1,Ngành Công nghệ Kỹ thuật Ô tô,7510205,2025,https://github.com/kbaoooo/vn_schools_scores_data/blob/main/craw-data/scores/DDT/2025.json
DDT,7510205_9,Ngành Công nghệ Kỹ thuật Ô tô - Chương trình Việt Nhật,7510205,2025,https://github.com/kbaoooo/vn_schools_scores_data/blob/main/craw-data/scores/DDT/2025.json
DDT,7510301,"Ngành Công nghệ Kỹ thuật Điện, Điện tử",7510301,2025,https://github.com/kbaoooo/vn_schools_scores_data/blob/main/craw-data/scores/DDT/2025.json
DDT,7510406,Ngành Công nghệ Kỹ thuật Môi trường,7510406,2025,https://github.com/kbaoooo/vn_schools_scores_data/blob/main/craw-data/scores/DDT/2025.json
DDT,7510605,Ngành Logistics & Quản lý Chuỗi cung ứng,7510605,2025,https://github.com/kbaoooo/vn_schools_scores_data/blob/main/craw-data/scores/DDT/2025.json
DDT,7510605 (HP),Ngành Logistics & Quản lý Chuỗi cung ứng - Chương trình Tài năng,7510605,2025,https://github.com/kbaoooo/vn_schools_scores_data/blob/main/craw-data/scores/DDT/2025.json
DDT,7520201,Ngành Kỹ thuật Điện,7520201,2025,https://github.com/kbaoooo/vn_schools_scores_data/blob/main/craw-data/scores/DDT/2025.json
DDT,7520212,Ngành Kỹ thuật Y sinh,7520212,2025,https://github.com/kbaoooo/vn_schools_scores_data/blob/main/craw-data/scores/DDT/2025.json
DDT,7520216_1,Ngành Kỹ thuật Điều khiển & Tự động hóa,7520216,2025,https://github.com/kbaoooo/vn_schools_scores_data/blob/main/craw-data/scores/DDT/2025.json
DDT,7520216_9,Ngành Kỹ thuật Điều khiển & Tự động hóa - Chương trình Việt Nhật,7520216,2025,https://github.com/kbaoooo/vn_schools_scores_data/blob/main/craw-data/scores/DDT/2025.json
DDT,7540101_1,Ngành Công nghệ Thực phẩm,7540101,2025,https://github.com/kbaoooo/vn_schools_scores_data/blob/main/craw-data/scores/DDT/2025.json
DDT,7540101_9,Ngành Công nghệ Thực phẩm - Chương trình Việt Nhật,7540101,2025,https://github.com/kbaoooo/vn_schools_scores_data/blob/main/craw-data/scores/DDT/2025.json
DDT,7580101,"Ngành Kiến trúc có chuyên ngành: Kiến trúc công trình, Thiết kế nội thất",7580101,2025,https://github.com/kbaoooo/vn_schools_scores_data/blob/main/craw-data/scores/DDT/2025.json
DDT,7580201_1,Ngành Kỹ thuật Xây dựng,7580201,2025,https://github.com/kbaoooo/vn_schools_scores_data/blob/main/craw-data/scores/DDT/2025.json
DDT,7580201_6,Ngành Kỹ thuật Xây dựng - Chương trình Tiên tiến và Quốc tế,7580201,2025,https://github.com/kbaoooo/vn_schools_scores_data/blob/main/craw-data/scores/DDT/2025.json
DDT,7580201_9,Ngành Kỹ thuật Xây dựng - Chương trình Việt Nhật,7580201,2025,https://github.com/kbaoooo/vn_schools_scores_data/blob/main/craw-data/scores/DDT/2025.json
DDT,7720101,Ngành Y Khoa,7720101,2025,https://github.com/kbaoooo/vn_schools_scores_data/blob/main/craw-data/scores/DDT/2025.json
DDT,7720201,Ngành Dược,7720201,2025,https://github.com/kbaoooo/vn_schools_scores_data/blob/main/craw-data/scores/DDT/2025.json
DDT,7720301_5,Ngành Điều dưỡng,7720301,2025,https://github.com/kbaoooo/vn_schools_scores_data/blob/main/craw-data/scores/DDT/2025.json
DDT,7720301_9,Ngành Điều dưỡng - Chương trình Việt Nhật,7720301,2025,https://github.com/kbaoooo/vn_schools_scores_data/blob/main/craw-data/scores/DDT/2025.json
DDT,7720501,Ngành Răng-Hàm-Mặt,7720501,2025,https://github.com/kbaoooo/vn_schools_scores_data/blob/main/craw-data/scores/DDT/2025.json
DDT,7720601,Ngành Kỹ thuật Xét nghiệm Y học,7720601,2025,https://github.com/kbaoooo/vn_schools_scores_data/blob/main/craw-data/scores/DDT/2025.json
DDT,7810101,Ngành Du lịch,7810101,2025,https://github.com/kbaoooo/vn_schools_scores_data/blob/main/craw-data/scores/DDT/2025.json
DDT,7810103,Ngành Quản trị Dịch vụ Du lịch & Lữ hành,7810103,2025,https://github.com/kbaoooo/vn_schools_scores_data/blob/main/craw-data/scores/DDT/2025.json
DDT,7810201,Ngành Quản trị Khách sạn,7810201,2025,https://github.com/kbaoooo/vn_schools_scores_data/blob/main/craw-data/scores/DDT/2025.json
DDT,7810201 (LK),Ngành Quản trị Khách sạn - Chương trình du học tại chỗ lấy bằng Mỹ,7810201,2025,https://github.com/kbaoooo/vn_schools_scores_data/blob/main/craw-data/scores/DDT/2025.json
DDT,7810202,Ngành Quản trị Nhà hàng & Dịch vụ Ăn uống,7810202,2025,https://github.com/kbaoooo/vn_schools_scores_data/blob/main/craw-data/scores/DDT/2025.json
DDT,7810501,Ngành Kinh tế Gia đình,7810501,2025,https://github.com/kbaoooo/vn_schools_scores_data/blob/main/craw-data/scores/DDT/2025.json
DDT,7850101,Ngành Quản lý Tài nguyên & Môi trường,7850101,2025,https://github.com/kbaoooo/vn_schools_scores_data/blob/main/craw-data/scores/DDT/2025.json
DDU,7220204,Ngôn ngữ Trung Quốc,7220204,2025,https://github.com/kbaoooo/vn_schools_scores_data/blob/main/craw-data/scores/DDU/2025.json
DDU,7220209,Ngôn ngữ Nhật,7220209,2025,https://github.com/kbaoooo/vn_schools_scores_data/blob/main/craw-data/scores/DDU/2025.json
DDU,7220210,Ngôn Ngữ Hàn Quốc,7220210,2025,https://github.com/kbaoooo/vn_schools_scores_data/blob/main/craw-data/scores/DDU/2025.json
DDU,7310205,Quản lý nhà nước,7310205,2025,https://github.com/kbaoooo/vn_schools_scores_data/blob/main/craw-data/scores/DDU/2025.json
DDU,7340101,Quản trị kinh doanh,7340101,2025,https://github.com/kbaoooo/vn_schools_scores_data/blob/main/craw-data/scores/DDU/2025.json
DDU,7340122,Thương mại điện tử,7340122,2025,https://github.com/kbaoooo/vn_schools_scores_data/blob/main/craw-data/scores/DDU/2025.json
DDU,7340201,Tài chính - Ngân hàng,7340201,2025,https://github.com/kbaoooo/vn_schools_scores_data/blob/main/craw-data/scores/DDU/2025.json
DDU,7340301,Kế toán,7340301,2025,https://github.com/kbaoooo/vn_schools_scores_data/blob/main/craw-data/scores/DDU/2025.json
DDU,7380107,Luật kinh tế,7380107,2025,https://github.com/kbaoooo/vn_schools_scores_data/blob/main/craw-data/scores/DDU/2025.json
DDU,7480201,Công nghệ thông tin,7480201,2025,https://github.com/kbaoooo/vn_schools_scores_data/blob/main/craw-data/scores/DDU/2025.json
DDU,7510205,Công nghệ kỹ thuật ô tô,7510205,2025,https://github.com/kbaoooo/vn_schools_scores_data/blob/main/craw-data/scores/DDU/2025.json
DDU,7640101,Thú y,7640101,2025,https://github.com/kbaoooo/vn_schools_scores_data/blob/main/craw-data/scores/DDU/2025.json
DDU,7720201,Dược học,7720201,2025,https://github.com/kbaoooo/vn_schools_scores_data/blob/main/craw-data/scores/DDU/2025.json
DDU,7720301,Điều dưỡng,7720301,2025,https://github.com/kbaoooo/vn_schools_scores_data/blob/main/craw-data/scores/DDU/2025.json
DDU,7720601,Kỹ thuật xét nghiệm y học,7720601,2025,https://github.com/kbaoooo/vn_schools_scores_data/blob/main/craw-data/scores/DDU/2025.json
DDV,7340120,Kinh doanh quốc tế,7340120,2025,https://github.com/kbaoooo/vn_schools_scores_data/blob/main/craw-data/scores/DDV/2025.json
DDV,7420201,Công nghệ sinh học,7420201,2025,https://github.com/kbaoooo/vn_schools_scores_data/blob/main/craw-data/scores/DDV/2025.json
DDV,7420204,Khoa học y sinh,7420204,2025,https://github.com/kbaoooo/vn_schools_scores_data/blob/main/craw-data/scores/DDV/2025.json
DDV,7480101-CSE,Khoa học máy tính,7480101,2025,https://github.com/kbaoooo/vn_schools_scores_data/blob/main/craw-data/scores/DDV/2025.json
DDV,7480101-SE,Khoa học máy tính -Chuyên ngành công nghệ phần mềm,7480101,2025,https://github.com/kbaoooo/vn_schools_scores_data/blob/main/craw-data/scores/DDV/2025.json
DDV,7480106,Kỹ thuật máy tính,7480106,2025,https://github.com/kbaoooo/vn_schools_scores_data/blob/main/craw-data/scores/DDV/2025.json
DDV,7510402,Công nghệ vật liệu- Chuyên ngành Công nghệ Nano,7510402,2025,https://github.com/kbaoooo/vn_schools_scores_data/blob/main/craw-data/scores/DDV/2025.json
DDV,7810201,Quản trị khách sạn,7810201,2025,https://github.com/kbaoooo/vn_schools_scores_data/blob/main/craw-data/scores/DDV/2025.json
DFA,7310101,Kinh tế,7310101,2025,https://github.com/kbaoooo/vn_schools_scores_data/blob/main/craw-data/scores/DFA/2025.json
DFA,7340101,Quản trị kinh doanh,7340101,2025,https://github.com/kbaoooo/vn_schools_scores_data/blob/main/craw-data/scores/DFA/2025.json
DFA,7340120,Kinh doanh quốc tế,7340120,2025,https://github.com/kbaoooo/vn_schools_scores_data/blob/main/craw-data/scores/DFA/2025.json
DFA,7340201,Tài chính - Ngân hàng,7340201,2025,https://github.com/kbaoooo/vn_schools_scores_data/blob/main/craw-data/scores/DFA/2025.json
DFA,7340301,Kế toán,7340301,2025,https://github.com/kbaoooo/vn_schools_scores_data/blob/main/craw-data/scores/DFA/2025.json
DFA,7340302,Kiểm toán,7340302,2025,https://github.com/kbaoooo/vn_schools_scores_data/blob/main/craw-data/scores/DFA/2025.json
DFA,7340405,Hệ thống thông tin quản lý,7340405,2025,https://github.com/kbaoooo/vn_schools_scores_data/blob/main/craw-data/scores/DFA/2025.json
DHA,7380101,Luật,7380101,2025,https://github.com/kbaoooo/vn_schools_scores_data/blob/main/craw-data/scores/DHA/2025.json
DHA,7380101,Luật Kinh tế,7380101,2025,https://github.com/kbaoooo/vn_schools_scores_data/blob/main/craw-data/scores/DHA/2025.json
DHC,7140206,Giáo dục Thế chất,7140206,2025,https://github.com/kbaoooo/vn_schools_scores_data/blob/main/craw-data/scores/DHC/2025.json
DHD,7340101,Quản trị kinh doanh,7340101,2025,https://github.com/kbaoooo/vn_schools_scores_data/blob/main/craw-data/scores/DHD/2025.json
DHD,7810101,Du lịch,7810101,2025,https://github.com/kbaoooo/vn_schools_scores_data/blob/main/craw-data/scores/DHD/2025.json
DHD,7810102,Du lịch điện tử,7810102,2025,https://github.com/kbaoooo/vn_schools_scores_data/blob/main/craw-data/scores/DHD/2025.json
DHD,7810103,Quản trị dịch vụ du lịch và lữ hành,7810103,2025,https://github.com/kbaoooo/vn_schools_scores_data/blob/main/craw-data/scores/DHD/2025.json
DHD,7810104,Quản trị du lịch và khách sạn,7810104,2025,https://github.com/kbaoooo/vn_schools_scores_data/blob/main/craw-data/scores/DHD/2025.json
DHD,7810201,Quản trị khách sạn,7810201,2025,https://github.com/kbaoooo/vn_schools_scores_data/blob/main/craw-data/scores/DHD/2025.json
DHD,7810202,Quản trị nhà hàng và dịch vụ ăn uống,7810202,2025,https://github.com/kbaoooo/vn_schools_scores_data/blob/main/craw-data/scores/DHD/2025.json
DHE,7480112KS,Khoa học dữ liệu và trí tuệ nhân tạo,7480112,2025,https://github.com/kbaoooo/vn_schools_scores_data/blob/main/craw-data/scores/DHE/2025.json
DHE,7510205,Công nghệ kỹ thuật ô tô,7510205,2025,https://github.com/kbaoooo/vn_schools_scores_data/blob/main/craw-data/scores/DHE/2025.json
DHE,7510301,"Công nghệ kỹ thuật điện, điện tử",7510301,2025,https://github.com/kbaoooo/vn_schools_scores_data/blob/main/craw-data/scores/DHE/2025.json
DHE,7510301_CNTKVM,"Công nghệ kỹ thuật điện, điện tử (Chương trình đào tạo Công nghệ thiết kế vi mạch)",7510301,2025,https://github.com/kbaoooo/vn_schools_scores_data/blob/main/craw-data/scores/DHE/2025.json
DHE,7520201,Kỹ thuật điện,7520201,2025,https://github.com/kbaoooo/vn_schools_scores_data/blob/main/craw-data/scores/DHE/2025.json
DHE,7520216,Kỹ thuật điều kiển và tự động hoá,7520216,2025,https://github.com/kbaoooo/vn_schools_scores_data/blob/main/craw-data/scores/DHE/2025.json
DHE,7580201,Kỹ thuật xây dựng,7580201,2025,https://github.com/kbaoooo/vn_schools_scores_data/blob/main/craw-data/scores/DHE/2025.json
DHF,7140231,Sư phạm Tiếng Anh,7140231,2025,https://github.com/kbaoooo/vn_schools_scores_data/blob/main/craw-data/scores/DHF/2025.json
DHF,7140233,Sư phạm Tiếng Pháp,7140233,2025,https://github.com/kbaoooo/vn_schools_scores_data/blob/main/craw-data/scores/DHF/2025.json
DHF,7140234,Sư phạm Tiếng Trung Quốc,7140234,2025,https://github.com/kbaoooo/vn_schools_scores_data/blob/main/craw-data/scores/DHF/2025.json
DHF,7220201,Ngôn ngữ Anh,7220201,2025,https://github.com/kbaoooo/vn_schools_scores_data/blob/main/craw-data/scores/DHF/2025.json
DHF,7220202,Ngôn ngữ Nga,7220202,2025,https://github.com/kbaoooo/vn_schools_scores_data/blob/main/craw-data/scores/DHF/2025.json
DHF,7220203,Ngôn ngữ Pháp,7220203,2025,https://github.com/kbaoooo/vn_schools_scores_data/blob/main/craw-data/scores/DHF/2025.json
DHF,7220204,Ngôn ngữ Trung Quốc,7220204,2025,https://github.com/kbaoooo/vn_schools_scores_data/blob/main/craw-data/scores/DHF/2025.json
DHF,7220209,Ngôn ngữ Nhật,7220209,2025,https://github.com/kbaoooo/vn_schools_scores_data/blob/main/craw-data/scores/DHF/2025.json
DHF,7220210,Ngôn ngữ Hàn Quốc,7220210,2025,https://github.com/kbaoooo/vn_schools_scores_data/blob/main/craw-data/scores/DHF/2025.json
DHF,7310601,Quốc tế học,7310601,2025,https://github.com/kbaoooo/vn_schools_scores_data/blob/main/craw-data/scores/DHF/2025.json
DHF,7310630,Việt Nam học,7310630,2025,https://github.com/kbaoooo/vn_schools_scores_data/blob/main/craw-data/scores/DHF/2025.json
DHF,7310640,Hoa Kỳ học,7310640,2025,https://github.com/kbaoooo/vn_schools_scores_data/blob/main/craw-data/scores/DHF/2025.json
DHI,7310206,Quan hệ quốc tế,7310206,2025,https://github.com/kbaoooo/vn_schools_scores_data/blob/main/craw-data/scores/DHI/2025.json
DHI,7320104,Truyền thông đa phương tiện,7320104,2025,https://github.com/kbaoooo/vn_schools_scores_data/blob/main/craw-data/scores/DHI/2025.json
DHI,7510406,Công nghệ kỹ thuật môi trường,7510406,2025,https://github.com/kbaoooo/vn_schools_scores_data/blob/main/craw-data/scores/DHI/2025.json
DHI,7580301,Kinh tế xây dựng,7580301,2025,https://github.com/kbaoooo/vn_schools_scores_data/blob/main/craw-data/scores/DHI/2025.json
DHI,7850102,Kinh tế tài nguyên thiên nhiên,7850102,2025,https://github.com/kbaoooo/vn_schools_scores_data/blob/main/craw-data/scores/DHI/2025.json
DHK,7310101,Kinh tế,7310101,2025,https://github.com/kbaoooo/vn_schools_scores_data/blob/main/craw-data/scores/DHK/2025.json
DHK,7310101TA,Kinh tế (Đào tạo bằng Tiếng Anh),7310101,2025,https://github.com/kbaoooo/vn_schools_scores_data/blob/main/craw-data/scores/DHK/2025.json
DHK,7310102,Kinh tế chính trị,7310102,2025,https://github.com/kbaoooo/vn_schools_scores_data/blob/main/craw-data/scores/DHK/2025.json
DHK,7310106,Kinh tế quốc tế,7310106,2025,https://github.com/kbaoooo/vn_schools_scores_data/blob/main/craw-data/scores/DHK/2025.json
DHK,7310107,Thống kê kinh tế,7310107,2025,https://github.com/kbaoooo/vn_schools_scores_data/blob/main/craw-data/scores/DHK/2025.json
DHK,7310109,Kinh tế số,7310109,2025,https://github.com/kbaoooo/vn_schools_scores_data/blob/main/craw-data/scores/DHK/2025.json
DHK,7340101,Quản trị kinh doanh,7340101,2025,https://github.com/kbaoooo/vn_schools_scores_data/blob/main/craw-data/scores/DHK/2025.json
DHK,7340101TA,Quản trị kinh doanh (Đào tạo bằng Tiếng Anh),7340101,2025,https://github.com/kbaoooo/vn_schools_scores_data/blob/main/craw-data/scores/DHK/2025.json
DHK,7340115,Marketing,7340115,2025,https://github.com/kbaoooo/vn_schools_scores_data/blob/main/craw-data/scores/DHK/2025.json
DHK,7340121,Kinh doanh thương mại,7340121,2025,https://github.com/kbaoooo/vn_schools_scores_data/blob/main/craw-data/scores/DHK/2025.json
DHK,7340122,Thương mại điện tử,7340122,2025,https://github.com/kbaoooo/vn_schools_scores_data/blob/main/craw-data/scores/DHK/2025.json
DHK,7340201,Tài chính - Ngân hàng,7340201,2025,https://github.com/kbaoooo/vn_schools_scores_data/blob/main/craw-data/scores/DHK/2025.json
DHK,7340301,Kế toán,7340301,2025,https://github.com/kbaoooo/vn_schools_scores_data/blob/main/craw-data/scores/DHK/2025.json
DHK,7340301TA,Kế toán (Đào tạo bằng Tiếng Anh),7340301,2025,https://github.com/kbaoooo/vn_schools_scores_data/blob/main/craw-data/scores/DHK/2025.json
DHK,7340302,Kiểm toán,7340302,2025,https://github.com/kbaoooo/vn_schools_scores_data/blob/main/craw-data/scores/DHK/2025.json
DHK,7340404,Quản trị nhân lực,7340404,2025,https://github.com/kbaoooo/vn_schools_scores_data/blob/main/craw-data/scores/DHK/2025.json
DHK,7340405,Hệ thống thông tin quản lý,7340405,2025,https://github.com/kbaoooo/vn_schools_scores_data/blob/main/craw-data/scores/DHK/2025.json
DHK,7349001,Tài chính - Ngân hàng (Liên kết),7349001,2025,https://github.com/kbaoooo/vn_schools_scores_data/blob/main/craw-data/scores/DHK/2025.json
DHK,7510605,Logistics và Quản lý chuỗi cung ứng,7510605,2025,https://github.com/kbaoooo/vn_schools_scores_data/blob/main/craw-data/scores/DHK/2025.json
DHK,7620115,Kinh tế nông nghiệp,7620115,2025,https://github.com/kbaoooo/vn_schools_scores_data/blob/main/craw-data/scores/DHK/2025.json
DHK,7903124,Song ngành Kinh tế - Tài chính,7903124,2025,https://github.com/kbaoooo/vn_schools_scores_data/blob/main/craw-data/scores/DHK/2025.json
DHL,7340116,Bất động sản,7340116,2025,https://github.com/kbaoooo/vn_schools_scores_data/blob/main/craw-data/scores/DHL/2025.json
DHL,7510201,Công nghệ kỹ thuật cơ khí,7510201,2025,https://github.com/kbaoooo/vn_schools_scores_data/blob/main/craw-data/scores/DHL/2025.json
DHL,7520114,Kỹ thuật cơ điện tử,7520114,2025,https://github.com/kbaoooo/vn_schools_scores_data/blob/main/craw-data/scores/DHL/2025.json
DHL,7540101,Công nghệ thực phẩm,7540101,2025,https://github.com/kbaoooo/vn_schools_scores_data/blob/main/craw-data/scores/DHL/2025.json
DHL,7540106,Đảm bảo chất lượng và an toàn thực phẩm,7540106,2025,https://github.com/kbaoooo/vn_schools_scores_data/blob/main/craw-data/scores/DHL/2025.json
DHL,7580210,Kỹ thuật cơ sở hạ tầng,7580210,2025,https://github.com/kbaoooo/vn_schools_scores_data/blob/main/craw-data/scores/DHL/2025.json
DHL,7620102,Khuyến nông,7620102,2025,https://github.com/kbaoooo/vn_schools_scores_data/blob/main/craw-data/scores/DHL/2025.json
DHL,7620105,Chăn nuôi,7620105,2025,https://github.com/kbaoooo/vn_schools_scores_data/blob/main/craw-data/scores/DHL/2025.json
DHL,7620110,Khoa học cây trồng,7620110,2025,https://github.com/kbaoooo/vn_schools_scores_data/blob/main/craw-data/scores/DHL/2025.json
DHL,7620112,Bảo vệ thực vật,7620112,2025,https://github.com/kbaoooo/vn_schools_scores_data/blob/main/craw-data/scores/DHL/2025.json
DHL,7620116,Phát triển nông thôn,7620116,2025,https://github.com/kbaoooo/vn_schools_scores_data/blob/main/craw-data/scores/DHL/2025.json
DHL,7620118,Nông nghiệp công nghệ cao,7620118,2025,https://github.com/kbaoooo/vn_schools_scores_data/blob/main/craw-data/scores/DHL/2025.json
DHL,7620119,Kinh doanh và khởi nghiệp nông thôn,7620119,2025,https://github.com/kbaoooo/vn_schools_scores_data/blob/main/craw-data/scores/DHL/2025.json
DHL,7620210,Lâm nghiệp,7620210,2025,https://github.com/kbaoooo/vn_schools_scores_data/blob/main/craw-data/scores/DHL/2025.json
DHL,7620211,Quản lý tài nguyên rừng,7620211,2025,https://github.com/kbaoooo/vn_schools_scores_data/blob/main/craw-data/scores/DHL/2025.json
DHL,7620301,Nuôi trồng thủy sản,7620301,2025,https://github.com/kbaoooo/vn_schools_scores_data/blob/main/craw-data/scores/DHL/2025.json
DHL,7620302,Bệnh học thủy sản,7620302,2025,https://github.com/kbaoooo/vn_schools_scores_data/blob/main/craw-data/scores/DHL/2025.json
DHL,7620305,Quản lý thủy sản,7620305,2025,https://github.com/kbaoooo/vn_schools_scores_data/blob/main/craw-data/scores/DHL/2025.json
DHL,7640101,Thú y,7640101,2025,https://github.com/kbaoooo/vn_schools_scores_data/blob/main/craw-data/scores/DHL/2025.json
DHL,7850103,Quản lý đất đai,7850103,2025,https://github.com/kbaoooo/vn_schools_scores_data/blob/main/craw-data/scores/DHL/2025.json
DHN,7140222,Sư phạm Mỹ thuật,7140222,2025,https://github.com/kbaoooo/vn_schools_scores_data/blob/main/craw-data/scores/DHN/2025.json
DHN,7210103,Hội hoạ,7210103,2025,https://github.com/kbaoooo/vn_schools_scores_data/blob/main/craw-data/scores/DHN/2025.json
DHN,7210105,Điêu khắc,7210105,2025,https://github.com/kbaoooo/vn_schools_scores_data/blob/main/craw-data/scores/DHN/2025.json
DHN,7210403,Thiết kế đồ hoạ,7210403,2025,https://github.com/kbaoooo/vn_schools_scores_data/blob/main/craw-data/scores/DHN/2025.json
DHN,7210404,Thiết kế thời trang,7210404,2025,https://github.com/kbaoooo/vn_schools_scores_data/blob/main/craw-data/scores/DHN/2025.json
DHN,7580108,Thiết kế nội thất,7580108,2025,https://github.com/kbaoooo/vn_schools_scores_data/blob/main/craw-data/scores/DHN/2025.json
DHQ,7520201,Kỹ thuật điện,7520201,2025,https://github.com/kbaoooo/vn_schools_scores_data/blob/main/craw-data/scores/DHQ/2025.json
DHQ,7520216,Kỹ thuật điều kiển và tự động hoá,7520216,2025,https://github.com/kbaoooo/vn_schools_scores_data/blob/main/craw-data/scores/DHQ/2025.json
DHQ,7580201,Kỹ thuật xây dựng,7580201,2025,https://github.com/kbaoooo/vn_schools_scores_data/blob/main/craw-data/scores/DHQ/2025.json
DHS,7140201,Giáo dục mầm non,7140201,2025,https://github.com/kbaoooo/vn_schools_scores_data/blob/main/craw-data/scores/DHS/2025.json
DHS,7140202,Giáo dục Tiểu học,7140202,2025,https://github.com/kbaoooo/vn_schools_scores_data/blob/main/craw-data/scores/DHS/2025.json
DHS,7140202TA,Giáo dục Tiểu học (Đào tạo bằng Tiếng Anh),7140202,2025,https://github.com/kbaoooo/vn_schools_scores_data/blob/main/craw-data/scores/DHS/2025.json
DHS,7140204,Giáo dục Công dân,7140204,2025,https://github.com/kbaoooo/vn_schools_scores_data/blob/main/craw-data/scores/DHS/2025.json
DHS,7140205,Giáo dục Chính trị,7140205,2025,https://github.com/kbaoooo/vn_schools_scores_data/blob/main/craw-data/scores/DHS/2025.json
DHS,7140208,Giáo dục Quốc phòng - An ninh,7140208,2025,https://github.com/kbaoooo/vn_schools_scores_data/blob/main/craw-data/scores/DHS/2025.json
DHS,7140209,Sư phạm Toán học,7140209,2025,https://github.com/kbaoooo/vn_schools_scores_data/blob/main/craw-data/scores/DHS/2025.json
DHS,7140209TA,Sư phạm Toán học (Đào tạo bằng Tiếng Anh),7140209,2025,https://github.com/kbaoooo/vn_schools_scores_data/blob/main/craw-data/scores/DHS/2025.json
DHS,7140210,Sư phạm Tin học,7140210,2025,https://github.com/kbaoooo/vn_schools_scores_data/blob/main/craw-data/scores/DHS/2025.json
DHS,7140211,Sư phạm Vật lý,7140211,2025,https://github.com/kbaoooo/vn_schools_scores_data/blob/main/craw-data/scores/DHS/2025.json
DHS,7140212,Sư phạm Hóa học,7140212,2025,https://github.com/kbaoooo/vn_schools_scores_data/blob/main/craw-data/scores/DHS/2025.json
DHS,7140213,Sư phạm Sinh học,7140213,2025,https://github.com/kbaoooo/vn_schools_scores_data/blob/main/craw-data/scores/DHS/2025.json
DHS,7140217,Sư phạm Ngữ văn,7140217,2025,https://github.com/kbaoooo/vn_schools_scores_data/blob/main/craw-data/scores/DHS/2025.json
DHS,7140218,Sư phạm Lịch sử,7140218,2025,https://github.com/kbaoooo/vn_schools_scores_data/blob/main/craw-data/scores/DHS/2025.json
DHS,7140219,Sư phạm Địa lý,7140219,2025,https://github.com/kbaoooo/vn_schools_scores_data/blob/main/craw-data/scores/DHS/2025.json
DHS,7140221,Sư phạm Âm nhạc,7140221,2025,https://github.com/kbaoooo/vn_schools_scores_data/blob/main/craw-data/scores/DHS/2025.json
DHS,7140246,Sư phạm công nghệ,7140246,2025,https://github.com/kbaoooo/vn_schools_scores_data/blob/main/craw-data/scores/DHS/2025.json
DHS,7140247,Sư phạm khoa học tự nhiên,7140247,2025,https://github.com/kbaoooo/vn_schools_scores_data/blob/main/craw-data/scores/DHS/2025.json
DHS,7140248,Giáo dục pháp luật,7140248,2025,https://github.com/kbaoooo/vn_schools_scores_data/blob/main/craw-data/scores/DHS/2025.json
DHS,7140249,Sư phạm Lịch sử - Địa lý,7140249,2025,https://github.com/kbaoooo/vn_schools_scores_data/blob/main/craw-data/scores/DHS/2025.json
DHS,7310403,Tâm lý học giáo dục,7310403,2025,https://github.com/kbaoooo/vn_schools_scores_data/blob/main/craw-data/scores/DHS/2025.json
DHS,7480104,Hệ thống thông tin,7480104,2025,https://github.com/kbaoooo/vn_schools_scores_data/blob/main/craw-data/scores/DHS/2025.json
DHT,7220104,Hán Nôm,7220104,2025,https://github.com/kbaoooo/vn_schools_scores_data/blob/main/craw-data/scores/DHT/2025.json
DHT,7229001,Triết học,7229001,2025,https://github.com/kbaoooo/vn_schools_scores_data/blob/main/craw-data/scores/DHT/2025.json
DHT,7229010,Lịch sử,7229010,2025,https://github.com/kbaoooo/vn_schools_scores_data/blob/main/craw-data/scores/DHT/2025.json
DHT,7229030,Văn học,7229030,2025,https://github.com/kbaoooo/vn_schools_scores_data/blob/main/craw-data/scores/DHT/2025.json
DHT,7229042,Quản lý văn hóa,7229042,2025,https://github.com/kbaoooo/vn_schools_scores_data/blob/main/craw-data/scores/DHT/2025.json
DHT,7310205,Quản lý nhà nước,7310205,2025,https://github.com/kbaoooo/vn_schools_scores_data/blob/main/craw-data/scores/DHT/2025.json
DHT,7310301,Xã hội học,7310301,2025,https://github.com/kbaoooo/vn_schools_scores_data/blob/main/craw-data/scores/DHT/2025.json
DHT,7310608,Đông phương học,7310608,2025,https://github.com/kbaoooo/vn_schools_scores_data/blob/main/craw-data/scores/DHT/2025.json
DHT,7320101,Báo chí,7320101,2025,https://github.com/kbaoooo/vn_schools_scores_data/blob/main/craw-data/scores/DHT/2025.json
DHT,7320111,Truyền thông số,7320111,2025,https://github.com/kbaoooo/vn_schools_scores_data/blob/main/craw-data/scores/DHT/2025.json
DHT,7420201,Công nghệ sinh học,7420201,2025,https://github.com/kbaoooo/vn_schools_scores_data/blob/main/craw-data/scores/DHT/2025.json
DHT,7440102,Vật lý học,7440102,2025,https://github.com/kbaoooo/vn_schools_scores_data/blob/main/craw-data/scores/DHT/2025.json
DHT,7440112,Hóa học,7440112,2025,https://github.com/kbaoooo/vn_schools_scores_data/blob/main/craw-data/scores/DHT/2025.json
DHT,7440301,Khoa học môi trường,7440301,2025,https://github.com/kbaoooo/vn_schools_scores_data/blob/main/craw-data/scores/DHT/2025.json
DHT,7480103,Kỹ thuật phần mềm,7480103,2025,https://github.com/kbaoooo/vn_schools_scores_data/blob/main/craw-data/scores/DHT/2025.json
DHT,7480107TD,Quản trị và phân tích dữ liệu,7480107,2025,https://github.com/kbaoooo/vn_schools_scores_data/blob/main/craw-data/scores/DHT/2025.json
DHT,7480201,Công nghệ thông tin,7480201,2025,https://github.com/kbaoooo/vn_schools_scores_data/blob/main/craw-data/scores/DHT/2025.json
DHT,7480201VJ,Công nghệ thông tin (Chương trình đào tạo Kỹ sư Việt-Nhật),7480201,2025,https://github.com/kbaoooo/vn_schools_scores_data/blob/main/craw-data/scores/DHT/2025.json
DHT,7510302,Công nghệ kỹ thuật điện tử - Viễn thông,7510302,2025,https://github.com/kbaoooo/vn_schools_scores_data/blob/main/craw-data/scores/DHT/2025.json
DHT,7510401,Công nghệ kỹ thuật hóa học,7510401,2025,https://github.com/kbaoooo/vn_schools_scores_data/blob/main/craw-data/scores/DHT/2025.json
DHT,7520503,Kỹ thuật trắc địa - bản đồ,7520503,2025,https://github.com/kbaoooo/vn_schools_scores_data/blob/main/craw-data/scores/DHT/2025.json
DHT,7580101,Kiến trúc,7580101,2025,https://github.com/kbaoooo/vn_schools_scores_data/blob/main/craw-data/scores/DHT/2025.json
DHT,7580211,Địa kỹ thuật xây dựng,7580211,2025,https://github.com/kbaoooo/vn_schools_scores_data/blob/main/craw-data/scores/DHT/2025.json
DHT,7760101,Công tác xã hội,7760101,2025,https://github.com/kbaoooo/vn_schools_scores_data/blob/main/craw-data/scores/DHT/2025.json
DHT,7850101,Quản lý tài nguyên và môi trường,7850101,2025,https://github.com/kbaoooo/vn_schools_scores_data/blob/main/craw-data/scores/DHT/2025.json
DHT,7850105,"Quản lý an toàn, sức khỏe và môi trường",7850105,2025,https://github.com/kbaoooo/vn_schools_scores_data/blob/main/craw-data/scores/DHT/2025.json
DHV,7220201,Ngôn ngữ Anh,7220201,2025,https://github.com/kbaoooo/vn_schools_scores_data/blob/main/craw-data/scores/DHV/2025.json
DHV,7220204,Ngôn ngữ Trung Quốc,7220204,2025,https://github.com/kbaoooo/vn_schools_scores_data/blob/main/craw-data/scores/DHV/2025.json
DHV,7220209,Ngôn ngữ Nhật,7220209,2025,https://github.com/kbaoooo/vn_schools_scores_data/blob/main/craw-data/scores/DHV/2025.json
DHV,7220210,Ngôn ngữ Hàn Quốc,7220210,2025,https://github.com/kbaoooo/vn_schools_scores_data/blob/main/craw-data/scores/DHV/2025.json
DHV,7310106,Kinh tế quốc tế,7310106,2025,https://github.com/kbaoooo/vn_schools_scores_data/blob/main/craw-data/scores/DHV/2025.json
DHV,7310401,Tâm lý học,7310401,2025,https://github.com/kbaoooo/vn_schools_scores_data/blob/main/craw-data/scores/DHV/2025.json
DHV,7340101,Quản trị kinh doanh,7340101,2025,https://github.com/kbaoooo/vn_schools_scores_data/blob/main/craw-data/scores/DHV/2025.json
DHV,7340115,Marketing,7340115,2025,https://github.com/kbaoooo/vn_schools_scores_data/blob/main/craw-data/scores/DHV/2025.json
DHV,7340122,Thương mại điện tử,7340122,2025,https://github.com/kbaoooo/vn_schools_scores_data/blob/main/craw-data/scores/DHV/2025.json
DHV,7340201,Tài chính ngân hàng,7340201,2025,https://github.com/kbaoooo/vn_schools_scores_data/blob/main/craw-data/scores/DHV/2025.json
DHV,7340205,Công nghệ tài chính,7340205,2025,https://github.com/kbaoooo/vn_schools_scores_data/blob/main/craw-data/scores/DHV/2025.json
DHV,7340301,Kế toán,7340301,2025,https://github.com/kbaoooo/vn_schools_scores_data/blob/main/craw-data/scores/DHV/2025.json
DHV,7380101,Luật,7380101,2025,https://github.com/kbaoooo/vn_schools_scores_data/blob/main/craw-data/scores/DHV/2025.json
DHV,7380107,Luật kinh tế,7380107,2025,https://github.com/kbaoooo/vn_schools_scores_data/blob/main/craw-data/scores/DHV/2025.json
DHV,7480106,Kỹ thuật máy tính,7480106,2025,https://github.com/kbaoooo/vn_schools_scores_data/blob/main/craw-data/scores/DHV/2025.json
DHV,7480201,Công nghệ thông tin,7480201,2025,https://github.com/kbaoooo/vn_schools_scores_data/blob/main/craw-data/scores/DHV/2025.json
DHV,7720802,Quản lý bệnh viện,7720802,2025,https://github.com/kbaoooo/vn_schools_scores_data/blob/main/craw-data/scores/DHV/2025.json
DHV,7810103,Quản trị dịch vụ du lịch và lữ hành,7810103,2025,https://github.com/kbaoooo/vn_schools_scores_data/blob/main/craw-data/scores/DHV/2025.json
DHV,7810201,Quản trị khách sạn,7810201,2025,https://github.com/kbaoooo/vn_schools_scores_data/blob/main/craw-data/scores/DHV/2025.json
DHY,7720101,Y khoa,7720101,2025,https://github.com/kbaoooo/vn_schools_scores_data/blob/main/craw-data/scores/DHY/2025.json
DHY,7720110,Y học dự phòng,7720110,2025,https://github.com/kbaoooo/vn_schools_scores_data/blob/main/craw-data/scores/DHY/2025.json
DHY,7720115,Y học cổ truyền,7720115,2025,https://github.com/kbaoooo/vn_schools_scores_data/blob/main/craw-data/scores/DHY/2025.json
DHY,7720201,Dược học,7720201,2025,https://github.com/kbaoooo/vn_schools_scores_data/blob/main/craw-data/scores/DHY/2025.json
DHY,7720301,Điều dưỡng,7720301,2025,https://github.com/kbaoooo/vn_schools_scores_data/blob/main/craw-data/scores/DHY/2025.json
DHY,7720302,Hộ sinh,7720302,2025,https://github.com/kbaoooo/vn_schools_scores_data/blob/main/craw-data/scores/DHY/2025.json
DHY,7720401,Dinh dưỡng,7720401,2025,https://github.com/kbaoooo/vn_schools_scores_data/blob/main/craw-data/scores/DHY/2025.json
DHY,7720501,Răng - Hàm - Mặt,7720501,2025,https://github.com/kbaoooo/vn_schools_scores_data/blob/main/craw-data/scores/DHY/2025.json
DHY,7720601,Kỹ thuật xét nghiệm y học,7720601,2025,https://github.com/kbaoooo/vn_schools_scores_data/blob/main/craw-data/scores/DHY/2025.json
DHY,7720602,Kỹ thuật hình ảnh y học,7720602,2025,https://github.com/kbaoooo/vn_schools_scores_data/blob/main/craw-data/scores/DHY/2025.json
DHY,7720701,Y tế công cộng,7720701,2025,https://github.com/kbaoooo/vn_schools_scores_data/blob/main/craw-data/scores/DHY/2025.json
DKB,7220201,Ngôn ngữ Anh,7220201,2025,https://github.com/kbaoooo/vn_schools_scores_data/blob/main/craw-data/scores/DKB/2025.json
DKB,7220210,Ngôn ngữ Hàn Quốc,7220210,2025,https://github.com/kbaoooo/vn_schools_scores_data/blob/main/craw-data/scores/DKB/2025.json
DKB,7320108,Quan hệ công chúng,7320108,2025,https://github.com/kbaoooo/vn_schools_scores_data/blob/main/craw-data/scores/DKB/2025.json
DKB,7340101,Quản trị kinh doanh,7340101,2025,https://github.com/kbaoooo/vn_schools_scores_data/blob/main/craw-data/scores/DKB/2025.json
DKB,7340115,Marketing,7340115,2025,https://github.com/kbaoooo/vn_schools_scores_data/blob/main/craw-data/scores/DKB/2025.json
DKB,7340122,Thương mại điện tử,7340122,2025,https://github.com/kbaoooo/vn_schools_scores_data/blob/main/craw-data/scores/DKB/2025.json
DKB,7340201,Tài chính Ngân hàng,7340201,2025,https://github.com/kbaoooo/vn_schools_scores_data/blob/main/craw-data/scores/DKB/2025.json
DKB,7340301,Kế toán,7340301,2025,https://github.com/kbaoooo/vn_schools_scores_data/blob/main/craw-data/scores/DKB/2025.json
DKB,7340406,Quản trị văn phòng,7340406,2025,https://github.com/kbaoooo/vn_schools_scores_data/blob/main/craw-data/scores/DKB/2025.json
DKB,7380101,Luật,7380101,2025,https://github.com/kbaoooo/vn_schools_scores_data/blob/main/craw-data/scores/DKB/2025.json
DKB,7380107,Luật kinh tế,7380107,2025,https://github.com/kbaoooo/vn_schools_scores_data/blob/main/craw-data/scores/DKB/2025.json
DKB,7480103,Kỹ thuật phần mềm,7480103,2025,https://github.com/kbaoooo/vn_schools_scores_data/blob/main/craw-data/scores/DKB/2025.json
DKB,7480201,Công nghệ thông tin,7480201,2025,https://github.com/kbaoooo/vn_schools_scores_data/blob/main/craw-data/scores/DKB/2025.json
DKB,7510205,Logistics và quản lý chuỗi cung ứng,7510205,2025,https://github.com/kbaoooo/vn_schools_scores_data/blob/main/craw-data/scores/DKB/2025.json
DKB,7510205,Công nghệ Kỹ thuật ô tô,7510205,2025,https://github.com/kbaoooo/vn_schools_scores_data/blob/main/craw-data/scores/DKB/2025.json
DKB,7510301,"Công nghệ kỹ thuật điện, điện tử",7510301,2025,https://github.com/kbaoooo/vn_schools_scores_data/blob/main/craw-data/scores/DKB/2025.json
DKB,7720201,Dược học,7720201,2025,https://github.com/kbaoooo/vn_schools_scores_data/blob/main/craw-data/scores/DKB/2025.json
DKB,7810202,Quản trị nhà hàng và dịch vụ ăn uống,7810202,2025,https://github.com/kbaoooo/vn_schools_scores_data/blob/main/craw-data/scores/DKB/2025.json
DKC,7210205,Thanh nhạc,7210205,2025,https://github.com/kbaoooo/vn_schools_scores_data/blob/main/craw-data/scores/DKC/2025.json
DKC,7210302,"Công nghệ điện ảnh, truyền hình",7210302,2025,https://github.com/kbaoooo/vn_schools_scores_data/blob/main/craw-data/scores/DKC/2025.json
DKC,7210403,Thiết kế đồ họa,7210403,2025,https://github.com/kbaoooo/vn_schools_scores_data/blob/main/craw-data/scores/DKC/2025.json
DKC,7210404,Thiết kế thời trang,7210404,2025,https://github.com/kbaoooo/vn_schools_scores_data/blob/main/craw-data/scores/DKC/2025.json
DKC,7210408,Nghệ thuật số,7210408,2025,https://github.com/kbaoooo/vn_schools_scores_data/blob/main/craw-data/scores/DKC/2025.json
DKC,7220201,Ngôn ngữ Anh,7220201,2025,https://github.com/kbaoooo/vn_schools_scores_data/blob/main/craw-data/scores/DKC/2025.json
DKC,7220204,Ngôn ngữ Trung Quốc,7220204,2025,https://github.com/kbaoooo/vn_schools_scores_data/blob/main/craw-data/scores/DKC/2025.json
DKC,7220209,Ngôn ngữ Nhật,7220209,2025,https://github.com/kbaoooo/vn_schools_scores_data/blob/main/craw-data/scores/DKC/2025.json
DKC,7220210,Ngôn ngữ Hàn Quốc,7220210,2025,https://github.com/kbaoooo/vn_schools_scores_data/blob/main/craw-data/scores/DKC/2025.json
DKC,7310106,Kinh tế quốc tế,7310106,2025,https://github.com/kbaoooo/vn_schools_scores_data/blob/main/craw-data/scores/DKC/2025.json
DKC,7310109,Kinh tế số,7310109,2025,https://github.com/kbaoooo/vn_schools_scores_data/blob/main/craw-data/scores/DKC/2025.json
DKC,7310401,Tâm lý học,7310401,2025,https://github.com/kbaoooo/vn_schools_scores_data/blob/main/craw-data/scores/DKC/2025.json
DKC,7320104,Truyền thông đa phương tiện,7320104,2025,https://github.com/kbaoooo/vn_schools_scores_data/blob/main/craw-data/scores/DKC/2025.json
DKC,7320108,Quan hệ công chúng,7320108,2025,https://github.com/kbaoooo/vn_schools_scores_data/blob/main/craw-data/scores/DKC/2025.json
DKC,7340101,Quản trị kinh doanh,7340101,2025,https://github.com/kbaoooo/vn_schools_scores_data/blob/main/craw-data/scores/DKC/2025.json
DKC,7340114,Digital Marketing,7340114,2025,https://github.com/kbaoooo/vn_schools_scores_data/blob/main/craw-data/scores/DKC/2025.json
DKC,7340115,Marketing,7340115,2025,https://github.com/kbaoooo/vn_schools_scores_data/blob/main/craw-data/scores/DKC/2025.json
DKC,7340116,Bất động sản,7340116,2025,https://github.com/kbaoooo/vn_schools_scores_data/blob/main/craw-data/scores/DKC/2025.json
DKC,7340120,Kinh doanh quốc tế,7340120,2025,https://github.com/kbaoooo/vn_schools_scores_data/blob/main/craw-data/scores/DKC/2025.json
DKC,7340121,Kinh doanh thương mại,7340121,2025,https://github.com/kbaoooo/vn_schools_scores_data/blob/main/craw-data/scores/DKC/2025.json
DKC,7340122,Thương mại điện tử,7340122,2025,https://github.com/kbaoooo/vn_schools_scores_data/blob/main/craw-data/scores/DKC/2025.json
DKC,7340201,Tài chính - Ngân hàng,7340201,2025,https://github.com/kbaoooo/vn_schools_scores_data/blob/main/craw-data/scores/DKC/2025.json
DKC,7340205,Công nghệ tài chính,7340205,2025,https://github.com/kbaoooo/vn_schools_scores_data/blob/main/craw-data/scores/DKC/2025.json
DKC,7340301,Kế toán,7340301,2025,https://github.com/kbaoooo/vn_schools_scores_data/blob/main/craw-data/scores/DKC/2025.json
DKC,7340404,Quản trị nhân lực,7340404,2025,https://github.com/kbaoooo/vn_schools_scores_data/blob/main/craw-data/scores/DKC/2025.json
DKC,7340405,Hệ thống thông tin quản lý,7340405,2025,https://github.com/kbaoooo/vn_schools_scores_data/blob/main/craw-data/scores/DKC/2025.json
DKC,7340412,Quản trị sự kiện,7340412,2025,https://github.com/kbaoooo/vn_schools_scores_data/blob/main/craw-data/scores/DKC/2025.json
DKC,7380101,Luật,7380101,2025,https://github.com/kbaoooo/vn_schools_scores_data/blob/main/craw-data/scores/DKC/2025.json
DKC,7380107,Luật kinh tế,7380107,2025,https://github.com/kbaoooo/vn_schools_scores_data/blob/main/craw-data/scores/DKC/2025.json
DKC,7380109,Luật thương mại quốc tế,7380109,2025,https://github.com/kbaoooo/vn_schools_scores_data/blob/main/craw-data/scores/DKC/2025.json
DKC,7420201,Công nghệ sinh học,7420201,2025,https://github.com/kbaoooo/vn_schools_scores_data/blob/main/craw-data/scores/DKC/2025.json
DKC,7420207,Công nghệ thẩm mỹ,7420207,2025,https://github.com/kbaoooo/vn_schools_scores_data/blob/main/craw-data/scores/DKC/2025.json
DKC,7460108,Khoa học dữ liệu,7460108,2025,https://github.com/kbaoooo/vn_schools_scores_data/blob/main/craw-data/scores/DKC/2025.json
DKC,7480101,Khoa học máy tính,7480101,2025,https://github.com/kbaoooo/vn_schools_scores_data/blob/main/craw-data/scores/DKC/2025.json
DKC,7480106,Kỹ thuật máy tính,7480106,2025,https://github.com/kbaoooo/vn_schools_scores_data/blob/main/craw-data/scores/DKC/2025.json
DKC,7480107,Trí tuệ nhân tạo,7480107,2025,https://github.com/kbaoooo/vn_schools_scores_data/blob/main/craw-data/scores/DKC/2025.json
DKC,7480201,Công nghệ thông tin,7480201,2025,https://github.com/kbaoooo/vn_schools_scores_data/blob/main/craw-data/scores/DKC/2025.json
DKC,7480202,An toàn thông tin,7480202,2025,https://github.com/kbaoooo/vn_schools_scores_data/blob/main/craw-data/scores/DKC/2025.json
DKC,7510205,Công nghệ kỹ thuật ô tô,7510205,2025,https://github.com/kbaoooo/vn_schools_scores_data/blob/main/craw-data/scores/DKC/2025.json
DKC,7510209,Robot và trí tuệ nhân tạo,7510209,2025,https://github.com/kbaoooo/vn_schools_scores_data/blob/main/craw-data/scores/DKC/2025.json
DKC,7510605,Logistics và Quản lý chuỗi cung ứng,7510605,2025,https://github.com/kbaoooo/vn_schools_scores_data/blob/main/craw-data/scores/DKC/2025.json
DKC,7520103,Kỹ thuật cơ khí,7520103,2025,https://github.com/kbaoooo/vn_schools_scores_data/blob/main/craw-data/scores/DKC/2025.json
DKC,7520114,Kỹ thuật cơ điện tử,7520114,2025,https://github.com/kbaoooo/vn_schools_scores_data/blob/main/craw-data/scores/DKC/2025.json
DKC,7520141,Công nghệ ô tô điện,7520141,2025,https://github.com/kbaoooo/vn_schools_scores_data/blob/main/craw-data/scores/DKC/2025.json
DKC,7520201,Kỹ thuật điện,7520201,2025,https://github.com/kbaoooo/vn_schools_scores_data/blob/main/craw-data/scores/DKC/2025.json
DKC,7520207,Kỹ thuật điện tử - viễn thông,7520207,2025,https://github.com/kbaoooo/vn_schools_scores_data/blob/main/craw-data/scores/DKC/2025.json
DKC,7520216,Kỹ thuật điều khiển và tự động hóa,7520216,2025,https://github.com/kbaoooo/vn_schools_scores_data/blob/main/craw-data/scores/DKC/2025.json
DKC,7540101,Công nghệ thực phẩm,7540101,2025,https://github.com/kbaoooo/vn_schools_scores_data/blob/main/craw-data/scores/DKC/2025.json
DKC,7580101,Kiến trúc,7580101,2025,https://github.com/kbaoooo/vn_schools_scores_data/blob/main/craw-data/scores/DKC/2025.json
DKC,7580108,Thiết kế nội thất,7580108,2025,https://github.com/kbaoooo/vn_schools_scores_data/blob/main/craw-data/scores/DKC/2025.json
DKC,7580201,Kỹ thuật xây dựng,7580201,2025,https://github.com/kbaoooo/vn_schools_scores_data/blob/main/craw-data/scores/DKC/2025.json
DKC,7580302,Quản lý xây dựng,7580302,2025,https://github.com/kbaoooo/vn_schools_scores_data/blob/main/craw-data/scores/DKC/2025.json
DKC,7640101,Thú y,7640101,2025,https://github.com/kbaoooo/vn_schools_scores_data/blob/main/craw-data/scores/DKC/2025.json
DKC,7720201,Dược học,7720201,2025,https://github.com/kbaoooo/vn_schools_scores_data/blob/main/craw-data/scores/DKC/2025.json
DKC,7720301,Điều dưỡng,7720301,2025,https://github.com/kbaoooo/vn_schools_scores_data/blob/main/craw-data/scores/DKC/2025.json
DKC,7720601,Kỹ thuật xét nghiệm y học,7720601,2025,https://github.com/kbaoooo/vn_schools_scores_data/blob/main/craw-data/scores/DKC/2025.json
DKC,7810103,Quản trị dịch vụ du lịch và lữ hành,7810103,2025,https://github.com/kbaoooo/vn_schools_scores_data/blob/main/craw-data/scores/DKC/2025.json
DKC,7810201,Quản trị khách sạn,7810201,2025,https://github.com/kbaoooo/vn_schools_scores_data/blob/main/craw-data/scores/DKC/2025.json
DKC,7810202,Quản trị nhà hàng và dịch vụ ăn uống,7810202,2025,https://github.com/kbaoooo/vn_schools_scores_data/blob/main/craw-data/scores/DKC/2025.json
DKC,7810301,Quản lý thể dục thể thao,7810301,2025,https://github.com/kbaoooo/vn_schools_scores_data/blob/main/craw-data/scores/DKC/2025.json
DKC,7850101,Quản lý tài nguyên và môi trường,7850101,2025,https://github.com/kbaoooo/vn_schools_scores_data/blob/main/craw-data/scores/DKC/2025.json
DKH,7420201,Công nghệ sinh học,7420201,2025,https://github.com/kbaoooo/vn_schools_scores_data/blob/main/craw-data/scores/DKH/2025.json
DKH,7440112,Hóa học,7440112,2025,https://github.com/kbaoooo/vn_schools_scores_data/blob/main/craw-data/scores/DKH/2025.json
DKH,7720201,Dược học,7720201,2025,https://github.com/kbaoooo/vn_schools_scores_data/blob/main/craw-data/scores/DKH/2025.json
DKH,7720203,Hóa dược,7720203,2025,https://github.com/kbaoooo/vn_schools_scores_data/blob/main/craw-data/scores/DKH/2025.json
DKK,7220201DKD,Ngôn ngữ Anh (CS Nam Định),7220201,2025,https://github.com/kbaoooo/vn_schools_scores_data/blob/main/craw-data/scores/DKK/2025.json
DKK,7220201DKK,Ngôn ngữ Anh (CS Hà Nội),7220201,2025,https://github.com/kbaoooo/vn_schools_scores_data/blob/main/craw-data/scores/DKK/2025.json
DKK,7340101DKD,Quản trị kinh doanh (CS Nam Định),7340101,2025,https://github.com/kbaoooo/vn_schools_scores_data/blob/main/craw-data/scores/DKK/2025.json
DKK,7340101DKK,Quản trị kinh doanh (CS Hà Nội),7340101,2025,https://github.com/kbaoooo/vn_schools_scores_data/blob/main/craw-data/scores/DKK/2025.json
DKK,7340115DKD,Marketing (CS Nam Định),7340115,2025,https://github.com/kbaoooo/vn_schools_scores_data/blob/main/craw-data/scores/DKK/2025.json
DKK,7340115DKK,Marketing (CS Hà Nội),7340115,2025,https://github.com/kbaoooo/vn_schools_scores_data/blob/main/craw-data/scores/DKK/2025.json
DKK,7340121DKD,Kinh doanh thương mại (CS Nam Định),7340121,2025,https://github.com/kbaoooo/vn_schools_scores_data/blob/main/craw-data/scores/DKK/2025.json
DKK,7340121DKK,Kinh doanh thương mại (CS Hà Nội),7340121,2025,https://github.com/kbaoooo/vn_schools_scores_data/blob/main/craw-data/scores/DKK/2025.json
DKK,7340201DKD,Tài chính – Ngân hàng (CS Nam Định),7340201,2025,https://github.com/kbaoooo/vn_schools_scores_data/blob/main/craw-data/scores/DKK/2025.json
DKK,7340201DKK,Tài chính – Ngân hàng (CS Hà Nội),7340201,2025,https://github.com/kbaoooo/vn_schools_scores_data/blob/main/craw-data/scores/DKK/2025.json
DKK,7340204DKD,Bảo hiểm (CS Nam Định),7340204,2025,https://github.com/kbaoooo/vn_schools_scores_data/blob/main/craw-data/scores/DKK/2025.json
DKK,7340204DKK,Bảo hiểm (CS Hà Nội),7340204,2025,https://github.com/kbaoooo/vn_schools_scores_data/blob/main/craw-data/scores/DKK/2025.json
DKK,7340301DKD,Kế toán (CS Nam Định),7340301,2025,https://github.com/kbaoooo/vn_schools_scores_data/blob/main/craw-data/scores/DKK/2025.json
DKK,7340301DKK,Kế toán (CS Hà Nội),7340301,2025,https://github.com/kbaoooo/vn_schools_scores_data/blob/main/craw-data/scores/DKK/2025.json
DKK,7340302DKD,Kiểm toán (CS Nam Định),7340302,2025,https://github.com/kbaoooo/vn_schools_scores_data/blob/main/craw-data/scores/DKK/2025.json
DKK,7340302DKK,Kiểm toán (CS Hà Nội),7340302,2025,https://github.com/kbaoooo/vn_schools_scores_data/blob/main/craw-data/scores/DKK/2025.json
DKK,7460108DKD,Khoa học dữ liệu (CS Nam Định),7460108,2025,https://github.com/kbaoooo/vn_schools_scores_data/blob/main/craw-data/scores/DKK/2025.json
DKK,7460108DKK,Khoa học dữ liệu (CS Hà Nội),7460108,2025,https://github.com/kbaoooo/vn_schools_scores_data/blob/main/craw-data/scores/DKK/2025.json
DKK,7480102DKD,Mạng máy tính và truyền thông dữ liệu (CS Nam Định),7480102,2025,https://github.com/kbaoooo/vn_schools_scores_data/blob/main/craw-data/scores/DKK/2025.json
DKK,7480102DKK,Mạng máy tính và truyền thông dữ liệu (CS Hà Nội),7480102,2025,https://github.com/kbaoooo/vn_schools_scores_data/blob/main/craw-data/scores/DKK/2025.json
DKK,7480108DKD,Công nghệ kỹ thuật máy tính (CS Nam Định),7480108,2025,https://github.com/kbaoooo/vn_schools_scores_data/blob/main/craw-data/scores/DKK/2025.json
DKK,7480108DKK,Công nghệ kỹ thuật máy tính (CS Hà Nội),7480108,2025,https://github.com/kbaoooo/vn_schools_scores_data/blob/main/craw-data/scores/DKK/2025.json
DKK,7480201DKD,Công nghệ thông tin (CS Nam Định),7480201,2025,https://github.com/kbaoooo/vn_schools_scores_data/blob/main/craw-data/scores/DKK/2025.json
DKK,7480201DKK,Công nghệ thông tin (CS Hà Nội),7480201,2025,https://github.com/kbaoooo/vn_schools_scores_data/blob/main/craw-data/scores/DKK/2025.json
DKK,7510201DKD,Công nghệ kỹ thuật cơ khí (CS Nam Định),7510201,2025,https://github.com/kbaoooo/vn_schools_scores_data/blob/main/craw-data/scores/DKK/2025.json
DKK,7510201DKK,Công nghệ kỹ thuật cơ khí (CS Hà Nội),7510201,2025,https://github.com/kbaoooo/vn_schools_scores_data/blob/main/craw-data/scores/DKK/2025.json
DKK,7510203DKD,Công nghệ kỹ thuật cơ điện tử (CS Nam Định),7510203,2025,https://github.com/kbaoooo/vn_schools_scores_data/blob/main/craw-data/scores/DKK/2025.json
DKK,7510203DKK,Công nghệ kỹ thuật cơ điện tử (CS Hà Nội),7510203,2025,https://github.com/kbaoooo/vn_schools_scores_data/blob/main/craw-data/scores/DKK/2025.json
DKK,7510205DKD,Công nghệ kỹ thuật ô tô (CS Nam Định),7510205,2025,https://github.com/kbaoooo/vn_schools_scores_data/blob/main/craw-data/scores/DKK/2025.json
DKK,7510205DKK,Công nghệ kỹ thuật ô tô (CS Hà Nội),7510205,2025,https://github.com/kbaoooo/vn_schools_scores_data/blob/main/craw-data/scores/DKK/2025.json
DKK,7510301DKD,"Công nghệ kỹ thuật điện, điện tử (CS Nam Định)",7510301,2025,https://github.com/kbaoooo/vn_schools_scores_data/blob/main/craw-data/scores/DKK/2025.json
DKK,7510301DKK,"Công nghệ kỹ thuật điện, điện tử (CS Hà Nội)",7510301,2025,https://github.com/kbaoooo/vn_schools_scores_data/blob/main/craw-data/scores/DKK/2025.json
DKK,7510302DKD,Công nghệ kỹ thuật điện tử - viễn thông (CS Nam Định),7510302,2025,https://github.com/kbaoooo/vn_schools_scores_data/blob/main/craw-data/scores/DKK/2025.json
DKK,7510302DKK,Công nghệ kỹ thuật điện tử - viễn thông (CS Hà Nội),7510302,2025,https://github.com/kbaoooo/vn_schools_scores_data/blob/main/craw-data/scores/DKK/2025.json
DKK,7510303DKD,Công nghệ kỹ thuật điều khiển và tự động hóa (CS Nam Định),7510303,2025,https://github.com/kbaoooo/vn_schools_scores_data/blob/main/craw-data/scores/DKK/2025.json
DKK,7510303DKK,Công nghệ kỹ thuật điều khiển và tự động hóa (CS Hà Nội),7510303,2025,https://github.com/kbaoooo/vn_schools_scores_data/blob/main/craw-data/scores/DKK/2025.json
DKK,7510605DKD,Logistics và Quản lý chuỗi cung ứng (CS Nam Định),7510605,2025,https://github.com/kbaoooo/vn_schools_scores_data/blob/main/craw-data/scores/DKK/2025.json
DKK,7510605DKK,Logistics và Quản lý chuỗi cung ứng (CS Hà Nội),7510605,2025,https://github.com/kbaoooo/vn_schools_scores_data/blob/main/craw-data/scores/DKK/2025.json
DKK,7540101DKD,Công nghệ thực phẩm (CS Nam Định),7540101,2025,https://github.com/kbaoooo/vn_schools_scores_data/blob/main/craw-data/scores/DKK/2025.json
DKK,7540101DKK,Công nghệ thực phẩm (CS Hà Nội),7540101,2025,https://github.com/kbaoooo/vn_schools_scores_data/blob/main/craw-data/scores/DKK/2025.json
DKK,7540106DKD,Đảm bảo chất lượng và an toàn thực phẩm (CS Nam Định),7540106,2025,https://github.com/kbaoooo/vn_schools_scores_data/blob/main/craw-data/scores/DKK/2025.json
DKK,7540106DKK,Đảm bảo chất lượng và an toàn thực phẩm (CS Hà Nội),7540106,2025,https://github.com/kbaoooo/vn_schools_scores_data/blob/main/craw-data/scores/DKK/2025.json
DKK,7540203DKD,"Công nghệ vật liệu dệt, may (CS Nam Định)",7540203,2025,https://github.com/kbaoooo/vn_schools_scores_data/blob/main/craw-data/scores/DKK/2025.json
DKK,7540203DKK,"Công nghệ vật liệu dệt, may (CS Hà Nội)",7540203,2025,https://github.com/kbaoooo/vn_schools_scores_data/blob/main/craw-data/scores/DKK/2025.json
DKK,7540204DKD,"Công nghệ dệt, may (CS Nam Định)",7540204,2025,https://github.com/kbaoooo/vn_schools_scores_data/blob/main/craw-data/scores/DKK/2025.json
DKK,7540204DKK,"Công nghệ dệt, may (CS Hà Nội)",7540204,2025,https://github.com/kbaoooo/vn_schools_scores_data/blob/main/craw-data/scores/DKK/2025.json
DKK,7810103DKD,Quản trị dịch vụ du lịch và lữ hành (CS Nam Định),7810103,2025,https://github.com/kbaoooo/vn_schools_scores_data/blob/main/craw-data/scores/DKK/2025.json
DKK,7810103DKK,Quản trị dịch vụ du lịch và lữ hành (CS Hà Nội),7810103,2025,https://github.com/kbaoooo/vn_schools_scores_data/blob/main/craw-data/scores/DKK/2025.json
DKK,7810201DKD,Quản trị khách sạn (CS Nam Định),7810201,2025,https://github.com/kbaoooo/vn_schools_scores_data/blob/main/craw-data/scores/DKK/2025.json
DKK,7810201DKK,Quản trị khách sạn (CS Hà Nội),7810201,2025,https://github.com/kbaoooo/vn_schools_scores_data/blob/main/craw-data/scores/DKK/2025.json
DKS,DKS-KS1,"Luật Kiểm Sát (GT: Nam, miền Bắc)",,2025,https://github.com/kbaoooo/vn_schools_scores_data/blob/main/craw-data/scores/DKS/2025.json
DKS,DKS-KS2,"Luật Kiểm Sát (GT: Nữ, miền Bắc)",,2025,https://github.com/kbaoooo/vn_schools_scores_data/blob/main/craw-data/scores/DKS/2025.json
DKS,DKS-KS3,"Luật Kiểm Sát (GT: Nam, miền Nam)",,2025,https://github.com/kbaoooo/vn_schools_scores_data/blob/main/craw-data/scores/DKS/2025.json
DKS,DKS-KS4,"Luật Kiểm Sát (GT: Nữ, miền Nam)",,2025,https://github.com/kbaoooo/vn_schools_scores_data/blob/main/craw-data/scores/DKS/2025.json
DKS,DKS-LKT,Luật Kinh Tế,,2025,https://github.com/kbaoooo/vn_schools_scores_data/blob/main/craw-data/scores/DKS/2025.json
DKS,DKS-LUAT,Luật,,2025,https://github.com/kbaoooo/vn_schools_scores_data/blob/main/craw-data/scores/DKS/2025.json
DKT,51140201,Giáo dục Mầm non (CĐ),,2025,https://github.com/kbaoooo/vn_schools_scores_data/blob/main/craw-data/scores/DKT/2025.json
DKT,7140201,Giáo dục Mầm non (ĐH),7140201,2025,https://github.com/kbaoooo/vn_schools_scores_data/blob/main/craw-data/scores/DKT/2025.json
DKT,7140202,Giáo dục Tiểu học,7140202,2025,https://github.com/kbaoooo/vn_schools_scores_data/blob/main/craw-data/scores/DKT/2025.json
DKT,7140205,Giáo dục Chính trị,7140205,2025,https://github.com/kbaoooo/vn_schools_scores_data/blob/main/craw-data/scores/DKT/2025.json
DKT,7140206,Giáo dục Thể chất,7140206,2025,https://github.com/kbaoooo/vn_schools_scores_data/blob/main/craw-data/scores/DKT/2025.json
DKT,7140209,Sư phạm Toán học,7140209,2025,https://github.com/kbaoooo/vn_schools_scores_data/blob/main/craw-data/scores/DKT/2025.json
DKT,7140210,Sư phạm Tin học,7140210,2025,https://github.com/kbaoooo/vn_schools_scores_data/blob/main/craw-data/scores/DKT/2025.json
DKT,7140211,Sư phạm Vật lý,7140211,2025,https://github.com/kbaoooo/vn_schools_scores_data/blob/main/craw-data/scores/DKT/2025.json
DKT,7140212,Sư phạm Hoá học,7140212,2025,https://github.com/kbaoooo/vn_schools_scores_data/blob/main/craw-data/scores/DKT/2025.json
DKT,7140213,Sư phạm Sinh học,7140213,2025,https://github.com/kbaoooo/vn_schools_scores_data/blob/main/craw-data/scores/DKT/2025.json
DKT,7140217,Sư phạm Ngữ văn,7140217,2025,https://github.com/kbaoooo/vn_schools_scores_data/blob/main/craw-data/scores/DKT/2025.json
DKT,7140218,Sư phạm Lịch sử,7140218,2025,https://github.com/kbaoooo/vn_schools_scores_data/blob/main/craw-data/scores/DKT/2025.json
DKT,7140219,Sư phạm Địa lý,7140219,2025,https://github.com/kbaoooo/vn_schools_scores_data/blob/main/craw-data/scores/DKT/2025.json
DKT,7140231,Sư phạm Tiếng Anh,7140231,2025,https://github.com/kbaoooo/vn_schools_scores_data/blob/main/craw-data/scores/DKT/2025.json
DKT,7140246,Sư phạm công nghệ,7140246,2025,https://github.com/kbaoooo/vn_schools_scores_data/blob/main/craw-data/scores/DKT/2025.json
DKT,7140247,Sư phạm khoa học tự nhiên,7140247,2025,https://github.com/kbaoooo/vn_schools_scores_data/blob/main/craw-data/scores/DKT/2025.json
DKT,7220201,Ngôn ngữ Anh,7220201,2025,https://github.com/kbaoooo/vn_schools_scores_data/blob/main/craw-data/scores/DKT/2025.json
DKT,7229030,Văn học,7229030,2025,https://github.com/kbaoooo/vn_schools_scores_data/blob/main/craw-data/scores/DKT/2025.json
DKT,7310101,Kinh tế,7310101,2025,https://github.com/kbaoooo/vn_schools_scores_data/blob/main/craw-data/scores/DKT/2025.json
DKT,7340101,Quản trị kinh doanh,7340101,2025,https://github.com/kbaoooo/vn_schools_scores_data/blob/main/craw-data/scores/DKT/2025.json
DKT,7340115,Marketing,7340115,2025,https://github.com/kbaoooo/vn_schools_scores_data/blob/main/craw-data/scores/DKT/2025.json
DKT,7340201,Tài chính - Ngân hàng,7340201,2025,https://github.com/kbaoooo/vn_schools_scores_data/blob/main/craw-data/scores/DKT/2025.json
DKT,7340301,Kế toán,7340301,2025,https://github.com/kbaoooo/vn_schools_scores_data/blob/main/craw-data/scores/DKT/2025.json
DKT,7340406,Quản trị văn phòng,7340406,2025,https://github.com/kbaoooo/vn_schools_scores_data/blob/main/craw-data/scores/DKT/2025.json
DKT,7460101,Toán học,7460101,2025,https://github.com/kbaoooo/vn_schools_scores_data/blob/main/craw-data/scores/DKT/2025.json
DKT,7480201,Công nghệ thông tin,7480201,2025,https://github.com/kbaoooo/vn_schools_scores_data/blob/main/craw-data/scores/DKT/2025.json
DKT,7510203,Công nghệ kỹ thuật cơ - điện tử,7510203,2025,https://github.com/kbaoooo/vn_schools_scores_data/blob/main/craw-data/scores/DKT/2025.json
DKT,7510302,Công nghệ Kỹ thuật Điện tử - Viễn thông,7510302,2025,https://github.com/kbaoooo/vn_schools_scores_data/blob/main/craw-data/scores/DKT/2025.json
DKT,7520201,Kỹ thuật điện,7520201,2025,https://github.com/kbaoooo/vn_schools_scores_data/blob/main/craw-data/scores/DKT/2025.json
DKT,7760103,Hỗ trợ giáo dục người khuyết tật,7760103,2025,https://github.com/kbaoooo/vn_schools_scores_data/blob/main/craw-data/scores/DKT/2025.json
DKT,7810103,Quản trị dịch vụ Du lịch và Lữ hành,7810103,2025,https://github.com/kbaoooo/vn_schools_scores_data/blob/main/craw-data/scores/DKT/2025.json
DKY,7720101,Y khoa,7720101,2025,https://github.com/kbaoooo/vn_schools_scores_data/blob/main/craw-data/scores/DKY/2025.json
DKY,7720301,Điều dưỡng,7720301,2025,https://github.com/kbaoooo/vn_schools_scores_data/blob/main/craw-data/scores/DKY/2025.json
DKY,7720601,Kỹ thuật Xét nghiệm y học,7720601,2025,https://github.com/kbaoooo/vn_schools_scores_data/blob/main/craw-data/scores/DKY/2025.json
DKY,7720602,Kỹ thuật hình ảnh y học,7720602,2025,https://github.com/kbaoooo/vn_schools_scores_data/blob/main/craw-data/scores/DKY/2025.json
DKY,7720603,Kỹ thuật Phục hồi chức năng,7720603,2025,https://github.com/kbaoooo/vn_schools_scores_data/blob/main/craw-data/scores/DKY/2025.json
DLA,7220201,Ngôn ngữ Anh,7220201,2025,https://github.com/kbaoooo/vn_schools_scores_data/blob/main/craw-data/scores/DLA/2025.json
DLA,7340101,Quản trị Kinh doanh,7340101,2025,https://github.com/kbaoooo/vn_schools_scores_data/blob/main/craw-data/scores/DLA/2025.json
DLA,7340115,Marketing,7340115,2025,https://github.com/kbaoooo/vn_schools_scores_data/blob/main/craw-data/scores/DLA/2025.json
DLA,7340201,Tài chính - Ngân hàng,7340201,2025,https://github.com/kbaoooo/vn_schools_scores_data/blob/main/craw-data/scores/DLA/2025.json
DLA,7340301,Kế toán,7340301,2025,https://github.com/kbaoooo/vn_schools_scores_data/blob/main/craw-data/scores/DLA/2025.json
DLA,7380107,Luật Kinh tế,7380107,2025,https://github.com/kbaoooo/vn_schools_scores_data/blob/main/craw-data/scores/DLA/2025.json
DLA,7480201,Công nghệ thông tin,7480201,2025,https://github.com/kbaoooo/vn_schools_scores_data/blob/main/craw-data/scores/DLA/2025.json
DLA,7510103,Công nghệ Kỹ thuật Xây dựng,7510103,2025,https://github.com/kbaoooo/vn_schools_scores_data/blob/main/craw-data/scores/DLA/2025.json
DLA,7810103,Quản trị dịch vụ du lịch và lữ hành,7810103,2025,https://github.com/kbaoooo/vn_schools_scores_data/blob/main/craw-data/scores/DLA/2025.json
DLH,7220201,Ngôn ngữ Anh,7220201,2025,https://github.com/kbaoooo/vn_schools_scores_data/blob/main/craw-data/scores/DLH/2025.json
DLH,7220204,Ngôn ngữ Trung Quốc,7220204,2025,https://github.com/kbaoooo/vn_schools_scores_data/blob/main/craw-data/scores/DLH/2025.json
DLH,7310120,Kinh doanh quốc tế,7310120,2025,https://github.com/kbaoooo/vn_schools_scores_data/blob/main/craw-data/scores/DLH/2025.json
DLH,7310608,Đông phương học - Nhật Bản học - Hàn Quốc học,7310608,2025,https://github.com/kbaoooo/vn_schools_scores_data/blob/main/craw-data/scores/DLH/2025.json
DLH,7320104,Truyền thông đa phương tiện,7320104,2025,https://github.com/kbaoooo/vn_schools_scores_data/blob/main/craw-data/scores/DLH/2025.json
DLH,7320108,Quan hệ công chúng,7320108,2025,https://github.com/kbaoooo/vn_schools_scores_data/blob/main/craw-data/scores/DLH/2025.json
DLH,7340101,Quản trị kinh doanh,7340101,2025,https://github.com/kbaoooo/vn_schools_scores_data/blob/main/craw-data/scores/DLH/2025.json
DLH,7340115,Marketing,7340115,2025,https://github.com/kbaoooo/vn_schools_scores_data/blob/main/craw-data/scores/DLH/2025.json
DLH,7340122,Thương mại điện tử,7340122,2025,https://github.com/kbaoooo/vn_schools_scores_data/blob/main/craw-data/scores/DLH/2025.json
DLH,7340201,Tài chính - Ngân hàng,7340201,2025,https://github.com/kbaoooo/vn_schools_scores_data/blob/main/craw-data/scores/DLH/2025.json
DLH,7340301,Kế toán,7340301,2025,https://github.com/kbaoooo/vn_schools_scores_data/blob/main/craw-data/scores/DLH/2025.json
DLH,7380101,Luật,7380101,2025,https://github.com/kbaoooo/vn_schools_scores_data/blob/main/craw-data/scores/DLH/2025.json
DLH,7380107,Luật kinh tế,7380107,2025,https://github.com/kbaoooo/vn_schools_scores_data/blob/main/craw-data/scores/DLH/2025.json
DLH,7440301,"Khoa học môi trường (03 Chuyên ngành) - Công nghệ môi trường - An toàn, sức khỏe và Môi trường - Năng lượng xanh và Sinh thái môi trường",7440301,2025,https://github.com/kbaoooo/vn_schools_scores_data/blob/main/craw-data/scores/DLH/2025.json
DLH,7480107,Trí tuệ nhân tạo,7480107,2025,https://github.com/kbaoooo/vn_schools_scores_data/blob/main/craw-data/scores/DLH/2025.json
DLH,7480201,Công nghệ thông tin,7480201,2025,https://github.com/kbaoooo/vn_schools_scores_data/blob/main/craw-data/scores/DLH/2025.json
DLH,7510102,Công nghệ kỹ thuật công trình xây dựng (02 Chuyên ngành) - Xây dựng cầu đường - Xây dựng dân dụng và công nghiệp,7510102,2025,https://github.com/kbaoooo/vn_schools_scores_data/blob/main/craw-data/scores/DLH/2025.json
DLH,7510201,Công nghệ kỹ thuật Cơ khí,7510201,2025,https://github.com/kbaoooo/vn_schools_scores_data/blob/main/craw-data/scores/DLH/2025.json
DLH,7510203,Công nghệ kỹ thuật Cơ điện tử,7510203,2025,https://github.com/kbaoooo/vn_schools_scores_data/blob/main/craw-data/scores/DLH/2025.json
DLH,7510205,Công nghệ kỹ thuật ôtô - Công nghệ kỹ thuật ô tô - Công nghệ kỹ thuật ô tô điện,7510205,2025,https://github.com/kbaoooo/vn_schools_scores_data/blob/main/craw-data/scores/DLH/2025.json
DLH,7510301,"Công nghệ kỹ thuật điện, điện tử - Công nghệ kỹ thuật diện, diện tử - Công nghệ kỹ thuật vi mạch",7510301,2025,https://github.com/kbaoooo/vn_schools_scores_data/blob/main/craw-data/scores/DLH/2025.json
DLH,7510303,CNKT điều khiển và tự động hóa,7510303,2025,https://github.com/kbaoooo/vn_schools_scores_data/blob/main/craw-data/scores/DLH/2025.json
DLH,7510605,Logistics và Quản lý chuỗi cung ứng,7510605,2025,https://github.com/kbaoooo/vn_schools_scores_data/blob/main/craw-data/scores/DLH/2025.json
DLH,7540101,Công nghệ thực phẩm (03 Chuyên ngành) - Công nghệ thực phẩm - Quản lý chất lượng và An toàn thực phẩm - Khoa học thực phẩm và Dinh dưỡng,7540101,2025,https://github.com/kbaoooo/vn_schools_scores_data/blob/main/craw-data/scores/DLH/2025.json
DLH,7720201,Dược học (Dược sĩ),7720201,2025,https://github.com/kbaoooo/vn_schools_scores_data/blob/main/craw-data/scores/DLH/2025.json
DLH,7810103,Quản trị dịch vụ du lịch và lữ hành,7810103,2025,https://github.com/kbaoooo/vn_schools_scores_data/blob/main/craw-data/scores/DLH/2025.json
DLS,7220201,Ngôn ngữ Anh,7220201,2025,https://github.com/kbaoooo/vn_schools_scores_data/blob/main/craw-data/scores/DLS/2025.json
DLS,7310101,Kinh tế,7310101,2025,https://github.com/kbaoooo/vn_schools_scores_data/blob/main/craw-data/scores/DLS/2025.json
DLS,7310401,Tâm lý học,7310401,2025,https://github.com/kbaoooo/vn_schools_scores_data/blob/main/craw-data/scores/DLS/2025.json
DLS,7340101,Quản trị kinh doanh,7340101,2025,https://github.com/kbaoooo/vn_schools_scores_data/blob/main/craw-data/scores/DLS/2025.json
DLS,7340201,Tài chính - Ngân hàng,7340201,2025,https://github.com/kbaoooo/vn_schools_scores_data/blob/main/craw-data/scores/DLS/2025.json
DLS,7340207,Bảo hiểm - Tài chính,7340207,2025,https://github.com/kbaoooo/vn_schools_scores_data/blob/main/craw-data/scores/DLS/2025.json
DLS,7340301,Kế toán,7340301,2025,https://github.com/kbaoooo/vn_schools_scores_data/blob/main/craw-data/scores/DLS/2025.json
DLS,7340404,Quản trị nhân lực,7340404,2025,https://github.com/kbaoooo/vn_schools_scores_data/blob/main/craw-data/scores/DLS/2025.json
DLS,7340405,Hệ thống thông tin quản lý,7340405,2025,https://github.com/kbaoooo/vn_schools_scores_data/blob/main/craw-data/scores/DLS/2025.json
DLS,7380107,Luật kinh tế,7380107,2025,https://github.com/kbaoooo/vn_schools_scores_data/blob/main/craw-data/scores/DLS/2025.json
DLS,7760101,Công tác xã hội,7760101,2025,https://github.com/kbaoooo/vn_schools_scores_data/blob/main/craw-data/scores/DLS/2025.json
DLX,7220201,Ngôn ngữ Anh,7220201,2025,https://github.com/kbaoooo/vn_schools_scores_data/blob/main/craw-data/scores/DLX/2025.json
DLX,7310101,Kinh tế,7310101,2025,https://github.com/kbaoooo/vn_schools_scores_data/blob/main/craw-data/scores/DLX/2025.json
DLX,7310401,Tâm lý học,7310401,2025,https://github.com/kbaoooo/vn_schools_scores_data/blob/main/craw-data/scores/DLX/2025.json
DLX,7340101,Quản trị kinh doanh,7340101,2025,https://github.com/kbaoooo/vn_schools_scores_data/blob/main/craw-data/scores/DLX/2025.json
DLX,7340201,Tài chính - Ngân hàng,7340201,2025,https://github.com/kbaoooo/vn_schools_scores_data/blob/main/craw-data/scores/DLX/2025.json
DLX,7340204,Bảo hiểm,7340204,2025,https://github.com/kbaoooo/vn_schools_scores_data/blob/main/craw-data/scores/DLX/2025.json
DLX,7340207,Bảo hiểm - Tài chính,7340207,2025,https://github.com/kbaoooo/vn_schools_scores_data/blob/main/craw-data/scores/DLX/2025.json
DLX,7340301,Kế toán,7340301,2025,https://github.com/kbaoooo/vn_schools_scores_data/blob/main/craw-data/scores/DLX/2025.json
DLX,7340302,Kiểm toán,7340302,2025,https://github.com/kbaoooo/vn_schools_scores_data/blob/main/craw-data/scores/DLX/2025.json
DLX,7340404,Quản trị nhân lực,7340404,2025,https://github.com/kbaoooo/vn_schools_scores_data/blob/main/craw-data/scores/DLX/2025.json
DLX,7340405,Hệ thống thông tin quản lý,7340405,2025,https://github.com/kbaoooo/vn_schools_scores_data/blob/main/craw-data/scores/DLX/2025.json
DLX,7380107,Luật kinh tế,7380107,2025,https://github.com/kbaoooo/vn_schools_scores_data/blob/main/craw-data/scores/DLX/2025.json
DLX,7480201,Công nghệ thông tin,7480201,2025,https://github.com/kbaoooo/vn_schools_scores_data/blob/main/craw-data/scores/DLX/2025.json
DLX,7760101,Công tác xã hội,7760101,2025,https://github.com/kbaoooo/vn_schools_scores_data/blob/main/craw-data/scores/DLX/2025.json
DLX,7810103,Quản trị dịch vụ du lịch và lữ hành,7810103,2025,https://github.com/kbaoooo/vn_schools_scores_data/blob/main/craw-data/scores/DLX/2025.json
DMS,7220201,Ngôn ngữ Anh (chương trình chuẩn),7220201,2025,https://github.com/kbaoooo/vn_schools_scores_data/blob/main/craw-data/scores/DMS/2025.json
DMS,7310101,Kinh tế (chương trình chuẩn),7310101,2025,https://github.com/kbaoooo/vn_schools_scores_data/blob/main/craw-data/scores/DMS/2025.json
DMS,7310108,Toán kinh tế (chương trình chuẩn),7310108,2025,https://github.com/kbaoooo/vn_schools_scores_data/blob/main/craw-data/scores/DMS/2025.json
DMS,7310110,Quản lý kinh tế (chương trình chuẩn),7310110,2025,https://github.com/kbaoooo/vn_schools_scores_data/blob/main/craw-data/scores/DMS/2025.json
DMS,7340101_TATP,Quản trị kinh doanh (Chương trình Tiếng Anh toàn phần (Định hướng quốc tế)),7340101,2025,https://github.com/kbaoooo/vn_schools_scores_data/blob/main/craw-data/scores/DMS/2025.json
DMS,7340101_TH,Quản trị kinh doanh (chương trình tích hợp),7340101,2025,https://github.com/kbaoooo/vn_schools_scores_data/blob/main/craw-data/scores/DMS/2025.json
DMS,7340115_TATP,Marketing (Chương trình Tiếng Anh toàn phần (Định hướng quốc tế)),7340115,2025,https://github.com/kbaoooo/vn_schools_scores_data/blob/main/craw-data/scores/DMS/2025.json
DMS,7340115_TH,Marketing (chương trình tích hợp),7340115,2025,https://github.com/kbaoooo/vn_schools_scores_data/blob/main/craw-data/scores/DMS/2025.json
DMS,7340116,Bất động sản (chương trình chuẩn),7340116,2025,https://github.com/kbaoooo/vn_schools_scores_data/blob/main/craw-data/scores/DMS/2025.json
DMS,7340120_TATP,Kinh doanh quốc tế (Chương trình Tiếng Anh toàn phần (Định hướng quốc tế)),7340120,2025,https://github.com/kbaoooo/vn_schools_scores_data/blob/main/craw-data/scores/DMS/2025.json
DMS,7340120_TH,Kinh doanh quốc tế (chương trình tích hợp),7340120,2025,https://github.com/kbaoooo/vn_schools_scores_data/blob/main/craw-data/scores/DMS/2025.json
DMS,7340201_TATP,Tài chính - Ngân hàng (Chương trình Tiếng Anh toàn phần (Định hướng quốc tế)),7340201,2025,https://github.com/kbaoooo/vn_schools_scores_data/blob/main/craw-data/scores/DMS/2025.json
DMS,7340201_TH,Tài chính - Ngân hàng (chương trình tích hợp),7340201,2025,https://github.com/kbaoooo/vn_schools_scores_data/blob/main/craw-data/scores/DMS/2025.json
DMS,7340205_TH,Công nghệ tài chính (chương trình tích hợp),7340205,2025,https://github.com/kbaoooo/vn_schools_scores_data/blob/main/craw-data/scores/DMS/2025.json
DMS,7340301_TH,Kế toán (chương trình tích hợp),7340301,2025,https://github.com/kbaoooo/vn_schools_scores_data/blob/main/craw-data/scores/DMS/2025.json
DMS,7340302_TH,Kiểm toán (chương trình tích hợp),7340302,2025,https://github.com/kbaoooo/vn_schools_scores_data/blob/main/craw-data/scores/DMS/2025.json
DMS,7340405,Hệ thống thông tin quản lý (chương trình chuẩn),7340405,2025,https://github.com/kbaoooo/vn_schools_scores_data/blob/main/craw-data/scores/DMS/2025.json
DMS,7380107,Luật kinh tế (chương trình chuẩn),7380107,2025,https://github.com/kbaoooo/vn_schools_scores_data/blob/main/craw-data/scores/DMS/2025.json
DMS,7460108,Khoa học dữ liệu (chương trình chuẩn),7460108,2025,https://github.com/kbaoooo/vn_schools_scores_data/blob/main/craw-data/scores/DMS/2025.json
DMS,7810103_DT,Quản trị dịch vụ du lịch và lữ hành (chương trình đặc thù),7810103,2025,https://github.com/kbaoooo/vn_schools_scores_data/blob/main/craw-data/scores/DMS/2025.json
DMS,7810201_DT,Quản trị khách sạn (chương trình đặc thù),7810201,2025,https://github.com/kbaoooo/vn_schools_scores_data/blob/main/craw-data/scores/DMS/2025.json
DMS,7810202_DT,Quản trị nhà hàng và dịch vụ ăn uống (chương trình đặc thù),7810202,2025,https://github.com/kbaoooo/vn_schools_scores_data/blob/main/craw-data/scores/DMS/2025.json
DMT,7220201,Ngôn ngữ Anh,7220201,2025,https://github.com/kbaoooo/vn_schools_scores_data/blob/main/craw-data/scores/DMT/2025.json
DMT,7340101,Quản trị kinh doanh,7340101,2025,https://github.com/kbaoooo/vn_schools_scores_data/blob/main/craw-data/scores/DMT/2025.json
DMT,7340115,Marketing,7340115,2025,https://github.com/kbaoooo/vn_schools_scores_data/blob/main/craw-data/scores/DMT/2025.json
DMT,7340116,Bất động sản,7340116,2025,https://github.com/kbaoooo/vn_schools_scores_data/blob/main/craw-data/scores/DMT/2025.json
DMT,7340301,Kế toán,7340301,2025,https://github.com/kbaoooo/vn_schools_scores_data/blob/main/craw-data/scores/DMT/2025.json
DMT,7380101,Luật,7380101,2025,https://github.com/kbaoooo/vn_schools_scores_data/blob/main/craw-data/scores/DMT/2025.json
DMT,7440222,Khí tượng và khí hậu học,7440222,2025,https://github.com/kbaoooo/vn_schools_scores_data/blob/main/craw-data/scores/DMT/2025.json
DMT,7440224,Thủy văn học,7440224,2025,https://github.com/kbaoooo/vn_schools_scores_data/blob/main/craw-data/scores/DMT/2025.json
DMT,7440298,Biến đổi khí hậu và phát triển bền vững,7440298,2025,https://github.com/kbaoooo/vn_schools_scores_data/blob/main/craw-data/scores/DMT/2025.json
DMT,7480201,Công nghệ thông tin,7480201,2025,https://github.com/kbaoooo/vn_schools_scores_data/blob/main/craw-data/scores/DMT/2025.json
DMT,7510406,Công nghệ kỹ thuật môi trường,7510406,2025,https://github.com/kbaoooo/vn_schools_scores_data/blob/main/craw-data/scores/DMT/2025.json
DMT,7510605,Logistics và Quản ký chuỗi cung ứng,7510605,2025,https://github.com/kbaoooo/vn_schools_scores_data/blob/main/craw-data/scores/DMT/2025.json
DMT,7520501,Kỹ thuật địa chất,7520501,2025,https://github.com/kbaoooo/vn_schools_scores_data/blob/main/craw-data/scores/DMT/2025.json
DMT,7520503,Ký thuật trắc địa - bản đồ,7520503,2025,https://github.com/kbaoooo/vn_schools_scores_data/blob/main/craw-data/scores/DMT/2025.json
DMT,7520503PH,Kỹ thuật trắc địa - bản đồ,7520503,2025,https://github.com/kbaoooo/vn_schools_scores_data/blob/main/craw-data/scores/DMT/2025.json
DMT,7540106,Đảm bảo chất lượng và an toàn thực phẩm,7540106,2025,https://github.com/kbaoooo/vn_schools_scores_data/blob/main/craw-data/scores/DMT/2025.json
DMT,7810103,Quản trị dịch vụ du lịch và lữ hành,7810103,2025,https://github.com/kbaoooo/vn_schools_scores_data/blob/main/craw-data/scores/DMT/2025.json
DMT,7810201,Quản trị khách sạn,7810201,2025,https://github.com/kbaoooo/vn_schools_scores_data/blob/main/craw-data/scores/DMT/2025.json
DMT,7850101,Quản lý tài nguyên và môi trường,7850101,2025,https://github.com/kbaoooo/vn_schools_scores_data/blob/main/craw-data/scores/DMT/2025.json
DMT,7850102,Kinh tế tài nguyên thiên nhiên,7850102,2025,https://github.com/kbaoooo/vn_schools_scores_data/blob/main/craw-data/scores/DMT/2025.json
DMT,7850103,Quản lý đất đai,7850103,2025,https://github.com/kbaoooo/vn_schools_scores_data/blob/main/craw-data/scores/DMT/2025.json
DMT,7850103PH,Quản lý đất đai,7850103,2025,https://github.com/kbaoooo/vn_schools_scores_data/blob/main/craw-data/scores/DMT/2025.json
DMT,7850198,Quản lý tài nguyên nước,7850198,2025,https://github.com/kbaoooo/vn_schools_scores_data/blob/main/craw-data/scores/DMT/2025.json
DMT,7850199,Quản lý biển,7850199,2025,https://github.com/kbaoooo/vn_schools_scores_data/blob/main/craw-data/scores/DMT/2025.json
DNB,7140202,Giáo dục Tiểu học,7140202,2025,https://github.com/kbaoooo/vn_schools_scores_data/blob/main/craw-data/scores/DNB/2025.json
DNB,7140209,Sư phạm Toán học,7140209,2025,https://github.com/kbaoooo/vn_schools_scores_data/blob/main/craw-data/scores/DNB/2025.json
DNB,7140247,Sư phạm Khoa học tự nhiên,7140247,2025,https://github.com/kbaoooo/vn_schools_scores_data/blob/main/craw-data/scores/DNB/2025.json
DNB,7140249,Sư phạm Lịch sử - Địa lý,7140249,2025,https://github.com/kbaoooo/vn_schools_scores_data/blob/main/craw-data/scores/DNB/2025.json
DNB,7340101,Quản trị kinh doanh,7340101,2025,https://github.com/kbaoooo/vn_schools_scores_data/blob/main/craw-data/scores/DNB/2025.json
DNB,7340301,Kế toán,7340301,2025,https://github.com/kbaoooo/vn_schools_scores_data/blob/main/craw-data/scores/DNB/2025.json
DNB,7480201,Công nghệ thông tin,7480201,2025,https://github.com/kbaoooo/vn_schools_scores_data/blob/main/craw-data/scores/DNB/2025.json
DNB,7810101,Du lịch,7810101,2025,https://github.com/kbaoooo/vn_schools_scores_data/blob/main/craw-data/scores/DNB/2025.json
DNC,7220201,Ngôn ngữ Anh,7220201,2025,https://github.com/kbaoooo/vn_schools_scores_data/blob/main/craw-data/scores/DNC/2025.json
DNC,7320104,Truyền thông đa phương tiện,7320104,2025,https://github.com/kbaoooo/vn_schools_scores_data/blob/main/craw-data/scores/DNC/2025.json
DNC,7320108,Quan hệ công chúng (PR),7320108,2025,https://github.com/kbaoooo/vn_schools_scores_data/blob/main/craw-data/scores/DNC/2025.json
DNC,7340101,Quản trị kinh doanh,7340101,2025,https://github.com/kbaoooo/vn_schools_scores_data/blob/main/craw-data/scores/DNC/2025.json
DNC,7340115,Marketing,7340115,2025,https://github.com/kbaoooo/vn_schools_scores_data/blob/main/craw-data/scores/DNC/2025.json
DNC,7340116,Bất động sản,7340116,2025,https://github.com/kbaoooo/vn_schools_scores_data/blob/main/craw-data/scores/DNC/2025.json
DNC,7340120,Kinh doanh quốc tế,7340120,2025,https://github.com/kbaoooo/vn_schools_scores_data/blob/main/craw-data/scores/DNC/2025.json
DNC,7340122,Thương mại điện tử,7340122,2025,https://github.com/kbaoooo/vn_schools_scores_data/blob/main/craw-data/scores/DNC/2025.json
DNC,7340201,Tài chính – ngân hàng,7340201,2025,https://github.com/kbaoooo/vn_schools_scores_data/blob/main/craw-data/scores/DNC/2025.json
DNC,7340301,Kế toán,7340301,2025,https://github.com/kbaoooo/vn_schools_scores_data/blob/main/craw-data/scores/DNC/2025.json
DNC,7340412,Kinh tế số,7340412,2025,https://github.com/kbaoooo/vn_schools_scores_data/blob/main/craw-data/scores/DNC/2025.json
DNC,7380101,Luật,7380101,2025,https://github.com/kbaoooo/vn_schools_scores_data/blob/main/craw-data/scores/DNC/2025.json
DNC,7380107,Luật Kinh tế,7380107,2025,https://github.com/kbaoooo/vn_schools_scores_data/blob/main/craw-data/scores/DNC/2025.json
DNC,7480101,Khoa học máy tính,7480101,2025,https://github.com/kbaoooo/vn_schools_scores_data/blob/main/craw-data/scores/DNC/2025.json
DNC,7480101-01,Khoa học máy tính (Chuyên ngành Thiết kế vi mạch bán dẫn),7480101,2025,https://github.com/kbaoooo/vn_schools_scores_data/blob/main/craw-data/scores/DNC/2025.json
DNC,7480102,Mạng máy tính và truyền thông dữ liệu,7480102,2025,https://github.com/kbaoooo/vn_schools_scores_data/blob/main/craw-data/scores/DNC/2025.json
DNC,7480103,Kỹ thuật phần mềm,7480103,2025,https://github.com/kbaoooo/vn_schools_scores_data/blob/main/craw-data/scores/DNC/2025.json
DNC,7480201,Trí tuệ nhân tạo,7480201,2025,https://github.com/kbaoooo/vn_schools_scores_data/blob/main/craw-data/scores/DNC/2025.json
DNC,7480201,Công nghệ thông tin,7480201,2025,https://github.com/kbaoooo/vn_schools_scores_data/blob/main/craw-data/scores/DNC/2025.json
DNC,7510205,Công nghệ kỹ thuật ô tô,7510205,2025,https://github.com/kbaoooo/vn_schools_scores_data/blob/main/craw-data/scores/DNC/2025.json
DNC,7510205-01,Công nghệ kỹ thuật ô tô (Chuyên ngành Ô tô điện),7510205,2025,https://github.com/kbaoooo/vn_schools_scores_data/blob/main/craw-data/scores/DNC/2025.json
DNC,7510301,"Công nghệ kỹ thuật điện, điện tử",7510301,2025,https://github.com/kbaoooo/vn_schools_scores_data/blob/main/craw-data/scores/DNC/2025.json
DNC,7510401,Công nghệ kỹ thuật hoá học,7510401,2025,https://github.com/kbaoooo/vn_schools_scores_data/blob/main/craw-data/scores/DNC/2025.json
DNC,7510601,Quản lý công nghiệp,7510601,2025,https://github.com/kbaoooo/vn_schools_scores_data/blob/main/craw-data/scores/DNC/2025.json
DNC,7510605,Logistics và quản lý chuỗi cung ứng,7510605,2025,https://github.com/kbaoooo/vn_schools_scores_data/blob/main/craw-data/scores/DNC/2025.json
DNC,7520116,Kỹ thuật cơ khí động lực,7520116,2025,https://github.com/kbaoooo/vn_schools_scores_data/blob/main/craw-data/scores/DNC/2025.json
DNC,7520122,Kỹ thuật y sinh (Khoa học và công nghệ y khoa),7520122,2025,https://github.com/kbaoooo/vn_schools_scores_data/blob/main/craw-data/scores/DNC/2025.json
DNC,7540101,Công nghệ thực phẩm,7540101,2025,https://github.com/kbaoooo/vn_schools_scores_data/blob/main/craw-data/scores/DNC/2025.json
DNC,7580101,Kiến trúc,7580101,2025,https://github.com/kbaoooo/vn_schools_scores_data/blob/main/craw-data/scores/DNC/2025.json
DNC,7580201,Kỹ thuật xây dựng,7580201,2025,https://github.com/kbaoooo/vn_schools_scores_data/blob/main/craw-data/scores/DNC/2025.json
DNC,7580205,Kỹ thuật xây dựng công trình giao thông,7580205,2025,https://github.com/kbaoooo/vn_schools_scores_data/blob/main/craw-data/scores/DNC/2025.json
DNC,7580302,Quản lý xây dựng,7580302,2025,https://github.com/kbaoooo/vn_schools_scores_data/blob/main/craw-data/scores/DNC/2025.json
DNC,7720101,Y khoa,7720101,2025,https://github.com/kbaoooo/vn_schools_scores_data/blob/main/craw-data/scores/DNC/2025.json
DNC,7720110,Y học dự phòng,7720110,2025,https://github.com/kbaoooo/vn_schools_scores_data/blob/main/craw-data/scores/DNC/2025.json
DNC,7720201,Dược học,7720201,2025,https://github.com/kbaoooo/vn_schools_scores_data/blob/main/craw-data/scores/DNC/2025.json
DNC,7720301,Điều dưỡng,7720301,2025,https://github.com/kbaoooo/vn_schools_scores_data/blob/main/craw-data/scores/DNC/2025.json
DNC,7720501,Răng - Hàm - Mặt,7720501,2025,https://github.com/kbaoooo/vn_schools_scores_data/blob/main/craw-data/scores/DNC/2025.json
DNC,7720601,Kỹ thuật xét nghiệm y học,7720601,2025,https://github.com/kbaoooo/vn_schools_scores_data/blob/main/craw-data/scores/DNC/2025.json
DNC,7720602,Kỹ thuật hình ảnh y học,7720602,2025,https://github.com/kbaoooo/vn_schools_scores_data/blob/main/craw-data/scores/DNC/2025.json
DNC,7720802,Quản lý bệnh viện,7720802,2025,https://github.com/kbaoooo/vn_schools_scores_data/blob/main/craw-data/scores/DNC/2025.json
DNC,7810103,Quản trị dịch vụ du lịch và lữ hành,7810103,2025,https://github.com/kbaoooo/vn_schools_scores_data/blob/main/craw-data/scores/DNC/2025.json
DNC,7810201,Quản trị khách sạn,7810201,2025,https://github.com/kbaoooo/vn_schools_scores_data/blob/main/craw-data/scores/DNC/2025.json
DNC,7810202,Quản trị nhà hàng và dịch vụ ăn uống,7810202,2025,https://github.com/kbaoooo/vn_schools_scores_data/blob/main/craw-data/scores/DNC/2025.json
DNC,7850101,Quản lý tài nguyên và môi trường,7850101,2025,https://github.com/kbaoooo/vn_schools_scores_data/blob/main/craw-data/scores/DNC/2025.json
DNC,7850103,Quản lý đất đai,7850103,2025,https://github.com/kbaoooo/vn_schools_scores_data/blob/main/craw-data/scores/DNC/2025.json
DNH,7220201,Ngôn ngữ Anh,7220201,2025,https://github.com/kbaoooo/vn_schools_scores_data/blob/main/craw-data/scores/DNH/2025.json
DNH,7220202,Ngôn ngữ Nga,7220202,2025,https://github.com/kbaoooo/vn_schools_scores_data/blob/main/craw-data/scores/DNH/2025.json
DNH,7220204,Ngôn ngữ Trung Quốc,7220204,2025,https://github.com/kbaoooo/vn_schools_scores_data/blob/main/craw-data/scores/DNH/2025.json
DNT,7220201,Ngôn ngữ Anh,7220201,2025,https://github.com/kbaoooo/vn_schools_scores_data/blob/main/craw-data/scores/DNT/2025.json
DNT,7220204,Ngôn ngữ Trung Quốc,7220204,2025,https://github.com/kbaoooo/vn_schools_scores_data/blob/main/craw-data/scores/DNT/2025.json
DNT,7220209,Ngôn ngữ Nhật,7220209,2025,https://github.com/kbaoooo/vn_schools_scores_data/blob/main/craw-data/scores/DNT/2025.json
DNT,7220210,Ngôn ngữ Hàn Quốc,7220210,2025,https://github.com/kbaoooo/vn_schools_scores_data/blob/main/craw-data/scores/DNT/2025.json
DNT,7310206,Quan hệ quốc tế,7310206,2025,https://github.com/kbaoooo/vn_schools_scores_data/blob/main/craw-data/scores/DNT/2025.json
DNT,7310608,Đông phương học,7310608,2025,https://github.com/kbaoooo/vn_schools_scores_data/blob/main/craw-data/scores/DNT/2025.json
DNT,7320104,Truyền thông đa phương tiện,7320104,2025,https://github.com/kbaoooo/vn_schools_scores_data/blob/main/craw-data/scores/DNT/2025.json
DNT,7320108,Quan hệ công chúng,7320108,2025,https://github.com/kbaoooo/vn_schools_scores_data/blob/main/craw-data/scores/DNT/2025.json
DNT,7340101,Quản trị kinh doanh,7340101,2025,https://github.com/kbaoooo/vn_schools_scores_data/blob/main/craw-data/scores/DNT/2025.json
DNT,7340115,Marketing,7340115,2025,https://github.com/kbaoooo/vn_schools_scores_data/blob/main/craw-data/scores/DNT/2025.json
DNT,7340120,Kinh doanh quốc tế,7340120,2025,https://github.com/kbaoooo/vn_schools_scores_data/blob/main/craw-data/scores/DNT/2025.json
DNT,7340122,Thương mại điện tử,7340122,2025,https://github.com/kbaoooo/vn_schools_scores_data/blob/main/craw-data/scores/DNT/2025.json
DNT,7340302,Kiểm toán,7340302,2025,https://github.com/kbaoooo/vn_schools_scores_data/blob/main/craw-data/scores/DNT/2025.json
DNT,7380101,Luật,7380101,2025,https://github.com/kbaoooo/vn_schools_scores_data/blob/main/craw-data/scores/DNT/2025.json
DNT,7380107,Luật kinh tế,7380107,2025,https://github.com/kbaoooo/vn_schools_scores_data/blob/main/craw-data/scores/DNT/2025.json
DNT,7480103,Kế toán,7480103,2025,https://github.com/kbaoooo/vn_schools_scores_data/blob/main/craw-data/scores/DNT/2025.json
DNT,7480103,Kỹ thuật phần mềm,7480103,2025,https://github.com/kbaoooo/vn_schools_scores_data/blob/main/craw-data/scores/DNT/2025.json
DNT,7480107,Tài chính – ngân hàng,7480107,2025,https://github.com/kbaoooo/vn_schools_scores_data/blob/main/craw-data/scores/DNT/2025.json
DNT,7480107,Trí tuệ nhân tạo,7480107,2025,https://github.com/kbaoooo/vn_schools_scores_data/blob/main/craw-data/scores/DNT/2025.json
DNT,7480201,Công nghệ thông tin,7480201,2025,https://github.com/kbaoooo/vn_schools_scores_data/blob/main/craw-data/scores/DNT/2025.json
DNT,7510605,Logistics và quản lý chuỗi cung ứng,7510605,2025,https://github.com/kbaoooo/vn_schools_scores_data/blob/main/craw-data/scores/DNT/2025.json
DNT,7810103,Quản trị dịch vụ du lịch và lữ hành,7810103,2025,https://github.com/kbaoooo/vn_schools_scores_data/blob/main/craw-data/scores/DNT/2025.json
DNT,7810201,Quản trị khách sạn,7810201,2025,https://github.com/kbaoooo/vn_schools_scores_data/blob/main/craw-data/scores/DNT/2025.json
DNU,7140202,Giáo dục Tiểu học,7140202,2025,https://github.com/kbaoooo/vn_schools_scores_data/blob/main/craw-data/scores/DNU/2025.json
DNU,7140209,Sư phạm Toán học,7140209,2025,https://github.com/kbaoooo/vn_schools_scores_data/blob/main/craw-data/scores/DNU/2025.json
DNU,7140217,Sư phạm Ngữ văn,7140217,2025,https://github.com/kbaoooo/vn_schools_scores_data/blob/main/craw-data/scores/DNU/2025.json
DNU,7140231,Sư phạm Tiếng Anh,7140231,2025,https://github.com/kbaoooo/vn_schools_scores_data/blob/main/craw-data/scores/DNU/2025.json
DNU,7220201,Ngôn ngữ Anh,7220201,2025,https://github.com/kbaoooo/vn_schools_scores_data/blob/main/craw-data/scores/DNU/2025.json
DNU,7340101,Quản trị kinh doanh,7340101,2025,https://github.com/kbaoooo/vn_schools_scores_data/blob/main/craw-data/scores/DNU/2025.json
DNU,7340301,Kế toán,7340301,2025,https://github.com/kbaoooo/vn_schools_scores_data/blob/main/craw-data/scores/DNU/2025.json
DNU,7510301,"Công nghệ kỹ thuật điện, điện tử",7510301,2025,https://github.com/kbaoooo/vn_schools_scores_data/blob/main/craw-data/scores/DNU/2025.json
DNU,7520103,Kỹ thuật cơ khí,7520103,2025,https://github.com/kbaoooo/vn_schools_scores_data/blob/main/craw-data/scores/DNU/2025.json
DPC,7340101,Quản trị bệnh viện,7340101,2025,https://github.com/kbaoooo/vn_schools_scores_data/blob/main/craw-data/scores/DPC/2025.json
DPC,7720101,Y khoa (Bác sĩ đa khoa),7720101,2025,https://github.com/kbaoooo/vn_schools_scores_data/blob/main/craw-data/scores/DPC/2025.json
DPC,7720301A,Điều dưỡng đa khoa,7720301,2025,https://github.com/kbaoooo/vn_schools_scores_data/blob/main/craw-data/scores/DPC/2025.json
DPC,7720301B,Điều dưỡng Nha khoa,7720301,2025,https://github.com/kbaoooo/vn_schools_scores_data/blob/main/craw-data/scores/DPC/2025.json
DPC,7720501,Răng - Hàm - Mặt,7720501,2025,https://github.com/kbaoooo/vn_schools_scores_data/blob/main/craw-data/scores/DPC/2025.json
DPC,7720601,Kỹ thuật xét nghiệm y học,7720601,2025,https://github.com/kbaoooo/vn_schools_scores_data/blob/main/craw-data/scores/DPC/2025.json
DPD,7220201,Ngôn ngữ Anh,7220201,2025,https://github.com/kbaoooo/vn_schools_scores_data/blob/main/craw-data/scores/DPD/2025.json
DPD,7220204,Ngôn ngữ Trung Quốc,7220204,2025,https://github.com/kbaoooo/vn_schools_scores_data/blob/main/craw-data/scores/DPD/2025.json
DPD,7220209,Ngôn ngữ Nhật,7220209,2025,https://github.com/kbaoooo/vn_schools_scores_data/blob/main/craw-data/scores/DPD/2025.json
DPD,7320104,Truyền thông đa phương tiện,7320104,2025,https://github.com/kbaoooo/vn_schools_scores_data/blob/main/craw-data/scores/DPD/2025.json
DPD,7340101,Quản trị kinh doanh,7340101,2025,https://github.com/kbaoooo/vn_schools_scores_data/blob/main/craw-data/scores/DPD/2025.json
DPD,7340122,Thương mại điện tử,7340122,2025,https://github.com/kbaoooo/vn_schools_scores_data/blob/main/craw-data/scores/DPD/2025.json
DPD,7340201,Tài chính ngân hàng,7340201,2025,https://github.com/kbaoooo/vn_schools_scores_data/blob/main/craw-data/scores/DPD/2025.json
DPD,7340301,Kế toán,7340301,2025,https://github.com/kbaoooo/vn_schools_scores_data/blob/main/craw-data/scores/DPD/2025.json
DPD,7340406,Quản trị văn phòng,7340406,2025,https://github.com/kbaoooo/vn_schools_scores_data/blob/main/craw-data/scores/DPD/2025.json
DPD,7480201,Công nghệ thông tin,7480201,2025,https://github.com/kbaoooo/vn_schools_scores_data/blob/main/craw-data/scores/DPD/2025.json
DPD,7510203,Công nghệ kỹ thuật Cơ điện tử,7510203,2025,https://github.com/kbaoooo/vn_schools_scores_data/blob/main/craw-data/scores/DPD/2025.json
DPD,7510301,Công nghệ kỹ thuật Điện - Điện điện tử,7510301,2025,https://github.com/kbaoooo/vn_schools_scores_data/blob/main/craw-data/scores/DPD/2025.json
DPD,7580101,Kiến trúc,7580101,2025,https://github.com/kbaoooo/vn_schools_scores_data/blob/main/craw-data/scores/DPD/2025.json
DPD,7580201,Kỹ thuật xây dựng,7580201,2025,https://github.com/kbaoooo/vn_schools_scores_data/blob/main/craw-data/scores/DPD/2025.json
DPD,7580301,Kinh tế xây dựng,7580301,2025,https://github.com/kbaoooo/vn_schools_scores_data/blob/main/craw-data/scores/DPD/2025.json
DPD,7810103,Quản trị dịch vụ du lịch và lữ hành,7810103,2025,https://github.com/kbaoooo/vn_schools_scores_data/blob/main/craw-data/scores/DPD/2025.json
DPQ,7140202,Giáo dục Tiểu học,7140202,2025,https://github.com/kbaoooo/vn_schools_scores_data/blob/main/craw-data/scores/DPQ/2025.json
DPQ,7140209,Sư phạm Toán học,7140209,2025,https://github.com/kbaoooo/vn_schools_scores_data/blob/main/craw-data/scores/DPQ/2025.json
DPQ,7140210,Sư phạm Tin học,7140210,2025,https://github.com/kbaoooo/vn_schools_scores_data/blob/main/craw-data/scores/DPQ/2025.json
DPQ,7140211,Sư phạm Vật lý,7140211,2025,https://github.com/kbaoooo/vn_schools_scores_data/blob/main/craw-data/scores/DPQ/2025.json
DPQ,7140212,Sư phạm Hóa học,7140212,2025,https://github.com/kbaoooo/vn_schools_scores_data/blob/main/craw-data/scores/DPQ/2025.json
DPQ,7140217,Sư phạm Ngữ văn,7140217,2025,https://github.com/kbaoooo/vn_schools_scores_data/blob/main/craw-data/scores/DPQ/2025.json
DPQ,7140231,Sư phạm Tiếng Anh,7140231,2025,https://github.com/kbaoooo/vn_schools_scores_data/blob/main/craw-data/scores/DPQ/2025.json
DPQ,7140247,Sư phạm KHTN,7140247,2025,https://github.com/kbaoooo/vn_schools_scores_data/blob/main/craw-data/scores/DPQ/2025.json
DPQ,7310105,Kinh tế phát triển,7310105,2025,https://github.com/kbaoooo/vn_schools_scores_data/blob/main/craw-data/scores/DPQ/2025.json
DPQ,7340101,Quản trị kinh doanh,7340101,2025,https://github.com/kbaoooo/vn_schools_scores_data/blob/main/craw-data/scores/DPQ/2025.json
DPQ,7340115,Marketing,7340115,2025,https://github.com/kbaoooo/vn_schools_scores_data/blob/main/craw-data/scores/DPQ/2025.json
DPQ,7480201,Công nghệ thông tin,7480201,2025,https://github.com/kbaoooo/vn_schools_scores_data/blob/main/craw-data/scores/DPQ/2025.json
DPQ,7510201,Công nghệ kỹ thuật cơ khí,7510201,2025,https://github.com/kbaoooo/vn_schools_scores_data/blob/main/craw-data/scores/DPQ/2025.json
DPQ,7520114,Kỹ thuật cơ điện tử,7520114,2025,https://github.com/kbaoooo/vn_schools_scores_data/blob/main/craw-data/scores/DPQ/2025.json
DPT,7220201,Ngôn ngữ Anh,7220201,2025,https://github.com/kbaoooo/vn_schools_scores_data/blob/main/craw-data/scores/DPT/2025.json
DPT,7340101,Quản trị kinh doanh,7340101,2025,https://github.com/kbaoooo/vn_schools_scores_data/blob/main/craw-data/scores/DPT/2025.json
DPT,7340202,Tài chính – Ngân hàng,7340202,2025,https://github.com/kbaoooo/vn_schools_scores_data/blob/main/craw-data/scores/DPT/2025.json
DPT,7340301,Kế toán,7340301,2025,https://github.com/kbaoooo/vn_schools_scores_data/blob/main/craw-data/scores/DPT/2025.json
DPT,7380101,Luật,7380101,2025,https://github.com/kbaoooo/vn_schools_scores_data/blob/main/craw-data/scores/DPT/2025.json
DPT,7380107,Luật kinh tế,7380107,2025,https://github.com/kbaoooo/vn_schools_scores_data/blob/main/craw-data/scores/DPT/2025.json
DPT,7480201,Công nghệ thông tin,7480201,2025,https://github.com/kbaoooo/vn_schools_scores_data/blob/main/craw-data/scores/DPT/2025.json
DPT,7510605,Logistics và Quản lý chuỗi cung ứng,7510605,2025,https://github.com/kbaoooo/vn_schools_scores_data/blob/main/craw-data/scores/DPT/2025.json
DPT,7520103,Kỹ thuật cơ khí,7520103,2025,https://github.com/kbaoooo/vn_schools_scores_data/blob/main/craw-data/scores/DPT/2025.json
DPT,7520130,Kỹ thuật ô tô,7520130,2025,https://github.com/kbaoooo/vn_schools_scores_data/blob/main/craw-data/scores/DPT/2025.json
DPT,7580201,Kỹ thuật xây dựng,7580201,2025,https://github.com/kbaoooo/vn_schools_scores_data/blob/main/craw-data/scores/DPT/2025.json
DPT,7720601,Kỹ thuật xét nghiệm y học,7720601,2025,https://github.com/kbaoooo/vn_schools_scores_data/blob/main/craw-data/scores/DPT/2025.json
DPT,7810103,Quản trị dịch vụ du lịch và lữ hành,7810103,2025,https://github.com/kbaoooo/vn_schools_scores_data/blob/main/craw-data/scores/DPT/2025.json
DPT,7810201,Quản trị khách sạn,7810201,2025,https://github.com/kbaoooo/vn_schools_scores_data/blob/main/craw-data/scores/DPT/2025.json
DPT,7810202,Quản trị nhà hàng và dịch vụ ăn uống,7810202,2025,https://github.com/kbaoooo/vn_schools_scores_data/blob/main/craw-data/scores/DPT/2025.json
DPX,7000204,Ngôn ngữ Trung Quốc,7000204,2025,https://github.com/kbaoooo/vn_schools_scores_data/blob/main/craw-data/scores/DPX/2025.json
DPX,7220201,Ngôn ngữ Anh,7220201,2025,https://github.com/kbaoooo/vn_schools_scores_data/blob/main/craw-data/scores/DPX/2025.json
DPX,7340101,Quản trị kinh doanh,7340101,2025,https://github.com/kbaoooo/vn_schools_scores_data/blob/main/craw-data/scores/DPX/2025.json
DPX,7480201,Công nghệ thông tin,7480201,2025,https://github.com/kbaoooo/vn_schools_scores_data/blob/main/craw-data/scores/DPX/2025.json
DPX,7510205,Công nghệ kỹ thuật ô tô,7510205,2025,https://github.com/kbaoooo/vn_schools_scores_data/blob/main/craw-data/scores/DPX/2025.json
DPX,7810103,Quản trị dịch vụ Du lịch và lữ hành,7810103,2025,https://github.com/kbaoooo/vn_schools_scores_data/blob/main/craw-data/scores/DPX/2025.json
DPY,7140201,Giáo dục Mầm non,7140201,2025,https://github.com/kbaoooo/vn_schools_scores_data/blob/main/craw-data/scores/DPY/2025.json
DPY,7140202,Giáo dục Tiểu học,7140202,2025,https://github.com/kbaoooo/vn_schools_scores_data/blob/main/craw-data/scores/DPY/2025.json
DPY,7140209,Sư phạm Toán học,7140209,2025,https://github.com/kbaoooo/vn_schools_scores_data/blob/main/craw-data/scores/DPY/2025.json
DPY,7140217,Sư phạm Ngữ văn,7140217,2025,https://github.com/kbaoooo/vn_schools_scores_data/blob/main/craw-data/scores/DPY/2025.json
DPY,7140231,Sư phạm Tiếng Anh,7140231,2025,https://github.com/kbaoooo/vn_schools_scores_data/blob/main/craw-data/scores/DPY/2025.json
DPY,7140247,SP Khoa học tự nhiên,7140247,2025,https://github.com/kbaoooo/vn_schools_scores_data/blob/main/craw-data/scores/DPY/2025.json
DPY,7220201,Ngôn ngữ Anh,7220201,2025,https://github.com/kbaoooo/vn_schools_scores_data/blob/main/craw-data/scores/DPY/2025.json
DPY,7310630,Việt Nam học,7310630,2025,https://github.com/kbaoooo/vn_schools_scores_data/blob/main/craw-data/scores/DPY/2025.json
DPY,7340101,Quản trị kinh doanh,7340101,2025,https://github.com/kbaoooo/vn_schools_scores_data/blob/main/craw-data/scores/DPY/2025.json
DPY,7480201,Công nghệ thông tin,7480201,2025,https://github.com/kbaoooo/vn_schools_scores_data/blob/main/craw-data/scores/DPY/2025.json
DPY,7620101,Nông nghiệp,7620101,2025,https://github.com/kbaoooo/vn_schools_scores_data/blob/main/craw-data/scores/DPY/2025.json
DPY,7810101,Du lịch,7810101,2025,https://github.com/kbaoooo/vn_schools_scores_data/blob/main/craw-data/scores/DPY/2025.json
DQB,7140201,Giáo dục mầm non,7140201,2025,https://github.com/kbaoooo/vn_schools_scores_data/blob/main/craw-data/scores/DQB/2025.json
DQB,7140202,Giáo dục Tiểu học,7140202,2025,https://github.com/kbaoooo/vn_schools_scores_data/blob/main/craw-data/scores/DQB/2025.json
DQB,7140202,Giáo dục mầm non,7140202,2025,https://github.com/kbaoooo/vn_schools_scores_data/blob/main/craw-data/scores/DQB/2025.json
DQB,7140203,Giáo dục mầm non,7140203,2025,https://github.com/kbaoooo/vn_schools_scores_data/blob/main/craw-data/scores/DQB/2025.json
DQB,7140205,Giáo dục mầm non,7140205,2025,https://github.com/kbaoooo/vn_schools_scores_data/blob/main/craw-data/scores/DQB/2025.json
DQB,7140206,Giáo dục mầm non,7140206,2025,https://github.com/kbaoooo/vn_schools_scores_data/blob/main/craw-data/scores/DQB/2025.json
DQB,7140207,Giáo dục mầm non,7140207,2025,https://github.com/kbaoooo/vn_schools_scores_data/blob/main/craw-data/scores/DQB/2025.json
DQB,7140209,Sư phạm Toán học,7140209,2025,https://github.com/kbaoooo/vn_schools_scores_data/blob/main/craw-data/scores/DQB/2025.json
DQB,7140217,Sư phạm Ngữ văn,7140217,2025,https://github.com/kbaoooo/vn_schools_scores_data/blob/main/craw-data/scores/DQB/2025.json
DQB,7140231,Sư phạm Tiếng Anh,7140231,2025,https://github.com/kbaoooo/vn_schools_scores_data/blob/main/craw-data/scores/DQB/2025.json
DQB,7140247,Sư phạm khoa học tự nhiên,7140247,2025,https://github.com/kbaoooo/vn_schools_scores_data/blob/main/craw-data/scores/DQB/2025.json
DQB,7140249,Sư phạm Lịch sử - Địa lí,7140249,2025,https://github.com/kbaoooo/vn_schools_scores_data/blob/main/craw-data/scores/DQB/2025.json
DQB,7220201,Ngôn ngữ Anh,7220201,2025,https://github.com/kbaoooo/vn_schools_scores_data/blob/main/craw-data/scores/DQB/2025.json
DQB,7220204,Ngôn ngữ Trung Quốc,7220204,2025,https://github.com/kbaoooo/vn_schools_scores_data/blob/main/craw-data/scores/DQB/2025.json
DQB,7340101,Quản trị kinh doanh,7340101,2025,https://github.com/kbaoooo/vn_schools_scores_data/blob/main/craw-data/scores/DQB/2025.json
DQB,7340301,Kế toán,7340301,2025,https://github.com/kbaoooo/vn_schools_scores_data/blob/main/craw-data/scores/DQB/2025.json
DQB,7480201,Công nghệ thông tin,7480201,2025,https://github.com/kbaoooo/vn_schools_scores_data/blob/main/craw-data/scores/DQB/2025.json
DQB,7620101,Nông nghiệp,7620101,2025,https://github.com/kbaoooo/vn_schools_scores_data/blob/main/craw-data/scores/DQB/2025.json
DQB,7810103,Quản trị dịch vụ du lịch và lữ hành,7810103,2025,https://github.com/kbaoooo/vn_schools_scores_data/blob/main/craw-data/scores/DQB/2025.json
DQB,7850101,Quản lý tài nguyên và môi trường,7850101,2025,https://github.com/kbaoooo/vn_schools_scores_data/blob/main/craw-data/scores/DQB/2025.json
DQH,DS01,Hệ thống thông tin,,2025,https://github.com/kbaoooo/vn_schools_scores_data/blob/main/craw-data/scores/DQH/2025.json
DQH,DS02,Trí tuệ nhân tạo,,2025,https://github.com/kbaoooo/vn_schools_scores_data/blob/main/craw-data/scores/DQH/2025.json
DQH,DS03,An toàn không gian mạng,,2025,https://github.com/kbaoooo/vn_schools_scores_data/blob/main/craw-data/scores/DQH/2025.json
DQH,DS04,Điện tử - Viễn thông,,2025,https://github.com/kbaoooo/vn_schools_scores_data/blob/main/craw-data/scores/DQH/2025.json
DQH,DS05,Thiết kế vi mạch và hệ thống nhúng,,2025,https://github.com/kbaoooo/vn_schools_scores_data/blob/main/craw-data/scores/DQH/2025.json
DQH,DS06,Công nghệ bán dẫn và Nano,,2025,https://github.com/kbaoooo/vn_schools_scores_data/blob/main/craw-data/scores/DQH/2025.json
DQH,DS07,Tự động hóa,,2025,https://github.com/kbaoooo/vn_schools_scores_data/blob/main/craw-data/scores/DQH/2025.json
DQH,DS08,Kỹ thuật cơ điện tử,,2025,https://github.com/kbaoooo/vn_schools_scores_data/blob/main/craw-data/scores/DQH/2025.json
DQH,DS09,Công nghệ chế tạo máy,,2025,https://github.com/kbaoooo/vn_schools_scores_data/blob/main/craw-data/scores/DQH/2025.json
DQH,DS10,Xây dựng dân dụng và công nghiệp,,2025,https://github.com/kbaoooo/vn_schools_scores_data/blob/main/craw-data/scores/DQH/2025.json
DQK,7210403,Thiết kế đồ họa,7210403,2025,https://github.com/kbaoooo/vn_schools_scores_data/blob/main/craw-data/scores/DQK/2025.json
DQK,7220201,Ngôn ngữ Anh,7220201,2025,https://github.com/kbaoooo/vn_schools_scores_data/blob/main/craw-data/scores/DQK/2025.json
DQK,7220202,Ngôn ngữ Nga,7220202,2025,https://github.com/kbaoooo/vn_schools_scores_data/blob/main/craw-data/scores/DQK/2025.json
DQK,7220204,Ngôn ngữ Trung Quốc,7220204,2025,https://github.com/kbaoooo/vn_schools_scores_data/blob/main/craw-data/scores/DQK/2025.json
DQK,7310101,Kinh tế,7310101,2025,https://github.com/kbaoooo/vn_schools_scores_data/blob/main/craw-data/scores/DQK/2025.json
DQK,7310205,Quản lý nhà nước,7310205,2025,https://github.com/kbaoooo/vn_schools_scores_data/blob/main/craw-data/scores/DQK/2025.json
DQK,7340101,Quản trị kinh doanh,7340101,2025,https://github.com/kbaoooo/vn_schools_scores_data/blob/main/craw-data/scores/DQK/2025.json
DQK,7340120,Kinh doanh quốc tế,7340120,2025,https://github.com/kbaoooo/vn_schools_scores_data/blob/main/craw-data/scores/DQK/2025.json
DQK,7340201,Tài chính - ngân hàng,7340201,2025,https://github.com/kbaoooo/vn_schools_scores_data/blob/main/craw-data/scores/DQK/2025.json
DQK,7340301,Kế toán,7340301,2025,https://github.com/kbaoooo/vn_schools_scores_data/blob/main/craw-data/scores/DQK/2025.json
DQK,7380107,Luật kinh tế,7380107,2025,https://github.com/kbaoooo/vn_schools_scores_data/blob/main/craw-data/scores/DQK/2025.json
DQK,7480201,Công nghệ thông tin,7480201,2025,https://github.com/kbaoooo/vn_schools_scores_data/blob/main/craw-data/scores/DQK/2025.json
DQK,7510203,Công nghệ kỹ thuật cơ - điện tử,7510203,2025,https://github.com/kbaoooo/vn_schools_scores_data/blob/main/craw-data/scores/DQK/2025.json
DQK,7510205,Công nghệ kỹ thuật ô tô,7510205,2025,https://github.com/kbaoooo/vn_schools_scores_data/blob/main/craw-data/scores/DQK/2025.json
DQK,7510301,"Công nghệ kỹ thuật điện, điện tử",7510301,2025,https://github.com/kbaoooo/vn_schools_scores_data/blob/main/craw-data/scores/DQK/2025.json
DQK,7510406,Công nghệ kỹ thuật môi trường,7510406,2025,https://github.com/kbaoooo/vn_schools_scores_data/blob/main/craw-data/scores/DQK/2025.json
DQK,7580101,Kiến trúc,7580101,2025,https://github.com/kbaoooo/vn_schools_scores_data/blob/main/craw-data/scores/DQK/2025.json
DQK,7580106,Quản lý đô thị và công trình,7580106,2025,https://github.com/kbaoooo/vn_schools_scores_data/blob/main/craw-data/scores/DQK/2025.json
DQK,7580108,Thiết kế nội thất,7580108,2025,https://github.com/kbaoooo/vn_schools_scores_data/blob/main/craw-data/scores/DQK/2025.json
DQK,7580201,Kỹ thuật xây dựng,7580201,2025,https://github.com/kbaoooo/vn_schools_scores_data/blob/main/craw-data/scores/DQK/2025.json
DQK,7720101,Y khoa,7720101,2025,https://github.com/kbaoooo/vn_schools_scores_data/blob/main/craw-data/scores/DQK/2025.json
DQK,7720201,Dược học,7720201,2025,https://github.com/kbaoooo/vn_schools_scores_data/blob/main/craw-data/scores/DQK/2025.json
DQK,7720301,Điều dưỡng,7720301,2025,https://github.com/kbaoooo/vn_schools_scores_data/blob/main/craw-data/scores/DQK/2025.json
DQK,7720501,Răng - hàm mặt,7720501,2025,https://github.com/kbaoooo/vn_schools_scores_data/blob/main/craw-data/scores/DQK/2025.json
DQK,7810103,Quản trị dịch vụ du lịch và lữ hành,7810103,2025,https://github.com/kbaoooo/vn_schools_scores_data/blob/main/craw-data/scores/DQK/2025.json
DQK,7850101,Quản lý tài nguyên và môi trường,7850101,2025,https://github.com/kbaoooo/vn_schools_scores_data/blob/main/craw-data/scores/DQK/2025.json
DQN,7140114,Quản lý Giáo dục,7140114,2025,https://github.com/kbaoooo/vn_schools_scores_data/blob/main/craw-data/scores/DQN/2025.json
DQN,7140201,Giáo dục mầm non,7140201,2025,https://github.com/kbaoooo/vn_schools_scores_data/blob/main/craw-data/scores/DQN/2025.json
DQN,7140202,Giáo dục Tiểu học,7140202,2025,https://github.com/kbaoooo/vn_schools_scores_data/blob/main/craw-data/scores/DQN/2025.json
DQN,7140205,Giáo dục chính trị,7140205,2025,https://github.com/kbaoooo/vn_schools_scores_data/blob/main/craw-data/scores/DQN/2025.json
DQN,7140206,Giáo dục thể chất,7140206,2025,https://github.com/kbaoooo/vn_schools_scores_data/blob/main/craw-data/scores/DQN/2025.json
DQN,7140209,Sư phạm Toán học,7140209,2025,https://github.com/kbaoooo/vn_schools_scores_data/blob/main/craw-data/scores/DQN/2025.json
DQN,7140210,Sư phạm Tin học,7140210,2025,https://github.com/kbaoooo/vn_schools_scores_data/blob/main/craw-data/scores/DQN/2025.json
DQN,7140211,Sư phạm Vật lý,7140211,2025,https://github.com/kbaoooo/vn_schools_scores_data/blob/main/craw-data/scores/DQN/2025.json
DQN,7140212,Sư phạm Hóa học,7140212,2025,https://github.com/kbaoooo/vn_schools_scores_data/blob/main/craw-data/scores/DQN/2025.json
DQN,7140213,Sư phạm Sinh học,7140213,2025,https://github.com/kbaoooo/vn_schools_scores_data/blob/main/craw-data/scores/DQN/2025.json
DQN,7140217,Sư phạm Ngữ văn,7140217,2025,https://github.com/kbaoooo/vn_schools_scores_data/blob/main/craw-data/scores/DQN/2025.json
DQN,7140218,Sư phạm Lịch sử,7140218,2025,https://github.com/kbaoooo/vn_schools_scores_data/blob/main/craw-data/scores/DQN/2025.json
DQN,7140219,Sư phạm Địa lý,7140219,2025,https://github.com/kbaoooo/vn_schools_scores_data/blob/main/craw-data/scores/DQN/2025.json
DQN,7140231,Sư phạm Tiếng Anh,7140231,2025,https://github.com/kbaoooo/vn_schools_scores_data/blob/main/craw-data/scores/DQN/2025.json
DQN,7140247,Sư phạm Khoa học tự nhiên,7140247,2025,https://github.com/kbaoooo/vn_schools_scores_data/blob/main/craw-data/scores/DQN/2025.json
DQN,7140249,Sư phạm Lịch sử Địa lý,7140249,2025,https://github.com/kbaoooo/vn_schools_scores_data/blob/main/craw-data/scores/DQN/2025.json
DQN,7220201,Ngôn ngữ Anh,7220201,2025,https://github.com/kbaoooo/vn_schools_scores_data/blob/main/craw-data/scores/DQN/2025.json
DQN,7220204,Ngôn ngữ Trung Quốc,7220204,2025,https://github.com/kbaoooo/vn_schools_scores_data/blob/main/craw-data/scores/DQN/2025.json
DQN,7229030,Văn học,7229030,2025,https://github.com/kbaoooo/vn_schools_scores_data/blob/main/craw-data/scores/DQN/2025.json
DQN,7310101,Kinh tế,7310101,2025,https://github.com/kbaoooo/vn_schools_scores_data/blob/main/craw-data/scores/DQN/2025.json
DQN,7310205,Quản lý nhà nước,7310205,2025,https://github.com/kbaoooo/vn_schools_scores_data/blob/main/craw-data/scores/DQN/2025.json
DQN,7310403,Tâm lý học giáo dục,7310403,2025,https://github.com/kbaoooo/vn_schools_scores_data/blob/main/craw-data/scores/DQN/2025.json
DQN,7310608,Đông phương học,7310608,2025,https://github.com/kbaoooo/vn_schools_scores_data/blob/main/craw-data/scores/DQN/2025.json
DQN,7310630,Việt Nam học,7310630,2025,https://github.com/kbaoooo/vn_schools_scores_data/blob/main/craw-data/scores/DQN/2025.json
DQN,7340101,Quản trị kinh doanh,7340101,2025,https://github.com/kbaoooo/vn_schools_scores_data/blob/main/craw-data/scores/DQN/2025.json
DQN,7340201,Tài chính – Ngân hàng,7340201,2025,https://github.com/kbaoooo/vn_schools_scores_data/blob/main/craw-data/scores/DQN/2025.json
DQN,7340301,Kế toán,7340301,2025,https://github.com/kbaoooo/vn_schools_scores_data/blob/main/craw-data/scores/DQN/2025.json
DQN,7340301CLC,Kế toán CLC,7340301,2025,https://github.com/kbaoooo/vn_schools_scores_data/blob/main/craw-data/scores/DQN/2025.json
DQN,7340302,Kiểm toán,7340302,2025,https://github.com/kbaoooo/vn_schools_scores_data/blob/main/craw-data/scores/DQN/2025.json
DQN,7380101,Luật,7380101,2025,https://github.com/kbaoooo/vn_schools_scores_data/blob/main/craw-data/scores/DQN/2025.json
DQN,7440112,Hóa học,7440112,2025,https://github.com/kbaoooo/vn_schools_scores_data/blob/main/craw-data/scores/DQN/2025.json
DQN,7460108,Khoa học dữ liệu,7460108,2025,https://github.com/kbaoooo/vn_schools_scores_data/blob/main/craw-data/scores/DQN/2025.json
DQN,7460112,Toán ứng dụng,7460112,2025,https://github.com/kbaoooo/vn_schools_scores_data/blob/main/craw-data/scores/DQN/2025.json
DQN,7480103,Kỹ thuật phần mềm,7480103,2025,https://github.com/kbaoooo/vn_schools_scores_data/blob/main/craw-data/scores/DQN/2025.json
DQN,7480107,Trí tuệ nhân tạo,7480107,2025,https://github.com/kbaoooo/vn_schools_scores_data/blob/main/craw-data/scores/DQN/2025.json
DQN,7480201,Công nghệ thông tin,7480201,2025,https://github.com/kbaoooo/vn_schools_scores_data/blob/main/craw-data/scores/DQN/2025.json
DQN,7510205,Công nghệ kỹ thuật ô tô,7510205,2025,https://github.com/kbaoooo/vn_schools_scores_data/blob/main/craw-data/scores/DQN/2025.json
DQN,7510401,Công nghệ kỹ thuật hoá học,7510401,2025,https://github.com/kbaoooo/vn_schools_scores_data/blob/main/craw-data/scores/DQN/2025.json
DQN,7510605,Logistics và quản lý chuỗi cung ứng,7510605,2025,https://github.com/kbaoooo/vn_schools_scores_data/blob/main/craw-data/scores/DQN/2025.json
DQN,7520116,Kỹ thuật cơ khí động lực,7520116,2025,https://github.com/kbaoooo/vn_schools_scores_data/blob/main/craw-data/scores/DQN/2025.json
DQN,7520201,Kỹ thuật điện,7520201,2025,https://github.com/kbaoooo/vn_schools_scores_data/blob/main/craw-data/scores/DQN/2025.json
DQN,7520207,Kỹ thuật điện tử - viễn thông,7520207,2025,https://github.com/kbaoooo/vn_schools_scores_data/blob/main/craw-data/scores/DQN/2025.json
DQN,7520216,Kỹ thuật điều khiển và Tự động hóa,7520216,2025,https://github.com/kbaoooo/vn_schools_scores_data/blob/main/craw-data/scores/DQN/2025.json
DQN,7520401,Vật lý kỹ thuật,7520401,2025,https://github.com/kbaoooo/vn_schools_scores_data/blob/main/craw-data/scores/DQN/2025.json
DQN,7540101,Công nghệ thực phẩm,7540101,2025,https://github.com/kbaoooo/vn_schools_scores_data/blob/main/craw-data/scores/DQN/2025.json
DQN,7580201,Kỹ thuật xây dựng,7580201,2025,https://github.com/kbaoooo/vn_schools_scores_data/blob/main/craw-data/scores/DQN/2025.json
DQN,7620109,Nông học,7620109,2025,https://github.com/kbaoooo/vn_schools_scores_data/blob/main/craw-data/scores/DQN/2025.json
DQN,7760101,Công tác xã hội,7760101,2025,https://github.com/kbaoooo/vn_schools_scores_data/blob/main/craw-data/scores/DQN/2025.json
DQN,7810103,Quản trị dịch vụ du lịch và lữ hành,7810103,2025,https://github.com/kbaoooo/vn_schools_scores_data/blob/main/craw-data/scores/DQN/2025.json
DQN,7810201,Quản trị khách sạn,7810201,2025,https://github.com/kbaoooo/vn_schools_scores_data/blob/main/craw-data/scores/DQN/2025.json
DQN,7850101,Quản lý tài nguyên và môi trường,7850101,2025,https://github.com/kbaoooo/vn_schools_scores_data/blob/main/craw-data/scores/DQN/2025.json
DQN,7850103,Quản lý đất đai,7850103,2025,https://github.com/kbaoooo/vn_schools_scores_data/blob/main/craw-data/scores/DQN/2025.json
DQT,7220201,Ngôn ngữ Anh,7220201,2025,https://github.com/kbaoooo/vn_schools_scores_data/blob/main/craw-data/scores/DQT/2025.json
DQT,7340101,Quản trị Kinh doanh,7340101,2025,https://github.com/kbaoooo/vn_schools_scores_data/blob/main/craw-data/scores/DQT/2025.json
DQT,7340201,Tài chính – Ngân hàng,7340201,2025,https://github.com/kbaoooo/vn_schools_scores_data/blob/main/craw-data/scores/DQT/2025.json
DQT,7340301,Kế toán,7340301,2025,https://github.com/kbaoooo/vn_schools_scores_data/blob/main/craw-data/scores/DQT/2025.json
DQT,7480201,Công nghệ thông tin,7480201,2025,https://github.com/kbaoooo/vn_schools_scores_data/blob/main/craw-data/scores/DQT/2025.json
DQT,7510103,Công nghệ Kỹ thuật xây dựng,7510103,2025,https://github.com/kbaoooo/vn_schools_scores_data/blob/main/craw-data/scores/DQT/2025.json
DQT,7720301,Điều dưỡng,7720301,2025,https://github.com/kbaoooo/vn_schools_scores_data/blob/main/craw-data/scores/DQT/2025.json
DQT,7720701,Y tế công cộng,7720701,2025,https://github.com/kbaoooo/vn_schools_scores_data/blob/main/craw-data/scores/DQT/2025.json
DQT,7810103,Quản trị dịch vụ Du lịch và Lữ hành,7810103,2025,https://github.com/kbaoooo/vn_schools_scores_data/blob/main/craw-data/scores/DQT/2025.json
DQT,7810203,Quản trị Khách sạn – Nhà hàng,7810203,2025,https://github.com/kbaoooo/vn_schools_scores_data/blob/main/craw-data/scores/DQT/2025.json
DQU,7140201,Giáo dục Mầm non,7140201,2025,https://github.com/kbaoooo/vn_schools_scores_data/blob/main/craw-data/scores/DQU/2025.json
DQU,7140202,Giáo dục Tiểu học,7140202,2025,https://github.com/kbaoooo/vn_schools_scores_data/blob/main/craw-data/scores/DQU/2025.json
DQU,7140209,Sư phạm Toán,7140209,2025,https://github.com/kbaoooo/vn_schools_scores_data/blob/main/craw-data/scores/DQU/2025.json
DQU,7140211,Sư phạm Vật lý,7140211,2025,https://github.com/kbaoooo/vn_schools_scores_data/blob/main/craw-data/scores/DQU/2025.json
DQU,7140213,Sư phạm Sinh học,7140213,2025,https://github.com/kbaoooo/vn_schools_scores_data/blob/main/craw-data/scores/DQU/2025.json
DQU,7140217,Sư phạm Ngữ văn,7140217,2025,https://github.com/kbaoooo/vn_schools_scores_data/blob/main/craw-data/scores/DQU/2025.json
DQU,7140231,Sư phạm Tiếng Anh,7140231,2025,https://github.com/kbaoooo/vn_schools_scores_data/blob/main/craw-data/scores/DQU/2025.json
DQU,7140247,Sư phạm KHTN,7140247,2025,https://github.com/kbaoooo/vn_schools_scores_data/blob/main/craw-data/scores/DQU/2025.json
DQU,7220201,Ngôn ngữ Anh,7220201,2025,https://github.com/kbaoooo/vn_schools_scores_data/blob/main/craw-data/scores/DQU/2025.json
DQU,7229010,Lịch sử,7229010,2025,https://github.com/kbaoooo/vn_schools_scores_data/blob/main/craw-data/scores/DQU/2025.json
DQU,7310630,Việt Nam học,7310630,2025,https://github.com/kbaoooo/vn_schools_scores_data/blob/main/craw-data/scores/DQU/2025.json
DQU,7340101,Quản trị kinh doanh,7340101,2025,https://github.com/kbaoooo/vn_schools_scores_data/blob/main/craw-data/scores/DQU/2025.json
DQU,7480201,Công nghệ thông tin,7480201,2025,https://github.com/kbaoooo/vn_schools_scores_data/blob/main/craw-data/scores/DQU/2025.json
DQU,7620112,Bảo vệ thực vật,7620112,2025,https://github.com/kbaoooo/vn_schools_scores_data/blob/main/craw-data/scores/DQU/2025.json
DSG,7210402,Thiết kế công nghiệp,7210402,2025,https://github.com/kbaoooo/vn_schools_scores_data/blob/main/craw-data/scores/DSG/2025.json
DSG,7340101,Quản trị kinh doanh,7340101,2025,https://github.com/kbaoooo/vn_schools_scores_data/blob/main/craw-data/scores/DSG/2025.json
DSG,7340115,Marketing,7340115,2025,https://github.com/kbaoooo/vn_schools_scores_data/blob/main/craw-data/scores/DSG/2025.json
DSG,7340120,Kinh doanh quốc tế,7340120,2025,https://github.com/kbaoooo/vn_schools_scores_data/blob/main/craw-data/scores/DSG/2025.json
DSG,7340201,Tài chính - Ngân hàng,7340201,2025,https://github.com/kbaoooo/vn_schools_scores_data/blob/main/craw-data/scores/DSG/2025.json
DSG,7380107,Luật kinh tế,7380107,2025,https://github.com/kbaoooo/vn_schools_scores_data/blob/main/craw-data/scores/DSG/2025.json
DSG,7480106,Kỹ thuật máy tính,7480106,2025,https://github.com/kbaoooo/vn_schools_scores_data/blob/main/craw-data/scores/DSG/2025.json
DSG,7480201,Công nghệ thông tin,7480201,2025,https://github.com/kbaoooo/vn_schools_scores_data/blob/main/craw-data/scores/DSG/2025.json
DSG,7510201,Công nghệ kỹ thuật Cơ khí,7510201,2025,https://github.com/kbaoooo/vn_schools_scores_data/blob/main/craw-data/scores/DSG/2025.json
DSG,7510203,CNKT cơ điện tử,7510203,2025,https://github.com/kbaoooo/vn_schools_scores_data/blob/main/craw-data/scores/DSG/2025.json
DSG,7510301,CNKT điện điện tử,7510301,2025,https://github.com/kbaoooo/vn_schools_scores_data/blob/main/craw-data/scores/DSG/2025.json
DSG,7510302,CNKT điện tử viễn thông,7510302,2025,https://github.com/kbaoooo/vn_schools_scores_data/blob/main/craw-data/scores/DSG/2025.json
DSG,7510605,Logistics và Quản lý chuỗi cung ứng,7510605,2025,https://github.com/kbaoooo/vn_schools_scores_data/blob/main/craw-data/scores/DSG/2025.json
DSG,7540101,Công nghệ thực phẩm,7540101,2025,https://github.com/kbaoooo/vn_schools_scores_data/blob/main/craw-data/scores/DSG/2025.json
DSG,7540106,Đảm bảo chất lượng và an toàn thực phẩm,7540106,2025,https://github.com/kbaoooo/vn_schools_scores_data/blob/main/craw-data/scores/DSG/2025.json
DSG,7580201,Kỹ thuật xây dựng,7580201,2025,https://github.com/kbaoooo/vn_schools_scores_data/blob/main/craw-data/scores/DSG/2025.json
DSG,7580302,Quản lý xây dựng,7580302,2025,https://github.com/kbaoooo/vn_schools_scores_data/blob/main/craw-data/scores/DSG/2025.json
DSG,7810101,Du lịch,7810101,2025,https://github.com/kbaoooo/vn_schools_scores_data/blob/main/craw-data/scores/DSG/2025.json
DSK,7140214,Sư phạm Kỹ thuật công nghiệp (chuyên ngành Công nghệ thông tin),7140214,2025,https://github.com/kbaoooo/vn_schools_scores_data/blob/main/craw-data/scores/DSK/2025.json
DSK,7480201,Công nghệ thông tin,7480201,2025,https://github.com/kbaoooo/vn_schools_scores_data/blob/main/craw-data/scores/DSK/2025.json
DSK,7510101,Công nghệ kỹ thuật kiến trúc,7510101,2025,https://github.com/kbaoooo/vn_schools_scores_data/blob/main/craw-data/scores/DSK/2025.json
DSK,7510103,Công nghệ kỹ thuật xây dựng (chuyên ngành Xây dựng dân dụng và Công nghiệp),7510103,2025,https://github.com/kbaoooo/vn_schools_scores_data/blob/main/craw-data/scores/DSK/2025.json
DSK,7510104,Công nghệ kỹ thuật giao thông (chuyên ngành Xây dựng cầu đường),7510104,2025,https://github.com/kbaoooo/vn_schools_scores_data/blob/main/craw-data/scores/DSK/2025.json
DSK,7510201,Công nghệ kỹ thuật cơ khí (chuyên ngành Cơ khí chế tạo),7510201,2025,https://github.com/kbaoooo/vn_schools_scores_data/blob/main/craw-data/scores/DSK/2025.json
DSK,7510201A,Công nghệ kỹ thuật cơ khí (chuyên ngành Thiết kế và mô phỏng số trong cơ khí),7510201,2025,https://github.com/kbaoooo/vn_schools_scores_data/blob/main/craw-data/scores/DSK/2025.json
DSK,7510203,Công nghệ kỹ thuật cơ điện tử,7510203,2025,https://github.com/kbaoooo/vn_schools_scores_data/blob/main/craw-data/scores/DSK/2025.json
DSK,7510205,Công nghệ kỹ thuật ô tô,7510205,2025,https://github.com/kbaoooo/vn_schools_scores_data/blob/main/craw-data/scores/DSK/2025.json
DSK,7510205A,Công nghệ kỹ thuật ô tô (chuyên ngành Ô tô điện),7510205,2025,https://github.com/kbaoooo/vn_schools_scores_data/blob/main/craw-data/scores/DSK/2025.json
DSK,7510205KT,Công nghệ kỹ thuật ô tô (đào tạo 2 năm đầu tại Kon Tum),7510205,2025,https://github.com/kbaoooo/vn_schools_scores_data/blob/main/craw-data/scores/DSK/2025.json
DSK,7510206,Công nghệ kỹ thuật nhiệt (chuyên ngành Nhiệt - Điện lạnh),7510206,2025,https://github.com/kbaoooo/vn_schools_scores_data/blob/main/craw-data/scores/DSK/2025.json
DSK,7510301A,"Công nghệ kỹ thuật điện, điện tử (chuyên ngành Công nghệ kỹ thuật điện tử)",7510301,2025,https://github.com/kbaoooo/vn_schools_scores_data/blob/main/craw-data/scores/DSK/2025.json
DSK,7510301B,"Công nghệ kỹ thuật điện, điện tử (chuyên ngành Công nghệ kỹ thuật điện)",7510301,2025,https://github.com/kbaoooo/vn_schools_scores_data/blob/main/craw-data/scores/DSK/2025.json
DSK,7510302,Công nghệ kỹ thuật điện tử - viễn thông,7510302,2025,https://github.com/kbaoooo/vn_schools_scores_data/blob/main/craw-data/scores/DSK/2025.json
DSK,7510302A,Công nghệ kỹ thuật điện tử - viễn thông (chuyên ngành Thiết kế vi mạch bán dẫn),7510302,2025,https://github.com/kbaoooo/vn_schools_scores_data/blob/main/craw-data/scores/DSK/2025.json
DSK,7510303,Công nghệ kỹ thuật điều khiển và tự động hóa,7510303,2025,https://github.com/kbaoooo/vn_schools_scores_data/blob/main/craw-data/scores/DSK/2025.json
DSK,7510303KT,Công nghệ kỹ thuật điều khiển và tự động hóa (đào tạo 2 năm đầu tại Kon Tum),7510303,2025,https://github.com/kbaoooo/vn_schools_scores_data/blob/main/craw-data/scores/DSK/2025.json
DSK,7510401,Công nghệ kỹ thuật hóa học,7510401,2025,https://github.com/kbaoooo/vn_schools_scores_data/blob/main/craw-data/scores/DSK/2025.json
DSK,7510402,Công nghệ vật liệu (chuyên ngành Hóa học Vật liệu mới),7510402,2025,https://github.com/kbaoooo/vn_schools_scores_data/blob/main/craw-data/scores/DSK/2025.json
DSK,7510406,Công nghệ kỹ thuật môi trường,7510406,2025,https://github.com/kbaoooo/vn_schools_scores_data/blob/main/craw-data/scores/DSK/2025.json
DSK,7540102,Kỹ thuật thực phẩm,7540102,2025,https://github.com/kbaoooo/vn_schools_scores_data/blob/main/craw-data/scores/DSK/2025.json
DSK,7540102A,Kỹ thuật thực phẩm (chuyên ngành Kỹ thuật sinh học thực phẩm),7540102,2025,https://github.com/kbaoooo/vn_schools_scores_data/blob/main/craw-data/scores/DSK/2025.json
DSK,7580210,Kỹ thuật cơ sở hạ tầng (chuyên ngành Xây dựng hạ tầng đô thị),7580210,2025,https://github.com/kbaoooo/vn_schools_scores_data/blob/main/craw-data/scores/DSK/2025.json
DTB,7310101,Kinh tế,7310101,2025,https://github.com/kbaoooo/vn_schools_scores_data/blob/main/craw-data/scores/DTB/2025.json
DTB,7310201,Chính trị học,7310201,2025,https://github.com/kbaoooo/vn_schools_scores_data/blob/main/craw-data/scores/DTB/2025.json
DTB,7310206,Quan hệ quốc tế,7310206,2025,https://github.com/kbaoooo/vn_schools_scores_data/blob/main/craw-data/scores/DTB/2025.json
DTB,7340101,Quản trị kinh doanh,7340101,2025,https://github.com/kbaoooo/vn_schools_scores_data/blob/main/craw-data/scores/DTB/2025.json
DTB,7340201,Tài chính - Ngân hàng,7340201,2025,https://github.com/kbaoooo/vn_schools_scores_data/blob/main/craw-data/scores/DTB/2025.json
DTB,7340301,Kế toán,7340301,2025,https://github.com/kbaoooo/vn_schools_scores_data/blob/main/craw-data/scores/DTB/2025.json
DTB,7380101,Luật,7380101,2025,https://github.com/kbaoooo/vn_schools_scores_data/blob/main/craw-data/scores/DTB/2025.json
DTB,7480201,Công nghệ thông tin,7480201,2025,https://github.com/kbaoooo/vn_schools_scores_data/blob/main/craw-data/scores/DTB/2025.json
DTB,7510201,Công nghệ kỹ thuật cơ khí,7510201,2025,https://github.com/kbaoooo/vn_schools_scores_data/blob/main/craw-data/scores/DTB/2025.json
DTB,7510301,"Công nghệ kỹ thuật điện, điện tử",7510301,2025,https://github.com/kbaoooo/vn_schools_scores_data/blob/main/craw-data/scores/DTB/2025.json
DTC,7210403,Thiết kế đồ họa,7210403,2025,https://github.com/kbaoooo/vn_schools_scores_data/blob/main/craw-data/scores/DTC/2025.json
DTC,7220201,Tiếng Anh truyền thông,7220201,2025,https://github.com/kbaoooo/vn_schools_scores_data/blob/main/craw-data/scores/DTC/2025.json
DTC,7310109,Quản trị kinh doanh số,7310109,2025,https://github.com/kbaoooo/vn_schools_scores_data/blob/main/craw-data/scores/DTC/2025.json
DTC,7310109,Công nghệ tài chính,7310109,2025,https://github.com/kbaoooo/vn_schools_scores_data/blob/main/craw-data/scores/DTC/2025.json
DTC,7320104,Nghệ thuật số,7320104,2025,https://github.com/kbaoooo/vn_schools_scores_data/blob/main/craw-data/scores/DTC/2025.json
DTC,7320104,Truyền thông đa phương tiện,7320104,2025,https://github.com/kbaoooo/vn_schools_scores_data/blob/main/craw-data/scores/DTC/2025.json
DTC,7320106,Công nghệ truyền thông,7320106,2025,https://github.com/kbaoooo/vn_schools_scores_data/blob/main/craw-data/scores/DTC/2025.json
DTC,7340122,Thương mại điện tử,7340122,2025,https://github.com/kbaoooo/vn_schools_scores_data/blob/main/craw-data/scores/DTC/2025.json
DTC,7340122,Marketing số,7340122,2025,https://github.com/kbaoooo/vn_schools_scores_data/blob/main/craw-data/scores/DTC/2025.json
DTC,7340405,Quản lý logistics và chuỗi cung ứng,7340405,2025,https://github.com/kbaoooo/vn_schools_scores_data/blob/main/craw-data/scores/DTC/2025.json
DTC,7340406,Quản trị văn phòng,7340406,2025,https://github.com/kbaoooo/vn_schools_scores_data/blob/main/craw-data/scores/DTC/2025.json
DTC,7480101,Khoa học máy tính (Trí tuệ nhân tạo và dữ liệu lớn),7480101,2025,https://github.com/kbaoooo/vn_schools_scores_data/blob/main/craw-data/scores/DTC/2025.json
DTC,7480103,Kỹ thuật phần mềm,7480103,2025,https://github.com/kbaoooo/vn_schools_scores_data/blob/main/craw-data/scores/DTC/2025.json
DTC,7480103,Kỹ thuật phần mềm liên kết quốc tế - KNU,7480103,2025,https://github.com/kbaoooo/vn_schools_scores_data/blob/main/craw-data/scores/DTC/2025.json
DTC,7480108,Kỹ thuật phần mềm,7480108,2025,https://github.com/kbaoooo/vn_schools_scores_data/blob/main/craw-data/scores/DTC/2025.json
DTC,7480201,Công nghệ thông tin,7480201,2025,https://github.com/kbaoooo/vn_schools_scores_data/blob/main/craw-data/scores/DTC/2025.json
DTC,7480201,Công nghệ thông tin quốc tế,7480201,2025,https://github.com/kbaoooo/vn_schools_scores_data/blob/main/craw-data/scores/DTC/2025.json
DTC,7480201,Công nghệ thông tin trọng điểm,7480201,2025,https://github.com/kbaoooo/vn_schools_scores_data/blob/main/craw-data/scores/DTC/2025.json
DTC,7480202,An ninh mạng,7480202,2025,https://github.com/kbaoooo/vn_schools_scores_data/blob/main/craw-data/scores/DTC/2025.json
DTC,7510212,Công nghệ ôtô,7510212,2025,https://github.com/kbaoooo/vn_schools_scores_data/blob/main/craw-data/scores/DTC/2025.json
DTC,7510301,"Kỹ thuật điện, điện tử",7510301,2025,https://github.com/kbaoooo/vn_schools_scores_data/blob/main/craw-data/scores/DTC/2025.json
DTC,7510302,Vi mạch bán dẫn,7510302,2025,https://github.com/kbaoooo/vn_schools_scores_data/blob/main/craw-data/scores/DTC/2025.json
DTC,7510302,Điện tử - viễn thông,7510302,2025,https://github.com/kbaoooo/vn_schools_scores_data/blob/main/craw-data/scores/DTC/2025.json
DTC,7510303,Tự động hóa,7510303,2025,https://github.com/kbaoooo/vn_schools_scores_data/blob/main/craw-data/scores/DTC/2025.json
DTC,7520119,Cơ điện tử,7520119,2025,https://github.com/kbaoooo/vn_schools_scores_data/blob/main/craw-data/scores/DTC/2025.json
DTD,7210403,Thiết kế đồ họa,7210403,2025,https://github.com/kbaoooo/vn_schools_scores_data/blob/main/craw-data/scores/DTD/2025.json
DTD,7220201,Ngôn ngữ Anh,7220201,2025,https://github.com/kbaoooo/vn_schools_scores_data/blob/main/craw-data/scores/DTD/2025.json
DTD,7229030,Văn học,7229030,2025,https://github.com/kbaoooo/vn_schools_scores_data/blob/main/craw-data/scores/DTD/2025.json
DTD,7310630,Việt Nam học,7310630,2025,https://github.com/kbaoooo/vn_schools_scores_data/blob/main/craw-data/scores/DTD/2025.json
DTD,7320104,Truyền thông đa phương tiện,7320104,2025,https://github.com/kbaoooo/vn_schools_scores_data/blob/main/craw-data/scores/DTD/2025.json
DTD,7340101,Quản trị kinh doanh,7340101,2025,https://github.com/kbaoooo/vn_schools_scores_data/blob/main/craw-data/scores/DTD/2025.json
DTD,7340115,Marketing,7340115,2025,https://github.com/kbaoooo/vn_schools_scores_data/blob/main/craw-data/scores/DTD/2025.json
DTD,7340120,Kinh doanh quốc tế,7340120,2025,https://github.com/kbaoooo/vn_schools_scores_data/blob/main/craw-data/scores/DTD/2025.json
DTD,7340201,Tài chính - Ngân hàng,7340201,2025,https://github.com/kbaoooo/vn_schools_scores_data/blob/main/craw-data/scores/DTD/2025.json
DTD,7340301,Kế toán,7340301,2025,https://github.com/kbaoooo/vn_schools_scores_data/blob/main/craw-data/scores/DTD/2025.json
DTD,7380107,Luật kinh tế,7380107,2025,https://github.com/kbaoooo/vn_schools_scores_data/blob/main/craw-data/scores/DTD/2025.json
DTD,7480201,Công nghệ thông tin,7480201,2025,https://github.com/kbaoooo/vn_schools_scores_data/blob/main/craw-data/scores/DTD/2025.json
DTD,7510102,Công nghệ kỹ thuật công trình xây dựng,7510102,2025,https://github.com/kbaoooo/vn_schools_scores_data/blob/main/craw-data/scores/DTD/2025.json
DTD,7510301,"Công nghệ kỹ thuật điện, điện tử",7510301,2025,https://github.com/kbaoooo/vn_schools_scores_data/blob/main/craw-data/scores/DTD/2025.json
DTD,7510605,Logistic và quản lý chuỗi cung ứng,7510605,2025,https://github.com/kbaoooo/vn_schools_scores_data/blob/main/craw-data/scores/DTD/2025.json
DTD,7540101,Công nghệ thực phẩm,7540101,2025,https://github.com/kbaoooo/vn_schools_scores_data/blob/main/craw-data/scores/DTD/2025.json
DTD,7620301,Nuôi trồng thủy sản,7620301,2025,https://github.com/kbaoooo/vn_schools_scores_data/blob/main/craw-data/scores/DTD/2025.json
DTD,7640101,Thú y,7640101,2025,https://github.com/kbaoooo/vn_schools_scores_data/blob/main/craw-data/scores/DTD/2025.json
DTD,7720201,Dược học,7720201,2025,https://github.com/kbaoooo/vn_schools_scores_data/blob/main/craw-data/scores/DTD/2025.json
DTD,7720301,Điều dưỡng,7720301,2025,https://github.com/kbaoooo/vn_schools_scores_data/blob/main/craw-data/scores/DTD/2025.json
DTD,7720401,Dinh dưỡng,7720401,2025,https://github.com/kbaoooo/vn_schools_scores_data/blob/main/craw-data/scores/DTD/2025.json
DTD,7810101,Du lịch,7810101,2025,https://github.com/kbaoooo/vn_schools_scores_data/blob/main/craw-data/scores/DTD/2025.json
DTD,7810103,Quản trị dịch vụ du lịch và lữ hành,7810103,2025,https://github.com/kbaoooo/vn_schools_scores_data/blob/main/craw-data/scores/DTD/2025.json
DTD,7810201,Quản trị khách sạn,7810201,2025,https://github.com/kbaoooo/vn_schools_scores_data/blob/main/craw-data/scores/DTD/2025.json
DTD,7850103,Quản lý đất đai,7850103,2025,https://github.com/kbaoooo/vn_schools_scores_data/blob/main/craw-data/scores/DTD/2025.json
DTE,7310101,Kinh tế,7310101,2025,https://github.com/kbaoooo/vn_schools_scores_data/blob/main/craw-data/scores/DTE/2025.json
DTE,7310101-HG,Kinh tế (học tại phân hiệu ĐHTN tại tỉnh Hà Giang),7310101,2025,https://github.com/kbaoooo/vn_schools_scores_data/blob/main/craw-data/scores/DTE/2025.json
DTE,7310104,Kinh tế đầu tư,7310104,2025,https://github.com/kbaoooo/vn_schools_scores_data/blob/main/craw-data/scores/DTE/2025.json
DTE,7310105,Kinh tế phát triển,7310105,2025,https://github.com/kbaoooo/vn_schools_scores_data/blob/main/craw-data/scores/DTE/2025.json
DTE,7340101,Quản trị kinh doanh,7340101,2025,https://github.com/kbaoooo/vn_schools_scores_data/blob/main/craw-data/scores/DTE/2025.json
DTE,7340101-TA,Quản trị kinh doanh (dạy và học bằng tiếng Anh),7340101,2025,https://github.com/kbaoooo/vn_schools_scores_data/blob/main/craw-data/scores/DTE/2025.json
DTE,7340115,Marketing,7340115,2025,https://github.com/kbaoooo/vn_schools_scores_data/blob/main/craw-data/scores/DTE/2025.json
DTE,7340115-TA,Quản trị marketing (dạy và học bằng tiếng Anh),7340115,2025,https://github.com/kbaoooo/vn_schools_scores_data/blob/main/craw-data/scores/DTE/2025.json
DTE,7340120,Kinh doanh quốc tế,7340120,2025,https://github.com/kbaoooo/vn_schools_scores_data/blob/main/craw-data/scores/DTE/2025.json
DTE,7340122,Thương mại điện tử,7340122,2025,https://github.com/kbaoooo/vn_schools_scores_data/blob/main/craw-data/scores/DTE/2025.json
DTE,7340201,Tài chính - Ngân hàng,7340201,2025,https://github.com/kbaoooo/vn_schools_scores_data/blob/main/craw-data/scores/DTE/2025.json
DTE,7340201-TA,Tài chính (dạy và học bằng tiếng Anh),7340201,2025,https://github.com/kbaoooo/vn_schools_scores_data/blob/main/craw-data/scores/DTE/2025.json
DTE,7340301,Kế toán,7340301,2025,https://github.com/kbaoooo/vn_schools_scores_data/blob/main/craw-data/scores/DTE/2025.json
DTE,7340403,Quản lý kinh tế,7340403,2025,https://github.com/kbaoooo/vn_schools_scores_data/blob/main/craw-data/scores/DTE/2025.json
DTE,7340404,Quản trị nhân lực,7340404,2025,https://github.com/kbaoooo/vn_schools_scores_data/blob/main/craw-data/scores/DTE/2025.json
DTE,7380107,Luật kinh tế,7380107,2025,https://github.com/kbaoooo/vn_schools_scores_data/blob/main/craw-data/scores/DTE/2025.json
DTE,7460108,Khoa học dữ liệu,7460108,2025,https://github.com/kbaoooo/vn_schools_scores_data/blob/main/craw-data/scores/DTE/2025.json
DTE,7510605,Logistics và Quản lý chuỗi cung ứng,7510605,2025,https://github.com/kbaoooo/vn_schools_scores_data/blob/main/craw-data/scores/DTE/2025.json
DTE,7810103,Quản trị kinh doanh khách sạn và du lịch,7810103,2025,https://github.com/kbaoooo/vn_schools_scores_data/blob/main/craw-data/scores/DTE/2025.json
DTE,7810103-HG,Quản trị kinh doanh khách sạn và du lịch (học tại phân hiệu ĐHTN tại tỉnh Hà Giang),7810103,2025,https://github.com/kbaoooo/vn_schools_scores_data/blob/main/craw-data/scores/DTE/2025.json
DTE,7810103-TA,Quản trị du lịch và khách sạn (dạy và học bằng tiếng Anh),7810103,2025,https://github.com/kbaoooo/vn_schools_scores_data/blob/main/craw-data/scores/DTE/2025.json
DTG,7140201,Giáo dục Mầm non,7140201,2025,https://github.com/kbaoooo/vn_schools_scores_data/blob/main/craw-data/scores/DTG/2025.json
DTG,7140202,Giáo dục Tiểu học,7140202,2025,https://github.com/kbaoooo/vn_schools_scores_data/blob/main/craw-data/scores/DTG/2025.json
DTG,7140227,Sư phạm Tiếng H’mong,7140227,2025,https://github.com/kbaoooo/vn_schools_scores_data/blob/main/craw-data/scores/DTG/2025.json
DTG,7220101,Tiếng Việt và văn hóa Việt Nam,7220101,2025,https://github.com/kbaoooo/vn_schools_scores_data/blob/main/craw-data/scores/DTG/2025.json
DTG,7220204,Ngôn ngữ Trung Quốc,7220204,2025,https://github.com/kbaoooo/vn_schools_scores_data/blob/main/craw-data/scores/DTG/2025.json
DTK,7220201,Ngôn ngữ Anh,7220201,2025,https://github.com/kbaoooo/vn_schools_scores_data/blob/main/craw-data/scores/DTK/2025.json
DTK,7480106,Kỹ thuật máy tính,7480106,2025,https://github.com/kbaoooo/vn_schools_scores_data/blob/main/craw-data/scores/DTK/2025.json
DTK,7510201,Công nghệ Kỹ thuật cơ khí,7510201,2025,https://github.com/kbaoooo/vn_schools_scores_data/blob/main/craw-data/scores/DTK/2025.json
DTK,7510202,Công nghệ Chế tạo máy,7510202,2025,https://github.com/kbaoooo/vn_schools_scores_data/blob/main/craw-data/scores/DTK/2025.json
DTK,7510205A,Công nghệ Kỹ thuật ô tô,7510205,2025,https://github.com/kbaoooo/vn_schools_scores_data/blob/main/craw-data/scores/DTK/2025.json
DTK,7510205B,Công nghệ Kỹ thuật ô tô (Chuyên ngành: Công nghệ ô tô điện và ô tô lai),7510205,2025,https://github.com/kbaoooo/vn_schools_scores_data/blob/main/craw-data/scores/DTK/2025.json
DTK,7510301,Công nghệ Kỹ thuật điện; điện tử,7510301,2025,https://github.com/kbaoooo/vn_schools_scores_data/blob/main/craw-data/scores/DTK/2025.json
DTK,7510303,Công nghệ Kỹ thuật điều khiển và tự động hóa,7510303,2025,https://github.com/kbaoooo/vn_schools_scores_data/blob/main/craw-data/scores/DTK/2025.json
DTK,7510601A,Quản lý công nghiệp,7510601,2025,https://github.com/kbaoooo/vn_schools_scores_data/blob/main/craw-data/scores/DTK/2025.json
DTK,7510601B,Quản lý công nghiệp (Chuyên ngành: Logistics),7510601,2025,https://github.com/kbaoooo/vn_schools_scores_data/blob/main/craw-data/scores/DTK/2025.json
DTK,7510604,Kinh tế công nghiệp,7510604,2025,https://github.com/kbaoooo/vn_schools_scores_data/blob/main/craw-data/scores/DTK/2025.json
DTK,7520103A,Kỹ thuật cơ khí,7520103,2025,https://github.com/kbaoooo/vn_schools_scores_data/blob/main/craw-data/scores/DTK/2025.json
DTK,7520103B,Kỹ thuật cơ khí (Chuyên ngành: Tự động hóa thiết ké và chế tạo),7520103,2025,https://github.com/kbaoooo/vn_schools_scores_data/blob/main/craw-data/scores/DTK/2025.json
DTK,7520107,Kỹ thuật robot (Chuyên ngành: Robot và trí tuệ nhân tạo),7520107,2025,https://github.com/kbaoooo/vn_schools_scores_data/blob/main/craw-data/scores/DTK/2025.json
DTK,7520114,Kỹ thuật cơ điện tử,7520114,2025,https://github.com/kbaoooo/vn_schools_scores_data/blob/main/craw-data/scores/DTK/2025.json
DTK,7520116A,Kỹ thuật cơ khí động lực (Chuyên ngành: Kỹ thuật ô tô điện và điều khiển thông minh),7520116,2025,https://github.com/kbaoooo/vn_schools_scores_data/blob/main/craw-data/scores/DTK/2025.json
DTK,7520116B,Kỹ thuật cơ khí động lực (Chuyên ngành: Kỹ thuật ô tô và giao thông thông minh),7520116,2025,https://github.com/kbaoooo/vn_schools_scores_data/blob/main/craw-data/scores/DTK/2025.json
DTK,7520201,Kỹ thuật điện,7520201,2025,https://github.com/kbaoooo/vn_schools_scores_data/blob/main/craw-data/scores/DTK/2025.json
DTK,7520207A,Kỹ thuật điện tử - viễn thông (Chuyên ngành: Công nghệ điện tử; bán dẫn và vi mạch),7520207,2025,https://github.com/kbaoooo/vn_schools_scores_data/blob/main/craw-data/scores/DTK/2025.json
DTK,7520207B,Kỹ thuật điện tử - viễn thông,7520207,2025,https://github.com/kbaoooo/vn_schools_scores_data/blob/main/craw-data/scores/DTK/2025.json
DTK,7520216,Kỹ thuật điều khiển và tự động hoá,7520216,2025,https://github.com/kbaoooo/vn_schools_scores_data/blob/main/craw-data/scores/DTK/2025.json
DTK,7520309,Kỹ thuật vật liệu,7520309,2025,https://github.com/kbaoooo/vn_schools_scores_data/blob/main/craw-data/scores/DTK/2025.json
DTK,7520320,Kỹ thuật môi trường,7520320,2025,https://github.com/kbaoooo/vn_schools_scores_data/blob/main/craw-data/scores/DTK/2025.json
DTK,7580201,Kỹ thuật xây dựng,7580201,2025,https://github.com/kbaoooo/vn_schools_scores_data/blob/main/craw-data/scores/DTK/2025.json
DTK,7905218,Kỹ thuật cơ khí - Chương trình tiên tiến (Chuyên ngành: Tự động hóa cơ khí),7905218,2025,https://github.com/kbaoooo/vn_schools_scores_data/blob/main/craw-data/scores/DTK/2025.json
DTK,7905228,Kỹ thuật điện - Chương trình tiên tiến,7905228,2025,https://github.com/kbaoooo/vn_schools_scores_data/blob/main/craw-data/scores/DTK/2025.json
DTL,7220201,Ngôn ngữ Anh,7220201,2025,https://github.com/kbaoooo/vn_schools_scores_data/blob/main/craw-data/scores/DTL/2025.json
DTL,7220204,Ngôn ngữ Trung Quốc,7220204,2025,https://github.com/kbaoooo/vn_schools_scores_data/blob/main/craw-data/scores/DTL/2025.json
DTL,7220209,Ngôn ngữ Nhật,7220209,2025,https://github.com/kbaoooo/vn_schools_scores_data/blob/main/craw-data/scores/DTL/2025.json
DTL,7220210,Ngôn ngữ Hàn Quốc,7220210,2025,https://github.com/kbaoooo/vn_schools_scores_data/blob/main/craw-data/scores/DTL/2025.json
DTL,7310106,Kinh tế quốc tế,7310106,2025,https://github.com/kbaoooo/vn_schools_scores_data/blob/main/craw-data/scores/DTL/2025.json
DTL,7310630,Việt Nam học,7310630,2025,https://github.com/kbaoooo/vn_schools_scores_data/blob/main/craw-data/scores/DTL/2025.json
DTL,7320104,Truyền thông đa phương tiện,7320104,2025,https://github.com/kbaoooo/vn_schools_scores_data/blob/main/craw-data/scores/DTL/2025.json
DTL,7340101,Quản trị kinh doanh,7340101,2025,https://github.com/kbaoooo/vn_schools_scores_data/blob/main/craw-data/scores/DTL/2025.json
DTL,7340115,Marketing,7340115,2025,https://github.com/kbaoooo/vn_schools_scores_data/blob/main/craw-data/scores/DTL/2025.json
DTL,7340122,Thương mại điện tử,7340122,2025,https://github.com/kbaoooo/vn_schools_scores_data/blob/main/craw-data/scores/DTL/2025.json
DTL,7340201,Tài chính – Ngân hàng,7340201,2025,https://github.com/kbaoooo/vn_schools_scores_data/blob/main/craw-data/scores/DTL/2025.json
DTL,7340301,Kế toán,7340301,2025,https://github.com/kbaoooo/vn_schools_scores_data/blob/main/craw-data/scores/DTL/2025.json
DTL,7380107,Luật kinh tế,7380107,2025,https://github.com/kbaoooo/vn_schools_scores_data/blob/main/craw-data/scores/DTL/2025.json
DTL,7480101,Khoa học máy tính,7480101,2025,https://github.com/kbaoooo/vn_schools_scores_data/blob/main/craw-data/scores/DTL/2025.json
DTL,7480102,Mạng máy tính và truyền thông dữ liệu,7480102,2025,https://github.com/kbaoooo/vn_schools_scores_data/blob/main/craw-data/scores/DTL/2025.json
DTL,7480104,Hệ thống thông tin,7480104,2025,https://github.com/kbaoooo/vn_schools_scores_data/blob/main/craw-data/scores/DTL/2025.json
DTL,7480201,Công nghệ thông tin,7480201,2025,https://github.com/kbaoooo/vn_schools_scores_data/blob/main/craw-data/scores/DTL/2025.json
DTL,7480207,Trí tuệ nhân tạo,7480207,2025,https://github.com/kbaoooo/vn_schools_scores_data/blob/main/craw-data/scores/DTL/2025.json
DTL,7510605,Logistics và quản lý chuỗi cung ứng,7510605,2025,https://github.com/kbaoooo/vn_schools_scores_data/blob/main/craw-data/scores/DTL/2025.json
DTL,7720301,Điều dưỡng,7720301,2025,https://github.com/kbaoooo/vn_schools_scores_data/blob/main/craw-data/scores/DTL/2025.json
DTL,7810103,Quản trị dịch vụ du lịch và lữ hành,7810103,2025,https://github.com/kbaoooo/vn_schools_scores_data/blob/main/craw-data/scores/DTL/2025.json
DTL,7810201,Quản trị khách sạn,7810201,2025,https://github.com/kbaoooo/vn_schools_scores_data/blob/main/craw-data/scores/DTL/2025.json
DTM,7340101,Quản trị kinh doanh,7340101,2025,https://github.com/kbaoooo/vn_schools_scores_data/blob/main/craw-data/scores/DTM/2025.json
DTM,7340116,Bất động sản,7340116,2025,https://github.com/kbaoooo/vn_schools_scores_data/blob/main/craw-data/scores/DTM/2025.json
DTM,7440201,Địa chất học,7440201,2025,https://github.com/kbaoooo/vn_schools_scores_data/blob/main/craw-data/scores/DTM/2025.json
DTM,7440211,Biến đổi khí hậu,7440211,2025,https://github.com/kbaoooo/vn_schools_scores_data/blob/main/craw-data/scores/DTM/2025.json
DTM,7440222,Khí tượng và khí hậu học,7440222,2025,https://github.com/kbaoooo/vn_schools_scores_data/blob/main/craw-data/scores/DTM/2025.json
DTM,7440224,Thủy văn học,7440224,2025,https://github.com/kbaoooo/vn_schools_scores_data/blob/main/craw-data/scores/DTM/2025.json
DTM,7480104,Hệ thống thông tin,7480104,2025,https://github.com/kbaoooo/vn_schools_scores_data/blob/main/craw-data/scores/DTM/2025.json
DTM,7480201,Công nghệ thông tin,7480201,2025,https://github.com/kbaoooo/vn_schools_scores_data/blob/main/craw-data/scores/DTM/2025.json
DTM,7510401,Công nghệ kỹ thuật hóa học,7510401,2025,https://github.com/kbaoooo/vn_schools_scores_data/blob/main/craw-data/scores/DTM/2025.json
DTM,7510402,Công nghệ vật liệu,7510402,2025,https://github.com/kbaoooo/vn_schools_scores_data/blob/main/craw-data/scores/DTM/2025.json
DTM,7510406,Công nghệ kỹ thuật môi trường,7510406,2025,https://github.com/kbaoooo/vn_schools_scores_data/blob/main/craw-data/scores/DTM/2025.json
DTM,7510605,Logictics và quản lý chuỗi cung ứng,7510605,2025,https://github.com/kbaoooo/vn_schools_scores_data/blob/main/craw-data/scores/DTM/2025.json
DTM,7520503,Kỹ thuật trắc địa – Bản đồ,7520503,2025,https://github.com/kbaoooo/vn_schools_scores_data/blob/main/craw-data/scores/DTM/2025.json
DTM,7580106,Quản lý đô thị và công trình,7580106,2025,https://github.com/kbaoooo/vn_schools_scores_data/blob/main/craw-data/scores/DTM/2025.json
DTM,7580213,Kỹ thuật cấp thoát nước,7580213,2025,https://github.com/kbaoooo/vn_schools_scores_data/blob/main/craw-data/scores/DTM/2025.json
DTM,7850101,Quản lý tài nguyên và môi trường,7850101,2025,https://github.com/kbaoooo/vn_schools_scores_data/blob/main/craw-data/scores/DTM/2025.json
DTM,7850102,Kinh tế tài nguyên thiên nhiên,7850102,2025,https://github.com/kbaoooo/vn_schools_scores_data/blob/main/craw-data/scores/DTM/2025.json
DTM,7850103,Quản lý đất đai,7850103,2025,https://github.com/kbaoooo/vn_schools_scores_data/blob/main/craw-data/scores/DTM/2025.json
DTM,7850197,Quản lý tài nguyên và môi trường biển đảo,7850197,2025,https://github.com/kbaoooo/vn_schools_scores_data/blob/main/craw-data/scores/DTM/2025.json
DTM,7850198,Quản lý tài nguyên nước,7850198,2025,https://github.com/kbaoooo/vn_schools_scores_data/blob/main/craw-data/scores/DTM/2025.json
DTN,7220201,Ngôn ngữ Anh,7220201,2025,https://github.com/kbaoooo/vn_schools_scores_data/blob/main/craw-data/scores/DTN/2025.json
DTN,7310110,Quản lý kinh tế,7310110,2025,https://github.com/kbaoooo/vn_schools_scores_data/blob/main/craw-data/scores/DTN/2025.json
DTN,7320205,Quản lý thông tin,7320205,2025,https://github.com/kbaoooo/vn_schools_scores_data/blob/main/craw-data/scores/DTN/2025.json
DTN,7340120,Kinh doanh quốc tế,7340120,2025,https://github.com/kbaoooo/vn_schools_scores_data/blob/main/craw-data/scores/DTN/2025.json
DTN,7340301,Tài chính - Kế toán,7340301,2025,https://github.com/kbaoooo/vn_schools_scores_data/blob/main/craw-data/scores/DTN/2025.json
DTN,7420201,Công nghệ sinh học,7420201,2025,https://github.com/kbaoooo/vn_schools_scores_data/blob/main/craw-data/scores/DTN/2025.json
DTN,7440301,Khoa học môi trường,7440301,2025,https://github.com/kbaoooo/vn_schools_scores_data/blob/main/craw-data/scores/DTN/2025.json
DTN,7480201,Công nghệ và đổi mới sáng tạo,7480201,2025,https://github.com/kbaoooo/vn_schools_scores_data/blob/main/craw-data/scores/DTN/2025.json
DTN,7540101,Công nghệ thực phẩm,7540101,2025,https://github.com/kbaoooo/vn_schools_scores_data/blob/main/craw-data/scores/DTN/2025.json
DTN,7540106,Đảm bảo chất lượng và An toàn thực phẩm,7540106,2025,https://github.com/kbaoooo/vn_schools_scores_data/blob/main/craw-data/scores/DTN/2025.json
DTN,7549002,Dược liệu và hợp chất thiên nhiên,7549002,2025,https://github.com/kbaoooo/vn_schools_scores_data/blob/main/craw-data/scores/DTN/2025.json
DTN,7580109,Quản lý phát triển đô thị và bất động sản,7580109,2025,https://github.com/kbaoooo/vn_schools_scores_data/blob/main/craw-data/scores/DTN/2025.json
DTN,7620101,Nông nghiệp công nghệ cao,7620101,2025,https://github.com/kbaoooo/vn_schools_scores_data/blob/main/craw-data/scores/DTN/2025.json
DTN,7620105,Chăn nuôi thú y,7620105,2025,https://github.com/kbaoooo/vn_schools_scores_data/blob/main/craw-data/scores/DTN/2025.json
DTN,7620110,Khoa học cây trồng,7620110,2025,https://github.com/kbaoooo/vn_schools_scores_data/blob/main/craw-data/scores/DTN/2025.json
DTN,7620115,Kinh tế nông nghiệp,7620115,2025,https://github.com/kbaoooo/vn_schools_scores_data/blob/main/craw-data/scores/DTN/2025.json
DTN,7620205,Lâm sinh,7620205,2025,https://github.com/kbaoooo/vn_schools_scores_data/blob/main/craw-data/scores/DTN/2025.json
DTN,7620211,Quản lý tài nguyên rừng,7620211,2025,https://github.com/kbaoooo/vn_schools_scores_data/blob/main/craw-data/scores/DTN/2025.json
DTN,7640101,Thú y,7640101,2025,https://github.com/kbaoooo/vn_schools_scores_data/blob/main/craw-data/scores/DTN/2025.json
DTN,7810204-CTTT,Quản lý du lịch quốc tế (CTTT),7810204,2025,https://github.com/kbaoooo/vn_schools_scores_data/blob/main/craw-data/scores/DTN/2025.json
DTN,7850101,Quản lý tài nguyên và môi trường,7850101,2025,https://github.com/kbaoooo/vn_schools_scores_data/blob/main/craw-data/scores/DTN/2025.json
DTN,7850103,Quản lý đất đai,7850103,2025,https://github.com/kbaoooo/vn_schools_scores_data/blob/main/craw-data/scores/DTN/2025.json
DTN,7904492-CTTT,Khoa học và Quản lý môi trường (CTTT),7904492,2025,https://github.com/kbaoooo/vn_schools_scores_data/blob/main/craw-data/scores/DTN/2025.json
DTN,7905419-CTTT,Công nghệ thực phẩm (CTTT),7905419,2025,https://github.com/kbaoooo/vn_schools_scores_data/blob/main/craw-data/scores/DTN/2025.json
DTN,7906425-CTTT,Kinh tế nông nghiệp (CTTT),7906425,2025,https://github.com/kbaoooo/vn_schools_scores_data/blob/main/craw-data/scores/DTN/2025.json
DTP,51140201,Giáo dục Mầm non (cao đẳng),,2025,https://github.com/kbaoooo/vn_schools_scores_data/blob/main/craw-data/scores/DTP/2025.json
DTP,7140201,Giáo dục Mầm non,7140201,2025,https://github.com/kbaoooo/vn_schools_scores_data/blob/main/craw-data/scores/DTP/2025.json
DTP,7140202,Giáo dục Tiểu học,7140202,2025,https://github.com/kbaoooo/vn_schools_scores_data/blob/main/craw-data/scores/DTP/2025.json
DTP,7140202,Giáo dục Tiểu học (Chương trình dạy và học bằng tiếng Anh),7140202,2025,https://github.com/kbaoooo/vn_schools_scores_data/blob/main/craw-data/scores/DTP/2025.json
DTP,7220204,Ngôn ngữ Trung Quốc,7220204,2025,https://github.com/kbaoooo/vn_schools_scores_data/blob/main/craw-data/scores/DTP/2025.json
DTP,7310101,Kinh tế,7310101,2025,https://github.com/kbaoooo/vn_schools_scores_data/blob/main/craw-data/scores/DTP/2025.json
DTP,7310101-KTS,Kinh tế số,7310101,2025,https://github.com/kbaoooo/vn_schools_scores_data/blob/main/craw-data/scores/DTP/2025.json
DTP,7620105,Chăn nuôi,7620105,2025,https://github.com/kbaoooo/vn_schools_scores_data/blob/main/craw-data/scores/DTP/2025.json
DTP,7620110,Khoa học cây trồng,7620110,2025,https://github.com/kbaoooo/vn_schools_scores_data/blob/main/craw-data/scores/DTP/2025.json
DTP,7810103,Quản trị dịch vụ du lịch và lữ hành,7810103,2025,https://github.com/kbaoooo/vn_schools_scores_data/blob/main/craw-data/scores/DTP/2025.json
DTP,7850101,Quản lý tài nguyên và môi trường,7850101,2025,https://github.com/kbaoooo/vn_schools_scores_data/blob/main/craw-data/scores/DTP/2025.json
DTQ,7220201,Ngôn ngữ Anh,7220201,2025,https://github.com/kbaoooo/vn_schools_scores_data/blob/main/craw-data/scores/DTQ/2025.json
DTQ,7310601,Quốc tế học,7310601,2025,https://github.com/kbaoooo/vn_schools_scores_data/blob/main/craw-data/scores/DTQ/2025.json
DTQ,7340101,Quản trị kinh doanh và tài chính,7340101,2025,https://github.com/kbaoooo/vn_schools_scores_data/blob/main/craw-data/scores/DTQ/2025.json
DTQ,7340120,Kinh doanh quốc tế,7340120,2025,https://github.com/kbaoooo/vn_schools_scores_data/blob/main/craw-data/scores/DTQ/2025.json
DTQ,7340205,Công nghệ tài chính,7340205,2025,https://github.com/kbaoooo/vn_schools_scores_data/blob/main/craw-data/scores/DTQ/2025.json
DTQ,7340301,Kế toán,7340301,2025,https://github.com/kbaoooo/vn_schools_scores_data/blob/main/craw-data/scores/DTQ/2025.json
DTQ,7850101,Quản lý Tài nguyên và môi trường,7850101,2025,https://github.com/kbaoooo/vn_schools_scores_data/blob/main/craw-data/scores/DTQ/2025.json
DTT,7210403,Thiết kế đồ họa,7210403,2025,https://github.com/kbaoooo/vn_schools_scores_data/blob/main/craw-data/scores/DTT/2025.json
DTT,7210404,Thiết kế thời trang,7210404,2025,https://github.com/kbaoooo/vn_schools_scores_data/blob/main/craw-data/scores/DTT/2025.json
DTT,7220201,Ngôn ngữ Anh,7220201,2025,https://github.com/kbaoooo/vn_schools_scores_data/blob/main/craw-data/scores/DTT/2025.json
DTT,7220204,Ngôn ngữ Trung Quốc,7220204,2025,https://github.com/kbaoooo/vn_schools_scores_data/blob/main/craw-data/scores/DTT/2025.json
DTT,7310301,Xã hội học,7310301,2025,https://github.com/kbaoooo/vn_schools_scores_data/blob/main/craw-data/scores/DTT/2025.json
DTT,7340101,Quản trị kinh doanh (Chuyên ngành Quản trị nguồn nhân lực),7340101,2025,https://github.com/kbaoooo/vn_schools_scores_data/blob/main/craw-data/scores/DTT/2025.json
DTT,7340101C,Quản trị kinh doanh (Chuyên ngành Quản trị chuỗi cung ứng),7340101,2025,https://github.com/kbaoooo/vn_schools_scores_data/blob/main/craw-data/scores/DTT/2025.json
DTT,7340101N,Quản trị kinh doanh (Chuyên ngành Quản trị nhà hàng - khách sạn),7340101,2025,https://github.com/kbaoooo/vn_schools_scores_data/blob/main/craw-data/scores/DTT/2025.json
DTT,7340115,Marketing,7340115,2025,https://github.com/kbaoooo/vn_schools_scores_data/blob/main/craw-data/scores/DTT/2025.json
DTT,7340120,Kinh doanh quốc tế,7340120,2025,https://github.com/kbaoooo/vn_schools_scores_data/blob/main/craw-data/scores/DTT/2025.json
DTT,7340201,Tài chính - Ngân hàng,7340201,2025,https://github.com/kbaoooo/vn_schools_scores_data/blob/main/craw-data/scores/DTT/2025.json
DTT,7340201Q,Tài chính - Ngân hàng (Chuyên ngành Tài chính quốc tế),7340201,2025,https://github.com/kbaoooo/vn_schools_scores_data/blob/main/craw-data/scores/DTT/2025.json
DTT,7340301,Kế toán,7340301,2025,https://github.com/kbaoooo/vn_schools_scores_data/blob/main/craw-data/scores/DTT/2025.json
DTT,7340302,Kiểm toán (Chuyên ngành Kiểm toán và Phân tích dữ liệu),7340302,2025,https://github.com/kbaoooo/vn_schools_scores_data/blob/main/craw-data/scores/DTT/2025.json
DTT,7340408,"Quan hệ lao động (Chuyên ngành Quản lý quan hệ lao động, Chuyên ngành Hành vi tổ chức)",7340408,2025,https://github.com/kbaoooo/vn_schools_scores_data/blob/main/craw-data/scores/DTT/2025.json
DTT,7380101,Luật,7380101,2025,https://github.com/kbaoooo/vn_schools_scores_data/blob/main/craw-data/scores/DTT/2025.json
DTT,7420201,Công nghệ sinh học,7420201,2025,https://github.com/kbaoooo/vn_schools_scores_data/blob/main/craw-data/scores/DTT/2025.json
DTT,7440301,Khoa học môi trường,7440301,2025,https://github.com/kbaoooo/vn_schools_scores_data/blob/main/craw-data/scores/DTT/2025.json
DTT,7460112,Toán ứng dụng,7460112,2025,https://github.com/kbaoooo/vn_schools_scores_data/blob/main/craw-data/scores/DTT/2025.json
DTT,7460201,Thống kê,7460201,2025,https://github.com/kbaoooo/vn_schools_scores_data/blob/main/craw-data/scores/DTT/2025.json
DTT,7480101,Khoa học máy tính,7480101,2025,https://github.com/kbaoooo/vn_schools_scores_data/blob/main/craw-data/scores/DTT/2025.json
DTT,7480102,Mạng máy tính và truyền thông dữ liệu,7480102,2025,https://github.com/kbaoooo/vn_schools_scores_data/blob/main/craw-data/scores/DTT/2025.json
DTT,7480103,Kỹ thuật phần mềm,7480103,2025,https://github.com/kbaoooo/vn_schools_scores_data/blob/main/craw-data/scores/DTT/2025.json
DTT,7510406,Công nghệ kỹ thuật môi trường (Chuyên ngành cấp thoát nước và môi trường nước),7510406,2025,https://github.com/kbaoooo/vn_schools_scores_data/blob/main/craw-data/scores/DTT/2025.json
DTT,7520114,Kỹ thuật cơ điện tử,7520114,2025,https://github.com/kbaoooo/vn_schools_scores_data/blob/main/craw-data/scores/DTT/2025.json
DTT,7520201,Kỹ thuật điện,7520201,2025,https://github.com/kbaoooo/vn_schools_scores_data/blob/main/craw-data/scores/DTT/2025.json
DTT,7520207,Kỹ thuật điện tử - viễn thông,7520207,2025,https://github.com/kbaoooo/vn_schools_scores_data/blob/main/craw-data/scores/DTT/2025.json
DTT,7520207T,Kỹ thuật điện tử - viễn thông (Chuyên ngành Kỹ thuật thiết kế vi mạch bán dẫn),7520207,2025,https://github.com/kbaoooo/vn_schools_scores_data/blob/main/craw-data/scores/DTT/2025.json
DTT,7520216,Kỹ thuật điều khiển và tự động hóa,7520216,2025,https://github.com/kbaoooo/vn_schools_scores_data/blob/main/craw-data/scores/DTT/2025.json
DTT,7520301,Kỹ thuật hóa học,7520301,2025,https://github.com/kbaoooo/vn_schools_scores_data/blob/main/craw-data/scores/DTT/2025.json
DTT,7580101,Kiến trúc,7580101,2025,https://github.com/kbaoooo/vn_schools_scores_data/blob/main/craw-data/scores/DTT/2025.json
DTT,7580105,Quy hoạch vùng và đô thị,7580105,2025,https://github.com/kbaoooo/vn_schools_scores_data/blob/main/craw-data/scores/DTT/2025.json
DTT,7580108,Thiết kế nội thất,7580108,2025,https://github.com/kbaoooo/vn_schools_scores_data/blob/main/craw-data/scores/DTT/2025.json
DTT,7580201,Kỹ thuật xây dựng,7580201,2025,https://github.com/kbaoooo/vn_schools_scores_data/blob/main/craw-data/scores/DTT/2025.json
DTT,7580205,Kỹ thuật xây dựng công trình giao thông,7580205,2025,https://github.com/kbaoooo/vn_schools_scores_data/blob/main/craw-data/scores/DTT/2025.json
DTT,7580302,Quản lý xây dựng,7580302,2025,https://github.com/kbaoooo/vn_schools_scores_data/blob/main/craw-data/scores/DTT/2025.json
DTT,7720201,Dược học,7720201,2025,https://github.com/kbaoooo/vn_schools_scores_data/blob/main/craw-data/scores/DTT/2025.json
DTT,7760101,Công tác xã hội,7760101,2025,https://github.com/kbaoooo/vn_schools_scores_data/blob/main/craw-data/scores/DTT/2025.json
DTT,7810101,Du lịch (Chuyên ngành Quản lý du lịch),7810101,2025,https://github.com/kbaoooo/vn_schools_scores_data/blob/main/craw-data/scores/DTT/2025.json
DTT,7810101H,Du lịch (Chuyên ngành Hướng dẫn du lịch),7810101,2025,https://github.com/kbaoooo/vn_schools_scores_data/blob/main/craw-data/scores/DTT/2025.json
DTT,7810301,Quản lý thể dục thể thao (Chuyên ngành Kinh doanh thể thao và tổ chức sự kiện),7810301,2025,https://github.com/kbaoooo/vn_schools_scores_data/blob/main/craw-data/scores/DTT/2025.json
DTT,7810301G,Quản lý thể dục thể thao (Chuyên ngành Golf),7810301,2025,https://github.com/kbaoooo/vn_schools_scores_data/blob/main/craw-data/scores/DTT/2025.json
DTT,7850201,Bảo hộ lao động,7850201,2025,https://github.com/kbaoooo/vn_schools_scores_data/blob/main/craw-data/scores/DTT/2025.json
DTT,D7340101N,Quản trị kinh doanh (Chuyên ngành: Quản trị nhà hàng - khách sạn) - Chương trình dự bị đại học bằng tiếng Anh,,2025,https://github.com/kbaoooo/vn_schools_scores_data/blob/main/craw-data/scores/DTT/2025.json
DTT,D7340115,Marketing - Chương trình dự bị đại học bằng tiếng Anh,,2025,https://github.com/kbaoooo/vn_schools_scores_data/blob/main/craw-data/scores/DTT/2025.json
DTT,D7340120,Kinh doanh quốc tế - Chương trình dự bị đại học bằng tiếng Anh,,2025,https://github.com/kbaoooo/vn_schools_scores_data/blob/main/craw-data/scores/DTT/2025.json
DTT,D7340201,Tài chính ngân hàng - Chương trình dự bị đại học bằng tiếng Anh,,2025,https://github.com/kbaoooo/vn_schools_scores_data/blob/main/craw-data/scores/DTT/2025.json
DTT,D7340301,Kế toán (Chuyên ngành: Kế toán quốc tế) - Chương trình dự bị đại học bằng tiếng Anh,,2025,https://github.com/kbaoooo/vn_schools_scores_data/blob/main/craw-data/scores/DTT/2025.json
DTT,D7420201,Công nghệ sinh học - Chương trình dự bị đại học bằng tiếng Anh,,2025,https://github.com/kbaoooo/vn_schools_scores_data/blob/main/craw-data/scores/DTT/2025.json
DTT,D7480101,Khoa học máy tính - Chương trình dự bị đại học bằng tiếng Anh,,2025,https://github.com/kbaoooo/vn_schools_scores_data/blob/main/craw-data/scores/DTT/2025.json
DTT,D7480103,Kỹ thuật phần mềm - Chương trình dự bị đại học bằng tiếng Anh,,2025,https://github.com/kbaoooo/vn_schools_scores_data/blob/main/craw-data/scores/DTT/2025.json
DTT,D7520216,Kỹ thuật điều khiển và tự động hóa - Chương trình dự bị đại học bằng tiếng Anh,,2025,https://github.com/kbaoooo/vn_schools_scores_data/blob/main/craw-data/scores/DTT/2025.json
DTT,D7580201,Kỹ thuật xây dựng - Chương trình dự bị đại học bằng tiếng Anh,,2025,https://github.com/kbaoooo/vn_schools_scores_data/blob/main/craw-data/scores/DTT/2025.json
DTT,DK7340101,Quản trị kinh doanh (song bằng 2+2) - Chương trình dự bị Trường Đại học Kinh tế và Kinh doanh Praha (Cộng Hòa Séc),,2025,https://github.com/kbaoooo/vn_schools_scores_data/blob/main/craw-data/scores/DTT/2025.json
DTT,DK7340101E,Quản trị kinh doanh toàn cầu (đơn bằng 2+2) - Chương trình dự bị liên kết Trường Kinh doanh Emlyon (Pháp),,2025,https://github.com/kbaoooo/vn_schools_scores_data/blob/main/craw-data/scores/DTT/2025.json
DTT,DK7340101L,Quản trị kinh doanh (đơn bằng 3+1) – Chương trình dự bị liên kết Đại học Lunghwa (Đài Loan),,2025,https://github.com/kbaoooo/vn_schools_scores_data/blob/main/craw-data/scores/DTT/2025.json
DTT,DK7340101M,"Kinh doanh (Tài chính, Kinh doanh quốc tế, Marketing, Kế toán, Quản trị nguồn nhân lực & Quan hệ lao động) (đơn bằng 2+1,5) - Chương trình dự bị liên kết Đại học Massey (New Zealand)",,2025,https://github.com/kbaoooo/vn_schools_scores_data/blob/main/craw-data/scores/DTT/2025.json
DTT,DK7340101N,"Quản trị nhà hàng - khách sạn (song bằng 2,5+1,5) - Chương trình dự bị liên kết Đại học Taylor’s (Malaysia)",,2025,https://github.com/kbaoooo/vn_schools_scores_data/blob/main/craw-data/scores/DTT/2025.json
DTT,DK7340120L,Kinh doanh quốc tế (song bằng 3 +1) - Chương trình dự bị liên kết Đại học La Trobe (Úc),,2025,https://github.com/kbaoooo/vn_schools_scores_data/blob/main/craw-data/scores/DTT/2025.json
DTT,DK7340201X,Tài chính và kiểm soát (song bằng 3+1) - Chương trình dự bị liên kết Đại học khoa học ứng dụng Saxion (Hà Lan),,2025,https://github.com/kbaoooo/vn_schools_scores_data/blob/main/craw-data/scores/DTT/2025.json
DTT,DK7340301,"Kế toán (song bằng 3+1) - Chương trình dự bị liên kết Đại học West of England, Bristol (Vương Quốc Anh)",,2025,https://github.com/kbaoooo/vn_schools_scores_data/blob/main/craw-data/scores/DTT/2025.json
DTT,DK7480101L,Công nghệ thông tin (song bằng 2+2) - Chương trình dự bị liên kết Đại học La Trobe (Úc),,2025,https://github.com/kbaoooo/vn_schools_scores_data/blob/main/craw-data/scores/DTT/2025.json
DTT,DK7480101T,Khoa học máy tính (đơn bằng 2+2) - Chương trình dự bị liên kết Đại học Kỹ thuật Ostrava (CH Séc),,2025,https://github.com/kbaoooo/vn_schools_scores_data/blob/main/craw-data/scores/DTT/2025.json
DTT,DK7520201,"Kỹ thuật điện – điện tử (song bằng 2,5+1,5) - Chương trình dự bị liên kết Đại học khoa học ứng dụng Saxion (Hà Lan)",,2025,https://github.com/kbaoooo/vn_schools_scores_data/blob/main/craw-data/scores/DTT/2025.json
DTT,DK7580201,Kỹ thuật xây dựng (song bằng 2+2) - Chương trình dự bị liên kết Đại học La Trobe (Úc),,2025,https://github.com/kbaoooo/vn_schools_scores_data/blob/main/craw-data/scores/DTT/2025.json
DTT,F7210403,Thiết kế đồ họa - Chương trình tiên tiến,,2025,https://github.com/kbaoooo/vn_schools_scores_data/blob/main/craw-data/scores/DTT/2025.json
DTT,F7220201,Ngôn ngữ Anh - Chương trình tiên tiến,,2025,https://github.com/kbaoooo/vn_schools_scores_data/blob/main/craw-data/scores/DTT/2025.json
DTT,F7220204,Ngôn ngữ Trung Quốc - Chương trình tiên tiến,,2025,https://github.com/kbaoooo/vn_schools_scores_data/blob/main/craw-data/scores/DTT/2025.json
DTT,F7310301,Xã hội học - Chương trình tiên tiến,,2025,https://github.com/kbaoooo/vn_schools_scores_data/blob/main/craw-data/scores/DTT/2025.json
DTT,F7340101,Quản trị kinh doanh (Chuyên ngành Quản trị nguồn nhân lực) - Chương trình tiên tiến,,2025,https://github.com/kbaoooo/vn_schools_scores_data/blob/main/craw-data/scores/DTT/2025.json
DTT,F7340101N,Quản trị kinh doanh (Chuyên ngành Quản trị nhà hàng - khách sạn) - Chương trình tiên tiến,,2025,https://github.com/kbaoooo/vn_schools_scores_data/blob/main/craw-data/scores/DTT/2025.json
DTT,F7340115,Marketing - Chương trình tiên tiến,,2025,https://github.com/kbaoooo/vn_schools_scores_data/blob/main/craw-data/scores/DTT/2025.json
DTT,F7340120,Kinh doanh quốc tế - Chương trình tiên tiến,,2025,https://github.com/kbaoooo/vn_schools_scores_data/blob/main/craw-data/scores/DTT/2025.json
DTT,F7340201,Tài chính - Ngân hàng - Chương trình tiên tiến,,2025,https://github.com/kbaoooo/vn_schools_scores_data/blob/main/craw-data/scores/DTT/2025.json
DTT,F7340301,Kế toán - Chương trình tiên tiến,,2025,https://github.com/kbaoooo/vn_schools_scores_data/blob/main/craw-data/scores/DTT/2025.json
DTT,F7380101,Luật (Chuyên ngành Luật kinh tế) - Chương trình tiên tiến,,2025,https://github.com/kbaoooo/vn_schools_scores_data/blob/main/craw-data/scores/DTT/2025.json
DTT,F7380101T,Luật (Chuyên ngành Luật thương mại quốc tế) - Chương trình tiên tiến,,2025,https://github.com/kbaoooo/vn_schools_scores_data/blob/main/craw-data/scores/DTT/2025.json
DTT,F7420201,Công nghệ sinh học - Chương trình tiên tiến,,2025,https://github.com/kbaoooo/vn_schools_scores_data/blob/main/craw-data/scores/DTT/2025.json
DTT,F7480101,Khoa học máy tính - Chương trình tiên tiến,,2025,https://github.com/kbaoooo/vn_schools_scores_data/blob/main/craw-data/scores/DTT/2025.json
DTT,F7480103,Kỹ thuật phần mềm - Chương trình tiên tiến,,2025,https://github.com/kbaoooo/vn_schools_scores_data/blob/main/craw-data/scores/DTT/2025.json
DTT,F7520201,Kỹ thuật điện - Chương trình tiên tiến,,2025,https://github.com/kbaoooo/vn_schools_scores_data/blob/main/craw-data/scores/DTT/2025.json
DTT,F7520207,Kỹ thuật điện tử - viễn thông - Chương trình tiên tiến,,2025,https://github.com/kbaoooo/vn_schools_scores_data/blob/main/craw-data/scores/DTT/2025.json
DTT,F7520216,Kỹ thuật điều khiển và tự động hóa - Chương trình tiên tiến,,2025,https://github.com/kbaoooo/vn_schools_scores_data/blob/main/craw-data/scores/DTT/2025.json
DTT,F7520301,Kỹ thuật hóa học - Chương trình tiên tiến,,2025,https://github.com/kbaoooo/vn_schools_scores_data/blob/main/craw-data/scores/DTT/2025.json
DTT,F7580101,Kiến trúc - Chương trình tiên tiến,,2025,https://github.com/kbaoooo/vn_schools_scores_data/blob/main/craw-data/scores/DTT/2025.json
DTT,F7580201,Kỹ thuật xây dựng - Chương trình tiên tiến,,2025,https://github.com/kbaoooo/vn_schools_scores_data/blob/main/craw-data/scores/DTT/2025.json
DTT,FA7220201,Ngôn ngữ Anh - Chương trình đại học bằng tiếng Anh,,2025,https://github.com/kbaoooo/vn_schools_scores_data/blob/main/craw-data/scores/DTT/2025.json
DTT,FA7340101N,Quản trị kinh doanh (Chuyên ngành: Quản trị nhà hàng - khách sạn) - Chương trình đại học bằng tiếng Anh,,2025,https://github.com/kbaoooo/vn_schools_scores_data/blob/main/craw-data/scores/DTT/2025.json
DTT,FA7340115,Marketing - Chương trình đại học bằng tiếng Anh,,2025,https://github.com/kbaoooo/vn_schools_scores_data/blob/main/craw-data/scores/DTT/2025.json
DTT,FA7340120,Kinh doanh quốc tế - Chương trình đại học bằng tiếng Anh,,2025,https://github.com/kbaoooo/vn_schools_scores_data/blob/main/craw-data/scores/DTT/2025.json
DTT,FA7340201,Tài chính ngân hàng - Chương trình đại học bằng tiếng Anh,,2025,https://github.com/kbaoooo/vn_schools_scores_data/blob/main/craw-data/scores/DTT/2025.json
DTT,FA7340301,Kế toán (Chuyên ngành: Kế toán quốc tế) - Chương trình đại học bằng tiếng Anh,,2025,https://github.com/kbaoooo/vn_schools_scores_data/blob/main/craw-data/scores/DTT/2025.json
DTT,FA7420201,Công nghệ sinh học - Chương trình đại học bằng tiếng Anh,,2025,https://github.com/kbaoooo/vn_schools_scores_data/blob/main/craw-data/scores/DTT/2025.json
DTT,FA7480101,Khoa học máy tính - Chương trình đại học bằng tiếng Anh,,2025,https://github.com/kbaoooo/vn_schools_scores_data/blob/main/craw-data/scores/DTT/2025.json
DTT,FA7480103,Kỹ thuật phần mềm - Chương trình đại học bằng tiếng Anh,,2025,https://github.com/kbaoooo/vn_schools_scores_data/blob/main/craw-data/scores/DTT/2025.json
DTT,FA7520216,Kỹ thuật điều khiển và tự động hóa - Chương trình đại học bằng tiếng Anh,,2025,https://github.com/kbaoooo/vn_schools_scores_data/blob/main/craw-data/scores/DTT/2025.json
DTT,FA7580201,Kỹ thuật xây dựng - Chương trình đại học bằng tiếng Anh,,2025,https://github.com/kbaoooo/vn_schools_scores_data/blob/main/craw-data/scores/DTT/2025.json
DTT,K7220201,"Ngôn ngữ Anh (đơn bằng 3+1) - Chương trình liên kết Đại học West of England, Bristol (Vương Quốc Anh)",,2025,https://github.com/kbaoooo/vn_schools_scores_data/blob/main/craw-data/scores/DTT/2025.json
DTT,K7340101,Quản trị kinh doanh (song bằng 2+2) - Chương trình liên kết Trường Đại học Kinh tế và Kinh doanh Praha (Cộng Hòa Séc),,2025,https://github.com/kbaoooo/vn_schools_scores_data/blob/main/craw-data/scores/DTT/2025.json
DTT,K7340101E,Quản trị kinh doanh toàn cầu (đơn bằng 2+2) - Chương trình liên kết Trường Kinh doanh Emlyon (Pháp),,2025,https://github.com/kbaoooo/vn_schools_scores_data/blob/main/craw-data/scores/DTT/2025.json
DTT,K7340101L,Quản trị kinh doanh (đơn bằng 3+1) – Chương trình liên kết Đại học Lunghwa (Đài Loan),,2025,https://github.com/kbaoooo/vn_schools_scores_data/blob/main/craw-data/scores/DTT/2025.json
DTT,K7340101M,"Kinh doanh (Tài chính, Kinh doanh quốc tế, Marketing, Kế toán, Quản trị nguồn nhân lực & Quan hệ lao động) (đơn bằng 2+1,5) - Chương trình liên kết Đại học Massey (New Zealand)",,2025,https://github.com/kbaoooo/vn_schools_scores_data/blob/main/craw-data/scores/DTT/2025.json
DTT,K7340101N,"Quản trị nhà hàng - khách sạn (song bằng 2,5+1,5) - Chương trình liên kết Đại học Taylor’s (Malaysia)",,2025,https://github.com/kbaoooo/vn_schools_scores_data/blob/main/craw-data/scores/DTT/2025.json
DTT,K7340120L,Kinh doanh quốc tế (song bằng 3 +1) - Chương trình liên kết Đại học La Trobe (Úc),,2025,https://github.com/kbaoooo/vn_schools_scores_data/blob/main/craw-data/scores/DTT/2025.json
DTT,K7340201X,Tài chính và kiểm soát (song bằng 3+1) - Chương trình liên kết Đại học khoa học ứng dụng Saxion (Hà Lan),,2025,https://github.com/kbaoooo/vn_schools_scores_data/blob/main/craw-data/scores/DTT/2025.json
DTT,K7340301,"Kế toán (song bằng 3+1) - Chương trình liên kết Đại học West of England, Bristol (Vương Quốc Anh)",,2025,https://github.com/kbaoooo/vn_schools_scores_data/blob/main/craw-data/scores/DTT/2025.json
DTT,K7480101L,Công nghệ thông tin (song bằng 2+2) - Chương trình liên kết Đại học La Trobe (Úc),,2025,https://github.com/kbaoooo/vn_schools_scores_data/blob/main/craw-data/scores/DTT/2025.json
DTT,K7480101T,Khoa học máy tính (đơn bằng 2+2) - Chương trình liên kết Đại học Kỹ thuật Ostrava (CH Séc),,2025,https://github.com/kbaoooo/vn_schools_scores_data/blob/main/craw-data/scores/DTT/2025.json
DTT,K7520201,"Kỹ thuật điện – điện tử (song bằng 2,5+1,5) - Chương trình liên kết Đại học khoa học ứng dụng Saxion (Hà Lan)",,2025,https://github.com/kbaoooo/vn_schools_scores_data/blob/main/craw-data/scores/DTT/2025.json
DTT,K7580201,Kỹ thuật xây dựng (song bằng 2+2) - Chương trình liên kết Đại học La Trobe (Úc),,2025,https://github.com/kbaoooo/vn_schools_scores_data/blob/main/craw-data/scores/DTT/2025.json
DTT,N7210403,Thiết kế đồ họa - Chương trình học tại Phân hiệu Khánh Hòa,,2025,https://github.com/kbaoooo/vn_schools_scores_data/blob/main/craw-data/scores/DTT/2025.json
DTT,N7220201,Ngôn ngữ Anh - Chương trình học tại Phân hiệu Khánh Hòa,,2025,https://github.com/kbaoooo/vn_schools_scores_data/blob/main/craw-data/scores/DTT/2025.json
DTT,N7340101N,Quản trị kinh doanh (Chuyên ngành Quản trị nhà hàng - khách sạn) - Chương trình học tại Phân hiệu Khánh Hòa,,2025,https://github.com/kbaoooo/vn_schools_scores_data/blob/main/craw-data/scores/DTT/2025.json
DTT,N7340115,Marketing - Chương trình học tại Phân hiệu Khánh Hòa,,2025,https://github.com/kbaoooo/vn_schools_scores_data/blob/main/craw-data/scores/DTT/2025.json
DTT,N7340301,Kế toán - Chương trình học tại Phân hiệu Khánh Hòa,,2025,https://github.com/kbaoooo/vn_schools_scores_data/blob/main/craw-data/scores/DTT/2025.json
DTT,N7340408,Quan hệ lao động (Chuyên ngành Hành vi tổ chức) - Chương trình học tại Phân hiệu Khánh Hòa,,2025,https://github.com/kbaoooo/vn_schools_scores_data/blob/main/craw-data/scores/DTT/2025.json
DTT,N7380101,Luật (Chuyên ngành Luật kinh tế) - Chương trình học tại Phân hiệu Khánh Hòa,,2025,https://github.com/kbaoooo/vn_schools_scores_data/blob/main/craw-data/scores/DTT/2025.json
DTT,N7480101,Khoa học máy tính - Chương trình học tại Phân hiệu Khánh Hòa,,2025,https://github.com/kbaoooo/vn_schools_scores_data/blob/main/craw-data/scores/DTT/2025.json
DTT,N7480103,Kỹ thuật phần mềm - Chương trình học tại Phân hiệu Khánh Hòa,,2025,https://github.com/kbaoooo/vn_schools_scores_data/blob/main/craw-data/scores/DTT/2025.json
DTT,N7580302,Quản lý xây dựng - Chương trình học tại Phân hiệu Khánh Hòa,,2025,https://github.com/kbaoooo/vn_schools_scores_data/blob/main/craw-data/scores/DTT/2025.json
DTT,N7810101H,Du lịch (Chuyên ngành Hướng dẫn du lịch) - Chương trình học tại Phân hiệu Khánh Hòa,,2025,https://github.com/kbaoooo/vn_schools_scores_data/blob/main/craw-data/scores/DTT/2025.json
DTT,N7810301,Quản lý thể dục thể thao (Chuyên ngành Kinh doanh thể thao và tổ chức sự kiện) - Chương trình học tại Phân hiệu Khánh Hòa,,2025,https://github.com/kbaoooo/vn_schools_scores_data/blob/main/craw-data/scores/DTT/2025.json
DTT,N7850201,Bảo hộ lao động - Chương trình học tại Phân hiệu Khánh Hòa,,2025,https://github.com/kbaoooo/vn_schools_scores_data/blob/main/craw-data/scores/DTT/2025.json
DTV,7220201,Ngôn ngữ Anh,7220201,2025,https://github.com/kbaoooo/vn_schools_scores_data/blob/main/craw-data/scores/DTV/2025.json
DTV,7340101,Quản trị kinh doanh,7340101,2025,https://github.com/kbaoooo/vn_schools_scores_data/blob/main/craw-data/scores/DTV/2025.json
DTV,7340201,Tài chính - Ngân hàng,7340201,2025,https://github.com/kbaoooo/vn_schools_scores_data/blob/main/craw-data/scores/DTV/2025.json
DTV,7340301,Kế toán,7340301,2025,https://github.com/kbaoooo/vn_schools_scores_data/blob/main/craw-data/scores/DTV/2025.json
DTV,7480201,Công nghệ thông tin,7480201,2025,https://github.com/kbaoooo/vn_schools_scores_data/blob/main/craw-data/scores/DTV/2025.json
DTV,7510301,Công nghệ kỹ thuật điện; điện tử,7510301,2025,https://github.com/kbaoooo/vn_schools_scores_data/blob/main/craw-data/scores/DTV/2025.json
DTV,7580201,Kỹ thuật xây dựng,7580201,2025,https://github.com/kbaoooo/vn_schools_scores_data/blob/main/craw-data/scores/DTV/2025.json
DTV,7580205,Kỹ thuật xây dựng công trình giao thông,7580205,2025,https://github.com/kbaoooo/vn_schools_scores_data/blob/main/craw-data/scores/DTV/2025.json
DTV,7640101,Thú y,7640101,2025,https://github.com/kbaoooo/vn_schools_scores_data/blob/main/craw-data/scores/DTV/2025.json
DTV,7720115,Y học cổ truyền,7720115,2025,https://github.com/kbaoooo/vn_schools_scores_data/blob/main/craw-data/scores/DTV/2025.json
DTV,7720603,Kỹ thuật phục hồi chức năng,7720603,2025,https://github.com/kbaoooo/vn_schools_scores_data/blob/main/craw-data/scores/DTV/2025.json
DTY,7720101,Y khoa,7720101,2025,https://github.com/kbaoooo/vn_schools_scores_data/blob/main/craw-data/scores/DTY/2025.json
DTY,7720110,Y học dự phòng,7720110,2025,https://github.com/kbaoooo/vn_schools_scores_data/blob/main/craw-data/scores/DTY/2025.json
DTY,7720201,Dược học,7720201,2025,https://github.com/kbaoooo/vn_schools_scores_data/blob/main/craw-data/scores/DTY/2025.json
DTY,7720301,Điều dưỡng,7720301,2025,https://github.com/kbaoooo/vn_schools_scores_data/blob/main/craw-data/scores/DTY/2025.json
DTY,7720302,Hộ sinh,7720302,2025,https://github.com/kbaoooo/vn_schools_scores_data/blob/main/craw-data/scores/DTY/2025.json
DTY,7720501,Răng - Hàm - Mặt,7720501,2025,https://github.com/kbaoooo/vn_schools_scores_data/blob/main/craw-data/scores/DTY/2025.json
DTY,7720601,Kỹ thuật xét nghiệm y học,7720601,2025,https://github.com/kbaoooo/vn_schools_scores_data/blob/main/craw-data/scores/DTY/2025.json
DTY,7720602,Kỹ thuật hình ảnh y học,7720602,2025,https://github.com/kbaoooo/vn_schools_scores_data/blob/main/craw-data/scores/DTY/2025.json
DTY,7720603,Kỹ thuật phục hồi chức năng,7720603,2025,https://github.com/kbaoooo/vn_schools_scores_data/blob/main/craw-data/scores/DTY/2025.json
DTZ,7220112,Ngôn ngữ và văn hóa các dân tộc thiểu số Việt Nam,7220112,2025,https://github.com/kbaoooo/vn_schools_scores_data/blob/main/craw-data/scores/DTZ/2025.json
DTZ,7220201,Ngôn ngữ Anh (Tiếng Anh ứng dụng),7220201,2025,https://github.com/kbaoooo/vn_schools_scores_data/blob/main/craw-data/scores/DTZ/2025.json
DTZ,7220201_AH,Song ngữ Anh - Hàn,7220201,2025,https://github.com/kbaoooo/vn_schools_scores_data/blob/main/craw-data/scores/DTZ/2025.json
DTZ,7220201_AT,Song ngữ Anh - Trung,7220201,2025,https://github.com/kbaoooo/vn_schools_scores_data/blob/main/craw-data/scores/DTZ/2025.json
DTZ,7220201_GV,CTĐT định hướng giáo viên Tiếng Anh,7220201,2025,https://github.com/kbaoooo/vn_schools_scores_data/blob/main/craw-data/scores/DTZ/2025.json
DTZ,7229010,Lịch sử- Địa lý và Kinh tế Pháp luật,7229010,2025,https://github.com/kbaoooo/vn_schools_scores_data/blob/main/craw-data/scores/DTZ/2025.json
DTZ,7229030,Văn học (CTĐT Giáo viên),7229030,2025,https://github.com/kbaoooo/vn_schools_scores_data/blob/main/craw-data/scores/DTZ/2025.json
DTZ,7310612,Trung Quốc học,7310612,2025,https://github.com/kbaoooo/vn_schools_scores_data/blob/main/craw-data/scores/DTZ/2025.json
DTZ,7310614,Hàn Quốc học,7310614,2025,https://github.com/kbaoooo/vn_schools_scores_data/blob/main/craw-data/scores/DTZ/2025.json
DTZ,7310630,Việt Nam học,7310630,2025,https://github.com/kbaoooo/vn_schools_scores_data/blob/main/craw-data/scores/DTZ/2025.json
DTZ,7320101,Quản trị truyền thông,7320101,2025,https://github.com/kbaoooo/vn_schools_scores_data/blob/main/craw-data/scores/DTZ/2025.json
DTZ,7320201,Thư viện - Thiết bị trường học và Văn thư,7320201,2025,https://github.com/kbaoooo/vn_schools_scores_data/blob/main/craw-data/scores/DTZ/2025.json
DTZ,7340401,Khoa học quản lý (Quản lý nhân lực),7340401,2025,https://github.com/kbaoooo/vn_schools_scores_data/blob/main/craw-data/scores/DTZ/2025.json
DTZ,7340401_QLKT,Quản lý kinh tế,7340401,2025,https://github.com/kbaoooo/vn_schools_scores_data/blob/main/craw-data/scores/DTZ/2025.json
DTZ,7380101,Luật,7380101,2025,https://github.com/kbaoooo/vn_schools_scores_data/blob/main/craw-data/scores/DTZ/2025.json
DTZ,7380101_LKT,Luật kinh tế,7380101,2025,https://github.com/kbaoooo/vn_schools_scores_data/blob/main/craw-data/scores/DTZ/2025.json
DTZ,7420201,Công nghệ sinh học,7420201,2025,https://github.com/kbaoooo/vn_schools_scores_data/blob/main/craw-data/scores/DTZ/2025.json
DTZ,7440102,Vật lý (CTĐT Giáo viên),7440102,2025,https://github.com/kbaoooo/vn_schools_scores_data/blob/main/craw-data/scores/DTZ/2025.json
DTZ,7440102_TD,Công nghệ bán dẫn,7440102,2025,https://github.com/kbaoooo/vn_schools_scores_data/blob/main/craw-data/scores/DTZ/2025.json
DTZ,7440112_KHTN,Khoa học Tự nhiên tích hợp STEM,7440112,2025,https://github.com/kbaoooo/vn_schools_scores_data/blob/main/craw-data/scores/DTZ/2025.json
DTZ,7460101_TA,CTĐT Toán học định hướng giảng dạy bằng tiếng Anh,7460101,2025,https://github.com/kbaoooo/vn_schools_scores_data/blob/main/craw-data/scores/DTZ/2025.json
DTZ,7460101_TV,CTĐT Toán học định hướng giảng dạy bằng tiếng Việt,7460101,2025,https://github.com/kbaoooo/vn_schools_scores_data/blob/main/craw-data/scores/DTZ/2025.json
DTZ,7460117,Toán tin (CTĐT Giáo viên),7460117,2025,https://github.com/kbaoooo/vn_schools_scores_data/blob/main/craw-data/scores/DTZ/2025.json
DTZ,7510401,Công nghệ kỹ thuật hóa học,7510401,2025,https://github.com/kbaoooo/vn_schools_scores_data/blob/main/craw-data/scores/DTZ/2025.json
DTZ,7720203,Hóa dược,7720203,2025,https://github.com/kbaoooo/vn_schools_scores_data/blob/main/craw-data/scores/DTZ/2025.json
DTZ,7720203_TD,Chăm sóc sắc đẹp từ Dược liệu,7720203,2025,https://github.com/kbaoooo/vn_schools_scores_data/blob/main/craw-data/scores/DTZ/2025.json
DTZ,7760101,Công tác xã hội,7760101,2025,https://github.com/kbaoooo/vn_schools_scores_data/blob/main/craw-data/scores/DTZ/2025.json
DTZ,7810101,Du lịch,7810101,2025,https://github.com/kbaoooo/vn_schools_scores_data/blob/main/craw-data/scores/DTZ/2025.json
DTZ,7810103,Quản trị dịch vụ du lịch và lữ hành,7810103,2025,https://github.com/kbaoooo/vn_schools_scores_data/blob/main/craw-data/scores/DTZ/2025.json
DTZ,7810301,Quản lý thể dục thể thao,7810301,2025,https://github.com/kbaoooo/vn_schools_scores_data/blob/main/craw-data/scores/DTZ/2025.json
DTZ,7850101,Quản lý tài nguyên và môi trường,7850101,2025,https://github.com/kbaoooo/vn_schools_scores_data/blob/main/craw-data/scores/DTZ/2025.json
DVB,7220201,Ngôn ngữ Anh,7220201,2025,https://github.com/kbaoooo/vn_schools_scores_data/blob/main/craw-data/scores/DVB/2025.json
DVB,7220210,Ngôn ngữ Hàn Quốc,7220210,2025,https://github.com/kbaoooo/vn_schools_scores_data/blob/main/craw-data/scores/DVB/2025.json
DVB,7340101,Quản trị kinh doanh,7340101,2025,https://github.com/kbaoooo/vn_schools_scores_data/blob/main/craw-data/scores/DVB/2025.json
DVB,7340115,Marketing,7340115,2025,https://github.com/kbaoooo/vn_schools_scores_data/blob/main/craw-data/scores/DVB/2025.json
DVB,7340301,Kế toán,7340301,2025,https://github.com/kbaoooo/vn_schools_scores_data/blob/main/craw-data/scores/DVB/2025.json
DVB,7380101,Luật,7380101,2025,https://github.com/kbaoooo/vn_schools_scores_data/blob/main/craw-data/scores/DVB/2025.json
DVB,7480102,Mạng máy tính và truyền thông dữ liệu,7480102,2025,https://github.com/kbaoooo/vn_schools_scores_data/blob/main/craw-data/scores/DVB/2025.json
DVB,7480201,Công nghệ thông tin,7480201,2025,https://github.com/kbaoooo/vn_schools_scores_data/blob/main/craw-data/scores/DVB/2025.json
DVB,7510303,Công nghệ kỹ thuật điều khiển và tự động hóa,7510303,2025,https://github.com/kbaoooo/vn_schools_scores_data/blob/main/craw-data/scores/DVB/2025.json
DVB,7520103,Kỹ thuật cơ khí,7520103,2025,https://github.com/kbaoooo/vn_schools_scores_data/blob/main/craw-data/scores/DVB/2025.json
DVB,7520114,Kỹ thuật Cơ điện tử,7520114,2025,https://github.com/kbaoooo/vn_schools_scores_data/blob/main/craw-data/scores/DVB/2025.json
DVB,7520201,Kỹ thuật điện,7520201,2025,https://github.com/kbaoooo/vn_schools_scores_data/blob/main/craw-data/scores/DVB/2025.json
DVD,7140201,Giáo dục Mầm non,7140201,2025,https://github.com/kbaoooo/vn_schools_scores_data/blob/main/craw-data/scores/DVD/2025.json
DVD,7140202,Giáo dục Tiểu học,7140202,2025,https://github.com/kbaoooo/vn_schools_scores_data/blob/main/craw-data/scores/DVD/2025.json
DVD,7140206,Giáo dục Thể chất,7140206,2025,https://github.com/kbaoooo/vn_schools_scores_data/blob/main/craw-data/scores/DVD/2025.json
DVD,7140210,Sư phạm Tin học,7140210,2025,https://github.com/kbaoooo/vn_schools_scores_data/blob/main/craw-data/scores/DVD/2025.json
DVD,7140221,Sư phạm Âm nhạc,7140221,2025,https://github.com/kbaoooo/vn_schools_scores_data/blob/main/craw-data/scores/DVD/2025.json
DVD,7140222,Sư phạm Mỹ thuật,7140222,2025,https://github.com/kbaoooo/vn_schools_scores_data/blob/main/craw-data/scores/DVD/2025.json
DVD,7210104,Đồ họa,7210104,2025,https://github.com/kbaoooo/vn_schools_scores_data/blob/main/craw-data/scores/DVD/2025.json
DVD,7210205,Thanh nhạc,7210205,2025,https://github.com/kbaoooo/vn_schools_scores_data/blob/main/craw-data/scores/DVD/2025.json
DVD,7210404,Thiết kế thời trang,7210404,2025,https://github.com/kbaoooo/vn_schools_scores_data/blob/main/craw-data/scores/DVD/2025.json
DVD,7220201,Ngôn ngữ Anh,7220201,2025,https://github.com/kbaoooo/vn_schools_scores_data/blob/main/craw-data/scores/DVD/2025.json
DVD,7229042,Quản lý văn hóa,7229042,2025,https://github.com/kbaoooo/vn_schools_scores_data/blob/main/craw-data/scores/DVD/2025.json
DVD,7310205,Quản lý nhà nước,7310205,2025,https://github.com/kbaoooo/vn_schools_scores_data/blob/main/craw-data/scores/DVD/2025.json
DVD,7320106,Công nghệ truyền thông,7320106,2025,https://github.com/kbaoooo/vn_schools_scores_data/blob/main/craw-data/scores/DVD/2025.json
DVD,7320201,Thông tin - Thư viện,7320201,2025,https://github.com/kbaoooo/vn_schools_scores_data/blob/main/craw-data/scores/DVD/2025.json
DVD,7320201A,Chuyên ngành: Thư viên - Thiết bị trường học,7320201,2025,https://github.com/kbaoooo/vn_schools_scores_data/blob/main/craw-data/scores/DVD/2025.json
DVD,7320201B,Chuyên ngành: Văn thư - Lưu trữ,7320201,2025,https://github.com/kbaoooo/vn_schools_scores_data/blob/main/craw-data/scores/DVD/2025.json
DVD,7340404,Quản trị nhân lực,7340404,2025,https://github.com/kbaoooo/vn_schools_scores_data/blob/main/craw-data/scores/DVD/2025.json
DVD,7380101,Luật,7380101,2025,https://github.com/kbaoooo/vn_schools_scores_data/blob/main/craw-data/scores/DVD/2025.json
DVD,7760101,Công tác xã hội,7760101,2025,https://github.com/kbaoooo/vn_schools_scores_data/blob/main/craw-data/scores/DVD/2025.json
DVD,7810101,Du lịch,7810101,2025,https://github.com/kbaoooo/vn_schools_scores_data/blob/main/craw-data/scores/DVD/2025.json
DVD,7810103,Quản trị dịch vụ du lịch và lữ hành,7810103,2025,https://github.com/kbaoooo/vn_schools_scores_data/blob/main/craw-data/scores/DVD/2025.json
DVD,7810201,Quản trị khách sạn,7810201,2025,https://github.com/kbaoooo/vn_schools_scores_data/blob/main/craw-data/scores/DVD/2025.json
DVD,7810301,Quản lý thể dục thể thao,7810301,2025,https://github.com/kbaoooo/vn_schools_scores_data/blob/main/craw-data/scores/DVD/2025.json
DVD,7810302,Huấn luyện thể thao,7810302,2025,https://github.com/kbaoooo/vn_schools_scores_data/blob/main/craw-data/scores/DVD/2025.json
DVH,7210205,Thanh nhạc,7210205,2025,https://github.com/kbaoooo/vn_schools_scores_data/blob/main/craw-data/scores/DVH/2025.json
DVH,7210208,Piano,7210208,2025,https://github.com/kbaoooo/vn_schools_scores_data/blob/main/craw-data/scores/DVH/2025.json
DVH,7210235,"Đạo diễn điện ảnh, truyền hình",7210235,2025,https://github.com/kbaoooo/vn_schools_scores_data/blob/main/craw-data/scores/DVH/2025.json
DVH,7210302,"Công nghệ điện ảnh, truyền hình",7210302,2025,https://github.com/kbaoooo/vn_schools_scores_data/blob/main/craw-data/scores/DVH/2025.json
DVH,7220201,Ngôn ngữ Anh,7220201,2025,https://github.com/kbaoooo/vn_schools_scores_data/blob/main/craw-data/scores/DVH/2025.json
DVH,7220203,Ngôn ngữ Pháp,7220203,2025,https://github.com/kbaoooo/vn_schools_scores_data/blob/main/craw-data/scores/DVH/2025.json
DVH,7220204,Ngôn ngữ Trung Quốc Liên kết quốc tế,7220204,2025,https://github.com/kbaoooo/vn_schools_scores_data/blob/main/craw-data/scores/DVH/2025.json
DVH,7220209,Ngôn ngữ Nhật,7220209,2025,https://github.com/kbaoooo/vn_schools_scores_data/blob/main/craw-data/scores/DVH/2025.json
DVH,7229030,Văn học,7229030,2025,https://github.com/kbaoooo/vn_schools_scores_data/blob/main/craw-data/scores/DVH/2025.json
DVH,7310101,Kinh tế,7310101,2025,https://github.com/kbaoooo/vn_schools_scores_data/blob/main/craw-data/scores/DVH/2025.json
DVH,7310206,Quan hệ quốc tế,7310206,2025,https://github.com/kbaoooo/vn_schools_scores_data/blob/main/craw-data/scores/DVH/2025.json
DVH,7310301,Xã hội học,7310301,2025,https://github.com/kbaoooo/vn_schools_scores_data/blob/main/craw-data/scores/DVH/2025.json
DVH,7310401,Tâm lý học,7310401,2025,https://github.com/kbaoooo/vn_schools_scores_data/blob/main/craw-data/scores/DVH/2025.json
DVH,7310608,Đông phương học,7310608,2025,https://github.com/kbaoooo/vn_schools_scores_data/blob/main/craw-data/scores/DVH/2025.json
DVH,7310630,Việt Nam học,7310630,2025,https://github.com/kbaoooo/vn_schools_scores_data/blob/main/craw-data/scores/DVH/2025.json
DVH,7320104,Truyền thông đa phương tiện,7320104,2025,https://github.com/kbaoooo/vn_schools_scores_data/blob/main/craw-data/scores/DVH/2025.json
DVH,7320108,Quan hệ công chúng,7320108,2025,https://github.com/kbaoooo/vn_schools_scores_data/blob/main/craw-data/scores/DVH/2025.json
DVH,7340101,Quản trị kinh doanh,7340101,2025,https://github.com/kbaoooo/vn_schools_scores_data/blob/main/craw-data/scores/DVH/2025.json
DVH,7340115,Marketing,7340115,2025,https://github.com/kbaoooo/vn_schools_scores_data/blob/main/craw-data/scores/DVH/2025.json
DVH,7340121,Kinh doanh thương mại,7340121,2025,https://github.com/kbaoooo/vn_schools_scores_data/blob/main/craw-data/scores/DVH/2025.json
DVH,7340122,Thương mại điện tử,7340122,2025,https://github.com/kbaoooo/vn_schools_scores_data/blob/main/craw-data/scores/DVH/2025.json
DVH,7340201,Tài chính - Ngân hàng,7340201,2025,https://github.com/kbaoooo/vn_schools_scores_data/blob/main/craw-data/scores/DVH/2025.json
DVH,7340205,Công nghệ tài chính,7340205,2025,https://github.com/kbaoooo/vn_schools_scores_data/blob/main/craw-data/scores/DVH/2025.json
DVH,7340301,Kế toán,7340301,2025,https://github.com/kbaoooo/vn_schools_scores_data/blob/main/craw-data/scores/DVH/2025.json
DVH,7340302,Kiểm toán,7340302,2025,https://github.com/kbaoooo/vn_schools_scores_data/blob/main/craw-data/scores/DVH/2025.json
DVH,7340404,Quản trị nhân lực,7340404,2025,https://github.com/kbaoooo/vn_schools_scores_data/blob/main/craw-data/scores/DVH/2025.json
DVH,7380101,Luật,7380101,2025,https://github.com/kbaoooo/vn_schools_scores_data/blob/main/craw-data/scores/DVH/2025.json
DVH,7380107,Luật Kinh tế,7380107,2025,https://github.com/kbaoooo/vn_schools_scores_data/blob/main/craw-data/scores/DVH/2025.json
DVH,7420201,Công nghệ sinh học,7420201,2025,https://github.com/kbaoooo/vn_schools_scores_data/blob/main/craw-data/scores/DVH/2025.json
DVH,7480101,Khoa học máy tính,7480101,2025,https://github.com/kbaoooo/vn_schools_scores_data/blob/main/craw-data/scores/DVH/2025.json
DVH,7480102,Mạng máy tính và Truyền thông,7480102,2025,https://github.com/kbaoooo/vn_schools_scores_data/blob/main/craw-data/scores/DVH/2025.json
DVH,7480201,Công nghệ thông tin,7480201,2025,https://github.com/kbaoooo/vn_schools_scores_data/blob/main/craw-data/scores/DVH/2025.json
DVH,7510605,Logistics và Quản lý chuỗi cung ứng,7510605,2025,https://github.com/kbaoooo/vn_schools_scores_data/blob/main/craw-data/scores/DVH/2025.json
DVH,7520207,Kỹ thuật Điện tử - Viễn thông,7520207,2025,https://github.com/kbaoooo/vn_schools_scores_data/blob/main/craw-data/scores/DVH/2025.json
DVH,7520320,Kỹ thuật môi trường,7520320,2025,https://github.com/kbaoooo/vn_schools_scores_data/blob/main/craw-data/scores/DVH/2025.json
DVH,7540101,Công nghệ thực phẩm,7540101,2025,https://github.com/kbaoooo/vn_schools_scores_data/blob/main/craw-data/scores/DVH/2025.json
DVH,7580201,Kỹ thuật xây dựng,7580201,2025,https://github.com/kbaoooo/vn_schools_scores_data/blob/main/craw-data/scores/DVH/2025.json
DVH,7720301,Điều dưỡng,7720301,2025,https://github.com/kbaoooo/vn_schools_scores_data/blob/main/craw-data/scores/DVH/2025.json
DVH,7810101,Du lịch,7810101,2025,https://github.com/kbaoooo/vn_schools_scores_data/blob/main/craw-data/scores/DVH/2025.json
DVH,7810103,Quản trị dịch vụ du lịch và lữ hành,7810103,2025,https://github.com/kbaoooo/vn_schools_scores_data/blob/main/craw-data/scores/DVH/2025.json
DVH,7810201,Quản trị khách sạn,7810201,2025,https://github.com/kbaoooo/vn_schools_scores_data/blob/main/craw-data/scores/DVH/2025.json
DVH,7810202,Quản trị nhà hàng và dịch vụ ăn uống,7810202,2025,https://github.com/kbaoooo/vn_schools_scores_data/blob/main/craw-data/scores/DVH/2025.json
DVL,7210205,Thanh nhạc,7210205,2025,https://github.com/kbaoooo/vn_schools_scores_data/blob/main/craw-data/scores/DVL/2025.json
DVL,7210208,Piano,7210208,2025,https://github.com/kbaoooo/vn_schools_scores_data/blob/main/craw-data/scores/DVL/2025.json
DVL,7210234,"Diễn viên kịch, điện ảnh - truyền hình",7210234,2025,https://github.com/kbaoooo/vn_schools_scores_data/blob/main/craw-data/scores/DVL/2025.json
DVL,7210235,"Đạo diễn điện ảnh, truyền hình",7210235,2025,https://github.com/kbaoooo/vn_schools_scores_data/blob/main/craw-data/scores/DVL/2025.json
DVL,7210302,"Công nghệ điện ảnh, truyền hình",7210302,2025,https://github.com/kbaoooo/vn_schools_scores_data/blob/main/craw-data/scores/DVL/2025.json
DVL,7210402,Thiết kế công nghiệp,7210402,2025,https://github.com/kbaoooo/vn_schools_scores_data/blob/main/craw-data/scores/DVL/2025.json
DVL,7210403,Thiết kế đồ họa,7210403,2025,https://github.com/kbaoooo/vn_schools_scores_data/blob/main/craw-data/scores/DVL/2025.json
DVL,7210404,Thiết kế thời trang,7210404,2025,https://github.com/kbaoooo/vn_schools_scores_data/blob/main/craw-data/scores/DVL/2025.json
DVL,7210409,Thiết kế Mỹ thuật số,7210409,2025,https://github.com/kbaoooo/vn_schools_scores_data/blob/main/craw-data/scores/DVL/2025.json
DVL,7220201,Ngôn ngữ Anh,7220201,2025,https://github.com/kbaoooo/vn_schools_scores_data/blob/main/craw-data/scores/DVL/2025.json
DVL,7220204,Ngôn ngữ Trung Quốc,7220204,2025,https://github.com/kbaoooo/vn_schools_scores_data/blob/main/craw-data/scores/DVL/2025.json
DVL,7220210,Ngôn ngữ Hàn Quốc,7220210,2025,https://github.com/kbaoooo/vn_schools_scores_data/blob/main/craw-data/scores/DVL/2025.json
DVL,7229030,Văn học,7229030,2025,https://github.com/kbaoooo/vn_schools_scores_data/blob/main/craw-data/scores/DVL/2025.json
DVL,7310106,Kinh tế quốc tế,7310106,2025,https://github.com/kbaoooo/vn_schools_scores_data/blob/main/craw-data/scores/DVL/2025.json
DVL,7310401,Tâm lý học,7310401,2025,https://github.com/kbaoooo/vn_schools_scores_data/blob/main/craw-data/scores/DVL/2025.json
DVL,7310608,Đông phương học,7310608,2025,https://github.com/kbaoooo/vn_schools_scores_data/blob/main/craw-data/scores/DVL/2025.json
DVL,7320104,Truyền thông đa phương tiện,7320104,2025,https://github.com/kbaoooo/vn_schools_scores_data/blob/main/craw-data/scores/DVL/2025.json
DVL,7320106,Công nghệ truyền thông,7320106,2025,https://github.com/kbaoooo/vn_schools_scores_data/blob/main/craw-data/scores/DVL/2025.json
DVL,7320108,Quan hệ công chúng,7320108,2025,https://github.com/kbaoooo/vn_schools_scores_data/blob/main/craw-data/scores/DVL/2025.json
DVL,7340101,Quản trị kinh doanh,7340101,2025,https://github.com/kbaoooo/vn_schools_scores_data/blob/main/craw-data/scores/DVL/2025.json
DVL,7340115,Marketing,7340115,2025,https://github.com/kbaoooo/vn_schools_scores_data/blob/main/craw-data/scores/DVL/2025.json
DVL,7340116,Bất động sản,7340116,2025,https://github.com/kbaoooo/vn_schools_scores_data/blob/main/craw-data/scores/DVL/2025.json
DVL,7340120,Kinh doanh quốc tế,7340120,2025,https://github.com/kbaoooo/vn_schools_scores_data/blob/main/craw-data/scores/DVL/2025.json
DVL,7340121,Kinh doanh thương mại,7340121,2025,https://github.com/kbaoooo/vn_schools_scores_data/blob/main/craw-data/scores/DVL/2025.json
DVL,7340122,Thương mại điện tử,7340122,2025,https://github.com/kbaoooo/vn_schools_scores_data/blob/main/craw-data/scores/DVL/2025.json
DVL,7340201,Tài chính - Ngân hàng,7340201,2025,https://github.com/kbaoooo/vn_schools_scores_data/blob/main/craw-data/scores/DVL/2025.json
DVL,7340205,Công nghệ tài chính,7340205,2025,https://github.com/kbaoooo/vn_schools_scores_data/blob/main/craw-data/scores/DVL/2025.json
DVL,7340301,Kế toán,7340301,2025,https://github.com/kbaoooo/vn_schools_scores_data/blob/main/craw-data/scores/DVL/2025.json
DVL,7380101,Luật,7380101,2025,https://github.com/kbaoooo/vn_schools_scores_data/blob/main/craw-data/scores/DVL/2025.json
DVL,7380107,Luật kinh tế,7380107,2025,https://github.com/kbaoooo/vn_schools_scores_data/blob/main/craw-data/scores/DVL/2025.json
DVL,7420201,Công nghệ sinh học,7420201,2025,https://github.com/kbaoooo/vn_schools_scores_data/blob/main/craw-data/scores/DVL/2025.json
DVL,7420205,Công nghệ sinh học y dược,7420205,2025,https://github.com/kbaoooo/vn_schools_scores_data/blob/main/craw-data/scores/DVL/2025.json
DVL,7420207,Công nghệ thẩm mỹ,7420207,2025,https://github.com/kbaoooo/vn_schools_scores_data/blob/main/craw-data/scores/DVL/2025.json
DVL,7460108,Khoa học dữ liệu,7460108,2025,https://github.com/kbaoooo/vn_schools_scores_data/blob/main/craw-data/scores/DVL/2025.json
DVL,7480102,Mạng máy tính và truyền thông dữ liệu,7480102,2025,https://github.com/kbaoooo/vn_schools_scores_data/blob/main/craw-data/scores/DVL/2025.json
DVL,7480103,Kỹ thuật phần mềm,7480103,2025,https://github.com/kbaoooo/vn_schools_scores_data/blob/main/craw-data/scores/DVL/2025.json
DVL,7480104,Hệ thống thông tin,7480104,2025,https://github.com/kbaoooo/vn_schools_scores_data/blob/main/craw-data/scores/DVL/2025.json
DVL,7480201,Công nghệ thông tin,7480201,2025,https://github.com/kbaoooo/vn_schools_scores_data/blob/main/craw-data/scores/DVL/2025.json
DVL,7510205,Công nghệ kỹ thuật ô tô,7510205,2025,https://github.com/kbaoooo/vn_schools_scores_data/blob/main/craw-data/scores/DVL/2025.json
DVL,7510301,"Công nghệ kỹ thuật điện, điện tử",7510301,2025,https://github.com/kbaoooo/vn_schools_scores_data/blob/main/craw-data/scores/DVL/2025.json
DVL,7510406,Công nghệ kỹ thuật môi trường,7510406,2025,https://github.com/kbaoooo/vn_schools_scores_data/blob/main/craw-data/scores/DVL/2025.json
DVL,7510605,Logistics và quản lý chuỗi cung ứng,7510605,2025,https://github.com/kbaoooo/vn_schools_scores_data/blob/main/craw-data/scores/DVL/2025.json
DVL,7520114,Kỹ thuật cơ điện tử,7520114,2025,https://github.com/kbaoooo/vn_schools_scores_data/blob/main/craw-data/scores/DVL/2025.json
DVL,7520115,Kỹ thuật nhiệt,7520115,2025,https://github.com/kbaoooo/vn_schools_scores_data/blob/main/craw-data/scores/DVL/2025.json
DVL,7520120,Kỹ thuật hàng không,7520120,2025,https://github.com/kbaoooo/vn_schools_scores_data/blob/main/craw-data/scores/DVL/2025.json
DVL,7540101,Công nghệ thực phẩm,7540101,2025,https://github.com/kbaoooo/vn_schools_scores_data/blob/main/craw-data/scores/DVL/2025.json
DVL,7580101,Kiến trúc,7580101,2025,https://github.com/kbaoooo/vn_schools_scores_data/blob/main/craw-data/scores/DVL/2025.json
DVL,7580108,Thiết kế nội thất,7580108,2025,https://github.com/kbaoooo/vn_schools_scores_data/blob/main/craw-data/scores/DVL/2025.json
DVL,7580201,Kỹ thuật xây dựng,7580201,2025,https://github.com/kbaoooo/vn_schools_scores_data/blob/main/craw-data/scores/DVL/2025.json
DVL,7580302,Quản lý xây dựng,7580302,2025,https://github.com/kbaoooo/vn_schools_scores_data/blob/main/craw-data/scores/DVL/2025.json
DVL,7720101,Y khoa,7720101,2025,https://github.com/kbaoooo/vn_schools_scores_data/blob/main/craw-data/scores/DVL/2025.json
DVL,7720201,Dược học,7720201,2025,https://github.com/kbaoooo/vn_schools_scores_data/blob/main/craw-data/scores/DVL/2025.json
DVL,7720301,Điều dưỡng,7720301,2025,https://github.com/kbaoooo/vn_schools_scores_data/blob/main/craw-data/scores/DVL/2025.json
DVL,7720501,Răng - Hàm - Mặt,7720501,2025,https://github.com/kbaoooo/vn_schools_scores_data/blob/main/craw-data/scores/DVL/2025.json
DVL,7720601,Kỹ thuật xét nghiệm y học,7720601,2025,https://github.com/kbaoooo/vn_schools_scores_data/blob/main/craw-data/scores/DVL/2025.json
DVL,7810101,Du lịch,7810101,2025,https://github.com/kbaoooo/vn_schools_scores_data/blob/main/craw-data/scores/DVL/2025.json
DVL,7810103,Quản trị dịch vụ du lịch và lữ hành,7810103,2025,https://github.com/kbaoooo/vn_schools_scores_data/blob/main/craw-data/scores/DVL/2025.json
DVL,7810201,Quản trị khách sạn,7810201,2025,https://github.com/kbaoooo/vn_schools_scores_data/blob/main/craw-data/scores/DVL/2025.json
DVL,7810202,Quản trị nhà hàng và Dịch vụ ăn uống,7810202,2025,https://github.com/kbaoooo/vn_schools_scores_data/blob/main/craw-data/scores/DVL/2025.json
DVP,7220201,Ngôn ngữ Anh,7220201,2025,https://github.com/kbaoooo/vn_schools_scores_data/blob/main/craw-data/scores/DVP/2025.json
DVP,7220204,Ngôn ngữ Trung Quốc,7220204,2025,https://github.com/kbaoooo/vn_schools_scores_data/blob/main/craw-data/scores/DVP/2025.json
DVP,7220210,Ngôn ngữ Hàn Quốc,7220210,2025,https://github.com/kbaoooo/vn_schools_scores_data/blob/main/craw-data/scores/DVP/2025.json
DVP,7310106,Kinh tế quốc tế,7310106,2025,https://github.com/kbaoooo/vn_schools_scores_data/blob/main/craw-data/scores/DVP/2025.json
DVP,7320104,Truyền thông đa phương tiện,7320104,2025,https://github.com/kbaoooo/vn_schools_scores_data/blob/main/craw-data/scores/DVP/2025.json
DVP,7340101,Quản trị kinh doanh,7340101,2025,https://github.com/kbaoooo/vn_schools_scores_data/blob/main/craw-data/scores/DVP/2025.json
DVP,7340122,Thương mại điện tử,7340122,2025,https://github.com/kbaoooo/vn_schools_scores_data/blob/main/craw-data/scores/DVP/2025.json
DVP,7340201,Tài chính - Ngân hàng,7340201,2025,https://github.com/kbaoooo/vn_schools_scores_data/blob/main/craw-data/scores/DVP/2025.json
DVP,7340301,Kế toán,7340301,2025,https://github.com/kbaoooo/vn_schools_scores_data/blob/main/craw-data/scores/DVP/2025.json
DVP,7380107,Luật kinh tế,7380107,2025,https://github.com/kbaoooo/vn_schools_scores_data/blob/main/craw-data/scores/DVP/2025.json
DVP,7480201,Công nghệ thông tin,7480201,2025,https://github.com/kbaoooo/vn_schools_scores_data/blob/main/craw-data/scores/DVP/2025.json
DVP,7510205,Công nghệ kỹ thuật ô tô,7510205,2025,https://github.com/kbaoooo/vn_schools_scores_data/blob/main/craw-data/scores/DVP/2025.json
DVP,7510605,Logistics và quản lý chuỗi cung ứng,7510605,2025,https://github.com/kbaoooo/vn_schools_scores_data/blob/main/craw-data/scores/DVP/2025.json
DVP,7720201,Dược học,7720201,2025,https://github.com/kbaoooo/vn_schools_scores_data/blob/main/craw-data/scores/DVP/2025.json
DVP,7720301,Điều dưỡng,7720301,2025,https://github.com/kbaoooo/vn_schools_scores_data/blob/main/craw-data/scores/DVP/2025.json
DVP,7810103,Quản trị dịch vụ du lịch và lữ hành,7810103,2025,https://github.com/kbaoooo/vn_schools_scores_data/blob/main/craw-data/scores/DVP/2025.json
DVT,7210201,Âm nhạc học,7210201,2025,https://github.com/kbaoooo/vn_schools_scores_data/blob/main/craw-data/scores/DVT/2025.json
DVT,7210210,Biểu diễn nhạc cụ truyền thống,7210210,2025,https://github.com/kbaoooo/vn_schools_scores_data/blob/main/craw-data/scores/DVT/2025.json
DVT,7220106,Ngôn ngữ Khmer,7220106,2025,https://github.com/kbaoooo/vn_schools_scores_data/blob/main/craw-data/scores/DVT/2025.json
DVT,7220201,Ngôn ngữ Anh,7220201,2025,https://github.com/kbaoooo/vn_schools_scores_data/blob/main/craw-data/scores/DVT/2025.json
DVT,7220204,Ngôn ngữ Trung Quốc,7220204,2025,https://github.com/kbaoooo/vn_schools_scores_data/blob/main/craw-data/scores/DVT/2025.json
DVT,7229040,Văn hóa học,7229040,2025,https://github.com/kbaoooo/vn_schools_scores_data/blob/main/craw-data/scores/DVT/2025.json
DVT,7310101,Kinh tế,7310101,2025,https://github.com/kbaoooo/vn_schools_scores_data/blob/main/craw-data/scores/DVT/2025.json
DVT,7310201,Chính trị học,7310201,2025,https://github.com/kbaoooo/vn_schools_scores_data/blob/main/craw-data/scores/DVT/2025.json
DVT,7310205,Quản lý nhà nước,7310205,2025,https://github.com/kbaoooo/vn_schools_scores_data/blob/main/craw-data/scores/DVT/2025.json
DVT,7340101,Quản trị kinh doanh,7340101,2025,https://github.com/kbaoooo/vn_schools_scores_data/blob/main/craw-data/scores/DVT/2025.json
DVT,7340122,Thương mại điện tử,7340122,2025,https://github.com/kbaoooo/vn_schools_scores_data/blob/main/craw-data/scores/DVT/2025.json
DVT,7340201,Tài chính - Ngân hàng,7340201,2025,https://github.com/kbaoooo/vn_schools_scores_data/blob/main/craw-data/scores/DVT/2025.json
DVT,7340301,Kế toán,7340301,2025,https://github.com/kbaoooo/vn_schools_scores_data/blob/main/craw-data/scores/DVT/2025.json
DVT,7340406,Quản trị văn phòng,7340406,2025,https://github.com/kbaoooo/vn_schools_scores_data/blob/main/craw-data/scores/DVT/2025.json
DVT,7380101,Luật,7380101,2025,https://github.com/kbaoooo/vn_schools_scores_data/blob/main/craw-data/scores/DVT/2025.json
DVT,7420201,Công nghệ sinh học,7420201,2025,https://github.com/kbaoooo/vn_schools_scores_data/blob/main/craw-data/scores/DVT/2025.json
DVT,7480107,Trí tuệ nhân tạo,7480107,2025,https://github.com/kbaoooo/vn_schools_scores_data/blob/main/craw-data/scores/DVT/2025.json
DVT,7480201,Công nghệ thông tin,7480201,2025,https://github.com/kbaoooo/vn_schools_scores_data/blob/main/craw-data/scores/DVT/2025.json
DVT,7510102,Công nghệ kỹ thuật công trình xây dựng,7510102,2025,https://github.com/kbaoooo/vn_schools_scores_data/blob/main/craw-data/scores/DVT/2025.json
DVT,7510201,Công nghệ kỹ thuật cơ khí,7510201,2025,https://github.com/kbaoooo/vn_schools_scores_data/blob/main/craw-data/scores/DVT/2025.json
DVT,7510203,Công nghệ kỹ thuật cơ điện tử,7510203,2025,https://github.com/kbaoooo/vn_schools_scores_data/blob/main/craw-data/scores/DVT/2025.json
DVT,7510205,Công nghệ kỹ thuật ô tô,7510205,2025,https://github.com/kbaoooo/vn_schools_scores_data/blob/main/craw-data/scores/DVT/2025.json
DVT,7510301,"Công nghệ kỹ thuật điện, điện tử",7510301,2025,https://github.com/kbaoooo/vn_schools_scores_data/blob/main/craw-data/scores/DVT/2025.json
DVT,7510303,Công nghệ kỹ thuật điều khiển và tự động hóa,7510303,2025,https://github.com/kbaoooo/vn_schools_scores_data/blob/main/craw-data/scores/DVT/2025.json
DVT,7510401,Công nghệ kỹ thuật hóa học,7510401,2025,https://github.com/kbaoooo/vn_schools_scores_data/blob/main/craw-data/scores/DVT/2025.json
DVT,7510605,Logistics và Quản lý chuỗi cung ứng,7510605,2025,https://github.com/kbaoooo/vn_schools_scores_data/blob/main/craw-data/scores/DVT/2025.json
DVT,7520320,Kỹ thuật môi trường,7520320,2025,https://github.com/kbaoooo/vn_schools_scores_data/blob/main/craw-data/scores/DVT/2025.json
DVT,7540101,Công nghệ thực phẩm,7540101,2025,https://github.com/kbaoooo/vn_schools_scores_data/blob/main/craw-data/scores/DVT/2025.json
DVT,7580205,Kỹ thuật xây dựng công trình giao thông,7580205,2025,https://github.com/kbaoooo/vn_schools_scores_data/blob/main/craw-data/scores/DVT/2025.json
DVT,7620101,Nông nghiệp,7620101,2025,https://github.com/kbaoooo/vn_schools_scores_data/blob/main/craw-data/scores/DVT/2025.json
DVT,7620112,Bảo vệ thực vật,7620112,2025,https://github.com/kbaoooo/vn_schools_scores_data/blob/main/craw-data/scores/DVT/2025.json
DVT,7620301,Nuôi trồng thủy sản,7620301,2025,https://github.com/kbaoooo/vn_schools_scores_data/blob/main/craw-data/scores/DVT/2025.json
DVT,7640101,Thú y,7640101,2025,https://github.com/kbaoooo/vn_schools_scores_data/blob/main/craw-data/scores/DVT/2025.json
DVT,7720101,Y khoa,7720101,2025,https://github.com/kbaoooo/vn_schools_scores_data/blob/main/craw-data/scores/DVT/2025.json
DVT,7720110,Y học dự phòng,7720110,2025,https://github.com/kbaoooo/vn_schools_scores_data/blob/main/craw-data/scores/DVT/2025.json
DVT,7720201,Dược học,7720201,2025,https://github.com/kbaoooo/vn_schools_scores_data/blob/main/craw-data/scores/DVT/2025.json
DVT,7720203,Hóa dược,7720203,2025,https://github.com/kbaoooo/vn_schools_scores_data/blob/main/craw-data/scores/DVT/2025.json
DVT,7720301,Điều dưỡng,7720301,2025,https://github.com/kbaoooo/vn_schools_scores_data/blob/main/craw-data/scores/DVT/2025.json
DVT,7720501,Răng - Hàm - Mặt,7720501,2025,https://github.com/kbaoooo/vn_schools_scores_data/blob/main/craw-data/scores/DVT/2025.json
DVT,7720601,Kỹ thuật xét nghiệm y học,7720601,2025,https://github.com/kbaoooo/vn_schools_scores_data/blob/main/craw-data/scores/DVT/2025.json
DVT,7720602,Kỹ thuật hình ảnh y học,7720602,2025,https://github.com/kbaoooo/vn_schools_scores_data/blob/main/craw-data/scores/DVT/2025.json
DVT,7720603,Kỹ thuật phục hồi chức năng,7720603,2025,https://github.com/kbaoooo/vn_schools_scores_data/blob/main/craw-data/scores/DVT/2025.json
DVT,7720701,Y tế công cộng,7720701,2025,https://github.com/kbaoooo/vn_schools_scores_data/blob/main/craw-data/scores/DVT/2025.json
DVT,7760101,Công tác xã hội,7760101,2025,https://github.com/kbaoooo/vn_schools_scores_data/blob/main/craw-data/scores/DVT/2025.json
DVT,7810103,Quản trị dịch vụ du lịch và lữ hành,7810103,2025,https://github.com/kbaoooo/vn_schools_scores_data/blob/main/craw-data/scores/DVT/2025.json
DVT,7810301,Quản lý thể dục thể thao,7810301,2025,https://github.com/kbaoooo/vn_schools_scores_data/blob/main/craw-data/scores/DVT/2025.json
DVT,7850101,Quản lý tài nguyên và môi trường,7850101,2025,https://github.com/kbaoooo/vn_schools_scores_data/blob/main/craw-data/scores/DVT/2025.json
DYD,7220201,Ngôn ngữ Anh,7220201,2025,https://github.com/kbaoooo/vn_schools_scores_data/blob/main/craw-data/scores/DYD/2025.json
DYD,7310401,Tâm lý học,7310401,2025,https://github.com/kbaoooo/vn_schools_scores_data/blob/main/craw-data/scores/DYD/2025.json
DYD,7310608,Đông phương học,7310608,2025,https://github.com/kbaoooo/vn_schools_scores_data/blob/main/craw-data/scores/DYD/2025.json
DYD,7320108,Quan hệ công chúng,7320108,2025,https://github.com/kbaoooo/vn_schools_scores_data/blob/main/craw-data/scores/DYD/2025.json
DYD,7340101,Quản trị kinh doanh,7340101,2025,https://github.com/kbaoooo/vn_schools_scores_data/blob/main/craw-data/scores/DYD/2025.json
DYD,7380107,Luật kinh tế,7380107,2025,https://github.com/kbaoooo/vn_schools_scores_data/blob/main/craw-data/scores/DYD/2025.json
DYD,7420201,Công nghệ sinh học,7420201,2025,https://github.com/kbaoooo/vn_schools_scores_data/blob/main/craw-data/scores/DYD/2025.json
DYD,7480201,Công nghệ thông tin,7480201,2025,https://github.com/kbaoooo/vn_schools_scores_data/blob/main/craw-data/scores/DYD/2025.json
DYD,7510205,Công nghệ kỹ thuật ô tô,7510205,2025,https://github.com/kbaoooo/vn_schools_scores_data/blob/main/craw-data/scores/DYD/2025.json
DYD,7520114,Kỹ thuật cơ điện tử,7520114,2025,https://github.com/kbaoooo/vn_schools_scores_data/blob/main/craw-data/scores/DYD/2025.json
DYD,7540101,Công nghệ thực phẩm,7540101,2025,https://github.com/kbaoooo/vn_schools_scores_data/blob/main/craw-data/scores/DYD/2025.json
DYD,7580101,Kiến trúc,7580101,2025,https://github.com/kbaoooo/vn_schools_scores_data/blob/main/craw-data/scores/DYD/2025.json
DYD,7580108,Thiết kế nội thất,7580108,2025,https://github.com/kbaoooo/vn_schools_scores_data/blob/main/craw-data/scores/DYD/2025.json
DYD,7720101,Y khoa,7720101,2025,https://github.com/kbaoooo/vn_schools_scores_data/blob/main/craw-data/scores/DYD/2025.json
DYD,7720201,Dược học,7720201,2025,https://github.com/kbaoooo/vn_schools_scores_data/blob/main/craw-data/scores/DYD/2025.json
DYD,7720301,Điều dưỡng,7720301,2025,https://github.com/kbaoooo/vn_schools_scores_data/blob/main/craw-data/scores/DYD/2025.json
DYD,7810103,Quản trị dịch vụ du lịch và lữ hành,7810103,2025,https://github.com/kbaoooo/vn_schools_scores_data/blob/main/craw-data/scores/DYD/2025.json
DYH,7720101_DANSU_1,Y khoa,7720101,2025,https://github.com/kbaoooo/vn_schools_scores_data/blob/main/craw-data/scores/DYH/2025.json
DYH,7720201_DANSU_2,Dược học,7720201,2025,https://github.com/kbaoooo/vn_schools_scores_data/blob/main/craw-data/scores/DYH/2025.json
EIU,7310101,Kinh tế,7310101,2025,https://github.com/kbaoooo/vn_schools_scores_data/blob/main/craw-data/scores/EIU/2025.json
EIU,7340101,Quản trị kinh doanh,7340101,2025,https://github.com/kbaoooo/vn_schools_scores_data/blob/main/craw-data/scores/EIU/2025.json
EIU,7480102,Mạng máy tính và truyền thông dữ liệu,7480102,2025,https://github.com/kbaoooo/vn_schools_scores_data/blob/main/craw-data/scores/EIU/2025.json
EIU,7480103,Kỹ thuật phần mềm,7480103,2025,https://github.com/kbaoooo/vn_schools_scores_data/blob/main/craw-data/scores/EIU/2025.json
EIU,7520103,Kỹ thuật cơ khí,7520103,2025,https://github.com/kbaoooo/vn_schools_scores_data/blob/main/craw-data/scores/EIU/2025.json
EIU,7520114,Kỹ thuật cơ điện tử,7520114,2025,https://github.com/kbaoooo/vn_schools_scores_data/blob/main/craw-data/scores/EIU/2025.json
EIU,7520201,Kỹ thuật điện,7520201,2025,https://github.com/kbaoooo/vn_schools_scores_data/blob/main/craw-data/scores/EIU/2025.json
EIU,7520207,Kỹ thuật điện tử – viễn thông,7520207,2025,https://github.com/kbaoooo/vn_schools_scores_data/blob/main/craw-data/scores/EIU/2025.json
EIU,7520216,Kỹ thuật điều khiển và tự động hóa,7520216,2025,https://github.com/kbaoooo/vn_schools_scores_data/blob/main/craw-data/scores/EIU/2025.json
EIU,7720301,Điều dưỡng,7720301,2025,https://github.com/kbaoooo/vn_schools_scores_data/blob/main/craw-data/scores/EIU/2025.json
ETU,7210403,Thiết kế đồ họa,7210403,2025,https://github.com/kbaoooo/vn_schools_scores_data/blob/main/craw-data/scores/ETU/2025.json
ETU,7210404,Thiết kế thời trang,7210404,2025,https://github.com/kbaoooo/vn_schools_scores_data/blob/main/craw-data/scores/ETU/2025.json
ETU,7220201,Ngôn ngữ Anh,7220201,2025,https://github.com/kbaoooo/vn_schools_scores_data/blob/main/craw-data/scores/ETU/2025.json
ETU,7220204,Ngôn ngữ Trung Quốc,7220204,2025,https://github.com/kbaoooo/vn_schools_scores_data/blob/main/craw-data/scores/ETU/2025.json
ETU,7320104,Truyền thông đa phương tiện,7320104,2025,https://github.com/kbaoooo/vn_schools_scores_data/blob/main/craw-data/scores/ETU/2025.json
ETU,7320108,Quan hệ công chúng,7320108,2025,https://github.com/kbaoooo/vn_schools_scores_data/blob/main/craw-data/scores/ETU/2025.json
ETU,7340101,Quản trị kinh doanh,7340101,2025,https://github.com/kbaoooo/vn_schools_scores_data/blob/main/craw-data/scores/ETU/2025.json
ETU,7340122,Thương mại điện tử,7340122,2025,https://github.com/kbaoooo/vn_schools_scores_data/blob/main/craw-data/scores/ETU/2025.json
ETU,7340201,Tài chính Ngân hàng,7340201,2025,https://github.com/kbaoooo/vn_schools_scores_data/blob/main/craw-data/scores/ETU/2025.json
ETU,7340301,Kế toán,7340301,2025,https://github.com/kbaoooo/vn_schools_scores_data/blob/main/craw-data/scores/ETU/2025.json
ETU,7380107,Luật kinh tế,7380107,2025,https://github.com/kbaoooo/vn_schools_scores_data/blob/main/craw-data/scores/ETU/2025.json
ETU,7480201,Công nghệ thông tin,7480201,2025,https://github.com/kbaoooo/vn_schools_scores_data/blob/main/craw-data/scores/ETU/2025.json
ETU,7510605,Logistics & Quản lý chuỗi cung ứng,7510605,2025,https://github.com/kbaoooo/vn_schools_scores_data/blob/main/craw-data/scores/ETU/2025.json
ETU,7520130,Kỹ thuật ô tô,7520130,2025,https://github.com/kbaoooo/vn_schools_scores_data/blob/main/craw-data/scores/ETU/2025.json
ETU,7580108,Thiết kế nội thất,7580108,2025,https://github.com/kbaoooo/vn_schools_scores_data/blob/main/craw-data/scores/ETU/2025.json
ETU,7720101,Y khoa,7720101,2025,https://github.com/kbaoooo/vn_schools_scores_data/blob/main/craw-data/scores/ETU/2025.json
ETU,7720115,Y học Cổ truyền,7720115,2025,https://github.com/kbaoooo/vn_schools_scores_data/blob/main/craw-data/scores/ETU/2025.json
ETU,7720201,Dược học,7720201,2025,https://github.com/kbaoooo/vn_schools_scores_data/blob/main/craw-data/scores/ETU/2025.json
ETU,7720301,Điều dưỡng,7720301,2025,https://github.com/kbaoooo/vn_schools_scores_data/blob/main/craw-data/scores/ETU/2025.json
ETU,7810103,Quản trị dịch vụ Du lịch và Lữ hành,7810103,2025,https://github.com/kbaoooo/vn_schools_scores_data/blob/main/craw-data/scores/ETU/2025.json
ETU,7810201,Quản trị khách sạn,7810201,2025,https://github.com/kbaoooo/vn_schools_scores_data/blob/main/craw-data/scores/ETU/2025.json
FBU,7220201,Ngôn ngữ Anh,7220201,2025,https://github.com/kbaoooo/vn_schools_scores_data/blob/main/craw-data/scores/FBU/2025.json
FBU,7220204,Ngôn ngữ Tiếng Trung,7220204,2025,https://github.com/kbaoooo/vn_schools_scores_data/blob/main/craw-data/scores/FBU/2025.json
FBU,7340101,Quản trị kinh doanh,7340101,2025,https://github.com/kbaoooo/vn_schools_scores_data/blob/main/craw-data/scores/FBU/2025.json
FBU,7340120,Kinh doanh quốc tế,7340120,2025,https://github.com/kbaoooo/vn_schools_scores_data/blob/main/craw-data/scores/FBU/2025.json
FBU,7340121,Kinh doanh thương mại,7340121,2025,https://github.com/kbaoooo/vn_schools_scores_data/blob/main/craw-data/scores/FBU/2025.json
FBU,7340201,Tài chính - Ngân hàng,7340201,2025,https://github.com/kbaoooo/vn_schools_scores_data/blob/main/craw-data/scores/FBU/2025.json
FBU,7340301,Kế toán,7340301,2025,https://github.com/kbaoooo/vn_schools_scores_data/blob/main/craw-data/scores/FBU/2025.json
FBU,7340302,Kiểm toán,7340302,2025,https://github.com/kbaoooo/vn_schools_scores_data/blob/main/craw-data/scores/FBU/2025.json
FBU,7380107,Luật kinh tế,7380107,2025,https://github.com/kbaoooo/vn_schools_scores_data/blob/main/craw-data/scores/FBU/2025.json
FBU,7480201,Công nghệ thông tin,7480201,2025,https://github.com/kbaoooo/vn_schools_scores_data/blob/main/craw-data/scores/FBU/2025.json
GDU,7220201,Ngôn ngữ Anh,7220201,2025,https://github.com/kbaoooo/vn_schools_scores_data/blob/main/craw-data/scores/GDU/2025.json
GDU,7220204,Ngôn ngữ Trung quốc,7220204,2025,https://github.com/kbaoooo/vn_schools_scores_data/blob/main/craw-data/scores/GDU/2025.json
GDU,7310401,Tâm lý học,7310401,2025,https://github.com/kbaoooo/vn_schools_scores_data/blob/main/craw-data/scores/GDU/2025.json
GDU,7310608,Đông phương học,7310608,2025,https://github.com/kbaoooo/vn_schools_scores_data/blob/main/craw-data/scores/GDU/2025.json
GDU,7320104,Truyền thông đa phương tiện,7320104,2025,https://github.com/kbaoooo/vn_schools_scores_data/blob/main/craw-data/scores/GDU/2025.json
GDU,7320106,Công nghệ truyền thông,7320106,2025,https://github.com/kbaoooo/vn_schools_scores_data/blob/main/craw-data/scores/GDU/2025.json
GDU,7320108,Quan hệ công chúng,7320108,2025,https://github.com/kbaoooo/vn_schools_scores_data/blob/main/craw-data/scores/GDU/2025.json
GDU,7340101,Quản trị kinh doanh,7340101,2025,https://github.com/kbaoooo/vn_schools_scores_data/blob/main/craw-data/scores/GDU/2025.json
GDU,7340115,Marketing,7340115,2025,https://github.com/kbaoooo/vn_schools_scores_data/blob/main/craw-data/scores/GDU/2025.json
GDU,7340120,Kinh doanh quốc tế,7340120,2025,https://github.com/kbaoooo/vn_schools_scores_data/blob/main/craw-data/scores/GDU/2025.json
GDU,7340121,Kinh doanh thương mại,7340121,2025,https://github.com/kbaoooo/vn_schools_scores_data/blob/main/craw-data/scores/GDU/2025.json
GDU,7340122,Thương mại điện tử,7340122,2025,https://github.com/kbaoooo/vn_schools_scores_data/blob/main/craw-data/scores/GDU/2025.json
GDU,7340201,Tài chính - ngân hàng,7340201,2025,https://github.com/kbaoooo/vn_schools_scores_data/blob/main/craw-data/scores/GDU/2025.json
GDU,7340205,Công nghệ tài chính,7340205,2025,https://github.com/kbaoooo/vn_schools_scores_data/blob/main/craw-data/scores/GDU/2025.json
GDU,7340301,Kế toán,7340301,2025,https://github.com/kbaoooo/vn_schools_scores_data/blob/main/craw-data/scores/GDU/2025.json
GDU,7380101,Luật,7380101,2025,https://github.com/kbaoooo/vn_schools_scores_data/blob/main/craw-data/scores/GDU/2025.json
GDU,7380107,Luật kinh tế,7380107,2025,https://github.com/kbaoooo/vn_schools_scores_data/blob/main/craw-data/scores/GDU/2025.json
GDU,7480102,Mạng máy tính & truyền thông dữ liệu,7480102,2025,https://github.com/kbaoooo/vn_schools_scores_data/blob/main/craw-data/scores/GDU/2025.json
GDU,7480103,Kỹ thuật phần mềm,7480103,2025,https://github.com/kbaoooo/vn_schools_scores_data/blob/main/craw-data/scores/GDU/2025.json
GDU,7480107,Trí tuệ nhân tạo,7480107,2025,https://github.com/kbaoooo/vn_schools_scores_data/blob/main/craw-data/scores/GDU/2025.json
GDU,7480201,Công nghệ thông tin,7480201,2025,https://github.com/kbaoooo/vn_schools_scores_data/blob/main/craw-data/scores/GDU/2025.json
GDU,7510605,Logistics & quản lý chuỗi cung ứng,7510605,2025,https://github.com/kbaoooo/vn_schools_scores_data/blob/main/craw-data/scores/GDU/2025.json
GDU,7720501,Răng - Hàm - Mặt,7720501,2025,https://github.com/kbaoooo/vn_schools_scores_data/blob/main/craw-data/scores/GDU/2025.json
GDU,7810103,Quản trị dịch vụ du lịch & lữ hành,7810103,2025,https://github.com/kbaoooo/vn_schools_scores_data/blob/main/craw-data/scores/GDU/2025.json
GDU,7810201,Quản trị khách sạn,7810201,2025,https://github.com/kbaoooo/vn_schools_scores_data/blob/main/craw-data/scores/GDU/2025.json
GHA,7220201,Ngôn ngữ Anh,7220201,2025,https://github.com/kbaoooo/vn_schools_scores_data/blob/main/craw-data/scores/GHA/2025.json
GHA,7310101,"Kinh tế (chuyên ngành: kinh tế và quản lý đầu tư, kinh tế bưu chính viễn thông)",7310101,2025,https://github.com/kbaoooo/vn_schools_scores_data/blob/main/craw-data/scores/GHA/2025.json
GHA,7340101,Quản trị kinh doanh,7340101,2025,https://github.com/kbaoooo/vn_schools_scores_data/blob/main/craw-data/scores/GHA/2025.json
GHA,7340101 QT,Quản trị kinh doanh (Chương trình CLC Quản trị kinh doanh Việt-Anh),7340101,2025,https://github.com/kbaoooo/vn_schools_scores_data/blob/main/craw-data/scores/GHA/2025.json
GHA,7340201,Tài chính - Ngân hàng,7340201,2025,https://github.com/kbaoooo/vn_schools_scores_data/blob/main/craw-data/scores/GHA/2025.json
GHA,7340301,Kế toán (chuyên ngành Kế toán tổng hợp),7340301,2025,https://github.com/kbaoooo/vn_schools_scores_data/blob/main/craw-data/scores/GHA/2025.json
GHA,7340301 QT,Kế toán (Chương trình CLC Kế toán tổng hợp Việt-Anh),7340301,2025,https://github.com/kbaoooo/vn_schools_scores_data/blob/main/craw-data/scores/GHA/2025.json
GHA,7460112,Toán ứng dụng (chuyên ngành toán tin ứng dụng),7460112,2025,https://github.com/kbaoooo/vn_schools_scores_data/blob/main/craw-data/scores/GHA/2025.json
GHA,7480101,Khoa học máy tính,7480101,2025,https://github.com/kbaoooo/vn_schools_scores_data/blob/main/craw-data/scores/GHA/2025.json
GHA,7480106,"Kỹ thuật máy tính (theo hướng chuyên sâu vi mạch bán dẫn, bao gồm lớp kỹ sư tài năng)",7480106,2025,https://github.com/kbaoooo/vn_schools_scores_data/blob/main/craw-data/scores/GHA/2025.json
GHA,7480201,Công nghệ thông tin,7480201,2025,https://github.com/kbaoooo/vn_schools_scores_data/blob/main/craw-data/scores/GHA/2025.json
GHA,7480201 QT,Công nghệ thông tin (Chương trình CLC Công nghệ thông tin Việt-Anh),7480201,2025,https://github.com/kbaoooo/vn_schools_scores_data/blob/main/craw-data/scores/GHA/2025.json
GHA,7510605,Logistics và quản lý chuỗi cung ứng,7510605,2025,https://github.com/kbaoooo/vn_schools_scores_data/blob/main/craw-data/scores/GHA/2025.json
GHA,7520103,"Kỹ thuật cơ khí (chuyên ngành: Công nghệ chế tạo cơ khí, Tự động hoá thiết kế cơ khí)",7520103,2025,https://github.com/kbaoooo/vn_schools_scores_data/blob/main/craw-data/scores/GHA/2025.json
GHA,7520103 QT,Kỹ thuật cơ khí (Chương trình CLC Cơ khí ô tô Việt - Anh),7520103,2025,https://github.com/kbaoooo/vn_schools_scores_data/blob/main/craw-data/scores/GHA/2025.json
GHA,7520107,Kỹ thuật robot (chuyên ngành Kỹ thuật robot và trí tuệ nhân tạo),7520107,2025,https://github.com/kbaoooo/vn_schools_scores_data/blob/main/craw-data/scores/GHA/2025.json
GHA,7520114,Kỹ thuật cơ điện tử,7520114,2025,https://github.com/kbaoooo/vn_schools_scores_data/blob/main/craw-data/scores/GHA/2025.json
GHA,7520115,Kỹ thuật nhiệt (chuyên ngành: Kỹ thuật nhiệt lạnh và điều hoà không khí),7520115,2025,https://github.com/kbaoooo/vn_schools_scores_data/blob/main/craw-data/scores/GHA/2025.json
GHA,7520116,"Kỹ thuật cơ khí động lực (chuyên ngành: Kỹ thuật phương tiện đường sắt, Máy xây dựng, Kỹ thuật máy động lực)",7520116,2025,https://github.com/kbaoooo/vn_schools_scores_data/blob/main/craw-data/scores/GHA/2025.json
GHA,7520116 DS,Kỹ thuật cơ khí động lực (chuyên ngành Kỹ thuật phương tiện đường sắt tốc độ cao),7520116,2025,https://github.com/kbaoooo/vn_schools_scores_data/blob/main/craw-data/scores/GHA/2025.json
GHA,7520130,Kỹ thuật ô tô (bao gồm lớp kỹ sư tài năng),7520130,2025,https://github.com/kbaoooo/vn_schools_scores_data/blob/main/craw-data/scores/GHA/2025.json
GHA,7520201,"Kỹ thuật điện (chuyên ngành: Trang bị điện trong công nghiệp và GTVT, Hệ thống điện trong giao thông và công nghiệp)",7520201,2025,https://github.com/kbaoooo/vn_schools_scores_data/blob/main/craw-data/scores/GHA/2025.json
GHA,7520201 DS,"Kỹ thuật điện (chuyên ngành Hệ thống điện đường sắt tốc độ cao, đường sắt đô thị)",7520201,2025,https://github.com/kbaoooo/vn_schools_scores_data/blob/main/craw-data/scores/GHA/2025.json
GHA,7520207,"Kỹ thuật điện tử - viễn thông (chuyên ngành: Kỹ thuật viễn thông, Kỹ thuật thông tin và truyền thông, Kỹ thuật điện tử và tin học công nghiệp)",7520207,2025,https://github.com/kbaoooo/vn_schools_scores_data/blob/main/craw-data/scores/GHA/2025.json
GHA,7520216,Kỹ thuật điều khiển và tự động hoá (chuyên ngành: Tự động hoá),7520216,2025,https://github.com/kbaoooo/vn_schools_scores_data/blob/main/craw-data/scores/GHA/2025.json
GHA,7520216 DS,Kỹ thuật điều khiển và tự động hoá (chuyên ngành Điều khiển và thông tin tín hiệu đường sắt hiện đại),7520216,2025,https://github.com/kbaoooo/vn_schools_scores_data/blob/main/craw-data/scores/GHA/2025.json
GHA,7520216-GTTM,Kỹ thuật điều khiển và tự động hoá (chuyên ngành Hệ thống giao thông thông minh),7520216,2025,https://github.com/kbaoooo/vn_schools_scores_data/blob/main/craw-data/scores/GHA/2025.json
GHA,7520320,Kỹ thuật môi trường,7520320,2025,https://github.com/kbaoooo/vn_schools_scores_data/blob/main/craw-data/scores/GHA/2025.json
GHA,7580101,Kiến trúc,7580101,2025,https://github.com/kbaoooo/vn_schools_scores_data/blob/main/craw-data/scores/GHA/2025.json
GHA,7580106,Quản lý đô thị và công trình,7580106,2025,https://github.com/kbaoooo/vn_schools_scores_data/blob/main/craw-data/scores/GHA/2025.json
GHA,7580201,"Kỹ thuật xây dựng (chuyên ngành: Xây dựng dân dụng và công nghiệp, Kết cấu xây dựng, Vật liệu và công nghệ xây dựng)",7580201,2025,https://github.com/kbaoooo/vn_schools_scores_data/blob/main/craw-data/scores/GHA/2025.json
GHA,7580201 QT,Kỹ thuật xây dựng (Chương trình tiên tiến Kỹ thuật xây dựng công trình GT),7580201,2025,https://github.com/kbaoooo/vn_schools_scores_data/blob/main/craw-data/scores/GHA/2025.json
GHA,7580202,Kỹ thuật xây dựng công trình thủy,7580202,2025,https://github.com/kbaoooo/vn_schools_scores_data/blob/main/craw-data/scores/GHA/2025.json
GHA,7580205,"Kỹ thuật xây dựng công trình giao thông (chuyên ngành: Cầu đường bộ, Đường bộ và kỹ thuật giao thông, Cầu và kết cấu, ĐS/ ĐS đô thị, XD sân bay cảng hàng không, Công trình GT đô thị)",7580205,2025,https://github.com/kbaoooo/vn_schools_scores_data/blob/main/craw-data/scores/GHA/2025.json
GHA,7580205 DS,Kỹ thuật xây dựng công trình giao thông (chuyên ngành đường sắt tốc độ cao),7580205,2025,https://github.com/kbaoooo/vn_schools_scores_data/blob/main/craw-data/scores/GHA/2025.json
GHA,7580205 QT1,Kỹ thuật xây dựng công trình giao thông (Chương trình CLC Cầu-Đường bộ Việt-Pháp),7580205,2025,https://github.com/kbaoooo/vn_schools_scores_data/blob/main/craw-data/scores/GHA/2025.json
GHA,7580205 QT2,Kỹ thuật xây dựng công trình giao thông (Chương trình CLC Cầu-Đường bộ Việt-Anh),7580205,2025,https://github.com/kbaoooo/vn_schools_scores_data/blob/main/craw-data/scores/GHA/2025.json
GHA,7580205 QT3,Kỹ thuật xây dựng công trình giao thông (Chương trình CLC Công trình giao thông đô thị Việt-Nhật),7580205,2025,https://github.com/kbaoooo/vn_schools_scores_data/blob/main/craw-data/scores/GHA/2025.json
GHA,7580210,Kỹ thuật cơ sở hạ tầng (chuyên ngành: cơ sở hạ tầng kỹ thuật đô thị),7580210,2025,https://github.com/kbaoooo/vn_schools_scores_data/blob/main/craw-data/scores/GHA/2025.json
GHA,7580215,Kỹ thuật an toàn giao thông (Ngành tuyển sinh các năm trước: Công nghệ kỹ thuật giao thông - Chuyên ngành: Kỹ thuật an toàn giao thông),7580215,2025,https://github.com/kbaoooo/vn_schools_scores_data/blob/main/craw-data/scores/GHA/2025.json
GHA,7580301,Kinh tế xây dựng (chuyên ngành: Kinh tế và quản lý đầu tư xây dựng),7580301,2025,https://github.com/kbaoooo/vn_schools_scores_data/blob/main/craw-data/scores/GHA/2025.json
GHA,7580301 QT,Kinh tế xây dựng (Chương trình CLC Kinh tế xây dựng công trình GT Việt-Anh),7580301,2025,https://github.com/kbaoooo/vn_schools_scores_data/blob/main/craw-data/scores/GHA/2025.json
GHA,7580302,Quản lý xây dựng,7580302,2025,https://github.com/kbaoooo/vn_schools_scores_data/blob/main/craw-data/scores/GHA/2025.json
GHA,7580302 QT,Quản lý xây dựng (Chương trình CLC Quản lý xây dựng Việt - Anh),7580302,2025,https://github.com/kbaoooo/vn_schools_scores_data/blob/main/craw-data/scores/GHA/2025.json
GHA,7810103,Quản trị dịch vụ du lịch và lữ hành,7810103,2025,https://github.com/kbaoooo/vn_schools_scores_data/blob/main/craw-data/scores/GHA/2025.json
GHA,7840101,"Khai thác vận tải (chuyên ngành: Vận tải - Thương mại quốc tế, Quy hoạch và quản lý GTVT đô thị, Vận tải - Kinh tế đường bộ và thành phố, Vận tải đường sắt)",7840101,2025,https://github.com/kbaoooo/vn_schools_scores_data/blob/main/craw-data/scores/GHA/2025.json
GHA,7840101 DS,"Khai thác vận tải (chuyên ngành Khai thác và quản lý đường sắt tốc độ cao, Khai thác và quản lý đường sắt đô thị)",7840101,2025,https://github.com/kbaoooo/vn_schools_scores_data/blob/main/craw-data/scores/GHA/2025.json
GHA,7840104,"Kinh tế vận tải (chuyên ngành: Kinh tế vận tải ô tô, Kinh tế vận tải hàng không, Kinh tế vận tải đường sắt, Kinh tế vận tải thuỷ bộ)",7840104,2025,https://github.com/kbaoooo/vn_schools_scores_data/blob/main/craw-data/scores/GHA/2025.json
GNT,7229042,Quản lý văn hóa,7229042,2025,https://github.com/kbaoooo/vn_schools_scores_data/blob/main/craw-data/scores/GNT/2025.json
GNT,7540204,Công nghệ may,7540204,2025,https://github.com/kbaoooo/vn_schools_scores_data/blob/main/craw-data/scores/GNT/2025.json
GNT,7760101,Công tác xã hội,7760101,2025,https://github.com/kbaoooo/vn_schools_scores_data/blob/main/craw-data/scores/GNT/2025.json
GNT,7810101,Du lịch,7810101,2025,https://github.com/kbaoooo/vn_schools_scores_data/blob/main/craw-data/scores/GNT/2025.json
GSA,7340101,Quản trị kinh doanh,7340101,2025,https://github.com/kbaoooo/vn_schools_scores_data/blob/main/craw-data/scores/GSA/2025.json
GSA,7340120,Kinh doanh quốc tế,7340120,2025,https://github.com/kbaoooo/vn_schools_scores_data/blob/main/craw-data/scores/GSA/2025.json
GSA,7340201,Tài chính - Ngân hàng,7340201,2025,https://github.com/kbaoooo/vn_schools_scores_data/blob/main/craw-data/scores/GSA/2025.json
GSA,7340301,Kế toán (chuyên ngành Kế toán tổng hợp),7340301,2025,https://github.com/kbaoooo/vn_schools_scores_data/blob/main/craw-data/scores/GSA/2025.json
GSA,7480106,Kỹ thuật máy tính (theo hướng chuyên sâu vi mạch bán dẫn),7480106,2025,https://github.com/kbaoooo/vn_schools_scores_data/blob/main/craw-data/scores/GSA/2025.json
GSA,7480201,Công nghệ thông tin,7480201,2025,https://github.com/kbaoooo/vn_schools_scores_data/blob/main/craw-data/scores/GSA/2025.json
GSA,7510605,Logistics và Quản lý chuỗi cung ứng,7510605,2025,https://github.com/kbaoooo/vn_schools_scores_data/blob/main/craw-data/scores/GSA/2025.json
GSA,7520114,Kỹ thuật cơ điện tử,7520114,2025,https://github.com/kbaoooo/vn_schools_scores_data/blob/main/craw-data/scores/GSA/2025.json
GSA,7520116,"Kỹ thuật cơ khí động lực (chuyên ngành: Máy xây dựng, Kỹ thuật máy động lực)",7520116,2025,https://github.com/kbaoooo/vn_schools_scores_data/blob/main/craw-data/scores/GSA/2025.json
GSA,7520130,Kỹ thuật ô tô,7520130,2025,https://github.com/kbaoooo/vn_schools_scores_data/blob/main/craw-data/scores/GSA/2025.json
GSA,7520201,Kỹ thuật điện (chuyên ngành: Trang bị điện trong công nghiệp và GTVT),7520201,2025,https://github.com/kbaoooo/vn_schools_scores_data/blob/main/craw-data/scores/GSA/2025.json
GSA,7520207,"Kỹ thuật điện tử - viễn thông (chuyên ngành: Kỹ thuật viễn thông, Kỹ thuật Điện tử và tin học công nghiệp)",7520207,2025,https://github.com/kbaoooo/vn_schools_scores_data/blob/main/craw-data/scores/GSA/2025.json
GSA,7520216,Kỹ thuật điều khiển và tự động hoá (chuyên ngành: Tự động hoá),7520216,2025,https://github.com/kbaoooo/vn_schools_scores_data/blob/main/craw-data/scores/GSA/2025.json
GSA,7580101,Kiến trúc,7580101,2025,https://github.com/kbaoooo/vn_schools_scores_data/blob/main/craw-data/scores/GSA/2025.json
GSA,7580106,Quản lý đô thị và công trình,7580106,2025,https://github.com/kbaoooo/vn_schools_scores_data/blob/main/craw-data/scores/GSA/2025.json
GSA,7580201,Kỹ thuật xây dựng (chuyên ngành: Xây dựng dân dụng và công nghiệp),7580201,2025,https://github.com/kbaoooo/vn_schools_scores_data/blob/main/craw-data/scores/GSA/2025.json
GSA,7580205,"Kỹ thuật xây dựng công trình giao thông (chuyên ngành: Cầu đường bộ, Đường bộ và kỹ thuật giao thông)",7580205,2025,https://github.com/kbaoooo/vn_schools_scores_data/blob/main/craw-data/scores/GSA/2025.json
GSA,7580205-CLC,Kỹ thuật xây dựng công trình giao thông (Chương trình CLC Cầu - Đường bộ Việt-Anh),7580205,2025,https://github.com/kbaoooo/vn_schools_scores_data/blob/main/craw-data/scores/GSA/2025.json
GSA,7580205-DS,Kỹ thuật xây dựng công trình giao thông (chuyên ngành Đường sắt tốc độ cao),7580205,2025,https://github.com/kbaoooo/vn_schools_scores_data/blob/main/craw-data/scores/GSA/2025.json
GSA,7580301,Kinh tế xây dựng (chuyên ngành: Kinh tế và quản lý đầu tư xây dựng),7580301,2025,https://github.com/kbaoooo/vn_schools_scores_data/blob/main/craw-data/scores/GSA/2025.json
GSA,7580302,Quản lý xây dựng (chuyên ngành: Quản lý dự án),7580302,2025,https://github.com/kbaoooo/vn_schools_scores_data/blob/main/craw-data/scores/GSA/2025.json
GSA,7810103,Quản trị dịch vụ du lịch và lữ hành,7810103,2025,https://github.com/kbaoooo/vn_schools_scores_data/blob/main/craw-data/scores/GSA/2025.json
GSA,7840101,"Khai thác vận tải (chuyên ngành: Vận tải - Thương mại quốc tế, Quy hoạch và quản lý GTVT đô thị)",7840101,2025,https://github.com/kbaoooo/vn_schools_scores_data/blob/main/craw-data/scores/GSA/2025.json
GSA,7840104,Kinh tế vận tải (chuyên ngành: Kinh tế vận tải thuỷ bộ),7840104,2025,https://github.com/kbaoooo/vn_schools_scores_data/blob/main/craw-data/scores/GSA/2025.json
GTA,GTADCAT2,An toàn dữ liệu và an ninh mạng,,2025,https://github.com/kbaoooo/vn_schools_scores_data/blob/main/craw-data/scores/GTA/2025.json
GTA,GTADCBC2,Quản lý; khai thác và bảo trì đường cao tốc,,2025,https://github.com/kbaoooo/vn_schools_scores_data/blob/main/craw-data/scores/GTA/2025.json
GTA,GTADCBI2,Mô hình thông tin công trình giao thông (BIM),,2025,https://github.com/kbaoooo/vn_schools_scores_data/blob/main/craw-data/scores/GTA/2025.json
GTA,GTADCCD1,CNKT Cầu đường bộ (học tại Vĩnh Phúc),,2025,https://github.com/kbaoooo/vn_schools_scores_data/blob/main/craw-data/scores/GTA/2025.json
GTA,GTADCCD2,Công nghệ kỹ thuật xây dựng Cầu đường bộ,,2025,https://github.com/kbaoooo/vn_schools_scores_data/blob/main/craw-data/scores/GTA/2025.json
GTA,GTADCCDD2,Công nghệ kỹ thuật xây dựng cầu đường bộ (hợp tác doanh nghiệp),,2025,https://github.com/kbaoooo/vn_schools_scores_data/blob/main/craw-data/scores/GTA/2025.json
GTA,GTADCCDJ2,Công nghệ kỹ thuật xây dựng Cầu đường bộ (tăng cường tiếng Nhật; định hướng làm việc tại Nhật Bản),,2025,https://github.com/kbaoooo/vn_schools_scores_data/blob/main/craw-data/scores/GTA/2025.json
GTA,GTADCCH2,Hạ tầng giao thông đô thị thông minh,,2025,https://github.com/kbaoooo/vn_schools_scores_data/blob/main/craw-data/scores/GTA/2025.json
GTA,GTADCCI2,Thương mại quốc tế,,2025,https://github.com/kbaoooo/vn_schools_scores_data/blob/main/craw-data/scores/GTA/2025.json
GTA,GTADCCM2,Công nghệ chế tạo máy,,2025,https://github.com/kbaoooo/vn_schools_scores_data/blob/main/craw-data/scores/GTA/2025.json
GTA,GTADCCMJ2,Công nghệ chế tạo máy (tăng cường tiếng Nhật; định hướng làm việc tại Nhật Bản),,2025,https://github.com/kbaoooo/vn_schools_scores_data/blob/main/craw-data/scores/GTA/2025.json
GTA,GTADCCN2,Công nghệ kỹ thuật cơ điện tử,,2025,https://github.com/kbaoooo/vn_schools_scores_data/blob/main/craw-data/scores/GTA/2025.json
GTA,GTADCDD2,CNKT công trình xây dựng dân dụng và công nghiệp,,2025,https://github.com/kbaoooo/vn_schools_scores_data/blob/main/craw-data/scores/GTA/2025.json
GTA,GTADCDM2,CNKT cơ khí đầu máy - toa xe và tàu điện Metro,,2025,https://github.com/kbaoooo/vn_schools_scores_data/blob/main/craw-data/scores/GTA/2025.json
GTA,GTADCDT2,Công nghệ kỹ thuật điện tử - viễn thông,,2025,https://github.com/kbaoooo/vn_schools_scores_data/blob/main/craw-data/scores/GTA/2025.json
GTA,GTADCDTJ2,Công nghệ kỹ thuật Điện tử - Viễn thông (tăng cường tiếng Nhật; định hướng làm việc tại Nhật Bản),,2025,https://github.com/kbaoooo/vn_schools_scores_data/blob/main/craw-data/scores/GTA/2025.json
GTA,GTADCEN2,Ngôn ngữ Anh,,2025,https://github.com/kbaoooo/vn_schools_scores_data/blob/main/craw-data/scores/GTA/2025.json
GTA,GTADCFT2,Công nghệ tài chính,,2025,https://github.com/kbaoooo/vn_schools_scores_data/blob/main/craw-data/scores/GTA/2025.json
GTA,GTADCHQ2,Hải quan và Logistics,,2025,https://github.com/kbaoooo/vn_schools_scores_data/blob/main/craw-data/scores/GTA/2025.json
GTA,GTADCHS2,Đường sắt tốc độ cao,,2025,https://github.com/kbaoooo/vn_schools_scores_data/blob/main/craw-data/scores/GTA/2025.json
GTA,GTADCHSA2,Đường sắt tốc độ cao (công nghệ Hàn Quốc; tăng cường tiếng Anh),,2025,https://github.com/kbaoooo/vn_schools_scores_data/blob/main/craw-data/scores/GTA/2025.json
GTA,GTADCHT2,Hệ thống thông tin,,2025,https://github.com/kbaoooo/vn_schools_scores_data/blob/main/craw-data/scores/GTA/2025.json
GTA,GTADCKB2,Kinh tế và quản lý bất động sản,,2025,https://github.com/kbaoooo/vn_schools_scores_data/blob/main/craw-data/scores/GTA/2025.json
GTA,GTADCKN2,Kiến trúc nội thất,,2025,https://github.com/kbaoooo/vn_schools_scores_data/blob/main/craw-data/scores/GTA/2025.json
GTA,GTADCKQA2,Kinh doanh quốc tế (tăng cường tiếng Anh),,2025,https://github.com/kbaoooo/vn_schools_scores_data/blob/main/craw-data/scores/GTA/2025.json
GTA,GTADCKS2,Kinh doanh số,,2025,https://github.com/kbaoooo/vn_schools_scores_data/blob/main/craw-data/scores/GTA/2025.json
GTA,GTADCKT1,Kế toán doanh nghiệp (học tại Vĩnh Phúc),,2025,https://github.com/kbaoooo/vn_schools_scores_data/blob/main/craw-data/scores/GTA/2025.json
GTA,GTADCKT2,Kế toán doanh nghiệp,,2025,https://github.com/kbaoooo/vn_schools_scores_data/blob/main/craw-data/scores/GTA/2025.json
GTA,GTADCKX2,Kinh tế xây dựng,,2025,https://github.com/kbaoooo/vn_schools_scores_data/blob/main/craw-data/scores/GTA/2025.json
GTA,GTADCLA2,Luật,,2025,https://github.com/kbaoooo/vn_schools_scores_data/blob/main/craw-data/scores/GTA/2025.json
GTA,GTADCLD2,Lữ hành và du lịch,,2025,https://github.com/kbaoooo/vn_schools_scores_data/blob/main/craw-data/scores/GTA/2025.json
GTA,GTADCLDA2,Lữ hành và du lịch (tăng cường tiếng Anh),,2025,https://github.com/kbaoooo/vn_schools_scores_data/blob/main/craw-data/scores/GTA/2025.json
GTA,GTADCLG2,Logistics và quản lý chuỗi cung ứng,,2025,https://github.com/kbaoooo/vn_schools_scores_data/blob/main/craw-data/scores/GTA/2025.json
GTA,GTADCLGA2,Logistics và quản lý chuỗi cung ứng (tăng cường tiếng Anh),,2025,https://github.com/kbaoooo/vn_schools_scores_data/blob/main/craw-data/scores/GTA/2025.json
GTA,GTADCLGJ2,Logistics và quản lý chuỗi cung ứng (tăng cường tiếng Nhật; định hướng làm việc tại Nhật Bản),,2025,https://github.com/kbaoooo/vn_schools_scores_data/blob/main/craw-data/scores/GTA/2025.json
GTA,GTADCLH2,Logistics và hạ tầng giao thông,,2025,https://github.com/kbaoooo/vn_schools_scores_data/blob/main/craw-data/scores/GTA/2025.json
GTA,GTADCLHA2,Hải quan và Logistics (tăng cường tiếng Anh),,2025,https://github.com/kbaoooo/vn_schools_scores_data/blob/main/craw-data/scores/GTA/2025.json
GTA,GTADCMN2,Công nghệ và quản lý môi trường,,2025,https://github.com/kbaoooo/vn_schools_scores_data/blob/main/craw-data/scores/GTA/2025.json
GTA,GTADCMT2,CNKT cơ khí tàu thủy và công trình nổi,,2025,https://github.com/kbaoooo/vn_schools_scores_data/blob/main/craw-data/scores/GTA/2025.json
GTA,GTADCMX2,Máy và thiết bị tự động hóa xây dựng,,2025,https://github.com/kbaoooo/vn_schools_scores_data/blob/main/craw-data/scores/GTA/2025.json
GTA,GTADCOD2,Cơ điện tử ô tô,,2025,https://github.com/kbaoooo/vn_schools_scores_data/blob/main/craw-data/scores/GTA/2025.json
GTA,GTADCODA2,Cơ điện tử·ô tô (tăng cường tiếng Anh),,2025,https://github.com/kbaoooo/vn_schools_scores_data/blob/main/craw-data/scores/GTA/2025.json
GTA,GTADCOG2,Công nghệ ô tô và giao thông thông minh,,2025,https://github.com/kbaoooo/vn_schools_scores_data/blob/main/craw-data/scores/GTA/2025.json
GTA,GTADCOH2,Công nghệ ô tô điện và ô tô hybrid,,2025,https://github.com/kbaoooo/vn_schools_scores_data/blob/main/craw-data/scores/GTA/2025.json
GTA,GTADCOT1,Công nghệ kỹ thuật ô tô (học tại Vĩnh Phúc),,2025,https://github.com/kbaoooo/vn_schools_scores_data/blob/main/craw-data/scores/GTA/2025.json
GTA,GTADCOT2,Công nghệ kỹ thuật ô tô,,2025,https://github.com/kbaoooo/vn_schools_scores_data/blob/main/craw-data/scores/GTA/2025.json
GTA,GTADCQM2,Quản trị Marketing,,2025,https://github.com/kbaoooo/vn_schools_scores_data/blob/main/craw-data/scores/GTA/2025.json
GTA,GTADCQMA2,Quản trị Marketing (tăng cường tiếng Anh),,2025,https://github.com/kbaoooo/vn_schools_scores_data/blob/main/craw-data/scores/GTA/2025.json
GTA,GTADCQT2,Quản trị doanh nghiệp,,2025,https://github.com/kbaoooo/vn_schools_scores_data/blob/main/craw-data/scores/GTA/2025.json
GTA,GTADCQX2,Quản lý xây dựng,,2025,https://github.com/kbaoooo/vn_schools_scores_data/blob/main/craw-data/scores/GTA/2025.json
GTA,GTADCQXD2,Quản lý xây dựng (hợp tác doanh nghiệp),,2025,https://github.com/kbaoooo/vn_schools_scores_data/blob/main/craw-data/scores/GTA/2025.json
GTA,GTADCRT2,Công nghệ kỹ thuật Robot và Trí tuệ nhân tạo,,2025,https://github.com/kbaoooo/vn_schools_scores_data/blob/main/craw-data/scores/GTA/2025.json
GTA,GTADCTD2,Thương mại điện tử,,2025,https://github.com/kbaoooo/vn_schools_scores_data/blob/main/craw-data/scores/GTA/2025.json
GTA,GTADCTDA2,Thương mại điện tử (tăng cường tiếng Anh),,2025,https://github.com/kbaoooo/vn_schools_scores_data/blob/main/craw-data/scores/GTA/2025.json
GTA,GTADCTG2,Trí tuệ nhân tạo và giao thông thông minh,,2025,https://github.com/kbaoooo/vn_schools_scores_data/blob/main/craw-data/scores/GTA/2025.json
GTA,GTADCTGA2,Trí tuệ nhân tạo và giao thông thông minh (tăng cường tiếng Anh),,2025,https://github.com/kbaoooo/vn_schools_scores_data/blob/main/craw-data/scores/GTA/2025.json
GTA,GTADCTN2,Tài chính doanh nghiệp,,2025,https://github.com/kbaoooo/vn_schools_scores_data/blob/main/craw-data/scores/GTA/2025.json
GTA,GTADCTQ2,Thanh tra và quản lý công trình giao thông,,2025,https://github.com/kbaoooo/vn_schools_scores_data/blob/main/craw-data/scores/GTA/2025.json
GTA,GTADCTT1,Công nghệ thông tin (học tại Vĩnh Phúc),,2025,https://github.com/kbaoooo/vn_schools_scores_data/blob/main/craw-data/scores/GTA/2025.json
GTA,GTADCTT2,Công nghệ thông tin,,2025,https://github.com/kbaoooo/vn_schools_scores_data/blob/main/craw-data/scores/GTA/2025.json
GTA,GTADCTTA2,Công nghệ thông tin (tăng cường tiếng Anh),,2025,https://github.com/kbaoooo/vn_schools_scores_data/blob/main/craw-data/scores/GTA/2025.json
GTA,GTADCVL2,Logistics và vận tải đa phương thức,,2025,https://github.com/kbaoooo/vn_schools_scores_data/blob/main/craw-data/scores/GTA/2025.json
GTA,GTADCVM2,Công nghệ kỹ thuật vi mạch bán dẫn,,2025,https://github.com/kbaoooo/vn_schools_scores_data/blob/main/craw-data/scores/GTA/2025.json
GTA,GTADCVS2,Quản lý và điều hành vận tải đường sắt,,2025,https://github.com/kbaoooo/vn_schools_scores_data/blob/main/craw-data/scores/GTA/2025.json
GTA,GTADCVV2,Kỹ thuật vi điện tử và vật lý bán dẫn,,2025,https://github.com/kbaoooo/vn_schools_scores_data/blob/main/craw-data/scores/GTA/2025.json
GTA,GTADCXQ2,Xây dựng và quản lý hạ tầng đô thị,,2025,https://github.com/kbaoooo/vn_schools_scores_data/blob/main/craw-data/scores/GTA/2025.json
GTA,GTADKLG2,Logistics (Trường Đại học Tongmyong - Hàn Quốc cấp bằng),,2025,https://github.com/kbaoooo/vn_schools_scores_data/blob/main/craw-data/scores/GTA/2025.json
GTA,GTADKTT2,Công nghệ thông tin (ĐH Công nghệ thông tin và quản lý Ba Lan- UITM cấp bằng),,2025,https://github.com/kbaoooo/vn_schools_scores_data/blob/main/craw-data/scores/GTA/2025.json
HBT,527,"Kinh tế, chuyên ngành Quản lý kinh tế",,2025,https://github.com/kbaoooo/vn_schools_scores_data/blob/main/craw-data/scores/HBT/2025.json
HBT,530,"Chính trị học, chuyên ngành Công tác tư tưởng - văn hóa",,2025,https://github.com/kbaoooo/vn_schools_scores_data/blob/main/craw-data/scores/HBT/2025.json
HBT,531,"Chính trị học, chuyên ngành Chính trị phát triển",,2025,https://github.com/kbaoooo/vn_schools_scores_data/blob/main/craw-data/scores/HBT/2025.json
HBT,533,"Chính trị học, chuyên ngành Tư tưởng Hồ Chí Minh",,2025,https://github.com/kbaoooo/vn_schools_scores_data/blob/main/craw-data/scores/HBT/2025.json
HBT,538,"Chính trị học, chuyên ngành Truyền thông chính sách",,2025,https://github.com/kbaoooo/vn_schools_scores_data/blob/main/craw-data/scores/HBT/2025.json
HBT,602,"Báo chí, chuyên ngành Báo in",,2025,https://github.com/kbaoooo/vn_schools_scores_data/blob/main/craw-data/scores/HBT/2025.json
HBT,603,"Báo chí, chuyên ngành Ảnh báo chí",,2025,https://github.com/kbaoooo/vn_schools_scores_data/blob/main/craw-data/scores/HBT/2025.json
HBT,604,"Báo chí, chuyên ngành Báo phát thanh",,2025,https://github.com/kbaoooo/vn_schools_scores_data/blob/main/craw-data/scores/HBT/2025.json
HBT,605,"Báo chí, chuyên ngành Báo truyền hình",,2025,https://github.com/kbaoooo/vn_schools_scores_data/blob/main/craw-data/scores/HBT/2025.json
HBT,606,"Báo chí, chuyên ngành Quay phim truyền hình",,2025,https://github.com/kbaoooo/vn_schools_scores_data/blob/main/craw-data/scores/HBT/2025.json
HBT,607,"Báo chí, chuyên ngành Báo mạng điện tử",,2025,https://github.com/kbaoooo/vn_schools_scores_data/blob/main/craw-data/scores/HBT/2025.json
HBT,610,"Quan hệ quốc tế, chuyên ngành Thông tin đối ngoại",,2025,https://github.com/kbaoooo/vn_schools_scores_data/blob/main/craw-data/scores/HBT/2025.json
HBT,611,"Quan hệ quốc tế, chuyên ngành Quan hệ chính trị và Truyền thông quốc tế",,2025,https://github.com/kbaoooo/vn_schools_scores_data/blob/main/craw-data/scores/HBT/2025.json
HBT,614,"Quan hệ quốc tế, chuyên ngành Quan hệ quốc tế và Truyền thông toàn cầu",,2025,https://github.com/kbaoooo/vn_schools_scores_data/blob/main/craw-data/scores/HBT/2025.json
HBT,615,"Quan hệ công chúng, chuyên ngành Quan hệ công chúng chuyên nghiệp",,2025,https://github.com/kbaoooo/vn_schools_scores_data/blob/main/craw-data/scores/HBT/2025.json
HBT,616,"Quan hệ công chúng, chuyên ngành Truyền thông marketing",,2025,https://github.com/kbaoooo/vn_schools_scores_data/blob/main/craw-data/scores/HBT/2025.json
HBT,7220201,Ngôn ngữ Anh,7220201,2025,https://github.com/kbaoooo/vn_schools_scores_data/blob/main/craw-data/scores/HBT/2025.json
HBT,7229001,Triết học,7229001,2025,https://github.com/kbaoooo/vn_schools_scores_data/blob/main/craw-data/scores/HBT/2025.json
HBT,7229008,Chủ nghĩa xã hội khoa học,7229008,2025,https://github.com/kbaoooo/vn_schools_scores_data/blob/main/craw-data/scores/HBT/2025.json
HBT,7229010,Lịch sử,7229010,2025,https://github.com/kbaoooo/vn_schools_scores_data/blob/main/craw-data/scores/HBT/2025.json
HBT,7310102,Kinh tế chính trị,7310102,2025,https://github.com/kbaoooo/vn_schools_scores_data/blob/main/craw-data/scores/HBT/2025.json
HBT,7310202,Xây dựng Đảng và chính quyền nhà nước,7310202,2025,https://github.com/kbaoooo/vn_schools_scores_data/blob/main/craw-data/scores/HBT/2025.json
HBT,7310205,Quản lý nhà nước,7310205,2025,https://github.com/kbaoooo/vn_schools_scores_data/blob/main/craw-data/scores/HBT/2025.json
HBT,7310301,Xã hội học,7310301,2025,https://github.com/kbaoooo/vn_schools_scores_data/blob/main/craw-data/scores/HBT/2025.json
HBT,7320104,Truyền thông đa phương tiện,7320104,2025,https://github.com/kbaoooo/vn_schools_scores_data/blob/main/craw-data/scores/HBT/2025.json
HBT,7320105,Truyền thông đại chúng,7320105,2025,https://github.com/kbaoooo/vn_schools_scores_data/blob/main/craw-data/scores/HBT/2025.json
HBT,7320107,Truyền thông quốc tế,7320107,2025,https://github.com/kbaoooo/vn_schools_scores_data/blob/main/craw-data/scores/HBT/2025.json
HBT,7320110,Quảng cáo,7320110,2025,https://github.com/kbaoooo/vn_schools_scores_data/blob/main/craw-data/scores/HBT/2025.json
HBT,7340403,Quản lý công,7340403,2025,https://github.com/kbaoooo/vn_schools_scores_data/blob/main/craw-data/scores/HBT/2025.json
HBT,7760101,Công tác xã hội,7760101,2025,https://github.com/kbaoooo/vn_schools_scores_data/blob/main/craw-data/scores/HBT/2025.json
HBT,801,"Xuất bản, chuyên ngành Biên tập xuất bản",,2025,https://github.com/kbaoooo/vn_schools_scores_data/blob/main/craw-data/scores/HBT/2025.json
HBT,802,"Xuất bản, chuyên ngành Xuất bản điện tử",,2025,https://github.com/kbaoooo/vn_schools_scores_data/blob/main/craw-data/scores/HBT/2025.json
HCA,7310202_Nam_B,"Xây dựng Đảng và chính quyền nhà nước (Thí sinh Nam, miền Bắc)",7310202,2025,https://github.com/kbaoooo/vn_schools_scores_data/blob/main/craw-data/scores/HCA/2025.json
HCA,7310202_Nam_N,"Xây dựng Đảng và chính quyền nhà nước (Thí sinh Nam, miền Nam)",7310202,2025,https://github.com/kbaoooo/vn_schools_scores_data/blob/main/craw-data/scores/HCA/2025.json
HCA,7310202_Nu_B,"Xây dựng Đảng và chính quyền nhà nước (Thí sinh Nữ, miền Bắc)",7310202,2025,https://github.com/kbaoooo/vn_schools_scores_data/blob/main/craw-data/scores/HCA/2025.json
HCA,7310202_Nu_N,"Xây dựng Đảng và chính quyền nhà nước (Thí sinh Nữ, miền Nam)",7310202,2025,https://github.com/kbaoooo/vn_schools_scores_data/blob/main/craw-data/scores/HCA/2025.json
HCB,7480200_Nam_B,"Nhóm ngành Kỹ thuật - Hậu cần (Thí sinh Nam, miền Bắc)",7480200,2025,https://github.com/kbaoooo/vn_schools_scores_data/blob/main/craw-data/scores/HCB/2025.json
HCB,7480200_Nam_N,"Nhóm ngành Kỹ thuật - Hậu cần (Thí sinh Nam, miền Nam)",7480200,2025,https://github.com/kbaoooo/vn_schools_scores_data/blob/main/craw-data/scores/HCB/2025.json
HCB,7480200_Nu_B,"Nhóm ngành Kỹ thuật - Hậu cần (Thí sinh Nữ, miền Bắc)",7480200,2025,https://github.com/kbaoooo/vn_schools_scores_data/blob/main/craw-data/scores/HCB/2025.json
HCB,7480200_Nu_N,"Nhóm ngành Kỹ thuật - Hậu cần (Thí sinh Nữ, miền Nam)",7480200,2025,https://github.com/kbaoooo/vn_schools_scores_data/blob/main/craw-data/scores/HCB/2025.json
HCB,7520207,Kỹ thuật Điện tử - Viễn thông,7520207,2025,https://github.com/kbaoooo/vn_schools_scores_data/blob/main/craw-data/scores/HCB/2025.json
HCB,7720100,Y Khoa,7720100,2025,https://github.com/kbaoooo/vn_schools_scores_data/blob/main/craw-data/scores/HCB/2025.json
HCB,7720101_NAM,Y Khoa,7720101,2025,https://github.com/kbaoooo/vn_schools_scores_data/blob/main/craw-data/scores/HCB/2025.json
HCB,7720101_NU,Y Khoa,7720101,2025,https://github.com/kbaoooo/vn_schools_scores_data/blob/main/craw-data/scores/HCB/2025.json
HCH,7220201-Hà Nội,Ngôn ngữ Anh,7220201,2025,https://github.com/kbaoooo/vn_schools_scores_data/blob/main/craw-data/scores/HCH/2025.json
HCH,7229040-01-Hà Nội,Chuyên ngành Văn hóa Du lịch thuộc ngành Văn hóa học,7229040,2025,https://github.com/kbaoooo/vn_schools_scores_data/blob/main/craw-data/scores/HCH/2025.json
HCH,7229040-02-Hà Nội,Chuyên ngành Văn hóa Truyền thông thuộc ngành Văn hóa học,7229040,2025,https://github.com/kbaoooo/vn_schools_scores_data/blob/main/craw-data/scores/HCH/2025.json
HCH,7229042-01-Hà Nội,Chuyên ngành Quản lý di sản văn hóa và phát triển du lịch thuộc ngành Quản lý văn hóa,7229042,2025,https://github.com/kbaoooo/vn_schools_scores_data/blob/main/craw-data/scores/HCH/2025.json
HCH,7229042-Hà Nội,Quản lý văn hóa,7229042,2025,https://github.com/kbaoooo/vn_schools_scores_data/blob/main/craw-data/scores/HCH/2025.json
HCH,7310101-01-Hà Nội,Chuyên ngành Kinh tế du lịch thuộc ngành Kinh tể,7310101,2025,https://github.com/kbaoooo/vn_schools_scores_data/blob/main/craw-data/scores/HCH/2025.json
HCH,7310101-Hà Nội,Kinh tế,7310101,2025,https://github.com/kbaoooo/vn_schools_scores_data/blob/main/craw-data/scores/HCH/2025.json
HCH,7310101-Quảng Nam,Kinh tế,7310101,2025,https://github.com/kbaoooo/vn_schools_scores_data/blob/main/craw-data/scores/HCH/2025.json
HCH,7310201-01-Hà Nội,Chuyên ngành Chính sách công thuộc ngành Chính trị học,7310201,2025,https://github.com/kbaoooo/vn_schools_scores_data/blob/main/craw-data/scores/HCH/2025.json
HCH,7310201-Hà Nội,Chính trị học,7310201,2025,https://github.com/kbaoooo/vn_schools_scores_data/blob/main/craw-data/scores/HCH/2025.json
HCH,7310202-Hà Nội,Xây dựng Đảng và chính quyền nhà nước,7310202,2025,https://github.com/kbaoooo/vn_schools_scores_data/blob/main/craw-data/scores/HCH/2025.json
HCH,7310205-Hà Nội,Quản lý nhà nước,7310205,2025,https://github.com/kbaoooo/vn_schools_scores_data/blob/main/craw-data/scores/HCH/2025.json
HCH,7310205-Quảng Nam,Quản lý nhà nước,7310205,2025,https://github.com/kbaoooo/vn_schools_scores_data/blob/main/craw-data/scores/HCH/2025.json
HCH,7320201-01-Hà Nội,Chuyên ngành Quản trị thông tin thuộc ngành Thông tin - thư viện,7320201,2025,https://github.com/kbaoooo/vn_schools_scores_data/blob/main/craw-data/scores/HCH/2025.json
HCH,7320201-Hà Nội,Thông tin - thư viện,7320201,2025,https://github.com/kbaoooo/vn_schools_scores_data/blob/main/craw-data/scores/HCH/2025.json
HCH,7320303-01-Hà Nội,Chuyên ngành Văn thư - Lưu trữ thuộc ngành Lưu trữ học,7320303,2025,https://github.com/kbaoooo/vn_schools_scores_data/blob/main/craw-data/scores/HCH/2025.json
HCH,7320303-Hà Nội,Lưu trữ học,7320303,2025,https://github.com/kbaoooo/vn_schools_scores_data/blob/main/craw-data/scores/HCH/2025.json
HCH,7340404-Hà Nội,Quản trị nhân lực,7340404,2025,https://github.com/kbaoooo/vn_schools_scores_data/blob/main/craw-data/scores/HCH/2025.json
HCH,7340404-Quảng Nam,Quản trị nhân lực,7340404,2025,https://github.com/kbaoooo/vn_schools_scores_data/blob/main/craw-data/scores/HCH/2025.json
HCH,7340406-01-Hà Nội,Chuyên ngành Thư ký văn phòng doanh nghiệp thuộc ngành Quản trị văn phòng,7340406,2025,https://github.com/kbaoooo/vn_schools_scores_data/blob/main/craw-data/scores/HCH/2025.json
HCH,7340406-Hà Nội,Quản trị văn phòng,7340406,2025,https://github.com/kbaoooo/vn_schools_scores_data/blob/main/craw-data/scores/HCH/2025.json
HCH,7340406-Quảng Nam,Quản trị văn phòng,7340406,2025,https://github.com/kbaoooo/vn_schools_scores_data/blob/main/craw-data/scores/HCH/2025.json
HCH,7380101-01-Hà Nội,Chuyên ngành Thanh tra thuộc ngành Luật,7380101,2025,https://github.com/kbaoooo/vn_schools_scores_data/blob/main/craw-data/scores/HCH/2025.json
HCH,7380101-01-Quảng Nam,Chuyên ngành Thanh tra thuộc ngành Luật,7380101,2025,https://github.com/kbaoooo/vn_schools_scores_data/blob/main/craw-data/scores/HCH/2025.json
HCH,7380101-Hà Nội,Luật,7380101,2025,https://github.com/kbaoooo/vn_schools_scores_data/blob/main/craw-data/scores/HCH/2025.json
HCH,7380101-Quảng Nam,Luật,7380101,2025,https://github.com/kbaoooo/vn_schools_scores_data/blob/main/craw-data/scores/HCH/2025.json
HCH,7480104-01-Hà Nội,Chuyên ngành Hệ thống thông tin thương mại điện tử thuộc ngành Hệ thống thông tin,7480104,2025,https://github.com/kbaoooo/vn_schools_scores_data/blob/main/craw-data/scores/HCH/2025.json
HCH,7480104-Hà Nội,Hệ thống thông tin,7480104,2025,https://github.com/kbaoooo/vn_schools_scores_data/blob/main/craw-data/scores/HCH/2025.json
HCH,7810103-Hà Nội,Quản trị dịch vụ du lịch và lữ hành,7810103,2025,https://github.com/kbaoooo/vn_schools_scores_data/blob/main/craw-data/scores/HCH/2025.json
HCH,7810103-Quảng Nam,Quản trị dịch vụ du lịch và lữ hành,7810103,2025,https://github.com/kbaoooo/vn_schools_scores_data/blob/main/craw-data/scores/HCH/2025.json
HCN,7480200_Nam_B,"Nhóm ngành Kỹ thuật - Hậu cần (Thí sinh Nam, miền Bắc)",7480200,2025,https://github.com/kbaoooo/vn_schools_scores_data/blob/main/craw-data/scores/HCN/2025.json
HCN,7480200_Nam_N,"Nhóm ngành Kỹ thuật - Hậu cần (Thí sinh Nam, miền Nam)",7480200,2025,https://github.com/kbaoooo/vn_schools_scores_data/blob/main/craw-data/scores/HCN/2025.json
HCN,7480200_Nu_B,"Nhóm ngành Kỹ thuật - Hậu cần (Thí sinh Nữ, miền Bắc)",7480200,2025,https://github.com/kbaoooo/vn_schools_scores_data/blob/main/craw-data/scores/HCN/2025.json
HCN,7480200_Nu_N,"Nhóm ngành Kỹ thuật - Hậu cần (Thí sinh Nữ, miền Nam)",7480200,2025,https://github.com/kbaoooo/vn_schools_scores_data/blob/main/craw-data/scores/HCN/2025.json
HCN,7520207,Kỹ thuật Điện tử - Viễn thông,7520207,2025,https://github.com/kbaoooo/vn_schools_scores_data/blob/main/craw-data/scores/HCN/2025.json
HCN,7720100,Y Khoa,7720100,2025,https://github.com/kbaoooo/vn_schools_scores_data/blob/main/craw-data/scores/HCN/2025.json
HCN,7720101_NAM,Y Khoa,7720101,2025,https://github.com/kbaoooo/vn_schools_scores_data/blob/main/craw-data/scores/HCN/2025.json
HCN,7720101_NU,Y Khoa,7720101,2025,https://github.com/kbaoooo/vn_schools_scores_data/blob/main/craw-data/scores/HCN/2025.json
HCP,7220201,Ngành Ngôn ngữ Anh,7220201,2025,https://github.com/kbaoooo/vn_schools_scores_data/blob/main/craw-data/scores/HCP/2025.json
HCP,7310101,Ngành Kinh tế,7310101,2025,https://github.com/kbaoooo/vn_schools_scores_data/blob/main/craw-data/scores/HCP/2025.json
HCP,7310105,Ngành Kinh tế phát triển,7310105,2025,https://github.com/kbaoooo/vn_schools_scores_data/blob/main/craw-data/scores/HCP/2025.json
HCP,7310106,Ngành Kinh tế quốc tế,7310106,2025,https://github.com/kbaoooo/vn_schools_scores_data/blob/main/craw-data/scores/HCP/2025.json
HCP,7310106_1,Ngành Kinh tế quốc tế (Chuyên ngành Kinh tế đối ngoại chất lượng cao giảng dạy bằng Tiếng Anh),7310106,2025,https://github.com/kbaoooo/vn_schools_scores_data/blob/main/craw-data/scores/HCP/2025.json
HCP,7310106_2,Ngành Kinh tế quốc tế (Chuyên ngành Kinh doanh toàn cầu),7310106,2025,https://github.com/kbaoooo/vn_schools_scores_data/blob/main/craw-data/scores/HCP/2025.json
HCP,7310109,Ngành Kinh tế số,7310109,2025,https://github.com/kbaoooo/vn_schools_scores_data/blob/main/craw-data/scores/HCP/2025.json
HCP,7310205,Ngành Quản lý nhà nước,7310205,2025,https://github.com/kbaoooo/vn_schools_scores_data/blob/main/craw-data/scores/HCP/2025.json
HCP,7310206,Ngành Quản lý nhà nước,7310206,2025,https://github.com/kbaoooo/vn_schools_scores_data/blob/main/craw-data/scores/HCP/2025.json
HCP,7340101,Ngành Quản trị kinh doanh,7340101,2025,https://github.com/kbaoooo/vn_schools_scores_data/blob/main/craw-data/scores/HCP/2025.json
HCP,7340101_1,Ngành Quản trị kinh doanh (Chuyên ngành Quản trị kinh doanh chất lượng cao giảng dạy bằng Tiếng Anh),7340101,2025,https://github.com/kbaoooo/vn_schools_scores_data/blob/main/craw-data/scores/HCP/2025.json
HCP,7340115_2,Ngành Marketing,7340115,2025,https://github.com/kbaoooo/vn_schools_scores_data/blob/main/craw-data/scores/HCP/2025.json
HCP,7340201_1,Ngành Tài chính - Ngân hàng (Chuyên ngành Tài chính chất lượng cao giảng dạy bằng Tiếng Anh),7340201,2025,https://github.com/kbaoooo/vn_schools_scores_data/blob/main/craw-data/scores/HCP/2025.json
HCP,7340201_2,Ngành Tài chính - Ngân hàng,7340201,2025,https://github.com/kbaoooo/vn_schools_scores_data/blob/main/craw-data/scores/HCP/2025.json
HCP,7340301,Ngành Kế toán,7340301,2025,https://github.com/kbaoooo/vn_schools_scores_data/blob/main/craw-data/scores/HCP/2025.json
HCP,7380107,Ngành Luật Kinh tế,7380107,2025,https://github.com/kbaoooo/vn_schools_scores_data/blob/main/craw-data/scores/HCP/2025.json
HCS,7310101-TP-HCM,Kinh tế,7310101,2025,https://github.com/kbaoooo/vn_schools_scores_data/blob/main/craw-data/scores/HCS/2025.json
HCS,7310202-TP-HCM,Xây dựng Đàng và chính quyền nhà nước,7310202,2025,https://github.com/kbaoooo/vn_schools_scores_data/blob/main/craw-data/scores/HCS/2025.json
HCS,7310202-TP-HCM,Xây dựng Đảng và chính quyền nhà nước,7310202,2025,https://github.com/kbaoooo/vn_schools_scores_data/blob/main/craw-data/scores/HCS/2025.json
HCS,7310205-Đắk Lắk,Quản lý nhà nước,7310205,2025,https://github.com/kbaoooo/vn_schools_scores_data/blob/main/craw-data/scores/HCS/2025.json
HCS,7310205-TP-HCM,Quản lý nhà nước,7310205,2025,https://github.com/kbaoooo/vn_schools_scores_data/blob/main/craw-data/scores/HCS/2025.json
HCS,7320303-01-TP-HCM,Chuyên ngành Văn thư - Lưu trữ thuộc ngành Lưu trữ học,7320303,2025,https://github.com/kbaoooo/vn_schools_scores_data/blob/main/craw-data/scores/HCS/2025.json
HCS,7320303-TP-HCM,Lưu trữ học,7320303,2025,https://github.com/kbaoooo/vn_schools_scores_data/blob/main/craw-data/scores/HCS/2025.json
HCS,7340404-Đắk Lắk,Quản trị nhân lực,7340404,2025,https://github.com/kbaoooo/vn_schools_scores_data/blob/main/craw-data/scores/HCS/2025.json
HCS,7340404-TP-HCM,Quản trị nhân lực,7340404,2025,https://github.com/kbaoooo/vn_schools_scores_data/blob/main/craw-data/scores/HCS/2025.json
HCS,7340406-TP-HCM,Quản trị văn phòng,7340406,2025,https://github.com/kbaoooo/vn_schools_scores_data/blob/main/craw-data/scores/HCS/2025.json
HCS,7380101-01-TP-HCM,Chuyên ngành Thanh tra thuộc ngành Luật,7380101,2025,https://github.com/kbaoooo/vn_schools_scores_data/blob/main/craw-data/scores/HCS/2025.json
HCS,7380101-Đắk Lắk,Luật,7380101,2025,https://github.com/kbaoooo/vn_schools_scores_data/blob/main/craw-data/scores/HCS/2025.json
HCS,7380101-TP-HCM,Luật,7380101,2025,https://github.com/kbaoooo/vn_schools_scores_data/blob/main/craw-data/scores/HCS/2025.json
HDT,7140201,Giáo dục Mầm non,7140201,2025,https://github.com/kbaoooo/vn_schools_scores_data/blob/main/craw-data/scores/HDT/2025.json
HDT,7140202,Giáo dục Tiểu học,7140202,2025,https://github.com/kbaoooo/vn_schools_scores_data/blob/main/craw-data/scores/HDT/2025.json
HDT,7140206,Giáo dục thể chất,7140206,2025,https://github.com/kbaoooo/vn_schools_scores_data/blob/main/craw-data/scores/HDT/2025.json
HDT,7140209,Sư phạm Toán học,7140209,2025,https://github.com/kbaoooo/vn_schools_scores_data/blob/main/craw-data/scores/HDT/2025.json
HDT,7140210,Sư phạm Tin học,7140210,2025,https://github.com/kbaoooo/vn_schools_scores_data/blob/main/craw-data/scores/HDT/2025.json
HDT,7140211,Sư phạm Vật lý,7140211,2025,https://github.com/kbaoooo/vn_schools_scores_data/blob/main/craw-data/scores/HDT/2025.json
HDT,7140212,Sư phạm Hóa học,7140212,2025,https://github.com/kbaoooo/vn_schools_scores_data/blob/main/craw-data/scores/HDT/2025.json
HDT,7140213,Sư phạm Sinh học,7140213,2025,https://github.com/kbaoooo/vn_schools_scores_data/blob/main/craw-data/scores/HDT/2025.json
HDT,7140217,Sư phạm Ngữ văn,7140217,2025,https://github.com/kbaoooo/vn_schools_scores_data/blob/main/craw-data/scores/HDT/2025.json
HDT,7140218,Sư phạm Lịch sử,7140218,2025,https://github.com/kbaoooo/vn_schools_scores_data/blob/main/craw-data/scores/HDT/2025.json
HDT,7140219,Sư phạm Địa lý,7140219,2025,https://github.com/kbaoooo/vn_schools_scores_data/blob/main/craw-data/scores/HDT/2025.json
HDT,7140231,Sư phạm Tiếng Anh,7140231,2025,https://github.com/kbaoooo/vn_schools_scores_data/blob/main/craw-data/scores/HDT/2025.json
HDT,7140247,Sư phạm Khoa học Tự nhiên,7140247,2025,https://github.com/kbaoooo/vn_schools_scores_data/blob/main/craw-data/scores/HDT/2025.json
HDT,7140249,Sư phạm Lịch sử - Địa lý,7140249,2025,https://github.com/kbaoooo/vn_schools_scores_data/blob/main/craw-data/scores/HDT/2025.json
HDT,7220201,Ngôn ngữ Anh,7220201,2025,https://github.com/kbaoooo/vn_schools_scores_data/blob/main/craw-data/scores/HDT/2025.json
HDT,7229030,Văn học,7229030,2025,https://github.com/kbaoooo/vn_schools_scores_data/blob/main/craw-data/scores/HDT/2025.json
HDT,7310101,Kinh tế,7310101,2025,https://github.com/kbaoooo/vn_schools_scores_data/blob/main/craw-data/scores/HDT/2025.json
HDT,7310201,Chính trị học,7310201,2025,https://github.com/kbaoooo/vn_schools_scores_data/blob/main/craw-data/scores/HDT/2025.json
HDT,7310401,Tâm lý học,7310401,2025,https://github.com/kbaoooo/vn_schools_scores_data/blob/main/craw-data/scores/HDT/2025.json
HDT,7320104,Truyền thông đa phương tiện,7320104,2025,https://github.com/kbaoooo/vn_schools_scores_data/blob/main/craw-data/scores/HDT/2025.json
HDT,7340101,Quản trị kinh doanh,7340101,2025,https://github.com/kbaoooo/vn_schools_scores_data/blob/main/craw-data/scores/HDT/2025.json
HDT,7340201,Tài chính - Ngân hàng,7340201,2025,https://github.com/kbaoooo/vn_schools_scores_data/blob/main/craw-data/scores/HDT/2025.json
HDT,7340301,Kế toán,7340301,2025,https://github.com/kbaoooo/vn_schools_scores_data/blob/main/craw-data/scores/HDT/2025.json
HDT,7340302,Kiểm toán,7340302,2025,https://github.com/kbaoooo/vn_schools_scores_data/blob/main/craw-data/scores/HDT/2025.json
HDT,7380101,Luật,7380101,2025,https://github.com/kbaoooo/vn_schools_scores_data/blob/main/craw-data/scores/HDT/2025.json
HDT,7380107,Luật Kinh tế,7380107,2025,https://github.com/kbaoooo/vn_schools_scores_data/blob/main/craw-data/scores/HDT/2025.json
HDT,7440122,Khoa học vật liệu,7440122,2025,https://github.com/kbaoooo/vn_schools_scores_data/blob/main/craw-data/scores/HDT/2025.json
HDT,7460101,Toán học,7460101,2025,https://github.com/kbaoooo/vn_schools_scores_data/blob/main/craw-data/scores/HDT/2025.json
HDT,7480201,Công nghệ thông tin,7480201,2025,https://github.com/kbaoooo/vn_schools_scores_data/blob/main/craw-data/scores/HDT/2025.json
HDT,7510605,Logistics và QL chuỗi cung ứng,7510605,2025,https://github.com/kbaoooo/vn_schools_scores_data/blob/main/craw-data/scores/HDT/2025.json
HDT,7520201,Kỹ thuật điện,7520201,2025,https://github.com/kbaoooo/vn_schools_scores_data/blob/main/craw-data/scores/HDT/2025.json
HDT,7580201,Kỹ thuật xây dựng,7580201,2025,https://github.com/kbaoooo/vn_schools_scores_data/blob/main/craw-data/scores/HDT/2025.json
HDT,7620106,Chăn nuôi - Thú y,7620106,2025,https://github.com/kbaoooo/vn_schools_scores_data/blob/main/craw-data/scores/HDT/2025.json
HDT,7620110,Khoa học cây trồng,7620110,2025,https://github.com/kbaoooo/vn_schools_scores_data/blob/main/craw-data/scores/HDT/2025.json
HDT,7620115,Kinh tế nông nghiệp,7620115,2025,https://github.com/kbaoooo/vn_schools_scores_data/blob/main/craw-data/scores/HDT/2025.json
HDT,7760101,Công tác xã hội,7760101,2025,https://github.com/kbaoooo/vn_schools_scores_data/blob/main/craw-data/scores/HDT/2025.json
HDT,7810101,Du lịch,7810101,2025,https://github.com/kbaoooo/vn_schools_scores_data/blob/main/craw-data/scores/HDT/2025.json
HDT,7810201,Quản trị khách sạn,7810201,2025,https://github.com/kbaoooo/vn_schools_scores_data/blob/main/craw-data/scores/HDT/2025.json
HDT,7810302,Huấn luyện thể thao,7810302,2025,https://github.com/kbaoooo/vn_schools_scores_data/blob/main/craw-data/scores/HDT/2025.json
HDT,7850103,Quản lý đất đai,7850103,2025,https://github.com/kbaoooo/vn_schools_scores_data/blob/main/craw-data/scores/HDT/2025.json
HEH,7860218_Nam_B_A00,Hậu cần quân sự (Thí sinh Nam miền Bắc),7860218,2025,https://github.com/kbaoooo/vn_schools_scores_data/blob/main/craw-data/scores/HEH/2025.json
HEH,7860218_Nam_B_A01,Hậu cần quân sự (Thí sinh Nam miền Bắc),7860218,2025,https://github.com/kbaoooo/vn_schools_scores_data/blob/main/craw-data/scores/HEH/2025.json
HEH,7860218_Nam_B_C01,Hậu cần quân sự (Thí sinh Nam miền Bắc),7860218,2025,https://github.com/kbaoooo/vn_schools_scores_data/blob/main/craw-data/scores/HEH/2025.json
HEH,7860218_Nam_B_X06,Hậu cần quân sự (Thí sinh Nam miền Bắc),7860218,2025,https://github.com/kbaoooo/vn_schools_scores_data/blob/main/craw-data/scores/HEH/2025.json
HEH,7860218_Nam_N_A00,Hậu cần quân sự (Thí sinh Nam miền Nam),7860218,2025,https://github.com/kbaoooo/vn_schools_scores_data/blob/main/craw-data/scores/HEH/2025.json
HEH,7860218_Nam_N_A01,Hậu cần quân sự (Thí sinh Nam miền Nam),7860218,2025,https://github.com/kbaoooo/vn_schools_scores_data/blob/main/craw-data/scores/HEH/2025.json
HEH,7860218_Nam_N_C01,Hậu cần quân sự (Thí sinh Nam miền Nam),7860218,2025,https://github.com/kbaoooo/vn_schools_scores_data/blob/main/craw-data/scores/HEH/2025.json
HEH,7860218_Nam_N_X06,Hậu cần quân sự (Thí sinh Nam miền Nam),7860218,2025,https://github.com/kbaoooo/vn_schools_scores_data/blob/main/craw-data/scores/HEH/2025.json
HEH,7860218_Nu_B_A00,Hậu cần quân sự (Thí sinh Nữ miền Bắc),7860218,2025,https://github.com/kbaoooo/vn_schools_scores_data/blob/main/craw-data/scores/HEH/2025.json
HEH,7860218_Nu_B_A01,Hậu cần quân sự (Thí sinh Nữ miền Bắc),7860218,2025,https://github.com/kbaoooo/vn_schools_scores_data/blob/main/craw-data/scores/HEH/2025.json
HEH,7860218_Nu_B_C01,Hậu cần quân sự (Thí sinh Nữ miền Bắc),7860218,2025,https://github.com/kbaoooo/vn_schools_scores_data/blob/main/craw-data/scores/HEH/2025.json
HEH,7860218_Nu_B_X06,Hậu cần quân sự (Thí sinh Nữ miền Bắc),7860218,2025,https://github.com/kbaoooo/vn_schools_scores_data/blob/main/craw-data/scores/HEH/2025.json
HEH,7860218_Nu_N_A00,Hậu cần quân sự (Thí sinh Nữ miền Nam),7860218,2025,https://github.com/kbaoooo/vn_schools_scores_data/blob/main/craw-data/scores/HEH/2025.json
HEH,7860218_Nu_N_A01,Hậu cần quân sự (Thí sinh Nữ miền Nam),7860218,2025,https://github.com/kbaoooo/vn_schools_scores_data/blob/main/craw-data/scores/HEH/2025.json
HEH,7860218_Nu_N_C01,Hậu cần quân sự (Thí sinh Nữ miền Nam),7860218,2025,https://github.com/kbaoooo/vn_schools_scores_data/blob/main/craw-data/scores/HEH/2025.json
HEH,7860218_Nu_N_X06,Hậu cần quân sự (Thí sinh Nữ miền Nam),7860218,2025,https://github.com/kbaoooo/vn_schools_scores_data/blob/main/craw-data/scores/HEH/2025.json
HFH,7340201,Tài chính - Ngân hàng (Đào tạo hệ Dân sự),7340201,2025,https://github.com/kbaoooo/vn_schools_scores_data/blob/main/craw-data/scores/HFH/2025.json
HFH,7340301,Kế toán (Đào tạo hệ Dân sự),7340301,2025,https://github.com/kbaoooo/vn_schools_scores_data/blob/main/craw-data/scores/HFH/2025.json
HFH,7580201,Kỹ thuật xây dựng (Đào tạo hệ Dân sự),7580201,2025,https://github.com/kbaoooo/vn_schools_scores_data/blob/main/craw-data/scores/HFH/2025.json
HHA,A403,Quản lý kinh doanh và Marketing,,2025,https://github.com/kbaoooo/vn_schools_scores_data/blob/main/craw-data/scores/HHA/2025.json
HHA,A404,Quản lý kinh doanh thương mại điện tử,,2025,https://github.com/kbaoooo/vn_schools_scores_data/blob/main/craw-data/scores/HHA/2025.json
HHA,A408,Kinh tế Hàng hải,,2025,https://github.com/kbaoooo/vn_schools_scores_data/blob/main/craw-data/scores/HHA/2025.json
HHA,A409,Kinh doanh quốc tế và logistics,,2025,https://github.com/kbaoooo/vn_schools_scores_data/blob/main/craw-data/scores/HHA/2025.json
HHA,D101,Điều khiển tàu biển,,2025,https://github.com/kbaoooo/vn_schools_scores_data/blob/main/craw-data/scores/HHA/2025.json
HHA,D102,Khai thác máy tàu biển,,2025,https://github.com/kbaoooo/vn_schools_scores_data/blob/main/craw-data/scores/HHA/2025.json
HHA,D103,Điện tự động giao thông vận tải,,2025,https://github.com/kbaoooo/vn_schools_scores_data/blob/main/craw-data/scores/HHA/2025.json
HHA,D104,Điện tử viễn thông,,2025,https://github.com/kbaoooo/vn_schools_scores_data/blob/main/craw-data/scores/HHA/2025.json
HHA,D105,Điện tự động công nghiệp,,2025,https://github.com/kbaoooo/vn_schools_scores_data/blob/main/craw-data/scores/HHA/2025.json
HHA,D106,Máy tàu thủy,,2025,https://github.com/kbaoooo/vn_schools_scores_data/blob/main/craw-data/scores/HHA/2025.json
HHA,D107,Thiết kế tàu và công trình ngoài khơi,,2025,https://github.com/kbaoooo/vn_schools_scores_data/blob/main/craw-data/scores/HHA/2025.json
HHA,D108,Đóng tàu và công trình ngoài khơi,,2025,https://github.com/kbaoooo/vn_schools_scores_data/blob/main/craw-data/scores/HHA/2025.json
HHA,D109,Máy và tự động hóa xếp dỡ,,2025,https://github.com/kbaoooo/vn_schools_scores_data/blob/main/craw-data/scores/HHA/2025.json
HHA,D110,Xây dựng công trình thủy,,2025,https://github.com/kbaoooo/vn_schools_scores_data/blob/main/craw-data/scores/HHA/2025.json
HHA,D111,Kỹ thuật an toàn hàng hải,,2025,https://github.com/kbaoooo/vn_schools_scores_data/blob/main/craw-data/scores/HHA/2025.json
HHA,D112,Xây dựng dân dụng và công nghiệp,,2025,https://github.com/kbaoooo/vn_schools_scores_data/blob/main/craw-data/scores/HHA/2025.json
HHA,D113,Công trình giao thông và cơ sở hạ tầng,,2025,https://github.com/kbaoooo/vn_schools_scores_data/blob/main/craw-data/scores/HHA/2025.json
HHA,D114,Công nghệ thông tin,,2025,https://github.com/kbaoooo/vn_schools_scores_data/blob/main/craw-data/scores/HHA/2025.json
HHA,D115,Kỹ thuật môi trường,,2025,https://github.com/kbaoooo/vn_schools_scores_data/blob/main/craw-data/scores/HHA/2025.json
HHA,D116,Kỹ thuật cơ khí,,2025,https://github.com/kbaoooo/vn_schools_scores_data/blob/main/craw-data/scores/HHA/2025.json
HHA,D117,Kỹ thuật Cơ điện tử,,2025,https://github.com/kbaoooo/vn_schools_scores_data/blob/main/craw-data/scores/HHA/2025.json
HHA,D118,Công nghệ phần mềm,,2025,https://github.com/kbaoooo/vn_schools_scores_data/blob/main/craw-data/scores/HHA/2025.json
HHA,D119,Kỹ thuật truyền thông và mạng máy tính,,2025,https://github.com/kbaoooo/vn_schools_scores_data/blob/main/craw-data/scores/HHA/2025.json
HHA,D120,Luật hàng hải,,2025,https://github.com/kbaoooo/vn_schools_scores_data/blob/main/craw-data/scores/HHA/2025.json
HHA,D121,Tự động hóa hệ thống điện,,2025,https://github.com/kbaoooo/vn_schools_scores_data/blob/main/craw-data/scores/HHA/2025.json
HHA,D122,Kỹ thuật ô tô,,2025,https://github.com/kbaoooo/vn_schools_scores_data/blob/main/craw-data/scores/HHA/2025.json
HHA,D123,Kỹ thuật nhiệt lạnh,,2025,https://github.com/kbaoooo/vn_schools_scores_data/blob/main/craw-data/scores/HHA/2025.json
HHA,D124,Tiếng Anh thương mại,,2025,https://github.com/kbaoooo/vn_schools_scores_data/blob/main/craw-data/scores/HHA/2025.json
HHA,D125,Ngôn ngữ Anh,,2025,https://github.com/kbaoooo/vn_schools_scores_data/blob/main/craw-data/scores/HHA/2025.json
HHA,D126,Kỹ thuật công nghệ hóa học,,2025,https://github.com/kbaoooo/vn_schools_scores_data/blob/main/craw-data/scores/HHA/2025.json
HHA,D127,Kiến trúc và nội thất,,2025,https://github.com/kbaoooo/vn_schools_scores_data/blob/main/craw-data/scores/HHA/2025.json
HHA,D128,Máy và tự động công nghiệp,,2025,https://github.com/kbaoooo/vn_schools_scores_data/blob/main/craw-data/scores/HHA/2025.json
HHA,D129,Quản lý hàng hải,,2025,https://github.com/kbaoooo/vn_schools_scores_data/blob/main/craw-data/scores/HHA/2025.json
HHA,D130,Quản lý công trình xây dựng,,2025,https://github.com/kbaoooo/vn_schools_scores_data/blob/main/craw-data/scores/HHA/2025.json
HHA,D131,Quản lý kỹ thuật công nghiệp,,2025,https://github.com/kbaoooo/vn_schools_scores_data/blob/main/craw-data/scores/HHA/2025.json
HHA,D132,Luật kinh doanh,,2025,https://github.com/kbaoooo/vn_schools_scores_data/blob/main/craw-data/scores/HHA/2025.json
HHA,D133,Luật kinh doanh,,2025,https://github.com/kbaoooo/vn_schools_scores_data/blob/main/craw-data/scores/HHA/2025.json
HHA,D401,Kinh tế vận tải biển,,2025,https://github.com/kbaoooo/vn_schools_scores_data/blob/main/craw-data/scores/HHA/2025.json
HHA,D402,Kinh tế ngoại thương,,2025,https://github.com/kbaoooo/vn_schools_scores_data/blob/main/craw-data/scores/HHA/2025.json
HHA,D403,Quản trị kinh doanh,,2025,https://github.com/kbaoooo/vn_schools_scores_data/blob/main/craw-data/scores/HHA/2025.json
HHA,D404,Quản trị tài chính kế toán,,2025,https://github.com/kbaoooo/vn_schools_scores_data/blob/main/craw-data/scores/HHA/2025.json
HHA,D407,Logistics và chuỗi cung ứng,,2025,https://github.com/kbaoooo/vn_schools_scores_data/blob/main/craw-data/scores/HHA/2025.json
HHA,D410,Kinh tế vận tải thủy,,2025,https://github.com/kbaoooo/vn_schools_scores_data/blob/main/craw-data/scores/HHA/2025.json
HHA,D411,Quản trị tài chính ngân hàng,,2025,https://github.com/kbaoooo/vn_schools_scores_data/blob/main/craw-data/scores/HHA/2025.json
HHA,D412,Truyền thông Marketing,,2025,https://github.com/kbaoooo/vn_schools_scores_data/blob/main/craw-data/scores/HHA/2025.json
HHA,H105,Điện tự động công nghiệp (NC),,2025,https://github.com/kbaoooo/vn_schools_scores_data/blob/main/craw-data/scores/HHA/2025.json
HHA,H114,Công nghệ thông tin (NC),,2025,https://github.com/kbaoooo/vn_schools_scores_data/blob/main/craw-data/scores/HHA/2025.json
HHA,H401,Kinh tế vận tải biển (NC),,2025,https://github.com/kbaoooo/vn_schools_scores_data/blob/main/craw-data/scores/HHA/2025.json
HHA,H402,Kinh tế ngoại thương (NC),,2025,https://github.com/kbaoooo/vn_schools_scores_data/blob/main/craw-data/scores/HHA/2025.json
HHA,S101,Điều khiển tàu biển (Chọn),,2025,https://github.com/kbaoooo/vn_schools_scores_data/blob/main/craw-data/scores/HHA/2025.json
HHA,S102,Khai thác máy tàu biển (Chọn),,2025,https://github.com/kbaoooo/vn_schools_scores_data/blob/main/craw-data/scores/HHA/2025.json
HHK,7220201,Ngôn ngữ Anh,7220201,2025,https://github.com/kbaoooo/vn_schools_scores_data/blob/main/craw-data/scores/HHK/2025.json
HHK,7340101,Quản trị kinh doanh,7340101,2025,https://github.com/kbaoooo/vn_schools_scores_data/blob/main/craw-data/scores/HHK/2025.json
HHK,7340101D,Kinh doanh số (Ngành: QTKD),7340101,2025,https://github.com/kbaoooo/vn_schools_scores_data/blob/main/craw-data/scores/HHK/2025.json
HHK,7340101E,Quản trị Hàng không (học bằng Tiếng Anh),7340101,2025,https://github.com/kbaoooo/vn_schools_scores_data/blob/main/craw-data/scores/HHK/2025.json
HHK,7340115,Marketing,7340115,2025,https://github.com/kbaoooo/vn_schools_scores_data/blob/main/craw-data/scores/HHK/2025.json
HHK,7340120,Thương mại quốc tế (Ngành: Kinh doanh quốc tế),7340120,2025,https://github.com/kbaoooo/vn_schools_scores_data/blob/main/craw-data/scores/HHK/2025.json
HHK,7340404,Quản trị nhân lực,7340404,2025,https://github.com/kbaoooo/vn_schools_scores_data/blob/main/craw-data/scores/HHK/2025.json
HHK,7480201B,Trí tuệ nhân tạo và Dữ liệu lớn (Ngành: CNTT),7480201,2025,https://github.com/kbaoooo/vn_schools_scores_data/blob/main/craw-data/scores/HHK/2025.json
HHK,7480201I,Trí tuệ nhân tạo và Internet vạn vật (Ngành: CNTT),7480201,2025,https://github.com/kbaoooo/vn_schools_scores_data/blob/main/craw-data/scores/HHK/2025.json
HHK,7480201S,Công nghệ phần mềm và Trí tuệ nhân tạo (Ngành: CNTT),7480201,2025,https://github.com/kbaoooo/vn_schools_scores_data/blob/main/craw-data/scores/HHK/2025.json
HHK,7510102Q,Quản lý và khai thác cảng HK (Ngành: CNKT Công trình xây dựng),7510102,2025,https://github.com/kbaoooo/vn_schools_scores_data/blob/main/craw-data/scores/HHK/2025.json
HHK,7510102X,Xây dựng và phát triển cảng HK (Ngành: CNKT Công trình xây dựng),7510102,2025,https://github.com/kbaoooo/vn_schools_scores_data/blob/main/craw-data/scores/HHK/2025.json
HHK,7510302A,Điện tử ứng dụng và Trí tuệ nhân tạo (AI) (Ngành: CNKT Điện tử viễn thông),7510302,2025,https://github.com/kbaoooo/vn_schools_scores_data/blob/main/craw-data/scores/HHK/2025.json
HHK,7510302V,Điện tử viễn thông và Trí tuệ nhân tạo (Ngành: CNKT Điện tử viễn thông),7510302,2025,https://github.com/kbaoooo/vn_schools_scores_data/blob/main/craw-data/scores/HHK/2025.json
HHK,7510303A,Điện tự động cảng HK (Ngành: CNKT Điều khiển và tự động hóa),7510303,2025,https://github.com/kbaoooo/vn_schools_scores_data/blob/main/craw-data/scores/HHK/2025.json
HHK,7510303U,Thiết bị bay không người lái và Robotics (Ngành: CNKT Điều khiển và tự động hóa),7510303,2025,https://github.com/kbaoooo/vn_schools_scores_data/blob/main/craw-data/scores/HHK/2025.json
HHK,7520120,Kỹ thuật hàng không,7520120,2025,https://github.com/kbaoooo/vn_schools_scores_data/blob/main/craw-data/scores/HHK/2025.json
HHK,7520120E,Kỹ thuật hàng không (học bằng Tiếng Anh),7520120,2025,https://github.com/kbaoooo/vn_schools_scores_data/blob/main/craw-data/scores/HHK/2025.json
HHK,7520120M,Kỹ thuật bảo dưỡng tàu bay (Ngành: Kỹ thuật HK),7520120,2025,https://github.com/kbaoooo/vn_schools_scores_data/blob/main/craw-data/scores/HHK/2025.json
HHK,7520120U,Kỹ thuật thiết bị bay không người lái (Ngành: Kỹ thuật HK),7520120,2025,https://github.com/kbaoooo/vn_schools_scores_data/blob/main/craw-data/scores/HHK/2025.json
HHK,7810103A,Quản trị dịch vụ thương mại hàng không,7810103,2025,https://github.com/kbaoooo/vn_schools_scores_data/blob/main/craw-data/scores/HHK/2025.json
HHK,7810103H,Quản trị khách sạn nhà hàng,7810103,2025,https://github.com/kbaoooo/vn_schools_scores_data/blob/main/craw-data/scores/HHK/2025.json
HHK,7810103T,Quản trị lữ hành,7810103,2025,https://github.com/kbaoooo/vn_schools_scores_data/blob/main/craw-data/scores/HHK/2025.json
HHK,7840102,Quản lý hoạt động bay; Hệ thống kỹ thuật quản lý bay,7840102,2025,https://github.com/kbaoooo/vn_schools_scores_data/blob/main/craw-data/scores/HHK/2025.json
HHK,7840102E,Quản lý hoạt động bay (học bằng Tiếng Anh); Quản lý và khai thác bay (học bằng Tiếng Anh),7840102,2025,https://github.com/kbaoooo/vn_schools_scores_data/blob/main/craw-data/scores/HHK/2025.json
HHK,7840104,Logistics và Quản lý Chuỗi cung ứng; Logistics và Vận tải đa phương thức,7840104,2025,https://github.com/kbaoooo/vn_schools_scores_data/blob/main/craw-data/scores/HHK/2025.json
HHK,7840104E,Logistics và Vận tải đa phương thức (học bằng Tiếng Anh),7840104,2025,https://github.com/kbaoooo/vn_schools_scores_data/blob/main/craw-data/scores/HHK/2025.json
HHK,7840104K,Kinh tế Hàng không (Ngành: Kinh tế vận tải),7840104,2025,https://github.com/kbaoooo/vn_schools_scores_data/blob/main/craw-data/scores/HHK/2025.json
HHT,7140202,Giáo dục Tiểu học,7140202,2025,https://github.com/kbaoooo/vn_schools_scores_data/blob/main/craw-data/scores/HHT/2025.json
HHT,7220201,Ngôn ngữ Anh,7220201,2025,https://github.com/kbaoooo/vn_schools_scores_data/blob/main/craw-data/scores/HHT/2025.json
HHT,7220204,Ngôn ngữ Trung Quốc,7220204,2025,https://github.com/kbaoooo/vn_schools_scores_data/blob/main/craw-data/scores/HHT/2025.json
HHT,7310201,Chính trị học,7310201,2025,https://github.com/kbaoooo/vn_schools_scores_data/blob/main/craw-data/scores/HHT/2025.json
HHT,7340101_01,Quản trị kinh doanh,7340101,2025,https://github.com/kbaoooo/vn_schools_scores_data/blob/main/craw-data/scores/HHT/2025.json
HHT,7340101_02,Quản trị thương mại điện tử (ngành Quản trị kinh doanh),7340101,2025,https://github.com/kbaoooo/vn_schools_scores_data/blob/main/craw-data/scores/HHT/2025.json
HHT,7340101_03,Quản trị logistics (ngành Quản trị kinh doanh),7340101,2025,https://github.com/kbaoooo/vn_schools_scores_data/blob/main/craw-data/scores/HHT/2025.json
HHT,7340201,Tài chính - Ngân hàng,7340201,2025,https://github.com/kbaoooo/vn_schools_scores_data/blob/main/craw-data/scores/HHT/2025.json
HHT,7340301,Kế toán,7340301,2025,https://github.com/kbaoooo/vn_schools_scores_data/blob/main/craw-data/scores/HHT/2025.json
HHT,7380101,Luật,7380101,2025,https://github.com/kbaoooo/vn_schools_scores_data/blob/main/craw-data/scores/HHT/2025.json
HHT,7440301,"An toàn, sức khoẻ và môi trường (ngành Khoa học môi trường)",7440301,2025,https://github.com/kbaoooo/vn_schools_scores_data/blob/main/craw-data/scores/HHT/2025.json
HHT,7480201,Công nghệ thông tin,7480201,2025,https://github.com/kbaoooo/vn_schools_scores_data/blob/main/craw-data/scores/HHT/2025.json
HHT,7580201_01,Xây dựng Dân dụng và Công nghiệp (ngành Kỹ thuật xây dựng),7580201,2025,https://github.com/kbaoooo/vn_schools_scores_data/blob/main/craw-data/scores/HHT/2025.json
HHT,7580201_02,Tin học xây dựng (ngành Kỹ thuật xây dựng),7580201,2025,https://github.com/kbaoooo/vn_schools_scores_data/blob/main/craw-data/scores/HHT/2025.json
HHT,7620110,Nông nghiệp công nghệ cao (ngành Khoa học cây trồng),7620110,2025,https://github.com/kbaoooo/vn_schools_scores_data/blob/main/craw-data/scores/HHT/2025.json
HHT,7620115,Kinh tế nông nghiệp,7620115,2025,https://github.com/kbaoooo/vn_schools_scores_data/blob/main/craw-data/scores/HHT/2025.json
HHT,7640101,Thú y,7640101,2025,https://github.com/kbaoooo/vn_schools_scores_data/blob/main/craw-data/scores/HHT/2025.json
HHT,7810103,QTDV Du lịch và Lữ hành,7810103,2025,https://github.com/kbaoooo/vn_schools_scores_data/blob/main/craw-data/scores/HHT/2025.json
HIU,7140114,Quản lý Giáo dục,7140114,2025,https://github.com/kbaoooo/vn_schools_scores_data/blob/main/craw-data/scores/HIU/2025.json
HIU,7210403,Thiết kế đồ họa,7210403,2025,https://github.com/kbaoooo/vn_schools_scores_data/blob/main/craw-data/scores/HIU/2025.json
HIU,7220201,Ngôn ngữ Anh,7220201,2025,https://github.com/kbaoooo/vn_schools_scores_data/blob/main/craw-data/scores/HIU/2025.json
HIU,7220204,Ngôn ngữ Trung Quốc,7220204,2025,https://github.com/kbaoooo/vn_schools_scores_data/blob/main/craw-data/scores/HIU/2025.json
HIU,7220209,Ngôn ngữ Nhật,7220209,2025,https://github.com/kbaoooo/vn_schools_scores_data/blob/main/craw-data/scores/HIU/2025.json
HIU,7220210,Ngôn ngữ Hàn Quốc,7220210,2025,https://github.com/kbaoooo/vn_schools_scores_data/blob/main/craw-data/scores/HIU/2025.json
HIU,7310206,Quan hệ quốc tế,7310206,2025,https://github.com/kbaoooo/vn_schools_scores_data/blob/main/craw-data/scores/HIU/2025.json
HIU,7310401,Tâm lý học,7310401,2025,https://github.com/kbaoooo/vn_schools_scores_data/blob/main/craw-data/scores/HIU/2025.json
HIU,7310630,Việt Nam học,7310630,2025,https://github.com/kbaoooo/vn_schools_scores_data/blob/main/craw-data/scores/HIU/2025.json
HIU,7320104,Truyền thông đa phương tiện,7320104,2025,https://github.com/kbaoooo/vn_schools_scores_data/blob/main/craw-data/scores/HIU/2025.json
HIU,7320108,Quan hệ công chúng,7320108,2025,https://github.com/kbaoooo/vn_schools_scores_data/blob/main/craw-data/scores/HIU/2025.json
HIU,7340101,Quản trị kinh doanh,7340101,2025,https://github.com/kbaoooo/vn_schools_scores_data/blob/main/craw-data/scores/HIU/2025.json
HIU,7340114,Digital Marketing,7340114,2025,https://github.com/kbaoooo/vn_schools_scores_data/blob/main/craw-data/scores/HIU/2025.json
HIU,7340120,Kinh doanh quốc tế,7340120,2025,https://github.com/kbaoooo/vn_schools_scores_data/blob/main/craw-data/scores/HIU/2025.json
HIU,7340122,Thương mại điện tử,7340122,2025,https://github.com/kbaoooo/vn_schools_scores_data/blob/main/craw-data/scores/HIU/2025.json
HIU,7340201,Tài chính - Ngân hàng,7340201,2025,https://github.com/kbaoooo/vn_schools_scores_data/blob/main/craw-data/scores/HIU/2025.json
HIU,7340205,Công nghệ tài chính,7340205,2025,https://github.com/kbaoooo/vn_schools_scores_data/blob/main/craw-data/scores/HIU/2025.json
HIU,7340301,Kế toán,7340301,2025,https://github.com/kbaoooo/vn_schools_scores_data/blob/main/craw-data/scores/HIU/2025.json
HIU,7340412,Quản trị sự kiện,7340412,2025,https://github.com/kbaoooo/vn_schools_scores_data/blob/main/craw-data/scores/HIU/2025.json
HIU,7380101,Luật,7380101,2025,https://github.com/kbaoooo/vn_schools_scores_data/blob/main/craw-data/scores/HIU/2025.json
HIU,7380107,Luật kinh tế,7380107,2025,https://github.com/kbaoooo/vn_schools_scores_data/blob/main/craw-data/scores/HIU/2025.json
HIU,7420201,Công nghệ sinh học,7420201,2025,https://github.com/kbaoooo/vn_schools_scores_data/blob/main/craw-data/scores/HIU/2025.json
HIU,7480201,Công nghệ thông tin,7480201,2025,https://github.com/kbaoooo/vn_schools_scores_data/blob/main/craw-data/scores/HIU/2025.json
HIU,7510605,Logistics và quản lý chuỗi cung ứng,7510605,2025,https://github.com/kbaoooo/vn_schools_scores_data/blob/main/craw-data/scores/HIU/2025.json
HIU,7520114,Kỹ thuật cơ điện tử,7520114,2025,https://github.com/kbaoooo/vn_schools_scores_data/blob/main/craw-data/scores/HIU/2025.json
HIU,7520212,Kỹ thuật y sinh,7520212,2025,https://github.com/kbaoooo/vn_schools_scores_data/blob/main/craw-data/scores/HIU/2025.json
HIU,7580101,Kiến trúc,7580101,2025,https://github.com/kbaoooo/vn_schools_scores_data/blob/main/craw-data/scores/HIU/2025.json
HIU,7720101,Y khoa,7720101,2025,https://github.com/kbaoooo/vn_schools_scores_data/blob/main/craw-data/scores/HIU/2025.json
HIU,7720115,Y học cổ truyền,7720115,2025,https://github.com/kbaoooo/vn_schools_scores_data/blob/main/craw-data/scores/HIU/2025.json
HIU,7720201,Dược học,7720201,2025,https://github.com/kbaoooo/vn_schools_scores_data/blob/main/craw-data/scores/HIU/2025.json
HIU,7720301,Điều dưỡng,7720301,2025,https://github.com/kbaoooo/vn_schools_scores_data/blob/main/craw-data/scores/HIU/2025.json
HIU,7720302,Hộ sinh,7720302,2025,https://github.com/kbaoooo/vn_schools_scores_data/blob/main/craw-data/scores/HIU/2025.json
HIU,7720401,Dinh dưỡng,7720401,2025,https://github.com/kbaoooo/vn_schools_scores_data/blob/main/craw-data/scores/HIU/2025.json
HIU,7720501,Răng - Hàm - Mặt,7720501,2025,https://github.com/kbaoooo/vn_schools_scores_data/blob/main/craw-data/scores/HIU/2025.json
HIU,7720601,Kỹ thuật xét nghiệm y học,7720601,2025,https://github.com/kbaoooo/vn_schools_scores_data/blob/main/craw-data/scores/HIU/2025.json
HIU,7720602,Kỹ thuật hình ảnh y học,7720602,2025,https://github.com/kbaoooo/vn_schools_scores_data/blob/main/craw-data/scores/HIU/2025.json
HIU,7720603,Kỹ thuật Phục hồi chức năng,7720603,2025,https://github.com/kbaoooo/vn_schools_scores_data/blob/main/craw-data/scores/HIU/2025.json
HIU,7720701,Y tế công cộng,7720701,2025,https://github.com/kbaoooo/vn_schools_scores_data/blob/main/craw-data/scores/HIU/2025.json
HIU,7810103,Quản trị dịch vụ du lịch và lữ hành,7810103,2025,https://github.com/kbaoooo/vn_schools_scores_data/blob/main/craw-data/scores/HIU/2025.json
HIU,7810201,Quản trị khách sạn,7810201,2025,https://github.com/kbaoooo/vn_schools_scores_data/blob/main/craw-data/scores/HIU/2025.json
HLU,7140201,Giáo dục Mầm non,7140201,2025,https://github.com/kbaoooo/vn_schools_scores_data/blob/main/craw-data/scores/HLU/2025.json
HLU,7140202,Giáo dục Tiểu học,7140202,2025,https://github.com/kbaoooo/vn_schools_scores_data/blob/main/craw-data/scores/HLU/2025.json
HLU,7140209,Sư phạm Toán học,7140209,2025,https://github.com/kbaoooo/vn_schools_scores_data/blob/main/craw-data/scores/HLU/2025.json
HLU,7140210,Sư phạm Tin học,7140210,2025,https://github.com/kbaoooo/vn_schools_scores_data/blob/main/craw-data/scores/HLU/2025.json
HLU,7140217,Sư phạm Ngữ văn,7140217,2025,https://github.com/kbaoooo/vn_schools_scores_data/blob/main/craw-data/scores/HLU/2025.json
HLU,7140221,Sư phạm Âm nhạc,7140221,2025,https://github.com/kbaoooo/vn_schools_scores_data/blob/main/craw-data/scores/HLU/2025.json
HLU,7140231,Sư phạm Tiếng Anh,7140231,2025,https://github.com/kbaoooo/vn_schools_scores_data/blob/main/craw-data/scores/HLU/2025.json
HLU,7140247,Sư phạm Khoa học tự nhiên,7140247,2025,https://github.com/kbaoooo/vn_schools_scores_data/blob/main/craw-data/scores/HLU/2025.json
HLU,7210403,Thiết kế đồ họa,7210403,2025,https://github.com/kbaoooo/vn_schools_scores_data/blob/main/craw-data/scores/HLU/2025.json
HLU,7220201,Ngôn ngữ Anh,7220201,2025,https://github.com/kbaoooo/vn_schools_scores_data/blob/main/craw-data/scores/HLU/2025.json
HLU,7220204,Ngôn ngữ Trung Quốc,7220204,2025,https://github.com/kbaoooo/vn_schools_scores_data/blob/main/craw-data/scores/HLU/2025.json
HLU,7220209,Ngôn ngữ Nhật,7220209,2025,https://github.com/kbaoooo/vn_schools_scores_data/blob/main/craw-data/scores/HLU/2025.json
HLU,7220210,Ngôn ngữ Hàn Quốc,7220210,2025,https://github.com/kbaoooo/vn_schools_scores_data/blob/main/craw-data/scores/HLU/2025.json
HLU,7229030,Văn học (Văn báo chí truyền thông),7229030,2025,https://github.com/kbaoooo/vn_schools_scores_data/blob/main/craw-data/scores/HLU/2025.json
HLU,7229042,Quản lý văn hóa,7229042,2025,https://github.com/kbaoooo/vn_schools_scores_data/blob/main/craw-data/scores/HLU/2025.json
HLU,7340101,Quản trị kinh doanh,7340101,2025,https://github.com/kbaoooo/vn_schools_scores_data/blob/main/craw-data/scores/HLU/2025.json
HLU,7340301,Kế toán,7340301,2025,https://github.com/kbaoooo/vn_schools_scores_data/blob/main/craw-data/scores/HLU/2025.json
HLU,7480101,Khoa học máy tính,7480101,2025,https://github.com/kbaoooo/vn_schools_scores_data/blob/main/craw-data/scores/HLU/2025.json
HLU,7480201,Công nghệ thông tin,7480201,2025,https://github.com/kbaoooo/vn_schools_scores_data/blob/main/craw-data/scores/HLU/2025.json
HLU,7620301,Nuôi trồng thủy sản,7620301,2025,https://github.com/kbaoooo/vn_schools_scores_data/blob/main/craw-data/scores/HLU/2025.json
HLU,7810101,Du lịch và dịch vụ hàng không,7810101,2025,https://github.com/kbaoooo/vn_schools_scores_data/blob/main/craw-data/scores/HLU/2025.json
HLU,7810103,Quản trị dịch vụ du lịch và lữ hành,7810103,2025,https://github.com/kbaoooo/vn_schools_scores_data/blob/main/craw-data/scores/HLU/2025.json
HLU,7810201,Quản trị khách sạn,7810201,2025,https://github.com/kbaoooo/vn_schools_scores_data/blob/main/craw-data/scores/HLU/2025.json
HLU,7810202,Quản trị nhà hàng và dịch vụ ăn uống,7810202,2025,https://github.com/kbaoooo/vn_schools_scores_data/blob/main/craw-data/scores/HLU/2025.json
HLU,7850101,Quản lý tài nguyên và môi trường,7850101,2025,https://github.com/kbaoooo/vn_schools_scores_data/blob/main/craw-data/scores/HLU/2025.json
HNM,7140114,Quản lí Giáo dục,7140114,2025,https://github.com/kbaoooo/vn_schools_scores_data/blob/main/craw-data/scores/HNM/2025.json
HNM,7140201,Giáo dục Mầm non,7140201,2025,https://github.com/kbaoooo/vn_schools_scores_data/blob/main/craw-data/scores/HNM/2025.json
HNM,7140202,Giáo dục Tiểu học,7140202,2025,https://github.com/kbaoooo/vn_schools_scores_data/blob/main/craw-data/scores/HNM/2025.json
HNM,7140203,Giáo dục đặc biệt,7140203,2025,https://github.com/kbaoooo/vn_schools_scores_data/blob/main/craw-data/scores/HNM/2025.json
HNM,7140204,Giáo dục công dân,7140204,2025,https://github.com/kbaoooo/vn_schools_scores_data/blob/main/craw-data/scores/HNM/2025.json
HNM,7140206,Giáo dục thể chất,7140206,2025,https://github.com/kbaoooo/vn_schools_scores_data/blob/main/craw-data/scores/HNM/2025.json
HNM,7140209,Sư phạm Toán học,7140209,2025,https://github.com/kbaoooo/vn_schools_scores_data/blob/main/craw-data/scores/HNM/2025.json
HNM,7140210,Sư phạm Tin học,7140210,2025,https://github.com/kbaoooo/vn_schools_scores_data/blob/main/craw-data/scores/HNM/2025.json
HNM,7140211,Sư phạm Vật lí,7140211,2025,https://github.com/kbaoooo/vn_schools_scores_data/blob/main/craw-data/scores/HNM/2025.json
HNM,7140217,Sư phạm Ngữ văn,7140217,2025,https://github.com/kbaoooo/vn_schools_scores_data/blob/main/craw-data/scores/HNM/2025.json
HNM,7140218,Sư phạm Lịch sử,7140218,2025,https://github.com/kbaoooo/vn_schools_scores_data/blob/main/craw-data/scores/HNM/2025.json
HNM,7140231,Sư phạm Tiếng Anh,7140231,2025,https://github.com/kbaoooo/vn_schools_scores_data/blob/main/craw-data/scores/HNM/2025.json
HNM,7220201,Ngôn ngữ Anh,7220201,2025,https://github.com/kbaoooo/vn_schools_scores_data/blob/main/craw-data/scores/HNM/2025.json
HNM,7220204,Ngôn ngữ Trung Quốc,7220204,2025,https://github.com/kbaoooo/vn_schools_scores_data/blob/main/craw-data/scores/HNM/2025.json
HNM,7229030,Văn học,7229030,2025,https://github.com/kbaoooo/vn_schools_scores_data/blob/main/craw-data/scores/HNM/2025.json
HNM,7229040,Văn hóa học,7229040,2025,https://github.com/kbaoooo/vn_schools_scores_data/blob/main/craw-data/scores/HNM/2025.json
HNM,7310110,Quản lý kinh tế,7310110,2025,https://github.com/kbaoooo/vn_schools_scores_data/blob/main/craw-data/scores/HNM/2025.json
HNM,7310201,Chính trị học,7310201,2025,https://github.com/kbaoooo/vn_schools_scores_data/blob/main/craw-data/scores/HNM/2025.json
HNM,7310401,Tâm lí học,7310401,2025,https://github.com/kbaoooo/vn_schools_scores_data/blob/main/craw-data/scores/HNM/2025.json
HNM,7310630,Việt Nam học,7310630,2025,https://github.com/kbaoooo/vn_schools_scores_data/blob/main/craw-data/scores/HNM/2025.json
HNM,7340101,Quản trị kinh doanh,7340101,2025,https://github.com/kbaoooo/vn_schools_scores_data/blob/main/craw-data/scores/HNM/2025.json
HNM,7340201,Tài chính -Ngân hàng,7340201,2025,https://github.com/kbaoooo/vn_schools_scores_data/blob/main/craw-data/scores/HNM/2025.json
HNM,7340403,Quản lí công,7340403,2025,https://github.com/kbaoooo/vn_schools_scores_data/blob/main/craw-data/scores/HNM/2025.json
HNM,7380101,Luật,7380101,2025,https://github.com/kbaoooo/vn_schools_scores_data/blob/main/craw-data/scores/HNM/2025.json
HNM,7460112,Toán ứng dụng,7460112,2025,https://github.com/kbaoooo/vn_schools_scores_data/blob/main/craw-data/scores/HNM/2025.json
HNM,7480201,Công nghệ thông tin,7480201,2025,https://github.com/kbaoooo/vn_schools_scores_data/blob/main/craw-data/scores/HNM/2025.json
HNM,7510406,Công nghệ kĩ thuật môi trường,7510406,2025,https://github.com/kbaoooo/vn_schools_scores_data/blob/main/craw-data/scores/HNM/2025.json
HNM,7510605,Logistics và Quản lí chuỗi cung ứng,7510605,2025,https://github.com/kbaoooo/vn_schools_scores_data/blob/main/craw-data/scores/HNM/2025.json
HNM,7760101,Công tác xã hội,7760101,2025,https://github.com/kbaoooo/vn_schools_scores_data/blob/main/craw-data/scores/HNM/2025.json
HNM,7810103,Quản trị dịch vụ du lịch và lữ hành,7810103,2025,https://github.com/kbaoooo/vn_schools_scores_data/blob/main/craw-data/scores/HNM/2025.json
HNM,7810201,Quản trị khách sạn,7810201,2025,https://github.com/kbaoooo/vn_schools_scores_data/blob/main/craw-data/scores/HNM/2025.json
HPN,7310101,Kinh tế,7310101,2025,https://github.com/kbaoooo/vn_schools_scores_data/blob/main/craw-data/scores/HPN/2025.json
HPN,7310109,Kinh tế số,7310109,2025,https://github.com/kbaoooo/vn_schools_scores_data/blob/main/craw-data/scores/HPN/2025.json
HPN,7310399,Giới và phát triển,7310399,2025,https://github.com/kbaoooo/vn_schools_scores_data/blob/main/craw-data/scores/HPN/2025.json
HPN,7310401,Tâm lý học,7310401,2025,https://github.com/kbaoooo/vn_schools_scores_data/blob/main/craw-data/scores/HPN/2025.json
HPN,7320104,Truyền thông đa phương tiện,7320104,2025,https://github.com/kbaoooo/vn_schools_scores_data/blob/main/craw-data/scores/HPN/2025.json
HPN,7340101,Quản trị kinh doanh,7340101,2025,https://github.com/kbaoooo/vn_schools_scores_data/blob/main/craw-data/scores/HPN/2025.json
HPN,7340115,Marketing,7340115,2025,https://github.com/kbaoooo/vn_schools_scores_data/blob/main/craw-data/scores/HPN/2025.json
HPN,7380101,Luật,7380101,2025,https://github.com/kbaoooo/vn_schools_scores_data/blob/main/craw-data/scores/HPN/2025.json
HPN,7380107,Luật kinh tế,7380107,2025,https://github.com/kbaoooo/vn_schools_scores_data/blob/main/craw-data/scores/HPN/2025.json
HPN,7480201,Công nghệ thông tin,7480201,2025,https://github.com/kbaoooo/vn_schools_scores_data/blob/main/craw-data/scores/HPN/2025.json
HPN,7760101,Công tác xã hội,7760101,2025,https://github.com/kbaoooo/vn_schools_scores_data/blob/main/craw-data/scores/HPN/2025.json
HPN,7810103,Quản trị dịch vụ du lịch và lữ hành,7810103,2025,https://github.com/kbaoooo/vn_schools_scores_data/blob/main/craw-data/scores/HPN/2025.json
HPU,7220201,Ngôn ngữ Anh,7220201,2025,https://github.com/kbaoooo/vn_schools_scores_data/blob/main/craw-data/scores/HPU/2025.json
HPU,7310630,Việt Nam học,7310630,2025,https://github.com/kbaoooo/vn_schools_scores_data/blob/main/craw-data/scores/HPU/2025.json
HPU,7340101,Quản trị kinh doanh,7340101,2025,https://github.com/kbaoooo/vn_schools_scores_data/blob/main/craw-data/scores/HPU/2025.json
HPU,7480201,Công nghệ thông tin,7480201,2025,https://github.com/kbaoooo/vn_schools_scores_data/blob/main/craw-data/scores/HPU/2025.json
HPU,7510301,"Công nghệ kỹ thuật điện, điện tử",7510301,2025,https://github.com/kbaoooo/vn_schools_scores_data/blob/main/craw-data/scores/HPU/2025.json
HPU,7520320,Kỹ thuật môi trường,7520320,2025,https://github.com/kbaoooo/vn_schools_scores_data/blob/main/craw-data/scores/HPU/2025.json
HQH,7860202_B_A00,Chỉ huy tham mưu Hải quân (Thí sinh miền Bắc),7860202,2025,https://github.com/kbaoooo/vn_schools_scores_data/blob/main/craw-data/scores/HQH/2025.json
HQH,7860202_B_A01,Chỉ huy tham mưu Hải quân (Thí sinh miền Bắc),7860202,2025,https://github.com/kbaoooo/vn_schools_scores_data/blob/main/craw-data/scores/HQH/2025.json
HQH,7860202_B_C01,Chỉ huy tham mưu Hải quân (Thí sinh miền Bắc),7860202,2025,https://github.com/kbaoooo/vn_schools_scores_data/blob/main/craw-data/scores/HQH/2025.json
HQH,7860202_N_A00,Chỉ huy tham mưu Hải quân (Thí sinh miền Nam),7860202,2025,https://github.com/kbaoooo/vn_schools_scores_data/blob/main/craw-data/scores/HQH/2025.json
HQH,7860202_N_A01,Chỉ huy tham mưu Hải quân (Thí sinh miền Nam),7860202,2025,https://github.com/kbaoooo/vn_schools_scores_data/blob/main/craw-data/scores/HQH/2025.json
HQH,7860202_N_C01,Chỉ huy tham mưu Hải quân (Thí sinh miền Nam),7860202,2025,https://github.com/kbaoooo/vn_schools_scores_data/blob/main/craw-data/scores/HQH/2025.json
HQT,HQT01,Quan hệ quốc tế,,2025,https://github.com/kbaoooo/vn_schools_scores_data/blob/main/craw-data/scores/HQT/2025.json
HQT,HQT02,Ngôn ngữ Anh,,2025,https://github.com/kbaoooo/vn_schools_scores_data/blob/main/craw-data/scores/HQT/2025.json
HQT,HQT03,Kinh tế quốc tế,,2025,https://github.com/kbaoooo/vn_schools_scores_data/blob/main/craw-data/scores/HQT/2025.json
HQT,HQT04,Luật quốc tế,,2025,https://github.com/kbaoooo/vn_schools_scores_data/blob/main/craw-data/scores/HQT/2025.json
HQT,HQT05,Truyền thông quốc tế,,2025,https://github.com/kbaoooo/vn_schools_scores_data/blob/main/craw-data/scores/HQT/2025.json
HQT,HQT06,Kinh doanh quốc tế,,2025,https://github.com/kbaoooo/vn_schools_scores_data/blob/main/craw-data/scores/HQT/2025.json
HQT,HQT07,Luật thương mại quốc tế,,2025,https://github.com/kbaoooo/vn_schools_scores_data/blob/main/craw-data/scores/HQT/2025.json
HQT,HQT08-01,Hàn Quốc học,,2025,https://github.com/kbaoooo/vn_schools_scores_data/blob/main/craw-data/scores/HQT/2025.json
HQT,HQT08-02,Hoa Kỳ học,,2025,https://github.com/kbaoooo/vn_schools_scores_data/blob/main/craw-data/scores/HQT/2025.json
HQT,HQT08-03,Nhật Bản học,,2025,https://github.com/kbaoooo/vn_schools_scores_data/blob/main/craw-data/scores/HQT/2025.json
HQT,HQT08-04,Trung Quốc học,,2025,https://github.com/kbaoooo/vn_schools_scores_data/blob/main/craw-data/scores/HQT/2025.json
HSU,7210403,Thiết kế Đồ họa,7210403,2025,https://github.com/kbaoooo/vn_schools_scores_data/blob/main/craw-data/scores/HSU/2025.json
HSU,7210404,Thiết kế Thời trang,7210404,2025,https://github.com/kbaoooo/vn_schools_scores_data/blob/main/craw-data/scores/HSU/2025.json
HSU,7210408,Nghệ thuật số,7210408,2025,https://github.com/kbaoooo/vn_schools_scores_data/blob/main/craw-data/scores/HSU/2025.json
HSU,7220201,Ngôn ngữ Anh,7220201,2025,https://github.com/kbaoooo/vn_schools_scores_data/blob/main/craw-data/scores/HSU/2025.json
HSU,7220204,Ngôn ngữ Trung Quốc,7220204,2025,https://github.com/kbaoooo/vn_schools_scores_data/blob/main/craw-data/scores/HSU/2025.json
HSU,7220210,Ngôn ngữ Hàn Quốc,7220210,2025,https://github.com/kbaoooo/vn_schools_scores_data/blob/main/craw-data/scores/HSU/2025.json
HSU,7310113,Kinh tế thể thao,7310113,2025,https://github.com/kbaoooo/vn_schools_scores_data/blob/main/craw-data/scores/HSU/2025.json
HSU,7310401,Tâm lý học,7310401,2025,https://github.com/kbaoooo/vn_schools_scores_data/blob/main/craw-data/scores/HSU/2025.json
HSU,7320104,Truyền thông đa phương tiện,7320104,2025,https://github.com/kbaoooo/vn_schools_scores_data/blob/main/craw-data/scores/HSU/2025.json
HSU,7320108,Quan hệ công chúng,7320108,2025,https://github.com/kbaoooo/vn_schools_scores_data/blob/main/craw-data/scores/HSU/2025.json
HSU,7340101,Quản trị kinh doanh,7340101,2025,https://github.com/kbaoooo/vn_schools_scores_data/blob/main/craw-data/scores/HSU/2025.json
HSU,7340114,Digital Marketing,7340114,2025,https://github.com/kbaoooo/vn_schools_scores_data/blob/main/craw-data/scores/HSU/2025.json
HSU,7340115,Marketing,7340115,2025,https://github.com/kbaoooo/vn_schools_scores_data/blob/main/craw-data/scores/HSU/2025.json
HSU,7340120,Kinh doanh Quốc tế,7340120,2025,https://github.com/kbaoooo/vn_schools_scores_data/blob/main/craw-data/scores/HSU/2025.json
HSU,7340122,Thương mại điện tử,7340122,2025,https://github.com/kbaoooo/vn_schools_scores_data/blob/main/craw-data/scores/HSU/2025.json
HSU,7340201,Tài chính – Ngân hàng,7340201,2025,https://github.com/kbaoooo/vn_schools_scores_data/blob/main/craw-data/scores/HSU/2025.json
HSU,7340205,Công nghệ tài chính,7340205,2025,https://github.com/kbaoooo/vn_schools_scores_data/blob/main/craw-data/scores/HSU/2025.json
HSU,7340301,Kế toán,7340301,2025,https://github.com/kbaoooo/vn_schools_scores_data/blob/main/craw-data/scores/HSU/2025.json
HSU,7340404,Quản trị Nhân lực,7340404,2025,https://github.com/kbaoooo/vn_schools_scores_data/blob/main/craw-data/scores/HSU/2025.json
HSU,7340410,Quản trị công nghệ truyền thông,7340410,2025,https://github.com/kbaoooo/vn_schools_scores_data/blob/main/craw-data/scores/HSU/2025.json
HSU,7340412,Quản trị sự kiện,7340412,2025,https://github.com/kbaoooo/vn_schools_scores_data/blob/main/craw-data/scores/HSU/2025.json
HSU,7380101,Luật,7380101,2025,https://github.com/kbaoooo/vn_schools_scores_data/blob/main/craw-data/scores/HSU/2025.json
HSU,7380107,Luật Kinh tế,7380107,2025,https://github.com/kbaoooo/vn_schools_scores_data/blob/main/craw-data/scores/HSU/2025.json
HSU,7480103,Kỹ thuật phần mềm,7480103,2025,https://github.com/kbaoooo/vn_schools_scores_data/blob/main/craw-data/scores/HSU/2025.json
HSU,7480107,Trí tuệ nhân tạo,7480107,2025,https://github.com/kbaoooo/vn_schools_scores_data/blob/main/craw-data/scores/HSU/2025.json
HSU,7480201,Công nghệ thông tin,7480201,2025,https://github.com/kbaoooo/vn_schools_scores_data/blob/main/craw-data/scores/HSU/2025.json
HSU,7510605,Logistics & Quản lý chuỗi cung ứng,7510605,2025,https://github.com/kbaoooo/vn_schools_scores_data/blob/main/craw-data/scores/HSU/2025.json
HSU,7580108,Thiết kế Nội thất,7580108,2025,https://github.com/kbaoooo/vn_schools_scores_data/blob/main/craw-data/scores/HSU/2025.json
HSU,7810103,Quản trị dịch vụ Du lịch & Lữ hành,7810103,2025,https://github.com/kbaoooo/vn_schools_scores_data/blob/main/craw-data/scores/HSU/2025.json
HSU,7810201,Quản trị khách sạn,7810201,2025,https://github.com/kbaoooo/vn_schools_scores_data/blob/main/craw-data/scores/HSU/2025.json
HSU,7810202,Quản trị nhà hàng & Dịch vụ ăn uống,7810202,2025,https://github.com/kbaoooo/vn_schools_scores_data/blob/main/craw-data/scores/HSU/2025.json
HTA,7380101_NAM_B,Luật (Thí sinh nam miền Bắc),7380101,2025,https://github.com/kbaoooo/vn_schools_scores_data/blob/main/craw-data/scores/HTA/2025.json
HTA,7380101_NAM_N,Luật (Thí sinh nam miền Nam),7380101,2025,https://github.com/kbaoooo/vn_schools_scores_data/blob/main/craw-data/scores/HTA/2025.json
HTA,7380101_NU_B,Luật (Thí sinh nữ miền Bắc),7380101,2025,https://github.com/kbaoooo/vn_schools_scores_data/blob/main/craw-data/scores/HTA/2025.json
HTA,7380101_NU_N,Luật (Thí sinh nữ miền Nam),7380101,2025,https://github.com/kbaoooo/vn_schools_scores_data/blob/main/craw-data/scores/HTA/2025.json
HTC,7220201,Tiếng Anh tài chính kế toán,7220201,2025,https://github.com/kbaoooo/vn_schools_scores_data/blob/main/craw-data/scores/HTC/2025.json
HTC,7310101,Kinh tế và quản lý nguồn lực tài chính,7310101,2025,https://github.com/kbaoooo/vn_schools_scores_data/blob/main/craw-data/scores/HTC/2025.json
HTC,7310102,Kinh tế chính trị - tài chính,7310102,2025,https://github.com/kbaoooo/vn_schools_scores_data/blob/main/craw-data/scores/HTC/2025.json
HTC,7310104,Kinh tế đầu tư,7310104,2025,https://github.com/kbaoooo/vn_schools_scores_data/blob/main/craw-data/scores/HTC/2025.json
HTC,7310104QT12.01,Kinh tế đầu tư (Theo định hướng ACCA),7310104,2025,https://github.com/kbaoooo/vn_schools_scores_data/blob/main/craw-data/scores/HTC/2025.json
HTC,7310108,Toán tài chính,7310108,2025,https://github.com/kbaoooo/vn_schools_scores_data/blob/main/craw-data/scores/HTC/2025.json
HTC,7340101,Quản trị doanh nghiệp; Quản trị kinh doanh du lịch,7340101,2025,https://github.com/kbaoooo/vn_schools_scores_data/blob/main/craw-data/scores/HTC/2025.json
HTC,7340101QT03.01,Quản trị doanh nghiệp (Theo định hướng ICAEW CFAB),7340101,2025,https://github.com/kbaoooo/vn_schools_scores_data/blob/main/craw-data/scores/HTC/2025.json
HTC,7340115,Marketing,7340115,2025,https://github.com/kbaoooo/vn_schools_scores_data/blob/main/craw-data/scores/HTC/2025.json
HTC,7340115QT11.02,Digital Marketing (Theo định hướng ICDL),7340115,2025,https://github.com/kbaoooo/vn_schools_scores_data/blob/main/craw-data/scores/HTC/2025.json
HTC,7340116,Thẩm định giá và kinh doanh bất động sản,7340116,2025,https://github.com/kbaoooo/vn_schools_scores_data/blob/main/craw-data/scores/HTC/2025.json
HTC,7340116QT09.01,Thẩm định giá và kinh doanh bất động sản (Theo định hướng ACCA),7340116,2025,https://github.com/kbaoooo/vn_schools_scores_data/blob/main/craw-data/scores/HTC/2025.json
HTC,7340120QT15.01,Kinh doanh quốc tế (Theo định hướng ICAEW CFAB),7340120,2025,https://github.com/kbaoooo/vn_schools_scores_data/blob/main/craw-data/scores/HTC/2025.json
HTC,73402011,Tài chính - Ngân hàng 1 (CN Thuế; Hải quan và Nghiệp vụ ngoại thương; Tài chính quốc tế,7340201,2025,https://github.com/kbaoooo/vn_schools_scores_data/blob/main/craw-data/scores/HTC/2025.json
HTC,73402012,Tài chính - Ngân hàng 2 (CN Tài chính doanh nghiệp; Phân tích tài chính),7340201,2025,https://github.com/kbaoooo/vn_schools_scores_data/blob/main/craw-data/scores/HTC/2025.json
HTC,73402013,Tài chính - Ngân hàng 3 (CN Ngân hàng; Đầu tư tài chính),7340201,2025,https://github.com/kbaoooo/vn_schools_scores_data/blob/main/craw-data/scores/HTC/2025.json
HTC,7340201QT01.01,Thuế và Quản trị thuế (Theo định hướng ACCA),7340201,2025,https://github.com/kbaoooo/vn_schools_scores_data/blob/main/craw-data/scores/HTC/2025.json
HTC,7340201QT01.06,Hải quan và Logistics (Theo định hướng FIATA),7340201,2025,https://github.com/kbaoooo/vn_schools_scores_data/blob/main/craw-data/scores/HTC/2025.json
HTC,7340201QT01.09,Phân tích tài chính (Theo định hướng ICAEW CFAB),7340201,2025,https://github.com/kbaoooo/vn_schools_scores_data/blob/main/craw-data/scores/HTC/2025.json
HTC,7340201QT01.11,Tài chính doanh nghiệp (Theo định hướng ACCA),7340201,2025,https://github.com/kbaoooo/vn_schools_scores_data/blob/main/craw-data/scores/HTC/2025.json
HTC,7340201QT01.15,Ngân hàng (Theo định hướng ICAEW CFAB),7340201,2025,https://github.com/kbaoooo/vn_schools_scores_data/blob/main/craw-data/scores/HTC/2025.json
HTC,7340201QT01.19,Đầu tư tài chính (Theo định hướng ICAEW CFAB),7340201,2025,https://github.com/kbaoooo/vn_schools_scores_data/blob/main/craw-data/scores/HTC/2025.json
HTC,7340204,Tài chính bảo hiểm,7340204,2025,https://github.com/kbaoooo/vn_schools_scores_data/blob/main/craw-data/scores/HTC/2025.json
HTC,7340301,Kế toán doanh nghiệp; Kế toán công,7340301,2025,https://github.com/kbaoooo/vn_schools_scores_data/blob/main/craw-data/scores/HTC/2025.json
HTC,7340301QT02.01,Kế toán doanh nghiệp (Theo định hướng ACCA),7340301,2025,https://github.com/kbaoooo/vn_schools_scores_data/blob/main/craw-data/scores/HTC/2025.json
HTC,7340301QT02.02,Kế toán quản trị và Kiểm soát quản lý (Theo định hướng CMA),7340301,2025,https://github.com/kbaoooo/vn_schools_scores_data/blob/main/craw-data/scores/HTC/2025.json
HTC,7340301QT02.03,Kế toán công (Theo định hướng ACCA),7340301,2025,https://github.com/kbaoooo/vn_schools_scores_data/blob/main/craw-data/scores/HTC/2025.json
HTC,7340302,Kiểm toán,7340302,2025,https://github.com/kbaoooo/vn_schools_scores_data/blob/main/craw-data/scores/HTC/2025.json
HTC,7340302QT10.01,Kiểm toán (Theo định hướng ICAEW CFAB),7340302,2025,https://github.com/kbaoooo/vn_schools_scores_data/blob/main/craw-data/scores/HTC/2025.json
HTC,7340403,Quản lý tài chính công,7340403,2025,https://github.com/kbaoooo/vn_schools_scores_data/blob/main/craw-data/scores/HTC/2025.json
HTC,7340405,Tin học tài chính kế toán,7340405,2025,https://github.com/kbaoooo/vn_schools_scores_data/blob/main/craw-data/scores/HTC/2025.json
HTC,7380101,Luật kinh doanh,7380101,2025,https://github.com/kbaoooo/vn_schools_scores_data/blob/main/craw-data/scores/HTC/2025.json
HTC,7460108,Khoa học dữ liệu trong tài chính,7460108,2025,https://github.com/kbaoooo/vn_schools_scores_data/blob/main/craw-data/scores/HTC/2025.json
HTC,7480201,Trí tuệ nhân tạo trong tài chính kế toán,7480201,2025,https://github.com/kbaoooo/vn_schools_scores_data/blob/main/craw-data/scores/HTC/2025.json
HTN,7310101,Kinh tế,7310101,2025,https://github.com/kbaoooo/vn_schools_scores_data/blob/main/craw-data/scores/HTN/2025.json
HTN,7310202,Xây dựng Đảng và Chính quyền Nhà nước,7310202,2025,https://github.com/kbaoooo/vn_schools_scores_data/blob/main/craw-data/scores/HTN/2025.json
HTN,7310202,Xây dựng Đảng và Chính quyền Nhà nước - Đào tạo tại TPHCM,7310202,2025,https://github.com/kbaoooo/vn_schools_scores_data/blob/main/craw-data/scores/HTN/2025.json
HTN,7310205,Quản lý Nhà nước,7310205,2025,https://github.com/kbaoooo/vn_schools_scores_data/blob/main/craw-data/scores/HTN/2025.json
HTN,7310401,Tâm lý học,7310401,2025,https://github.com/kbaoooo/vn_schools_scores_data/blob/main/craw-data/scores/HTN/2025.json
HTN,7320108,Quan hệ Công chúng,7320108,2025,https://github.com/kbaoooo/vn_schools_scores_data/blob/main/craw-data/scores/HTN/2025.json
HTN,7380101,Luật,7380101,2025,https://github.com/kbaoooo/vn_schools_scores_data/blob/main/craw-data/scores/HTN/2025.json
HTN,7380101,Luật - Đào tạo tại TPHCM,7380101,2025,https://github.com/kbaoooo/vn_schools_scores_data/blob/main/craw-data/scores/HTN/2025.json
HTN,7480201,Công nghệ thông tin,7480201,2025,https://github.com/kbaoooo/vn_schools_scores_data/blob/main/craw-data/scores/HTN/2025.json
HTN,7760101,Công tác Xã hội,7760101,2025,https://github.com/kbaoooo/vn_schools_scores_data/blob/main/craw-data/scores/HTN/2025.json
HTN,7760102,Công tác Thanh thiếu niên - Đào tạo tại TPHCM,7760102,2025,https://github.com/kbaoooo/vn_schools_scores_data/blob/main/craw-data/scores/HTN/2025.json
HTN,7760102,Công tác Thanh thiếu niên,7760102,2025,https://github.com/kbaoooo/vn_schools_scores_data/blob/main/craw-data/scores/HTN/2025.json
HVC,7310201,Chính trị học,7310201,2025,https://github.com/kbaoooo/vn_schools_scores_data/blob/main/craw-data/scores/HVC/2025.json
HVC,7310202,Xây dựng Đảng và Chính quyền nhà nước,7310202,2025,https://github.com/kbaoooo/vn_schools_scores_data/blob/main/craw-data/scores/HVC/2025.json
HVC,7310205,Quản lý nhà nước,7310205,2025,https://github.com/kbaoooo/vn_schools_scores_data/blob/main/craw-data/scores/HVC/2025.json
HVC,7380101,Luật,7380101,2025,https://github.com/kbaoooo/vn_schools_scores_data/blob/main/craw-data/scores/HVC/2025.json
HVC,7760101,Công tác xã hội,7760101,2025,https://github.com/kbaoooo/vn_schools_scores_data/blob/main/craw-data/scores/HVC/2025.json
HVD,TS2025,Kinh tế giáo dục vùng dân tộc thiểu số,,2025,https://github.com/kbaoooo/vn_schools_scores_data/blob/main/craw-data/scores/HVD/2025.json
HVN,HVN01,Thú y,,2025,https://github.com/kbaoooo/vn_schools_scores_data/blob/main/craw-data/scores/HVN/2025.json
HVN,HVN02,Chăn nuôi thú y - Thủy sản,,2025,https://github.com/kbaoooo/vn_schools_scores_data/blob/main/craw-data/scores/HVN/2025.json
HVN,HVN03,Nông nghiệp và Cảnh quan,,2025,https://github.com/kbaoooo/vn_schools_scores_data/blob/main/craw-data/scores/HVN/2025.json
HVN,HVN04,Công nghệ kỹ thuật ô tô và Cơ điện tử,,2025,https://github.com/kbaoooo/vn_schools_scores_data/blob/main/craw-data/scores/HVN/2025.json
HVN,HVN05,Kỹ thuật cơ khí,,2025,https://github.com/kbaoooo/vn_schools_scores_data/blob/main/craw-data/scores/HVN/2025.json
HVN,HVN06,"Kỹ thuật điện, Điện tử và Tự động hóa",,2025,https://github.com/kbaoooo/vn_schools_scores_data/blob/main/craw-data/scores/HVN/2025.json
HVN,HVN07,Logistics và Quản lý chuỗi cung ứng,,2025,https://github.com/kbaoooo/vn_schools_scores_data/blob/main/craw-data/scores/HVN/2025.json
HVN,HVN08,"Kế toán, Quản trị kinh doanh và Thương mại",,2025,https://github.com/kbaoooo/vn_schools_scores_data/blob/main/craw-data/scores/HVN/2025.json
HVN,HVN09,Công nghệ sinh học và Công nghệ dược liệu,,2025,https://github.com/kbaoooo/vn_schools_scores_data/blob/main/craw-data/scores/HVN/2025.json
HVN,HVN10,Công nghệ thực phẩm và Chế biến,,2025,https://github.com/kbaoooo/vn_schools_scores_data/blob/main/craw-data/scores/HVN/2025.json
HVN,HVN11,Kinh tế và Quản lý,,2025,https://github.com/kbaoooo/vn_schools_scores_data/blob/main/craw-data/scores/HVN/2025.json
HVN,HVN12,Xã hội học,,2025,https://github.com/kbaoooo/vn_schools_scores_data/blob/main/craw-data/scores/HVN/2025.json
HVN,HVN13,Luật,,2025,https://github.com/kbaoooo/vn_schools_scores_data/blob/main/craw-data/scores/HVN/2025.json
HVN,HVN14,Công nghệ thông tin và Kỹ thuật số,,2025,https://github.com/kbaoooo/vn_schools_scores_data/blob/main/craw-data/scores/HVN/2025.json
HVN,HVN15,"Quản lý đất đai, Bất động sản và Môi trường",,2025,https://github.com/kbaoooo/vn_schools_scores_data/blob/main/craw-data/scores/HVN/2025.json
HVN,HVN16,Khoa học Môi trường,,2025,https://github.com/kbaoooo/vn_schools_scores_data/blob/main/craw-data/scores/HVN/2025.json
HVN,HVN17,Ngôn ngữ Anh,,2025,https://github.com/kbaoooo/vn_schools_scores_data/blob/main/craw-data/scores/HVN/2025.json
HVN,HVN18,Sư phạm Công nghệ,,2025,https://github.com/kbaoooo/vn_schools_scores_data/blob/main/craw-data/scores/HVN/2025.json
HVN,HVN19,Du lịch,,2025,https://github.com/kbaoooo/vn_schools_scores_data/blob/main/craw-data/scores/HVN/2025.json
HVQ,7140101,Giáo dục học (GD trẻ rối loạn phát triển),7140101,2025,https://github.com/kbaoooo/vn_schools_scores_data/blob/main/craw-data/scores/HVQ/2025.json
HVQ,7140114,Quản lý giáo dục,7140114,2025,https://github.com/kbaoooo/vn_schools_scores_data/blob/main/craw-data/scores/HVQ/2025.json
HVQ,7220201,Ngôn ngữ Anh,7220201,2025,https://github.com/kbaoooo/vn_schools_scores_data/blob/main/craw-data/scores/HVQ/2025.json
HVQ,7310101,Kinh tế,7310101,2025,https://github.com/kbaoooo/vn_schools_scores_data/blob/main/craw-data/scores/HVQ/2025.json
HVQ,7310403,Tâm lý học giáo dục,7310403,2025,https://github.com/kbaoooo/vn_schools_scores_data/blob/main/craw-data/scores/HVQ/2025.json
HVQ,7340406,Quản trị văn phòng,7340406,2025,https://github.com/kbaoooo/vn_schools_scores_data/blob/main/craw-data/scores/HVQ/2025.json
HVQ,7480201,Công nghệ thông tin,7480201,2025,https://github.com/kbaoooo/vn_schools_scores_data/blob/main/craw-data/scores/HVQ/2025.json
HYD,7720101,Y khoa,7720101,2025,https://github.com/kbaoooo/vn_schools_scores_data/blob/main/craw-data/scores/HYD/2025.json
HYD,7720115,Y học cổ truyền,7720115,2025,https://github.com/kbaoooo/vn_schools_scores_data/blob/main/craw-data/scores/HYD/2025.json
HYD,7720201,Dược học,7720201,2025,https://github.com/kbaoooo/vn_schools_scores_data/blob/main/craw-data/scores/HYD/2025.json
IUH,7210404,Thiết kế thời trang,7210404,2025,https://github.com/kbaoooo/vn_schools_scores_data/blob/main/craw-data/scores/IUH/2025.json
IUH,7220201,Nhóm ngành Ngôn ngữ gồm 02 ngành: Ngôn ngữ Anh; Ngôn ngữ Trung,7220201,2025,https://github.com/kbaoooo/vn_schools_scores_data/blob/main/craw-data/scores/IUH/2025.json
IUH,7340101,Quản trị kinh doanh (Đào tạo tại Quảng Ngãi),7340101,2025,https://github.com/kbaoooo/vn_schools_scores_data/blob/main/craw-data/scores/IUH/2025.json
IUH,7340101,Quản trị kinh doanh gồm 03 chuyên ngành: Quản trị kinh doanh; Quản trị nguồn nhân lực; Logistics và Quản lý chuỗi cung ứng,7340101,2025,https://github.com/kbaoooo/vn_schools_scores_data/blob/main/craw-data/scores/IUH/2025.json
IUH,7340101C,Quản trị kinh doanh (CT tăng cường TA),7340101,2025,https://github.com/kbaoooo/vn_schools_scores_data/blob/main/craw-data/scores/IUH/2025.json
IUH,7340115,Marketing gồm 02 chuyên ngành: Marketing; Digital Marketing,7340115,2025,https://github.com/kbaoooo/vn_schools_scores_data/blob/main/craw-data/scores/IUH/2025.json
IUH,7340115C,Marketing gồm 02 chuyên ngành: Marketing; Digital Marketing (CT tăng cường TA),7340115,2025,https://github.com/kbaoooo/vn_schools_scores_data/blob/main/craw-data/scores/IUH/2025.json
IUH,7340120,Kinh doanh quốc tế,7340120,2025,https://github.com/kbaoooo/vn_schools_scores_data/blob/main/craw-data/scores/IUH/2025.json
IUH,7340120C,Kinh doanh quốc tế (CT tăng cường TA),7340120,2025,https://github.com/kbaoooo/vn_schools_scores_data/blob/main/craw-data/scores/IUH/2025.json
IUH,7340122,Thương mại điện tử,7340122,2025,https://github.com/kbaoooo/vn_schools_scores_data/blob/main/craw-data/scores/IUH/2025.json
IUH,7340122C,Thương mại điện tử (CT tăng cường TA),7340122,2025,https://github.com/kbaoooo/vn_schools_scores_data/blob/main/craw-data/scores/IUH/2025.json
IUH,7340201,Nhóm Tài chính ngân hàng gồm 02 ngành: Ngân hàng; Công nghệ tài chính,7340201,2025,https://github.com/kbaoooo/vn_schools_scores_data/blob/main/craw-data/scores/IUH/2025.json
IUH,7340201C,Tài chính ngân hàng (CT tăng cường TA),7340201,2025,https://github.com/kbaoooo/vn_schools_scores_data/blob/main/craw-data/scores/IUH/2025.json
IUH,7340301,Kế toán,7340301,2025,https://github.com/kbaoooo/vn_schools_scores_data/blob/main/craw-data/scores/IUH/2025.json
IUH,7340301,Kế toán (Đào tạo tại Quảng Ngãi),7340301,2025,https://github.com/kbaoooo/vn_schools_scores_data/blob/main/craw-data/scores/IUH/2025.json
IUH,7340301C,Kế toán (CT tăng cường TA),7340301,2025,https://github.com/kbaoooo/vn_schools_scores_data/blob/main/craw-data/scores/IUH/2025.json
IUH,7340301Q,Kế toán tích hợp chứng chỉ quốc tế Advanced Diploma in Accounting & Business của Hiệp hội Kế toán công chứng Anh (ACCA),7340301,2025,https://github.com/kbaoooo/vn_schools_scores_data/blob/main/craw-data/scores/IUH/2025.json
IUH,7340302,Kiểm toán,7340302,2025,https://github.com/kbaoooo/vn_schools_scores_data/blob/main/craw-data/scores/IUH/2025.json
IUH,7340302C,Kiểm toán (CT tăng cường TA),7340302,2025,https://github.com/kbaoooo/vn_schools_scores_data/blob/main/craw-data/scores/IUH/2025.json
IUH,7340302Q,Kiểm toán tích hợp chứng chỉ quốc tế CFAB của Viện Kế toán Công chứng Anh và xứ Wales (ICAEW),7340302,2025,https://github.com/kbaoooo/vn_schools_scores_data/blob/main/craw-data/scores/IUH/2025.json
IUH,7380107,Luật kinh tế,7380107,2025,https://github.com/kbaoooo/vn_schools_scores_data/blob/main/craw-data/scores/IUH/2025.json
IUH,7380107C,Luật kinh tế (CT tăng cường TA),7380107,2025,https://github.com/kbaoooo/vn_schools_scores_data/blob/main/craw-data/scores/IUH/2025.json
IUH,7380108,Luật quốc tế,7380108,2025,https://github.com/kbaoooo/vn_schools_scores_data/blob/main/craw-data/scores/IUH/2025.json
IUH,7380108C,Luật quốc tế (CT tăng cường TA),7380108,2025,https://github.com/kbaoooo/vn_schools_scores_data/blob/main/craw-data/scores/IUH/2025.json
IUH,7420201,Công nghệ sinh học,7420201,2025,https://github.com/kbaoooo/vn_schools_scores_data/blob/main/craw-data/scores/IUH/2025.json
IUH,7420201C,Công nghệ sinh học (CT tăng cường TA),7420201,2025,https://github.com/kbaoooo/vn_schools_scores_data/blob/main/craw-data/scores/IUH/2025.json
IUH,7480108,Kỹ thuật máy tính gồm 02 chuyên ngành: Công nghệ kỹ thuật máy tính; Kỹ thuật thiết kế vi mạch,7480108,2025,https://github.com/kbaoooo/vn_schools_scores_data/blob/main/craw-data/scores/IUH/2025.json
IUH,7480108C,Kỹ thuật máy tính gồm 02 chuyên ngành: Công nghệ kỹ thuật máy tính; Kỹ thuật thiết kế vi mạch (CT tăng cường TA),7480108,2025,https://github.com/kbaoooo/vn_schools_scores_data/blob/main/craw-data/scores/IUH/2025.json
IUH,7480201,Công nghệ thông tin (Đào tạo tại Quảng Ngãi),7480201,2025,https://github.com/kbaoooo/vn_schools_scores_data/blob/main/craw-data/scores/IUH/2025.json
IUH,7480201,Nhóm ngành Công nghệ thông tin gồm 04 ngành Công nghệ thông tin; Kỹ thuật phần mềm; Khoa học máy tính; Hệ thống thông tin; và 02 chuyên ngành: Trí tuệ nhân tạo; Khoa học dữ liệu,7480201,2025,https://github.com/kbaoooo/vn_schools_scores_data/blob/main/craw-data/scores/IUH/2025.json
IUH,7480201C,Nhóm ngành Công nghệ thông tin gồm 04 ngành: Công nghệ thông tin; Kỹ thuật phần mềm; Khoa học máy tính; Hệ thống thông tin. (CT tăng cường TA),7480201,2025,https://github.com/kbaoooo/vn_schools_scores_data/blob/main/craw-data/scores/IUH/2025.json
IUH,7510201,Công nghệ kỹ thuật cơ khí,7510201,2025,https://github.com/kbaoooo/vn_schools_scores_data/blob/main/craw-data/scores/IUH/2025.json
IUH,7510201,Công nghệ kỹ thuật cơ khí (Đào tạo tại Quảng Ngãi),7510201,2025,https://github.com/kbaoooo/vn_schools_scores_data/blob/main/craw-data/scores/IUH/2025.json
IUH,7510201C,Công nghệ kỹ thuật cơ khí (CT tăng cường TA),7510201,2025,https://github.com/kbaoooo/vn_schools_scores_data/blob/main/craw-data/scores/IUH/2025.json
IUH,7510202,Công nghệ chế tạo máy,7510202,2025,https://github.com/kbaoooo/vn_schools_scores_data/blob/main/craw-data/scores/IUH/2025.json
IUH,7510202C,Công nghệ chế tạo máy (CT tăng cường TA),7510202,2025,https://github.com/kbaoooo/vn_schools_scores_data/blob/main/craw-data/scores/IUH/2025.json
IUH,7510203,Công nghệ kỹ thuật cơ điện tử,7510203,2025,https://github.com/kbaoooo/vn_schools_scores_data/blob/main/craw-data/scores/IUH/2025.json
IUH,7510203C,Công nghệ kỹ thuật cơ điện tử (CT tăng cường TA),7510203,2025,https://github.com/kbaoooo/vn_schools_scores_data/blob/main/craw-data/scores/IUH/2025.json
IUH,7510205,Công nghệ kỹ thuật ô tô (Đào tạo tại Quảng Ngãi),7510205,2025,https://github.com/kbaoooo/vn_schools_scores_data/blob/main/craw-data/scores/IUH/2025.json
IUH,7510205,Công nghệ kỹ thuật ô tô gồm 02 chuyên ngành: Công nghệ kỹ thuật ô tô; Công nghệ kỹ thuật ô tô điện,7510205,2025,https://github.com/kbaoooo/vn_schools_scores_data/blob/main/craw-data/scores/IUH/2025.json
IUH,7510205C,Công nghệ kỹ thuật ô tô (CT tăng cường TA),7510205,2025,https://github.com/kbaoooo/vn_schools_scores_data/blob/main/craw-data/scores/IUH/2025.json
IUH,7510206,Công nghệ kỹ thuật nhiệt gồm 03 chuyên ngành: Công nghệ kỹ thuật nhiệt; Công nghệ kỹ thuật năng lượng; Quản lý năng lượng,7510206,2025,https://github.com/kbaoooo/vn_schools_scores_data/blob/main/craw-data/scores/IUH/2025.json
IUH,7510206C,Công nghệ kỹ thuật nhiệt (CT tăng cường TA),7510206,2025,https://github.com/kbaoooo/vn_schools_scores_data/blob/main/craw-data/scores/IUH/2025.json
IUH,7510301,"Công nghệ kỹ thuật điện, điện tử (Đào tạo tại Quảng Ngãi)",7510301,2025,https://github.com/kbaoooo/vn_schools_scores_data/blob/main/craw-data/scores/IUH/2025.json
IUH,7510301,"Công nghệ kỹ thuật điện, điện tử gồm 03 chuyên ngành: Công nghệ kỹ thuật điện, điện tử; Năng lượng tái tạo; Điện hạt nhân",7510301,2025,https://github.com/kbaoooo/vn_schools_scores_data/blob/main/craw-data/scores/IUH/2025.json
IUH,7510301C,"Công nghệ kỹ thuật điện, điện tử gồm 02 chuyên ngành: Công nghệ kỹ thuật điện, điện tử; Năng lượng tái tạo (CT tăng cường TA)",7510301,2025,https://github.com/kbaoooo/vn_schools_scores_data/blob/main/craw-data/scores/IUH/2025.json
IUH,7510302,Công nghệ kỹ thuật điện tử - viễn thông gồm 03 chuyên ngành: Điện tử công nghiệp; Điện tử viễn thông; IOT và Trí tuệ nhân tạo ứng dụng,7510302,2025,https://github.com/kbaoooo/vn_schools_scores_data/blob/main/craw-data/scores/IUH/2025.json
IUH,7510302C,Công nghệ kỹ thuật điện tử - viễn thông gồm 02 chuyên ngành: Điện tử công nghiệp; Điện tử viễn thông (CT tăng cường TA),7510302,2025,https://github.com/kbaoooo/vn_schools_scores_data/blob/main/craw-data/scores/IUH/2025.json
IUH,7510303,Tự động hóa gồm 02 chuyên ngành: Công nghệ kỹ thuật điều khiển và tự động hóa; Robot và hệ thống điều khiển thông minh,7510303,2025,https://github.com/kbaoooo/vn_schools_scores_data/blob/main/craw-data/scores/IUH/2025.json
IUH,7510303C,Tự động hóa gồm 02 chuyên ngành: Công nghệ kỹ thuật điều khiển và tự động hóa; Robot và hệ thống điều khiển thông minh (CT tăng cường TA),7510303,2025,https://github.com/kbaoooo/vn_schools_scores_data/blob/main/craw-data/scores/IUH/2025.json
IUH,7510401,Công nghệ hóa học gồm 03 chuyên ngành: Công nghệ kỹ thuật hóa học; Kỹ thuật hóa phân tích; Hóa dược.,7510401,2025,https://github.com/kbaoooo/vn_schools_scores_data/blob/main/craw-data/scores/IUH/2025.json
IUH,7510401C,Công nghệ hóa học gồm 03 chuyên ngành: Công nghệ kỹ thuật hóa học; Kỹ thuật hóa phân tích; Hóa dược. (CT tăng cường TA),7510401,2025,https://github.com/kbaoooo/vn_schools_scores_data/blob/main/craw-data/scores/IUH/2025.json
IUH,7510406,Công nghệ kỹ thuật môi trường,7510406,2025,https://github.com/kbaoooo/vn_schools_scores_data/blob/main/craw-data/scores/IUH/2025.json
IUH,7540101,Công nghệ thực phẩm,7540101,2025,https://github.com/kbaoooo/vn_schools_scores_data/blob/main/craw-data/scores/IUH/2025.json
IUH,7540101C,Công nghệ thực phẩm (CT tăng cường TA),7540101,2025,https://github.com/kbaoooo/vn_schools_scores_data/blob/main/craw-data/scores/IUH/2025.json
IUH,7540106,Đảm bảo chất lượng và An toàn thực phẩm,7540106,2025,https://github.com/kbaoooo/vn_schools_scores_data/blob/main/craw-data/scores/IUH/2025.json
IUH,7540204,"Công nghệ dệt, may",7540204,2025,https://github.com/kbaoooo/vn_schools_scores_data/blob/main/craw-data/scores/IUH/2025.json
IUH,7580201,Kỹ thuật xây dựng,7580201,2025,https://github.com/kbaoooo/vn_schools_scores_data/blob/main/craw-data/scores/IUH/2025.json
IUH,7580205,Kỹ thuật xây dựng công trình giao thông,7580205,2025,https://github.com/kbaoooo/vn_schools_scores_data/blob/main/craw-data/scores/IUH/2025.json
IUH,7580302,Quản lý xây dựng,7580302,2025,https://github.com/kbaoooo/vn_schools_scores_data/blob/main/craw-data/scores/IUH/2025.json
IUH,7720201,Dược học,7720201,2025,https://github.com/kbaoooo/vn_schools_scores_data/blob/main/craw-data/scores/IUH/2025.json
IUH,7720497,Dinh dưỡng và Khoa học thực phẩm,7720497,2025,https://github.com/kbaoooo/vn_schools_scores_data/blob/main/craw-data/scores/IUH/2025.json
IUH,7810103,Quản trị dịch vụ du lịch và lữ hành gồm 03 chuyên ngành: Quản trị dịch vụ du lịch và lữ hành; Quản trị khách sạn; Quản trị nhà hàng và dịch vụ ăn uống,7810103,2025,https://github.com/kbaoooo/vn_schools_scores_data/blob/main/craw-data/scores/IUH/2025.json
IUH,7810103C,Quản trị dịch vụ du lịch và lữ hành gồm 03 chuyên ngành: Quản trị dịch vụ du lịch và lữ hành; Quản trị khách sạn; Quản trị nhà hàng và dịch vụ ăn uống (CT tăng cường TA),7810103,2025,https://github.com/kbaoooo/vn_schools_scores_data/blob/main/craw-data/scores/IUH/2025.json
IUH,7850101,Quản lý tài nguyên và môi trường,7850101,2025,https://github.com/kbaoooo/vn_schools_scores_data/blob/main/craw-data/scores/IUH/2025.json
IUH,7850103,Quản lý đất đai gồm 02 chuyên ngành: Quản lý đất đai; Kinh tế tài nguyên thiên nhiên.,7850103,2025,https://github.com/kbaoooo/vn_schools_scores_data/blob/main/craw-data/scores/IUH/2025.json
KCC,7220201,Ngôn ngữ Anh,7220201,2025,https://github.com/kbaoooo/vn_schools_scores_data/blob/main/craw-data/scores/KCC/2025.json
KCC,7340101,Quản trị kinh doanh,7340101,2025,https://github.com/kbaoooo/vn_schools_scores_data/blob/main/craw-data/scores/KCC/2025.json
KCC,7340201,Tài chính - Ngân hàng,7340201,2025,https://github.com/kbaoooo/vn_schools_scores_data/blob/main/craw-data/scores/KCC/2025.json
KCC,7340301,Kế toán,7340301,2025,https://github.com/kbaoooo/vn_schools_scores_data/blob/main/craw-data/scores/KCC/2025.json
KCC,7380101,Luật,7380101,2025,https://github.com/kbaoooo/vn_schools_scores_data/blob/main/craw-data/scores/KCC/2025.json
KCC,7420201,Công nghệ sinh học,7420201,2025,https://github.com/kbaoooo/vn_schools_scores_data/blob/main/craw-data/scores/KCC/2025.json
KCC,7460108,Khoa học dữ liệu,7460108,2025,https://github.com/kbaoooo/vn_schools_scores_data/blob/main/craw-data/scores/KCC/2025.json
KCC,7480101,Khoa học máy tính,7480101,2025,https://github.com/kbaoooo/vn_schools_scores_data/blob/main/craw-data/scores/KCC/2025.json
KCC,7480103,Kỹ thuật phần mềm,7480103,2025,https://github.com/kbaoooo/vn_schools_scores_data/blob/main/craw-data/scores/KCC/2025.json
KCC,7480104,Hệ thống thông tin,7480104,2025,https://github.com/kbaoooo/vn_schools_scores_data/blob/main/craw-data/scores/KCC/2025.json
KCC,7480201,Công nghệ thông tin,7480201,2025,https://github.com/kbaoooo/vn_schools_scores_data/blob/main/craw-data/scores/KCC/2025.json
KCC,7510102,Công nghệ kỹ thuật công trình xây dựng,7510102,2025,https://github.com/kbaoooo/vn_schools_scores_data/blob/main/craw-data/scores/KCC/2025.json
KCC,7510203,Công nghệ kỹ thuật cơ điện tử,7510203,2025,https://github.com/kbaoooo/vn_schools_scores_data/blob/main/craw-data/scores/KCC/2025.json
KCC,7510301,"Công nghệ kỹ thuật điện, điện tử",7510301,2025,https://github.com/kbaoooo/vn_schools_scores_data/blob/main/craw-data/scores/KCC/2025.json
KCC,7510303,Công nghệ kỹ thuật điều khiển và tự động hóa,7510303,2025,https://github.com/kbaoooo/vn_schools_scores_data/blob/main/craw-data/scores/KCC/2025.json
KCC,7510401,Công nghệ kỹ thuật hóa học,7510401,2025,https://github.com/kbaoooo/vn_schools_scores_data/blob/main/craw-data/scores/KCC/2025.json
KCC,7510403,Công nghệ kỹ thuật năng lượng,7510403,2025,https://github.com/kbaoooo/vn_schools_scores_data/blob/main/craw-data/scores/KCC/2025.json
KCC,7510601,Quản lý công nghiệp,7510601,2025,https://github.com/kbaoooo/vn_schools_scores_data/blob/main/craw-data/scores/KCC/2025.json
KCC,7510605,Logistics và quản lý chuỗi cung ứng,7510605,2025,https://github.com/kbaoooo/vn_schools_scores_data/blob/main/craw-data/scores/KCC/2025.json
KCC,7520118,Kỹ thuật hệ thống công nghiệp,7520118,2025,https://github.com/kbaoooo/vn_schools_scores_data/blob/main/craw-data/scores/KCC/2025.json
KCC,7540101,Công nghệ thực phẩm,7540101,2025,https://github.com/kbaoooo/vn_schools_scores_data/blob/main/craw-data/scores/KCC/2025.json
KCC,7580302,Quản lý xây dựng,7580302,2025,https://github.com/kbaoooo/vn_schools_scores_data/blob/main/craw-data/scores/KCC/2025.json
KCN,7420201,Công nghệ sinh học - Phát triển thuốc,7420201,2025,https://github.com/kbaoooo/vn_schools_scores_data/blob/main/craw-data/scores/KCN/2025.json
KCN,7420201-01,Công nghệ sinh học - Phát triển thuốc (Song bằng),7420201,2025,https://github.com/kbaoooo/vn_schools_scores_data/blob/main/craw-data/scores/KCN/2025.json
KCN,7440112,Hóa học,7440112,2025,https://github.com/kbaoooo/vn_schools_scores_data/blob/main/craw-data/scores/KCN/2025.json
KCN,7440112-01,Hóa học (Song bằng),7440112,2025,https://github.com/kbaoooo/vn_schools_scores_data/blob/main/craw-data/scores/KCN/2025.json
KCN,7440122,Khoa học vật liệu tiên tiến và Công nghệ Nano,7440122,2025,https://github.com/kbaoooo/vn_schools_scores_data/blob/main/craw-data/scores/KCN/2025.json
KCN,7440301,Khoa học Môi trường Ứng dụng,7440301,2025,https://github.com/kbaoooo/vn_schools_scores_data/blob/main/craw-data/scores/KCN/2025.json
KCN,7460108,Khoa học dữ liệu,7460108,2025,https://github.com/kbaoooo/vn_schools_scores_data/blob/main/craw-data/scores/KCN/2025.json
KCN,7460112,Toán ứng dụng,7460112,2025,https://github.com/kbaoooo/vn_schools_scores_data/blob/main/craw-data/scores/KCN/2025.json
KCN,7480201,Công nghệ thông tin - Truyền thông,7480201,2025,https://github.com/kbaoooo/vn_schools_scores_data/blob/main/craw-data/scores/KCN/2025.json
KCN,7480201-01,"Công nghệ thông tin - Truyền thông (Các trường đối tác Pháp cấp song bằng với USTH: Đại học Limoges, Đại học Sorbonne Paris Nord, Đại học Lille)",7480201,2025,https://github.com/kbaoooo/vn_schools_scores_data/blob/main/craw-data/scores/KCN/2025.json
KCN,7480202,An toàn thông tin,7480202,2025,https://github.com/kbaoooo/vn_schools_scores_data/blob/main/craw-data/scores/KCN/2025.json
KCN,7510203,Công nghệ Kỹ thuật Cơ điện tử,7510203,2025,https://github.com/kbaoooo/vn_schools_scores_data/blob/main/craw-data/scores/KCN/2025.json
KCN,7520120,Kỹ thuật Hàng không,7520120,2025,https://github.com/kbaoooo/vn_schools_scores_data/blob/main/craw-data/scores/KCN/2025.json
KCN,7520121,Khoa học Vũ trụ và Công nghệ Vệ tinh,7520121,2025,https://github.com/kbaoooo/vn_schools_scores_data/blob/main/craw-data/scores/KCN/2025.json
KCN,7520130,Kỹ thuật ô tô,7520130,2025,https://github.com/kbaoooo/vn_schools_scores_data/blob/main/craw-data/scores/KCN/2025.json
KCN,7520201,Kỹ thuật điện và Năng lượng tái tạo,7520201,2025,https://github.com/kbaoooo/vn_schools_scores_data/blob/main/craw-data/scores/KCN/2025.json
KCN,7520401,Công nghệ vi mạch bán dẫn,7520401,2025,https://github.com/kbaoooo/vn_schools_scores_data/blob/main/craw-data/scores/KCN/2025.json
KCN,7540101,Khoa học và Công nghệ thực phẩm,7540101,2025,https://github.com/kbaoooo/vn_schools_scores_data/blob/main/craw-data/scores/KCN/2025.json
KCN,7720201,Dược học,7720201,2025,https://github.com/kbaoooo/vn_schools_scores_data/blob/main/craw-data/scores/KCN/2025.json
KCN,7720601,Khoa học và Công nghệ y khoa,7720601,2025,https://github.com/kbaoooo/vn_schools_scores_data/blob/main/craw-data/scores/KCN/2025.json
KGH,7860203_NL_B,Chỉ huy tham mưu Không quân (Thiết bị bay không người lái),7860203,2025,https://github.com/kbaoooo/vn_schools_scores_data/blob/main/craw-data/scores/KGH/2025.json
KGH,7860203_NL_N,Chỉ huy tham mưu Không quân (Thiết bị bay không người lái) - Thí sinh miền Nam,7860203,2025,https://github.com/kbaoooo/vn_schools_scores_data/blob/main/craw-data/scores/KGH/2025.json
KGH,7860203_PCQS,Chỉ huy tham mưu không quân (Phi công quân sự),7860203,2025,https://github.com/kbaoooo/vn_schools_scores_data/blob/main/craw-data/scores/KGH/2025.json
KHA,7220201,Ngôn ngữ Anh,7220201,2025,https://github.com/kbaoooo/vn_schools_scores_data/blob/main/craw-data/scores/KHA/2025.json
KHA,7310101_1,Kinh tế học (ngành Kinh tế),7310101,2025,https://github.com/kbaoooo/vn_schools_scores_data/blob/main/craw-data/scores/KHA/2025.json
KHA,7310101_2,Kinh tế và quản lý đô thị (ngành Kinh tế),7310101,2025,https://github.com/kbaoooo/vn_schools_scores_data/blob/main/craw-data/scores/KHA/2025.json
KHA,7310101_3,Kinh tế và quản lý nguồn nhân lực (ngành Kinh tế),7310101,2025,https://github.com/kbaoooo/vn_schools_scores_data/blob/main/craw-data/scores/KHA/2025.json
KHA,7310104,Kinh tế đầu tư,7310104,2025,https://github.com/kbaoooo/vn_schools_scores_data/blob/main/craw-data/scores/KHA/2025.json
KHA,7310104_CLC2,Kinh tế Đầu tư - CT CLC2,7310104,2025,https://github.com/kbaoooo/vn_schools_scores_data/blob/main/craw-data/scores/KHA/2025.json
KHA,7310105,Kinh tế phát triển,7310105,2025,https://github.com/kbaoooo/vn_schools_scores_data/blob/main/craw-data/scores/KHA/2025.json
KHA,7310105_CLC1,Kinh tế phát triển - CT CLC1,7310105,2025,https://github.com/kbaoooo/vn_schools_scores_data/blob/main/craw-data/scores/KHA/2025.json
KHA,7310106,Kinh tế quốc tế,7310106,2025,https://github.com/kbaoooo/vn_schools_scores_data/blob/main/craw-data/scores/KHA/2025.json
KHA,7310106_CLC3,Kinh tế quốc tế - CT CLC3,7310106,2025,https://github.com/kbaoooo/vn_schools_scores_data/blob/main/craw-data/scores/KHA/2025.json
KHA,7310107,Thống kê kinh tế,7310107,2025,https://github.com/kbaoooo/vn_schools_scores_data/blob/main/craw-data/scores/KHA/2025.json
KHA,7310108,Toán kinh tế,7310108,2025,https://github.com/kbaoooo/vn_schools_scores_data/blob/main/craw-data/scores/KHA/2025.json
KHA,7320108,Quan hệ công chúng,7320108,2025,https://github.com/kbaoooo/vn_schools_scores_data/blob/main/craw-data/scores/KHA/2025.json
KHA,7320108_CLC2,Quan hệ công chúng - CT CLC2,7320108,2025,https://github.com/kbaoooo/vn_schools_scores_data/blob/main/craw-data/scores/KHA/2025.json
KHA,7340101,Quản trị kinh doanh,7340101,2025,https://github.com/kbaoooo/vn_schools_scores_data/blob/main/craw-data/scores/KHA/2025.json
KHA,7340101_CLC2,Quản trị Kinh doanh - CT CLC2,7340101,2025,https://github.com/kbaoooo/vn_schools_scores_data/blob/main/craw-data/scores/KHA/2025.json
KHA,7340101_TT1,Quản trị kinh doanh - CT tiên tiến TT1,7340101,2025,https://github.com/kbaoooo/vn_schools_scores_data/blob/main/craw-data/scores/KHA/2025.json
KHA,7340115,Marketing,7340115,2025,https://github.com/kbaoooo/vn_schools_scores_data/blob/main/craw-data/scores/KHA/2025.json
KHA,7340115_CLC3,Digital Marketing - CT CLC3,7340115,2025,https://github.com/kbaoooo/vn_schools_scores_data/blob/main/craw-data/scores/KHA/2025.json
KHA,7340116,Bất động sản,7340116,2025,https://github.com/kbaoooo/vn_schools_scores_data/blob/main/craw-data/scores/KHA/2025.json
KHA,7340120,Kinh doanh quốc tế,7340120,2025,https://github.com/kbaoooo/vn_schools_scores_data/blob/main/craw-data/scores/KHA/2025.json
KHA,7340120_CLC3,Quản trị Kinh doanh quốc tế - CT CLC3,7340120,2025,https://github.com/kbaoooo/vn_schools_scores_data/blob/main/craw-data/scores/KHA/2025.json
KHA,7340120_TT2,Quản trị Kinh doanh quốc tế - CT tiên tiến TT2,7340120,2025,https://github.com/kbaoooo/vn_schools_scores_data/blob/main/craw-data/scores/KHA/2025.json
KHA,7340121,Kinh doanh thương mại,7340121,2025,https://github.com/kbaoooo/vn_schools_scores_data/blob/main/craw-data/scores/KHA/2025.json
KHA,7340122,Thương mại điện tử,7340122,2025,https://github.com/kbaoooo/vn_schools_scores_data/blob/main/craw-data/scores/KHA/2025.json
KHA,7340122_CLC3,Thương mại điện tử - CT CLC3,7340122,2025,https://github.com/kbaoooo/vn_schools_scores_data/blob/main/craw-data/scores/KHA/2025.json
KHA,7340201,Tài chính - Ngân hàng,7340201,2025,https://github.com/kbaoooo/vn_schools_scores_data/blob/main/craw-data/scores/KHA/2025.json
KHA,7340201_CLC1,Ngân hàng - CT CLC1,7340201,2025,https://github.com/kbaoooo/vn_schools_scores_data/blob/main/craw-data/scores/KHA/2025.json
KHA,7340201_CLC3,Tài chính doanh nghiệp - CT CLC3,7340201,2025,https://github.com/kbaoooo/vn_schools_scores_data/blob/main/craw-data/scores/KHA/2025.json
KHA,7340201_TT1,Kế hoạch tài chính - CT tiên tiến TT1,7340201,2025,https://github.com/kbaoooo/vn_schools_scores_data/blob/main/craw-data/scores/KHA/2025.json
KHA,7340201_TT2,Tài chính - CT tiên tiến TT2,7340201,2025,https://github.com/kbaoooo/vn_schools_scores_data/blob/main/craw-data/scores/KHA/2025.json
KHA,7340204,Bảo hiểm,7340204,2025,https://github.com/kbaoooo/vn_schools_scores_data/blob/main/craw-data/scores/KHA/2025.json
KHA,7340204_CLC1,Bảo hiểm tích hợp chứng chỉ ANZ1IF - CT CLC1,7340204,2025,https://github.com/kbaoooo/vn_schools_scores_data/blob/main/craw-data/scores/KHA/2025.json
KHA,7340301,Kế toán,7340301,2025,https://github.com/kbaoooo/vn_schools_scores_data/blob/main/craw-data/scores/KHA/2025.json
KHA,7340301_TT1,Kế toán - CT tiên tiến TT1,7340301,2025,https://github.com/kbaoooo/vn_schools_scores_data/blob/main/craw-data/scores/KHA/2025.json
KHA,7340302,Kiểm toán,7340302,2025,https://github.com/kbaoooo/vn_schools_scores_data/blob/main/craw-data/scores/KHA/2025.json
KHA,7340302_CLC3,Kiểm toán tích hợp chứng chỉ ACCA - CT CLC3,7340302,2025,https://github.com/kbaoooo/vn_schools_scores_data/blob/main/craw-data/scores/KHA/2025.json
KHA,7340401,Khoa học quản lý,7340401,2025,https://github.com/kbaoooo/vn_schools_scores_data/blob/main/craw-data/scores/KHA/2025.json
KHA,7340403,Quản lý công,7340403,2025,https://github.com/kbaoooo/vn_schools_scores_data/blob/main/craw-data/scores/KHA/2025.json
KHA,7340404,Quản trị nhân lực,7340404,2025,https://github.com/kbaoooo/vn_schools_scores_data/blob/main/craw-data/scores/KHA/2025.json
KHA,7340404_CLC2,Quản trị nhân lực - CT CLC2,7340404,2025,https://github.com/kbaoooo/vn_schools_scores_data/blob/main/craw-data/scores/KHA/2025.json
KHA,7340405,Hệ thống thông tin quản lý,7340405,2025,https://github.com/kbaoooo/vn_schools_scores_data/blob/main/craw-data/scores/KHA/2025.json
KHA,7340408,Quan hệ lao động,7340408,2025,https://github.com/kbaoooo/vn_schools_scores_data/blob/main/craw-data/scores/KHA/2025.json
KHA,7340409,Quản lý dự án,7340409,2025,https://github.com/kbaoooo/vn_schools_scores_data/blob/main/craw-data/scores/KHA/2025.json
KHA,7380101,Luật,7380101,2025,https://github.com/kbaoooo/vn_schools_scores_data/blob/main/craw-data/scores/KHA/2025.json
KHA,7380107,Luật kinh tế,7380107,2025,https://github.com/kbaoooo/vn_schools_scores_data/blob/main/craw-data/scores/KHA/2025.json
KHA,7380109,Luật thương mại quốc tế,7380109,2025,https://github.com/kbaoooo/vn_schools_scores_data/blob/main/craw-data/scores/KHA/2025.json
KHA,7480101,Khoa học máy tính,7480101,2025,https://github.com/kbaoooo/vn_schools_scores_data/blob/main/craw-data/scores/KHA/2025.json
KHA,7480104,Hệ thống thông tin,7480104,2025,https://github.com/kbaoooo/vn_schools_scores_data/blob/main/craw-data/scores/KHA/2025.json
KHA,7480201,Công nghệ thông tin,7480201,2025,https://github.com/kbaoooo/vn_schools_scores_data/blob/main/craw-data/scores/KHA/2025.json
KHA,7480201_CLC1,Công nghệ thông tin và chuyển đổi số - CT CLC1,7480201,2025,https://github.com/kbaoooo/vn_schools_scores_data/blob/main/craw-data/scores/KHA/2025.json
KHA,7480202,An toàn thông tin,7480202,2025,https://github.com/kbaoooo/vn_schools_scores_data/blob/main/craw-data/scores/KHA/2025.json
KHA,7510605,Logistics và Quản lý chuỗi cung ứng,7510605,2025,https://github.com/kbaoooo/vn_schools_scores_data/blob/main/craw-data/scores/KHA/2025.json
KHA,7510605_CLC3,Logistics và Quản lý chuỗi cung ứng - CT CLC3,7510605,2025,https://github.com/kbaoooo/vn_schools_scores_data/blob/main/craw-data/scores/KHA/2025.json
KHA,7620114,Kinh doanh nông nghiệp,7620114,2025,https://github.com/kbaoooo/vn_schools_scores_data/blob/main/craw-data/scores/KHA/2025.json
KHA,7620115,Kinh tế nông nghiệp,7620115,2025,https://github.com/kbaoooo/vn_schools_scores_data/blob/main/craw-data/scores/KHA/2025.json
KHA,7810103,Quản trị dịch vụ du lịch và lữ hành,7810103,2025,https://github.com/kbaoooo/vn_schools_scores_data/blob/main/craw-data/scores/KHA/2025.json
KHA,7810201,Quản trị khách sạn,7810201,2025,https://github.com/kbaoooo/vn_schools_scores_data/blob/main/craw-data/scores/KHA/2025.json
KHA,7850101,Quản lý tài nguyên và môi trường,7850101,2025,https://github.com/kbaoooo/vn_schools_scores_data/blob/main/craw-data/scores/KHA/2025.json
KHA,7850102,Kinh tế tài nguyên thiên nhiên,7850102,2025,https://github.com/kbaoooo/vn_schools_scores_data/blob/main/craw-data/scores/KHA/2025.json
KHA,7850103,Quản lý đất đai,7850103,2025,https://github.com/kbaoooo/vn_schools_scores_data/blob/main/craw-data/scores/KHA/2025.json
KHA,EBBA,Quản trị kinh doanh (E-BBA),,2025,https://github.com/kbaoooo/vn_schools_scores_data/blob/main/craw-data/scores/KHA/2025.json
KHA,EP01,Khởi nghiệp và phát triển kinh doanh (BBAE)/ngành QTKD,,2025,https://github.com/kbaoooo/vn_schools_scores_data/blob/main/craw-data/scores/KHA/2025.json
KHA,EP02,Định phí Bảo hiểm & Quản trị rủi ro (Actuary),,2025,https://github.com/kbaoooo/vn_schools_scores_data/blob/main/craw-data/scores/KHA/2025.json
KHA,EP03,Phân tích dữ liệu kinh tế (EDA),,2025,https://github.com/kbaoooo/vn_schools_scores_data/blob/main/craw-data/scores/KHA/2025.json
KHA,EP04,Kế toán tích hợp chứng chi quốc tế (JCAEW CFAB),,2025,https://github.com/kbaoooo/vn_schools_scores_data/blob/main/craw-data/scores/KHA/2025.json
KHA,EP05,Kinh doanh số (E-BDB)/ngành QTKD,,2025,https://github.com/kbaoooo/vn_schools_scores_data/blob/main/craw-data/scores/KHA/2025.json
KHA,EP06,Phân tích kinh doanh (BA)/ngành QTKD,,2025,https://github.com/kbaoooo/vn_schools_scores_data/blob/main/craw-data/scores/KHA/2025.json
KHA,EP07,Quản trị điều hành thông minh (E-SOM) /ngành QTKD,,2025,https://github.com/kbaoooo/vn_schools_scores_data/blob/main/craw-data/scores/KHA/2025.json
KHA,EP08,Quản trị chất lượng và Đổi mới (E-MQI)/ngành QTKD,,2025,https://github.com/kbaoooo/vn_schools_scores_data/blob/main/craw-data/scores/KHA/2025.json
KHA,EP09,Công nghệ tài chính (BFT)/ngành TC-NH,,2025,https://github.com/kbaoooo/vn_schools_scores_data/blob/main/craw-data/scores/KHA/2025.json
KHA,EP10,Tài chính và Đầu tư (BFI)/ngành TC-NH,,2025,https://github.com/kbaoooo/vn_schools_scores_data/blob/main/craw-data/scores/KHA/2025.json
KHA,EP11,Quản trị khách sạn quốc tế (IHME),,2025,https://github.com/kbaoooo/vn_schools_scores_data/blob/main/craw-data/scores/KHA/2025.json
KHA,EP12,Kiểm toán tích hợp chứng chỉ quốc tế (ICAEW CFAB),,2025,https://github.com/kbaoooo/vn_schools_scores_data/blob/main/craw-data/scores/KHA/2025.json
KHA,EP13,Kinh tế học tài chính (FE)/ngành Kinh tế,,2025,https://github.com/kbaoooo/vn_schools_scores_data/blob/main/craw-data/scores/KHA/2025.json
KHA,EP14,Logistics và Quản lý chuỗi cung ứng tích hợp chứng chi quốc tế (LSIC),,2025,https://github.com/kbaoooo/vn_schools_scores_data/blob/main/craw-data/scores/KHA/2025.json
KHA,EP15,Khoa học dữ liệu,,2025,https://github.com/kbaoooo/vn_schools_scores_data/blob/main/craw-data/scores/KHA/2025.json
KHA,EP16,Trí tuệ nhân tạo,,2025,https://github.com/kbaoooo/vn_schools_scores_data/blob/main/craw-data/scores/KHA/2025.json
KHA,EP17,Kỹ thuật phần mềm,,2025,https://github.com/kbaoooo/vn_schools_scores_data/blob/main/craw-data/scores/KHA/2025.json
KHA,EP18,Quản trị giải trí và sự kiện,,2025,https://github.com/kbaoooo/vn_schools_scores_data/blob/main/craw-data/scores/KHA/2025.json
KHA,EPMP,Quản lý công và Chính sách (E-PMP)/ngành Kinh tế,,2025,https://github.com/kbaoooo/vn_schools_scores_data/blob/main/craw-data/scores/KHA/2025.json
KHA,POHE1,Quản trị khách sạn,,2025,https://github.com/kbaoooo/vn_schools_scores_data/blob/main/craw-data/scores/KHA/2025.json
KHA,POHE2,Quản trị lữ hành,,2025,https://github.com/kbaoooo/vn_schools_scores_data/blob/main/craw-data/scores/KHA/2025.json
KHA,POHE3,Truyền thông Marketing,,2025,https://github.com/kbaoooo/vn_schools_scores_data/blob/main/craw-data/scores/KHA/2025.json
KHA,POHE4,Luật kinh doanh,,2025,https://github.com/kbaoooo/vn_schools_scores_data/blob/main/craw-data/scores/KHA/2025.json
KHA,POHE5,Quản trị kinh doanh thương mại,,2025,https://github.com/kbaoooo/vn_schools_scores_data/blob/main/craw-data/scores/KHA/2025.json
KHA,POHE6,Quản lý thị trường,,2025,https://github.com/kbaoooo/vn_schools_scores_data/blob/main/craw-data/scores/KHA/2025.json
KHA,POHE7,Thẩm định giá,,2025,https://github.com/kbaoooo/vn_schools_scores_data/blob/main/craw-data/scores/KHA/2025.json
KMA,7480201KMA,Công nghệ thông tin,7480201,2025,https://github.com/kbaoooo/vn_schools_scores_data/blob/main/craw-data/scores/KMA/2025.json
KMA,7480202KMA,An toàn thông tin,7480202,2025,https://github.com/kbaoooo/vn_schools_scores_data/blob/main/craw-data/scores/KMA/2025.json
KMA,7480202KMP,An toàn thông tin,7480202,2025,https://github.com/kbaoooo/vn_schools_scores_data/blob/main/craw-data/scores/KMA/2025.json
KMA,7520207,Kỹ thuật điện tử - viễn thông,7520207,2025,https://github.com/kbaoooo/vn_schools_scores_data/blob/main/craw-data/scores/KMA/2025.json
KQH,7860220_Nam_B,"Kỹ sư quân sự (miền Bắc, thí sinh Nam)",7860220,2025,https://github.com/kbaoooo/vn_schools_scores_data/blob/main/craw-data/scores/KQH/2025.json
KQH,7860220_Nam_N,"Kỹ sư quân sự (miền Nam, thí sinh Nam)",7860220,2025,https://github.com/kbaoooo/vn_schools_scores_data/blob/main/craw-data/scores/KQH/2025.json
KQH,7860220_Nu_B,"Kỹ sư quân sự (miền Bắc, thí sinh Nữ)",7860220,2025,https://github.com/kbaoooo/vn_schools_scores_data/blob/main/craw-data/scores/KQH/2025.json
KQH,7860220_Nu_N,"Kỹ sư quân sự (miền Nam, thí sinh Nữ)",7860220,2025,https://github.com/kbaoooo/vn_schools_scores_data/blob/main/craw-data/scores/KQH/2025.json
KSA,7220201,Tiếng Anh thương mại,7220201,2025,https://github.com/kbaoooo/vn_schools_scores_data/blob/main/craw-data/scores/KSA/2025.json
KSA,7310101,Kinh tế Top 38 thế giới theo ShanghaiRanking Consultancy 2024 Xem chi tiết,7310101,2025,https://github.com/kbaoooo/vn_schools_scores_data/blob/main/craw-data/scores/KSA/2025.json
KSA,7310102,Kinh tế chính trị,7310102,2025,https://github.com/kbaoooo/vn_schools_scores_data/blob/main/craw-data/scores/KSA/2025.json
KSA,7310104_01,Kinh tế đầu tư,7310104,2025,https://github.com/kbaoooo/vn_schools_scores_data/blob/main/craw-data/scores/KSA/2025.json
KSA,7310104_02,Thẩm định giá và Quản trị tài sản,7310104,2025,https://github.com/kbaoooo/vn_schools_scores_data/blob/main/craw-data/scores/KSA/2025.json
KSA,7310107,Thống kê kinh doanh,7310107,2025,https://github.com/kbaoooo/vn_schools_scores_data/blob/main/craw-data/scores/KSA/2025.json
KSA,7310108_01,Toán tài chính,7310108,2025,https://github.com/kbaoooo/vn_schools_scores_data/blob/main/craw-data/scores/KSA/2025.json
KSA,7310108_02,Phân tích rủi ro và định phí bảo hiểm,7310108,2025,https://github.com/kbaoooo/vn_schools_scores_data/blob/main/craw-data/scores/KSA/2025.json
KSA,7320106,Truyền thông số và thiết kế đa phương tiện,7320106,2025,https://github.com/kbaoooo/vn_schools_scores_data/blob/main/craw-data/scores/KSA/2025.json
KSA,7340101_01,Quản trị kinh doanh,7340101,2025,https://github.com/kbaoooo/vn_schools_scores_data/blob/main/craw-data/scores/KSA/2025.json
KSA,7340101_02,Kinh doanh số,7340101,2025,https://github.com/kbaoooo/vn_schools_scores_data/blob/main/craw-data/scores/KSA/2025.json
KSA,7340101_03,Quản trị bệnh viện,7340101,2025,https://github.com/kbaoooo/vn_schools_scores_data/blob/main/craw-data/scores/KSA/2025.json
KSA,7340101_04,Quản trị bền vững doanh nghiệp và môi trường,7340101,2025,https://github.com/kbaoooo/vn_schools_scores_data/blob/main/craw-data/scores/KSA/2025.json
KSA,7340115_01,Marketing,7340115,2025,https://github.com/kbaoooo/vn_schools_scores_data/blob/main/craw-data/scores/KSA/2025.json
KSA,7340115_02,Công nghệ Marketing,7340115,2025,https://github.com/kbaoooo/vn_schools_scores_data/blob/main/craw-data/scores/KSA/2025.json
KSA,7340116,Bất động sản,7340116,2025,https://github.com/kbaoooo/vn_schools_scores_data/blob/main/craw-data/scores/KSA/2025.json
KSA,7340120,Kinh doanh quốc tế,7340120,2025,https://github.com/kbaoooo/vn_schools_scores_data/blob/main/craw-data/scores/KSA/2025.json
KSA,7340121,Kinh doanh thương mại,7340121,2025,https://github.com/kbaoooo/vn_schools_scores_data/blob/main/craw-data/scores/KSA/2025.json
KSA,7340122,Thương mại điện tử,7340122,2025,https://github.com/kbaoooo/vn_schools_scores_data/blob/main/craw-data/scores/KSA/2025.json
KSA,7340201_01,Tài chính công,7340201,2025,https://github.com/kbaoooo/vn_schools_scores_data/blob/main/craw-data/scores/KSA/2025.json
KSA,7340201_02,Thuế,7340201,2025,https://github.com/kbaoooo/vn_schools_scores_data/blob/main/craw-data/scores/KSA/2025.json
KSA,7340201_03,Ngân hàng,7340201,2025,https://github.com/kbaoooo/vn_schools_scores_data/blob/main/craw-data/scores/KSA/2025.json
KSA,7340201_04,Thị trường chứng khoán,7340201,2025,https://github.com/kbaoooo/vn_schools_scores_data/blob/main/craw-data/scores/KSA/2025.json
KSA,7340201_05,Tài chính,7340201,2025,https://github.com/kbaoooo/vn_schools_scores_data/blob/main/craw-data/scores/KSA/2025.json
KSA,7340201_06,Đầu tư tài chính,7340201,2025,https://github.com/kbaoooo/vn_schools_scores_data/blob/main/craw-data/scores/KSA/2025.json
KSA,7340201_07,Quản trị Hải quan - Ngoại thương,7340201,2025,https://github.com/kbaoooo/vn_schools_scores_data/blob/main/craw-data/scores/KSA/2025.json
KSA,7340201_08,Chương trình đào tạo nguồn nhân lực quốc tế ngành Tài chính - Ngân hàng,7340201,2025,https://github.com/kbaoooo/vn_schools_scores_data/blob/main/craw-data/scores/KSA/2025.json
KSA,7340204,Bảo hiểm,7340204,2025,https://github.com/kbaoooo/vn_schools_scores_data/blob/main/craw-data/scores/KSA/2025.json
KSA,7340205,Công nghệ tài chính,7340205,2025,https://github.com/kbaoooo/vn_schools_scores_data/blob/main/craw-data/scores/KSA/2025.json
KSA,7340206,Tài chính quốc tế,7340206,2025,https://github.com/kbaoooo/vn_schools_scores_data/blob/main/craw-data/scores/KSA/2025.json
KSA,7340301_01,Kế toán doanh nghiệp,7340301,2025,https://github.com/kbaoooo/vn_schools_scores_data/blob/main/craw-data/scores/KSA/2025.json
KSA,7340301_02,Kế toán công,7340301,2025,https://github.com/kbaoooo/vn_schools_scores_data/blob/main/craw-data/scores/KSA/2025.json
KSA,7340301_03,Chương trình Kế toán tích hợp chứng chỉ nghề nghiệp quốc tế ICAEW,7340301,2025,https://github.com/kbaoooo/vn_schools_scores_data/blob/main/craw-data/scores/KSA/2025.json
KSA,7340301_04,Chương trình Kế toán tích hợp chứng chỉ nghề nghiệp quốc tế ACCA,7340301,2025,https://github.com/kbaoooo/vn_schools_scores_data/blob/main/craw-data/scores/KSA/2025.json
KSA,7340302,Kiểm toán,7340302,2025,https://github.com/kbaoooo/vn_schools_scores_data/blob/main/craw-data/scores/KSA/2025.json
KSA,7340403,Quản lý công,7340403,2025,https://github.com/kbaoooo/vn_schools_scores_data/blob/main/craw-data/scores/KSA/2025.json
KSA,7340404,Quản trị nhân lực,7340404,2025,https://github.com/kbaoooo/vn_schools_scores_data/blob/main/craw-data/scores/KSA/2025.json
KSA,7340405,Hệ thống thông tin quản lý,7340405,2025,https://github.com/kbaoooo/vn_schools_scores_data/blob/main/craw-data/scores/KSA/2025.json
KSA,7380101,Luật kinh doanh quốc tế,7380101,2025,https://github.com/kbaoooo/vn_schools_scores_data/blob/main/craw-data/scores/KSA/2025.json
KSA,7380107,Luật kinh tế,7380107,2025,https://github.com/kbaoooo/vn_schools_scores_data/blob/main/craw-data/scores/KSA/2025.json
KSA,7460108_01,Khoa học dữ liệu,7460108,2025,https://github.com/kbaoooo/vn_schools_scores_data/blob/main/craw-data/scores/KSA/2025.json
KSA,7460108_02,Phân tích dữ liệu,7460108,2025,https://github.com/kbaoooo/vn_schools_scores_data/blob/main/craw-data/scores/KSA/2025.json
KSA,7480101,Khoa học máy tính,7480101,2025,https://github.com/kbaoooo/vn_schools_scores_data/blob/main/craw-data/scores/KSA/2025.json
KSA,7480103,Kỹ thuật phần mềm,7480103,2025,https://github.com/kbaoooo/vn_schools_scores_data/blob/main/craw-data/scores/KSA/2025.json
KSA,7480107_01,Robot và Trí tuệ nhân tạo,7480107,2025,https://github.com/kbaoooo/vn_schools_scores_data/blob/main/craw-data/scores/KSA/2025.json
KSA,7480107_02,Điều khiển thông minh và tự động hóa,7480107,2025,https://github.com/kbaoooo/vn_schools_scores_data/blob/main/craw-data/scores/KSA/2025.json
KSA,7480201_01,Công nghệ thông tin,7480201,2025,https://github.com/kbaoooo/vn_schools_scores_data/blob/main/craw-data/scores/KSA/2025.json
KSA,7480201_02,Công nghệ nghệ thuật,7480201,2025,https://github.com/kbaoooo/vn_schools_scores_data/blob/main/craw-data/scores/KSA/2025.json
KSA,7480201_03,Công nghệ và đổi mới sáng tạo,7480201,2025,https://github.com/kbaoooo/vn_schools_scores_data/blob/main/craw-data/scores/KSA/2025.json
KSA,7480202,An toàn thông tin,7480202,2025,https://github.com/kbaoooo/vn_schools_scores_data/blob/main/craw-data/scores/KSA/2025.json
KSA,7510605_01,Logistics và Quản lý chuỗi cung ứng,7510605,2025,https://github.com/kbaoooo/vn_schools_scores_data/blob/main/craw-data/scores/KSA/2025.json
KSA,7510605_02,Công nghệ Logistics,7510605,2025,https://github.com/kbaoooo/vn_schools_scores_data/blob/main/craw-data/scores/KSA/2025.json
KSA,7580104,Kiến trúc và thiết kế đô thị thông minh,7580104,2025,https://github.com/kbaoooo/vn_schools_scores_data/blob/main/craw-data/scores/KSA/2025.json
KSA,7620114,Kinh doanh nông nghiệp,7620114,2025,https://github.com/kbaoooo/vn_schools_scores_data/blob/main/craw-data/scores/KSA/2025.json
KSA,7810103,Quản trị dịch vụ du lịch và lữ hành,7810103,2025,https://github.com/kbaoooo/vn_schools_scores_data/blob/main/craw-data/scores/KSA/2025.json
KSA,7810201_01,Quản trị khách sạn,7810201,2025,https://github.com/kbaoooo/vn_schools_scores_data/blob/main/craw-data/scores/KSA/2025.json
KSA,7810201_02,Quản trị sự kiện và dịch vụ giải trí,7810201,2025,https://github.com/kbaoooo/vn_schools_scores_data/blob/main/craw-data/scores/KSA/2025.json
KSA,ASA_Co-op,Cử nhân ISB ASEAN Co-op,,2025,https://github.com/kbaoooo/vn_schools_scores_data/blob/main/craw-data/scores/KSA/2025.json
KSA,ISB_CNTN,Cử nhân Tài năng ISB BBus,,2025,https://github.com/kbaoooo/vn_schools_scores_data/blob/main/craw-data/scores/KSA/2025.json
KSV,7220201,Tiếng Anh Thương mại,7220201,2025,https://github.com/kbaoooo/vn_schools_scores_data/blob/main/craw-data/scores/KSV/2025.json
KSV,7340101,Quản trị,7340101,2025,https://github.com/kbaoooo/vn_schools_scores_data/blob/main/craw-data/scores/KSV/2025.json
KSV,7340115,Marketing,7340115,2025,https://github.com/kbaoooo/vn_schools_scores_data/blob/main/craw-data/scores/KSV/2025.json
KSV,7340120,Kinh doanh quốc tế,7340120,2025,https://github.com/kbaoooo/vn_schools_scores_data/blob/main/craw-data/scores/KSV/2025.json
KSV,7340122,Thương mại điện tử,7340122,2025,https://github.com/kbaoooo/vn_schools_scores_data/blob/main/craw-data/scores/KSV/2025.json
KSV,7340201_01,Ngân hàng,7340201,2025,https://github.com/kbaoooo/vn_schools_scores_data/blob/main/craw-data/scores/KSV/2025.json
KSV,7340201_02,Tài chính,7340201,2025,https://github.com/kbaoooo/vn_schools_scores_data/blob/main/craw-data/scores/KSV/2025.json
KSV,7340201_03,Thuế,7340201,2025,https://github.com/kbaoooo/vn_schools_scores_data/blob/main/craw-data/scores/KSV/2025.json
KSV,7340301,Kế toán doanh nghiệp,7340301,2025,https://github.com/kbaoooo/vn_schools_scores_data/blob/main/craw-data/scores/KSV/2025.json
KSV,7380107,Luật kinh tế,7380107,2025,https://github.com/kbaoooo/vn_schools_scores_data/blob/main/craw-data/scores/KSV/2025.json
KSV,7480107,Robot và Trí tuệ nhân tạo (hệ kỹ sư),7480107,2025,https://github.com/kbaoooo/vn_schools_scores_data/blob/main/craw-data/scores/KSV/2025.json
KSV,7480201,Công nghệ và Đổi mới sáng tạo,7480201,2025,https://github.com/kbaoooo/vn_schools_scores_data/blob/main/craw-data/scores/KSV/2025.json
KSV,7510605,Logistics và Quản lý chuỗi cung ứng,7510605,2025,https://github.com/kbaoooo/vn_schools_scores_data/blob/main/craw-data/scores/KSV/2025.json
KSV,7620114,Kinh doanh nông nghiệp,7620114,2025,https://github.com/kbaoooo/vn_schools_scores_data/blob/main/craw-data/scores/KSV/2025.json
KSV,7810201,Quản trị khách sạn,7810201,2025,https://github.com/kbaoooo/vn_schools_scores_data/blob/main/craw-data/scores/KSV/2025.json
KTA,7310104,Kinh tế đầu tư,7310104,2025,https://github.com/kbaoooo/vn_schools_scores_data/blob/main/craw-data/scores/KTA/2025.json
KTA,7310105,Kinh tế phát triển,7310105,2025,https://github.com/kbaoooo/vn_schools_scores_data/blob/main/craw-data/scores/KTA/2025.json
KTA,7480201,Công nghệ thông tin,7480201,2025,https://github.com/kbaoooo/vn_schools_scores_data/blob/main/craw-data/scores/KTA/2025.json
KTA,7480201_1,Công nghệ đa phương tiện (Chuyên ngành của ngành Công nghệ thông tin),7480201,2025,https://github.com/kbaoooo/vn_schools_scores_data/blob/main/craw-data/scores/KTA/2025.json
KTA,7480201_2,Công nghệ game (Chuyên ngành thuộc ngành Công nghệ thông tin),7480201,2025,https://github.com/kbaoooo/vn_schools_scores_data/blob/main/craw-data/scores/KTA/2025.json
KTA,7510105,Công nghệ kỹ thuật vật liệu xây dựng,7510105,2025,https://github.com/kbaoooo/vn_schools_scores_data/blob/main/craw-data/scores/KTA/2025.json
KTA,7580201,Xây dựng dân dụng và công nghiệp (Chuyên ngành thuộc ngành Kỹ thuật xâv dựng),7580201,2025,https://github.com/kbaoooo/vn_schools_scores_data/blob/main/craw-data/scores/KTA/2025.json
KTA,7580201_1,Xây dựng công trình ngầm dô thị (Chuyên ngành thuộc ngành Kỹ thuật xây dựng),7580201,2025,https://github.com/kbaoooo/vn_schools_scores_data/blob/main/craw-data/scores/KTA/2025.json
KTA,7580201_2,Quản lý dự án xây dựng (Chuyên ngành thuộc ngành Kỹ thuật xây dựng),7580201,2025,https://github.com/kbaoooo/vn_schools_scores_data/blob/main/craw-data/scores/KTA/2025.json
KTA,7580205,Kỹ thuật xây dựng công trình giao thông,7580205,2025,https://github.com/kbaoooo/vn_schools_scores_data/blob/main/craw-data/scores/KTA/2025.json
KTA,7580210,Kỹ thuật hạ tầng đô thị (Chuyên ngành thuộc ngành Kỹ thuật cơ sở hạ tầng),7580210,2025,https://github.com/kbaoooo/vn_schools_scores_data/blob/main/craw-data/scores/KTA/2025.json
KTA,7580210_1,Kỹ thuật môi trường đô thị (Chuyên ngành thuộc ngành Kỹ thuật cơ sở hạ tầng),7580210,2025,https://github.com/kbaoooo/vn_schools_scores_data/blob/main/craw-data/scores/KTA/2025.json
KTA,7580210_2,Công nghệ cơ điện công trình (Chuyên ngành thuộc ngành Kỹ thuật cơ sở hạ tầng),7580210,2025,https://github.com/kbaoooo/vn_schools_scores_data/blob/main/craw-data/scores/KTA/2025.json
KTA,7580213,Kỹ thuật cấp thoát nước,7580213,2025,https://github.com/kbaoooo/vn_schools_scores_data/blob/main/craw-data/scores/KTA/2025.json
KTA,7580301,Kinh tế Xây dựng,7580301,2025,https://github.com/kbaoooo/vn_schools_scores_data/blob/main/craw-data/scores/KTA/2025.json
KTA,7580302,Quản lý xây dựng,7580302,2025,https://github.com/kbaoooo/vn_schools_scores_data/blob/main/craw-data/scores/KTA/2025.json
KTA,7580302_1,Quản lý bất động sản (Chuyên ngành thuộc ngành Quản lý xây dựng),7580302,2025,https://github.com/kbaoooo/vn_schools_scores_data/blob/main/craw-data/scores/KTA/2025.json
KTA,7580302_2,Quản lý vận tải và Logistics (Chuyên ngành thuộc ngành Quản lý xây dựng),7580302,2025,https://github.com/kbaoooo/vn_schools_scores_data/blob/main/craw-data/scores/KTA/2025.json
KTD,7210403,Thiết kế đồ họa,7210403,2025,https://github.com/kbaoooo/vn_schools_scores_data/blob/main/craw-data/scores/KTD/2025.json
KTD,7220201,Ngôn ngữ Anh,7220201,2025,https://github.com/kbaoooo/vn_schools_scores_data/blob/main/craw-data/scores/KTD/2025.json
KTD,7220204,Ngôn ngữ Trung Quốc,7220204,2025,https://github.com/kbaoooo/vn_schools_scores_data/blob/main/craw-data/scores/KTD/2025.json
KTD,7340101,Quản trị Kinh doanh,7340101,2025,https://github.com/kbaoooo/vn_schools_scores_data/blob/main/craw-data/scores/KTD/2025.json
KTD,7340201,Tài chính - Ngân hàng,7340201,2025,https://github.com/kbaoooo/vn_schools_scores_data/blob/main/craw-data/scores/KTD/2025.json
KTD,7340301,Kế toán,7340301,2025,https://github.com/kbaoooo/vn_schools_scores_data/blob/main/craw-data/scores/KTD/2025.json
KTD,7480201,Công nghệ thông tin,7480201,2025,https://github.com/kbaoooo/vn_schools_scores_data/blob/main/craw-data/scores/KTD/2025.json
KTD,7510301,Công nghệ kỹ thuật Điện - Điện tử,7510301,2025,https://github.com/kbaoooo/vn_schools_scores_data/blob/main/craw-data/scores/KTD/2025.json
KTD,7510605,Logistics và quản lý chuỗi cung ứng,7510605,2025,https://github.com/kbaoooo/vn_schools_scores_data/blob/main/craw-data/scores/KTD/2025.json
KTD,7580101,Kiến trúc,7580101,2025,https://github.com/kbaoooo/vn_schools_scores_data/blob/main/craw-data/scores/KTD/2025.json
KTD,7580108,Thiết kế nội thất,7580108,2025,https://github.com/kbaoooo/vn_schools_scores_data/blob/main/craw-data/scores/KTD/2025.json
KTD,7580201,Kỹ thuật xây dựng,7580201,2025,https://github.com/kbaoooo/vn_schools_scores_data/blob/main/craw-data/scores/KTD/2025.json
KTD,7580205,Kỹ thuật xây dựng công trình giao thông,7580205,2025,https://github.com/kbaoooo/vn_schools_scores_data/blob/main/craw-data/scores/KTD/2025.json
KTD,7580302,Quản lý xây dựng,7580302,2025,https://github.com/kbaoooo/vn_schools_scores_data/blob/main/craw-data/scores/KTD/2025.json
KTD,7810103,Quản trị Dịch vụ du lịch và Lữ hành,7810103,2025,https://github.com/kbaoooo/vn_schools_scores_data/blob/main/craw-data/scores/KTD/2025.json
KTD,7810201,Quản trị khách sạn,7810201,2025,https://github.com/kbaoooo/vn_schools_scores_data/blob/main/craw-data/scores/KTD/2025.json
KTS,7210110,Mỹ thuật đô thị,7210110,2025,https://github.com/kbaoooo/vn_schools_scores_data/blob/main/craw-data/scores/KTS/2025.json
KTS,7210402,Thiết kế công nghiệp,7210402,2025,https://github.com/kbaoooo/vn_schools_scores_data/blob/main/craw-data/scores/KTS/2025.json
KTS,7210403,Thiết kế đồ họa,7210403,2025,https://github.com/kbaoooo/vn_schools_scores_data/blob/main/craw-data/scores/KTS/2025.json
KTS,7210404,Thiết kế thời trang,7210404,2025,https://github.com/kbaoooo/vn_schools_scores_data/blob/main/craw-data/scores/KTS/2025.json
KTS,7580101,Kiến trúc,7580101,2025,https://github.com/kbaoooo/vn_schools_scores_data/blob/main/craw-data/scores/KTS/2025.json
KTS,7580101CLC,Kiến trúc (Chất lượng cao),7580101,2025,https://github.com/kbaoooo/vn_schools_scores_data/blob/main/craw-data/scores/KTS/2025.json
KTS,7580101CT,Kiến trúc (CT),7580101,2025,https://github.com/kbaoooo/vn_schools_scores_data/blob/main/craw-data/scores/KTS/2025.json
KTS,7580101DL,Kiến trúc (DL),7580101,2025,https://github.com/kbaoooo/vn_schools_scores_data/blob/main/craw-data/scores/KTS/2025.json
KTS,7580102,Kiến trúc cảnh quan,7580102,2025,https://github.com/kbaoooo/vn_schools_scores_data/blob/main/craw-data/scores/KTS/2025.json
KTS,7580105,Quy hoạch vùng và đô thị,7580105,2025,https://github.com/kbaoooo/vn_schools_scores_data/blob/main/craw-data/scores/KTS/2025.json
KTS,7580105CLC,Quy hoạch vùng và đô thị (Chất lượng cao),7580105,2025,https://github.com/kbaoooo/vn_schools_scores_data/blob/main/craw-data/scores/KTS/2025.json
KTS,7580108,Thiết kế nội thất,7580108,2025,https://github.com/kbaoooo/vn_schools_scores_data/blob/main/craw-data/scores/KTS/2025.json
KTS,7580108CT,Thiết kế nội thất (CT),7580108,2025,https://github.com/kbaoooo/vn_schools_scores_data/blob/main/craw-data/scores/KTS/2025.json
KTS,7580110,Thiết kế đô thị (Chương trình tiên tiến),7580110,2025,https://github.com/kbaoooo/vn_schools_scores_data/blob/main/craw-data/scores/KTS/2025.json
KTS,7580201,Kỹ thuật xây dựng,7580201,2025,https://github.com/kbaoooo/vn_schools_scores_data/blob/main/craw-data/scores/KTS/2025.json
KTS,7580201CLC,Kỹ thuật xây dựng (Chất lượng cao),7580201,2025,https://github.com/kbaoooo/vn_schools_scores_data/blob/main/craw-data/scores/KTS/2025.json
KTS,7580201CT,Kỹ thuật xây dựng (CT),7580201,2025,https://github.com/kbaoooo/vn_schools_scores_data/blob/main/craw-data/scores/KTS/2025.json
KTS,7580201DL,Kỹ thuật xây dựng (DL),7580201,2025,https://github.com/kbaoooo/vn_schools_scores_data/blob/main/craw-data/scores/KTS/2025.json
KTS,7580210,Kỹ thuật cơ sở hạ tầng,7580210,2025,https://github.com/kbaoooo/vn_schools_scores_data/blob/main/craw-data/scores/KTS/2025.json
KTS,7580302,Quản lý xây dựng,7580302,2025,https://github.com/kbaoooo/vn_schools_scores_data/blob/main/craw-data/scores/KTS/2025.json
LAH,7860201,Chỉ huy Tham mưu Lục quân,7860201,2025,https://github.com/kbaoooo/vn_schools_scores_data/blob/main/craw-data/scores/LAH/2025.json
LAH,7860222_QK1,Quân sự cơ sở - Quân khu 1,7860222,2025,https://github.com/kbaoooo/vn_schools_scores_data/blob/main/craw-data/scores/LAH/2025.json
LAH,7860222_QK2,Quân sự cơ sở - Quân khu 2,7860222,2025,https://github.com/kbaoooo/vn_schools_scores_data/blob/main/craw-data/scores/LAH/2025.json
LAH,7860222_QK3,Quân sự cơ sở - Quân khu 3,7860222,2025,https://github.com/kbaoooo/vn_schools_scores_data/blob/main/craw-data/scores/LAH/2025.json
LAH,7860222_QK4,Quân sự cơ sở - Quân khu 4,7860222,2025,https://github.com/kbaoooo/vn_schools_scores_data/blob/main/craw-data/scores/LAH/2025.json
LBH,7860201_4,Chỉ huy Tham mưu Lục quân (QK4),7860201,2025,https://github.com/kbaoooo/vn_schools_scores_data/blob/main/craw-data/scores/LBH/2025.json
LBH,7860201_5,Chỉ huy Tham mưu Lục quân (QK5),7860201,2025,https://github.com/kbaoooo/vn_schools_scores_data/blob/main/craw-data/scores/LBH/2025.json
LBH,7860201_7,Chỉ huy Tham mưu Lục quân (QK7),7860201,2025,https://github.com/kbaoooo/vn_schools_scores_data/blob/main/craw-data/scores/LBH/2025.json
LBH,7860201_9,Chỉ huy Tham mưu Lục quân (QK9),7860201,2025,https://github.com/kbaoooo/vn_schools_scores_data/blob/main/craw-data/scores/LBH/2025.json
LCH,7310202_B_A00,Xây dựng Đảng và Chính quyền Nhà nước (miền Bắc),7310202,2025,https://github.com/kbaoooo/vn_schools_scores_data/blob/main/craw-data/scores/LCH/2025.json
LCH,7310202_B_C00,Xây dựng Đảng và Chính quyền Nhà nước (miền Bắc),7310202,2025,https://github.com/kbaoooo/vn_schools_scores_data/blob/main/craw-data/scores/LCH/2025.json
LCH,7310202_B_C03,Xây dựng Đảng và Chính quyền Nhà nước (miền Bắc),7310202,2025,https://github.com/kbaoooo/vn_schools_scores_data/blob/main/craw-data/scores/LCH/2025.json
LCH,7310202_B_C04,Xây dựng Đảng và Chính quyền Nhà nước (miền Bắc),7310202,2025,https://github.com/kbaoooo/vn_schools_scores_data/blob/main/craw-data/scores/LCH/2025.json
LCH,7310202_B_D01,Xây dựng Đảng và Chính quyền Nhà nước (miền Bắc),7310202,2025,https://github.com/kbaoooo/vn_schools_scores_data/blob/main/craw-data/scores/LCH/2025.json
LCH,7310202_N_A00,Xây dựng Đảng và Chính quyền Nhà nước (miền Nam),7310202,2025,https://github.com/kbaoooo/vn_schools_scores_data/blob/main/craw-data/scores/LCH/2025.json
LCH,7310202_N_C00,Xây dựng Đảng và Chính quyền Nhà nước (miền Nam),7310202,2025,https://github.com/kbaoooo/vn_schools_scores_data/blob/main/craw-data/scores/LCH/2025.json
LCH,7310202_N_C03,Xây dựng Đảng và Chính quyền Nhà nước (miền Nam),7310202,2025,https://github.com/kbaoooo/vn_schools_scores_data/blob/main/craw-data/scores/LCH/2025.json
LCH,7310202_N_C04,Xây dựng Đảng và Chính quyền Nhà nước (miền Nam),7310202,2025,https://github.com/kbaoooo/vn_schools_scores_data/blob/main/craw-data/scores/LCH/2025.json
LCH,7310202_N_D01,Xây dựng Đảng và Chính quyền Nhà nước (miền Nam),7310202,2025,https://github.com/kbaoooo/vn_schools_scores_data/blob/main/craw-data/scores/LCH/2025.json
LDA,7220201,Ngôn ngữ Anh,7220201,2025,https://github.com/kbaoooo/vn_schools_scores_data/blob/main/craw-data/scores/LDA/2025.json
LDA,7310101,Kinh tế,7310101,2025,https://github.com/kbaoooo/vn_schools_scores_data/blob/main/craw-data/scores/LDA/2025.json
LDA,7310301,Xã hội học,7310301,2025,https://github.com/kbaoooo/vn_schools_scores_data/blob/main/craw-data/scores/LDA/2025.json
LDA,7310630,Việt Nam học,7310630,2025,https://github.com/kbaoooo/vn_schools_scores_data/blob/main/craw-data/scores/LDA/2025.json
LDA,7320105,Truyền thông đại chúng,7320105,2025,https://github.com/kbaoooo/vn_schools_scores_data/blob/main/craw-data/scores/LDA/2025.json
LDA,7340101,Quản trị kinh doanh,7340101,2025,https://github.com/kbaoooo/vn_schools_scores_data/blob/main/craw-data/scores/LDA/2025.json
LDA,7340101P,Quản trị kinh doanh (chương trình định hướng chuyên sâu nghề nghiệp quốc tế - IPOP),7340101,2025,https://github.com/kbaoooo/vn_schools_scores_data/blob/main/craw-data/scores/LDA/2025.json
LDA,7340201,Tài chính - Ngân hàng,7340201,2025,https://github.com/kbaoooo/vn_schools_scores_data/blob/main/craw-data/scores/LDA/2025.json
LDA,7340301,Kế toán,7340301,2025,https://github.com/kbaoooo/vn_schools_scores_data/blob/main/craw-data/scores/LDA/2025.json
LDA,7340404,Quản trị nhân lực,7340404,2025,https://github.com/kbaoooo/vn_schools_scores_data/blob/main/craw-data/scores/LDA/2025.json
LDA,7340408,Quan hệ lao động,7340408,2025,https://github.com/kbaoooo/vn_schools_scores_data/blob/main/craw-data/scores/LDA/2025.json
LDA,7380101,Luật,7380101,2025,https://github.com/kbaoooo/vn_schools_scores_data/blob/main/craw-data/scores/LDA/2025.json
LDA,7460108,Khoa học dữ liệu,7460108,2025,https://github.com/kbaoooo/vn_schools_scores_data/blob/main/craw-data/scores/LDA/2025.json
LDA,7480201,Công nghệ thông tin,7480201,2025,https://github.com/kbaoooo/vn_schools_scores_data/blob/main/craw-data/scores/LDA/2025.json
LDA,7760101,Công tác xã hội,7760101,2025,https://github.com/kbaoooo/vn_schools_scores_data/blob/main/craw-data/scores/LDA/2025.json
LDA,7810101,Du lịch,7810101,2025,https://github.com/kbaoooo/vn_schools_scores_data/blob/main/craw-data/scores/LDA/2025.json
LDA,7850201,Bảo hộ lao động,7850201,2025,https://github.com/kbaoooo/vn_schools_scores_data/blob/main/craw-data/scores/LDA/2025.json
LNH,7310101,Kinh tế,7310101,2025,https://github.com/kbaoooo/vn_schools_scores_data/blob/main/craw-data/scores/LNH/2025.json
LNH,7340101,Quản trị kinh doanh,7340101,2025,https://github.com/kbaoooo/vn_schools_scores_data/blob/main/craw-data/scores/LNH/2025.json
LNH,7340116,Bất động sản,7340116,2025,https://github.com/kbaoooo/vn_schools_scores_data/blob/main/craw-data/scores/LNH/2025.json
LNH,7340201,Tài chính - Ngân hàng,7340201,2025,https://github.com/kbaoooo/vn_schools_scores_data/blob/main/craw-data/scores/LNH/2025.json
LNH,7340301,Kế toán,7340301,2025,https://github.com/kbaoooo/vn_schools_scores_data/blob/main/craw-data/scores/LNH/2025.json
LNH,7420201,Công nghệ sinh học,7420201,2025,https://github.com/kbaoooo/vn_schools_scores_data/blob/main/craw-data/scores/LNH/2025.json
LNH,7480104,Hệ thống thông tin,7480104,2025,https://github.com/kbaoooo/vn_schools_scores_data/blob/main/craw-data/scores/LNH/2025.json
LNH,7510203,Công nghệ kỹ thuật cơ điện tử,7510203,2025,https://github.com/kbaoooo/vn_schools_scores_data/blob/main/craw-data/scores/LNH/2025.json
LNH,7510205,Công nghệ kỹ thuật ô tô,7510205,2025,https://github.com/kbaoooo/vn_schools_scores_data/blob/main/craw-data/scores/LNH/2025.json
LNH,7510605,Logistics và Quản lý chuỗi cung ứng,7510605,2025,https://github.com/kbaoooo/vn_schools_scores_data/blob/main/craw-data/scores/LNH/2025.json
LNH,7520103,Kỹ thuật cơ khí,7520103,2025,https://github.com/kbaoooo/vn_schools_scores_data/blob/main/craw-data/scores/LNH/2025.json
LNH,7520118,Kỹ thuật hệ thống công nghiệp,7520118,2025,https://github.com/kbaoooo/vn_schools_scores_data/blob/main/craw-data/scores/LNH/2025.json
LNH,7549001,Công nghệ chế biến lâm sản,7549001,2025,https://github.com/kbaoooo/vn_schools_scores_data/blob/main/craw-data/scores/LNH/2025.json
LNH,7580102,Kiến trúc cảnh quan,7580102,2025,https://github.com/kbaoooo/vn_schools_scores_data/blob/main/craw-data/scores/LNH/2025.json
LNH,7580108,Thiết kế nội thất,7580108,2025,https://github.com/kbaoooo/vn_schools_scores_data/blob/main/craw-data/scores/LNH/2025.json
LNH,7580201,Kỹ thuật xây dựng,7580201,2025,https://github.com/kbaoooo/vn_schools_scores_data/blob/main/craw-data/scores/LNH/2025.json
LNH,7620105,Chăn nuôi,7620105,2025,https://github.com/kbaoooo/vn_schools_scores_data/blob/main/craw-data/scores/LNH/2025.json
LNH,7620110,Khoa học cây trồng,7620110,2025,https://github.com/kbaoooo/vn_schools_scores_data/blob/main/craw-data/scores/LNH/2025.json
LNH,7620205,Lâm sinh,7620205,2025,https://github.com/kbaoooo/vn_schools_scores_data/blob/main/craw-data/scores/LNH/2025.json
LNH,7620210,Lâm nghiệp,7620210,2025,https://github.com/kbaoooo/vn_schools_scores_data/blob/main/craw-data/scores/LNH/2025.json
LNH,7620211,Quản lý tài nguyên rừng,7620211,2025,https://github.com/kbaoooo/vn_schools_scores_data/blob/main/craw-data/scores/LNH/2025.json
LNH,7640101,Thú y,7640101,2025,https://github.com/kbaoooo/vn_schools_scores_data/blob/main/craw-data/scores/LNH/2025.json
LNH,7760101,Công tác xã hội,7760101,2025,https://github.com/kbaoooo/vn_schools_scores_data/blob/main/craw-data/scores/LNH/2025.json
LNH,7810103,Quản trị dịch vụ Du lịch và Lữ hành,7810103,2025,https://github.com/kbaoooo/vn_schools_scores_data/blob/main/craw-data/scores/LNH/2025.json
LNH,7850101,Quản lý tài nguyên và Môi trường,7850101,2025,https://github.com/kbaoooo/vn_schools_scores_data/blob/main/craw-data/scores/LNH/2025.json
LNH,7850103,Quản lý đất đai,7850103,2025,https://github.com/kbaoooo/vn_schools_scores_data/blob/main/craw-data/scores/LNH/2025.json
LNH,7850104,Du lịch sinh thái,7850104,2025,https://github.com/kbaoooo/vn_schools_scores_data/blob/main/craw-data/scores/LNH/2025.json
LNH,7850106,Quản lý tài nguyên thiên nhiên,7850106,2025,https://github.com/kbaoooo/vn_schools_scores_data/blob/main/craw-data/scores/LNH/2025.json
LNS,7340101,Quản trị kinh doanh,7340101,2025,https://github.com/kbaoooo/vn_schools_scores_data/blob/main/craw-data/scores/LNS/2025.json
LNS,7340201,Tài chính ngân hàng,7340201,2025,https://github.com/kbaoooo/vn_schools_scores_data/blob/main/craw-data/scores/LNS/2025.json
LNS,7340301,Kế toán,7340301,2025,https://github.com/kbaoooo/vn_schools_scores_data/blob/main/craw-data/scores/LNS/2025.json
LNS,7480104,Hệ thống thông tin,7480104,2025,https://github.com/kbaoooo/vn_schools_scores_data/blob/main/craw-data/scores/LNS/2025.json
LNS,7510605,Logistics & quản lý chuỗi cung ứng,7510605,2025,https://github.com/kbaoooo/vn_schools_scores_data/blob/main/craw-data/scores/LNS/2025.json
LNS,7580108,Thiết kế nội thất,7580108,2025,https://github.com/kbaoooo/vn_schools_scores_data/blob/main/craw-data/scores/LNS/2025.json
LNS,7620105,Chăn nuôi,7620105,2025,https://github.com/kbaoooo/vn_schools_scores_data/blob/main/craw-data/scores/LNS/2025.json
LNS,7620110,Khoa học cây trồng,7620110,2025,https://github.com/kbaoooo/vn_schools_scores_data/blob/main/craw-data/scores/LNS/2025.json
LNS,7620112,Bảo vệ thực vật,7620112,2025,https://github.com/kbaoooo/vn_schools_scores_data/blob/main/craw-data/scores/LNS/2025.json
LNS,7620205,Lâm sinh,7620205,2025,https://github.com/kbaoooo/vn_schools_scores_data/blob/main/craw-data/scores/LNS/2025.json
LNS,7620211,Quản lí tài nguyên rừng,7620211,2025,https://github.com/kbaoooo/vn_schools_scores_data/blob/main/craw-data/scores/LNS/2025.json
LNS,7640101,Thú y,7640101,2025,https://github.com/kbaoooo/vn_schools_scores_data/blob/main/craw-data/scores/LNS/2025.json
LNS,7810103,Quản trị dịch vụ du lịch & lữ hành,7810103,2025,https://github.com/kbaoooo/vn_schools_scores_data/blob/main/craw-data/scores/LNS/2025.json
LNS,7850101,Quản lí tài nguyên & Môi trường,7850101,2025,https://github.com/kbaoooo/vn_schools_scores_data/blob/main/craw-data/scores/LNS/2025.json
LNS,7850103,Quản lí đất đai,7850103,2025,https://github.com/kbaoooo/vn_schools_scores_data/blob/main/craw-data/scores/LNS/2025.json
LPH,7220201,Ngôn ngữ Anh,7220201,2025,https://github.com/kbaoooo/vn_schools_scores_data/blob/main/craw-data/scores/LPH/2025.json
LPH,7380101,Luật,7380101,2025,https://github.com/kbaoooo/vn_schools_scores_data/blob/main/craw-data/scores/LPH/2025.json
LPH,7380101PH,Luật (Đào tạo tại Phân hiệu Đắk Lắk),7380101,2025,https://github.com/kbaoooo/vn_schools_scores_data/blob/main/craw-data/scores/LPH/2025.json
LPH,7380107,Luật Kinh tế,7380107,2025,https://github.com/kbaoooo/vn_schools_scores_data/blob/main/craw-data/scores/LPH/2025.json
LPH,7380109,Luật Thương mại quốc tế,7380109,2025,https://github.com/kbaoooo/vn_schools_scores_data/blob/main/craw-data/scores/LPH/2025.json
LPS,Kinh doanh Quốc tế,7340120,,2025,https://github.com/kbaoooo/vn_schools_scores_data/blob/main/craw-data/scores/LPS/2025.json
LPS,Quản trị - Luật,7340102,,2025,https://github.com/kbaoooo/vn_schools_scores_data/blob/main/craw-data/scores/LPS/2025.json
LPS,Quản trị kinh doanh,7340101,,2025,https://github.com/kbaoooo/vn_schools_scores_data/blob/main/craw-data/scores/LPS/2025.json
LPS,Luật Thương mại quốc tế,7380109,,2025,https://github.com/kbaoooo/vn_schools_scores_data/blob/main/craw-data/scores/LPS/2025.json
LPS,Tài chính - Ngân hàng,7340201,,2025,https://github.com/kbaoooo/vn_schools_scores_data/blob/main/craw-data/scores/LPS/2025.json
LPS,Luật,7380101,,2025,https://github.com/kbaoooo/vn_schools_scores_data/blob/main/craw-data/scores/LPS/2025.json
LPS,Ngôn ngữ Anh,7220201,,2025,https://github.com/kbaoooo/vn_schools_scores_data/blob/main/craw-data/scores/LPS/2025.json
MBS,7220201,Ngôn ngữ Anh,7220201,2025,https://github.com/kbaoooo/vn_schools_scores_data/blob/main/craw-data/scores/MBS/2025.json
MBS,7220201C,Ngôn ngữ Anh Chương trình Tiên tiến,7220201,2025,https://github.com/kbaoooo/vn_schools_scores_data/blob/main/craw-data/scores/MBS/2025.json
MBS,7220201FL,"Ngôn ngữ Anh - CTLKĐH Flinders, úc",7220201,2025,https://github.com/kbaoooo/vn_schools_scores_data/blob/main/craw-data/scores/MBS/2025.json
MBS,7220204,Ngôn ngữ Trung Quốc,7220204,2025,https://github.com/kbaoooo/vn_schools_scores_data/blob/main/craw-data/scores/MBS/2025.json
MBS,7220204C,Ngôn ngữ Trung Quốc Chương trình Tiên tiến,7220204,2025,https://github.com/kbaoooo/vn_schools_scores_data/blob/main/craw-data/scores/MBS/2025.json
MBS,7220209,Ngôn ngữ Nhật,7220209,2025,https://github.com/kbaoooo/vn_schools_scores_data/blob/main/craw-data/scores/MBS/2025.json
MBS,7220209C,Ngôn ngữ Nhật Chương trình Tiên tiến,7220209,2025,https://github.com/kbaoooo/vn_schools_scores_data/blob/main/craw-data/scores/MBS/2025.json
MBS,7220210,Ngôn ngữ Hàn Quốc,7220210,2025,https://github.com/kbaoooo/vn_schools_scores_data/blob/main/craw-data/scores/MBS/2025.json
MBS,7310101,Kinh tế,7310101,2025,https://github.com/kbaoooo/vn_schools_scores_data/blob/main/craw-data/scores/MBS/2025.json
MBS,7310101C,Kinh tế Chương trình Tiên tiến,7310101,2025,https://github.com/kbaoooo/vn_schools_scores_data/blob/main/craw-data/scores/MBS/2025.json
MBS,7310301,Xã hội học,7310301,2025,https://github.com/kbaoooo/vn_schools_scores_data/blob/main/craw-data/scores/MBS/2025.json
MBS,7310401,Tâm lý học,7310401,2025,https://github.com/kbaoooo/vn_schools_scores_data/blob/main/craw-data/scores/MBS/2025.json
MBS,7310620,Đông Nam á học,7310620,2025,https://github.com/kbaoooo/vn_schools_scores_data/blob/main/craw-data/scores/MBS/2025.json
MBS,7340101,Quản trị kinh doanh,7340101,2025,https://github.com/kbaoooo/vn_schools_scores_data/blob/main/craw-data/scores/MBS/2025.json
MBS,7340101C,Quản trị kinh doanh Chương trình Tiên tiến,7340101,2025,https://github.com/kbaoooo/vn_schools_scores_data/blob/main/craw-data/scores/MBS/2025.json
MBS,7340101FL,"Quản trị kinh doanh - CTLKĐH Flinders, úc",7340101,2025,https://github.com/kbaoooo/vn_schools_scores_data/blob/main/craw-data/scores/MBS/2025.json
MBS,7340101SQ,Quản trị kinh doanh -CTLKĐH Southern Queensland,7340101,2025,https://github.com/kbaoooo/vn_schools_scores_data/blob/main/craw-data/scores/MBS/2025.json
MBS,7340101SW,Quản trị kinh doanh - CTLKĐH South Wales,7340101,2025,https://github.com/kbaoooo/vn_schools_scores_data/blob/main/craw-data/scores/MBS/2025.json
MBS,7340115,Marketing,7340115,2025,https://github.com/kbaoooo/vn_schools_scores_data/blob/main/craw-data/scores/MBS/2025.json
MBS,7340120,Kinh doanh quốc tế,7340120,2025,https://github.com/kbaoooo/vn_schools_scores_data/blob/main/craw-data/scores/MBS/2025.json
MBS,7340201,Tài chính - Ngân hàng,7340201,2025,https://github.com/kbaoooo/vn_schools_scores_data/blob/main/craw-data/scores/MBS/2025.json
MBS,7340201C,Tài chính - Ngân hàng Chương trình Tiên tiến,7340201,2025,https://github.com/kbaoooo/vn_schools_scores_data/blob/main/craw-data/scores/MBS/2025.json
MBS,7340201FL,"Tài chính ngân hàng -CTLKĐH Flinders, úc",7340201,2025,https://github.com/kbaoooo/vn_schools_scores_data/blob/main/craw-data/scores/MBS/2025.json
MBS,7340204,Bảo hiểm,7340204,2025,https://github.com/kbaoooo/vn_schools_scores_data/blob/main/craw-data/scores/MBS/2025.json
MBS,7340205,Công nghệ tài chính,7340205,2025,https://github.com/kbaoooo/vn_schools_scores_data/blob/main/craw-data/scores/MBS/2025.json
MBS,7340301,Kế toán,7340301,2025,https://github.com/kbaoooo/vn_schools_scores_data/blob/main/craw-data/scores/MBS/2025.json
MBS,7340301C,Kế toán Chương trình Tiên tiến,7340301,2025,https://github.com/kbaoooo/vn_schools_scores_data/blob/main/craw-data/scores/MBS/2025.json
MBS,7340302,Kiểm toán,7340302,2025,https://github.com/kbaoooo/vn_schools_scores_data/blob/main/craw-data/scores/MBS/2025.json
MBS,7340302C,Kiểm toán Chương trình Tiên tiến,7340302,2025,https://github.com/kbaoooo/vn_schools_scores_data/blob/main/craw-data/scores/MBS/2025.json
MBS,7340403,Quản lý công,7340403,2025,https://github.com/kbaoooo/vn_schools_scores_data/blob/main/craw-data/scores/MBS/2025.json
MBS,7340404,Quản trị nhân lực,7340404,2025,https://github.com/kbaoooo/vn_schools_scores_data/blob/main/craw-data/scores/MBS/2025.json
MBS,7340405,Hệ thống thông tin quản lý,7340405,2025,https://github.com/kbaoooo/vn_schools_scores_data/blob/main/craw-data/scores/MBS/2025.json
MBS,7380101,Luật,7380101,2025,https://github.com/kbaoooo/vn_schools_scores_data/blob/main/craw-data/scores/MBS/2025.json
MBS,7380107,Luật kinh tế,7380107,2025,https://github.com/kbaoooo/vn_schools_scores_data/blob/main/craw-data/scores/MBS/2025.json
MBS,7380107C,Luật kinh tế Chương trình Tiên tiến,7380107,2025,https://github.com/kbaoooo/vn_schools_scores_data/blob/main/craw-data/scores/MBS/2025.json
MBS,7420201,Công nghệ sinh học,7420201,2025,https://github.com/kbaoooo/vn_schools_scores_data/blob/main/craw-data/scores/MBS/2025.json
MBS,7420201C,Công nghệ sinh học Chương trình Tiên tiến,7420201,2025,https://github.com/kbaoooo/vn_schools_scores_data/blob/main/craw-data/scores/MBS/2025.json
MBS,7460108,Khoa học dữ liệu,7460108,2025,https://github.com/kbaoooo/vn_schools_scores_data/blob/main/craw-data/scores/MBS/2025.json
MBS,7480101,Khoa học máy tính,7480101,2025,https://github.com/kbaoooo/vn_schools_scores_data/blob/main/craw-data/scores/MBS/2025.json
MBS,7480101C,Khoa học máy tính Chương trình Tiên tiến,7480101,2025,https://github.com/kbaoooo/vn_schools_scores_data/blob/main/craw-data/scores/MBS/2025.json
MBS,7480103,Kỹ thuật phần mềm,7480103,2025,https://github.com/kbaoooo/vn_schools_scores_data/blob/main/craw-data/scores/MBS/2025.json
MBS,7480107,Trí tuệ nhân tạo,7480107,2025,https://github.com/kbaoooo/vn_schools_scores_data/blob/main/craw-data/scores/MBS/2025.json
MBS,7480201,Công nghệ thông tin,7480201,2025,https://github.com/kbaoooo/vn_schools_scores_data/blob/main/craw-data/scores/MBS/2025.json
MBS,7480201C,Công nghệ thông tin Chương trình Tiên tiến,7480201,2025,https://github.com/kbaoooo/vn_schools_scores_data/blob/main/craw-data/scores/MBS/2025.json
MBS,7510102,Công nghệ kỹ thuật công trình xây dựng,7510102,2025,https://github.com/kbaoooo/vn_schools_scores_data/blob/main/craw-data/scores/MBS/2025.json
MBS,7510102C,CNKT CT xây dựng Chương trình Tiên tiến,7510102,2025,https://github.com/kbaoooo/vn_schools_scores_data/blob/main/craw-data/scores/MBS/2025.json
MBS,7510605,Logistics và quản lý chuỗi cung ứng,7510605,2025,https://github.com/kbaoooo/vn_schools_scores_data/blob/main/craw-data/scores/MBS/2025.json
MBS,7540101,Công nghệ thực phẩm,7540101,2025,https://github.com/kbaoooo/vn_schools_scores_data/blob/main/craw-data/scores/MBS/2025.json
MBS,7580302,Quản lý xây dựng,7580302,2025,https://github.com/kbaoooo/vn_schools_scores_data/blob/main/craw-data/scores/MBS/2025.json
MBS,7760101,Công tác xã hội,7760101,2025,https://github.com/kbaoooo/vn_schools_scores_data/blob/main/craw-data/scores/MBS/2025.json
MBS,7810101,Du lịch,7810101,2025,https://github.com/kbaoooo/vn_schools_scores_data/blob/main/craw-data/scores/MBS/2025.json
MDA,7220201,Ngôn ngữ Anh,7220201,2025,https://github.com/kbaoooo/vn_schools_scores_data/blob/main/craw-data/scores/MDA/2025.json
MDA,7220204,Ngôn ngữ Trung Quốc,7220204,2025,https://github.com/kbaoooo/vn_schools_scores_data/blob/main/craw-data/scores/MDA/2025.json
MDA,7340101,Quản trị kinh doanh,7340101,2025,https://github.com/kbaoooo/vn_schools_scores_data/blob/main/craw-data/scores/MDA/2025.json
MDA,7340201,Tài chính - Ngân hàng,7340201,2025,https://github.com/kbaoooo/vn_schools_scores_data/blob/main/craw-data/scores/MDA/2025.json
MDA,7340301,Kế toán,7340301,2025,https://github.com/kbaoooo/vn_schools_scores_data/blob/main/craw-data/scores/MDA/2025.json
MDA,7440201,Địa chất học,7440201,2025,https://github.com/kbaoooo/vn_schools_scores_data/blob/main/craw-data/scores/MDA/2025.json
MDA,7440229,Quản lý và phân tích dữ liệu khoa học,7440229,2025,https://github.com/kbaoooo/vn_schools_scores_data/blob/main/craw-data/scores/MDA/2025.json
MDA,7460108,Khoa học dữ liệu,7460108,2025,https://github.com/kbaoooo/vn_schools_scores_data/blob/main/craw-data/scores/MDA/2025.json
MDA,7480201,Công nghệ thông tin,7480201,2025,https://github.com/kbaoooo/vn_schools_scores_data/blob/main/craw-data/scores/MDA/2025.json
MDA,7480206,Địa tin học,7480206,2025,https://github.com/kbaoooo/vn_schools_scores_data/blob/main/craw-data/scores/MDA/2025.json
MDA,7510301,"Công nghệ kỹ thuật điện, điện tử",7510301,2025,https://github.com/kbaoooo/vn_schools_scores_data/blob/main/craw-data/scores/MDA/2025.json
MDA,7510401,Công nghệ kỹ thuật hóa học,7510401,2025,https://github.com/kbaoooo/vn_schools_scores_data/blob/main/craw-data/scores/MDA/2025.json
MDA,7510601,Quản lý công nghiệp,7510601,2025,https://github.com/kbaoooo/vn_schools_scores_data/blob/main/craw-data/scores/MDA/2025.json
MDA,7520103,Kỹ thuật cơ khí,7520103,2025,https://github.com/kbaoooo/vn_schools_scores_data/blob/main/craw-data/scores/MDA/2025.json
MDA,7520107,Kỹ thuật Robot,7520107,2025,https://github.com/kbaoooo/vn_schools_scores_data/blob/main/craw-data/scores/MDA/2025.json
MDA,7520114,Kỹ thuật cơ điện tử,7520114,2025,https://github.com/kbaoooo/vn_schools_scores_data/blob/main/craw-data/scores/MDA/2025.json
MDA,7520116,Kỹ thuật cơ khí động lực,7520116,2025,https://github.com/kbaoooo/vn_schools_scores_data/blob/main/craw-data/scores/MDA/2025.json
MDA,7520121,Kỹ thuật không gian,7520121,2025,https://github.com/kbaoooo/vn_schools_scores_data/blob/main/craw-data/scores/MDA/2025.json
MDA,7520130,Kỹ thuật ô tô,7520130,2025,https://github.com/kbaoooo/vn_schools_scores_data/blob/main/craw-data/scores/MDA/2025.json
MDA,7520201,Kỹ thuật điện,7520201,2025,https://github.com/kbaoooo/vn_schools_scores_data/blob/main/craw-data/scores/MDA/2025.json
MDA,7520216,Kỹ thuật điều khiển và tự động hoá,7520216,2025,https://github.com/kbaoooo/vn_schools_scores_data/blob/main/craw-data/scores/MDA/2025.json
MDA,7520301,Kỹ thuật hoá học,7520301,2025,https://github.com/kbaoooo/vn_schools_scores_data/blob/main/craw-data/scores/MDA/2025.json
MDA,7520309,Kỹ thuật vật liệu,7520309,2025,https://github.com/kbaoooo/vn_schools_scores_data/blob/main/craw-data/scores/MDA/2025.json
MDA,7520320,Kỹ thuật môi trường,7520320,2025,https://github.com/kbaoooo/vn_schools_scores_data/blob/main/craw-data/scores/MDA/2025.json
MDA,7520501,Kỹ thuật địa chất,7520501,2025,https://github.com/kbaoooo/vn_schools_scores_data/blob/main/craw-data/scores/MDA/2025.json
MDA,7520502,Kỹ thuật địa vật lý,7520502,2025,https://github.com/kbaoooo/vn_schools_scores_data/blob/main/craw-data/scores/MDA/2025.json
MDA,7520503,Kỹ thuật trắc địa - bản đồ,7520503,2025,https://github.com/kbaoooo/vn_schools_scores_data/blob/main/craw-data/scores/MDA/2025.json
MDA,7520505,Đá quý Đá mỹ nghệ,7520505,2025,https://github.com/kbaoooo/vn_schools_scores_data/blob/main/craw-data/scores/MDA/2025.json
MDA,7520601,Kỹ thuật mỏ,7520601,2025,https://github.com/kbaoooo/vn_schools_scores_data/blob/main/craw-data/scores/MDA/2025.json
MDA,7520604,Kỹ thuật dầu khí,7520604,2025,https://github.com/kbaoooo/vn_schools_scores_data/blob/main/craw-data/scores/MDA/2025.json
MDA,7520605,Kỹ thuật khí thiên nhiên,7520605,2025,https://github.com/kbaoooo/vn_schools_scores_data/blob/main/craw-data/scores/MDA/2025.json
MDA,7520606,Công nghệ số trong thăm dò và khai thác tài nguyên thiên nhiên,7520606,2025,https://github.com/kbaoooo/vn_schools_scores_data/blob/main/craw-data/scores/MDA/2025.json
MDA,7520607,Kỹ thuật tuyển khoáng,7520607,2025,https://github.com/kbaoooo/vn_schools_scores_data/blob/main/craw-data/scores/MDA/2025.json
MDA,7580106,Quản lý đô thị và công trình,7580106,2025,https://github.com/kbaoooo/vn_schools_scores_data/blob/main/craw-data/scores/MDA/2025.json
MDA,7580109,Quản lý phát triển đô thị và bất động sản,7580109,2025,https://github.com/kbaoooo/vn_schools_scores_data/blob/main/craw-data/scores/MDA/2025.json
MDA,7580201,Kỹ thuật xây dựng,7580201,2025,https://github.com/kbaoooo/vn_schools_scores_data/blob/main/craw-data/scores/MDA/2025.json
MDA,7580204,Xây dựng công trình ngầm thành phố và Hệ thống tàu điện ngầm,7580204,2025,https://github.com/kbaoooo/vn_schools_scores_data/blob/main/craw-data/scores/MDA/2025.json
MDA,7580205,Kỹ thuật xây dựng công trình giao thông,7580205,2025,https://github.com/kbaoooo/vn_schools_scores_data/blob/main/craw-data/scores/MDA/2025.json
MDA,7580211,Địa kỹ thuật xây dựng,7580211,2025,https://github.com/kbaoooo/vn_schools_scores_data/blob/main/craw-data/scores/MDA/2025.json
MDA,7580212,Kỹ thuật tài nguyên nước,7580212,2025,https://github.com/kbaoooo/vn_schools_scores_data/blob/main/craw-data/scores/MDA/2025.json
MDA,7580302,Quản lý xây dựng,7580302,2025,https://github.com/kbaoooo/vn_schools_scores_data/blob/main/craw-data/scores/MDA/2025.json
MDA,7720203,Hoá dược,7720203,2025,https://github.com/kbaoooo/vn_schools_scores_data/blob/main/craw-data/scores/MDA/2025.json
MDA,7810105,Du lịch địa chất,7810105,2025,https://github.com/kbaoooo/vn_schools_scores_data/blob/main/craw-data/scores/MDA/2025.json
MDA,7850101,Quản lý tài nguyên và môi trường,7850101,2025,https://github.com/kbaoooo/vn_schools_scores_data/blob/main/craw-data/scores/MDA/2025.json
MDA,7850103,Quản lý đất đai,7850103,2025,https://github.com/kbaoooo/vn_schools_scores_data/blob/main/craw-data/scores/MDA/2025.json
MDA,7850196,Quản lý tài nguyên khoáng sản,7850196,2025,https://github.com/kbaoooo/vn_schools_scores_data/blob/main/craw-data/scores/MDA/2025.json
MDA,7850202,"An toàn, Vệ sinh lao động",7850202,2025,https://github.com/kbaoooo/vn_schools_scores_data/blob/main/craw-data/scores/MDA/2025.json
MHN,7220201,Ngôn ngữ Anh,7220201,2025,https://github.com/kbaoooo/vn_schools_scores_data/blob/main/craw-data/scores/MHN/2025.json
MHN,7220204,Ngôn ngữ Trung Quốc,7220204,2025,https://github.com/kbaoooo/vn_schools_scores_data/blob/main/craw-data/scores/MHN/2025.json
MHN,7340101,Quản trị kinh doanh,7340101,2025,https://github.com/kbaoooo/vn_schools_scores_data/blob/main/craw-data/scores/MHN/2025.json
MHN,7340122,Thương mại điện tử,7340122,2025,https://github.com/kbaoooo/vn_schools_scores_data/blob/main/craw-data/scores/MHN/2025.json
MHN,7340201,Tài chính - Ngân hàng,7340201,2025,https://github.com/kbaoooo/vn_schools_scores_data/blob/main/craw-data/scores/MHN/2025.json
MHN,7340204,Bảo hiểm,7340204,2025,https://github.com/kbaoooo/vn_schools_scores_data/blob/main/craw-data/scores/MHN/2025.json
MHN,7340301,Kế toán,7340301,2025,https://github.com/kbaoooo/vn_schools_scores_data/blob/main/craw-data/scores/MHN/2025.json
MHN,7380101,Luật,7380101,2025,https://github.com/kbaoooo/vn_schools_scores_data/blob/main/craw-data/scores/MHN/2025.json
MHN,7380107,Luật kinh tế,7380107,2025,https://github.com/kbaoooo/vn_schools_scores_data/blob/main/craw-data/scores/MHN/2025.json
MHN,7380108,Luật quốc tế,7380108,2025,https://github.com/kbaoooo/vn_schools_scores_data/blob/main/craw-data/scores/MHN/2025.json
MHN,7420201,Công nghệ sinh học,7420201,2025,https://github.com/kbaoooo/vn_schools_scores_data/blob/main/craw-data/scores/MHN/2025.json
MHN,7480201,Công nghệ thông tin,7480201,2025,https://github.com/kbaoooo/vn_schools_scores_data/blob/main/craw-data/scores/MHN/2025.json
MHN,7510302,Công nghệ kỹ thuật điện tử – viễn thông,7510302,2025,https://github.com/kbaoooo/vn_schools_scores_data/blob/main/craw-data/scores/MHN/2025.json
MHN,7510303,Công nghệ kỹ thuật điều khiển và tự động hoá,7510303,2025,https://github.com/kbaoooo/vn_schools_scores_data/blob/main/craw-data/scores/MHN/2025.json
MHN,7540101,Công nghệ thực phẩm,7540101,2025,https://github.com/kbaoooo/vn_schools_scores_data/blob/main/craw-data/scores/MHN/2025.json
MHN,7810103,Quản trị dịch vụ du lịch và lữ hành,7810103,2025,https://github.com/kbaoooo/vn_schools_scores_data/blob/main/craw-data/scores/MHN/2025.json
MHN,7810201,Quản trị khách sạn,7810201,2025,https://github.com/kbaoooo/vn_schools_scores_data/blob/main/craw-data/scores/MHN/2025.json
MIT,7210403,Thiết kế đồ họa,7210403,2025,https://github.com/kbaoooo/vn_schools_scores_data/blob/main/craw-data/scores/MIT/2025.json
MIT,7220201,Ngôn ngữ Anh,7220201,2025,https://github.com/kbaoooo/vn_schools_scores_data/blob/main/craw-data/scores/MIT/2025.json
MIT,7220204,Ngôn ngữ Trung,7220204,2025,https://github.com/kbaoooo/vn_schools_scores_data/blob/main/craw-data/scores/MIT/2025.json
MIT,7310608,Đông phương học (chuyên ngành Tiếng Hàn),7310608,2025,https://github.com/kbaoooo/vn_schools_scores_data/blob/main/craw-data/scores/MIT/2025.json
MIT,7320104,Truyền thông đa phương tiện,7320104,2025,https://github.com/kbaoooo/vn_schools_scores_data/blob/main/craw-data/scores/MIT/2025.json
MIT,7340101,Quản trị kinh doanh,7340101,2025,https://github.com/kbaoooo/vn_schools_scores_data/blob/main/craw-data/scores/MIT/2025.json
MIT,7340114,Digital Marketing,7340114,2025,https://github.com/kbaoooo/vn_schools_scores_data/blob/main/craw-data/scores/MIT/2025.json
MIT,7340120,Kinh doanh quốc tế,7340120,2025,https://github.com/kbaoooo/vn_schools_scores_data/blob/main/craw-data/scores/MIT/2025.json
MIT,7340122,Thương mại điện tử,7340122,2025,https://github.com/kbaoooo/vn_schools_scores_data/blob/main/craw-data/scores/MIT/2025.json
MIT,7340201,Tài chính Ngân hàng,7340201,2025,https://github.com/kbaoooo/vn_schools_scores_data/blob/main/craw-data/scores/MIT/2025.json
MIT,7340205,Công nghệ tài chính,7340205,2025,https://github.com/kbaoooo/vn_schools_scores_data/blob/main/craw-data/scores/MIT/2025.json
MIT,7340301,Kế toán,7340301,2025,https://github.com/kbaoooo/vn_schools_scores_data/blob/main/craw-data/scores/MIT/2025.json
MIT,7380107,Luật kinh tế,7380107,2025,https://github.com/kbaoooo/vn_schools_scores_data/blob/main/craw-data/scores/MIT/2025.json
MIT,7480201,Công nghệ thông tin,7480201,2025,https://github.com/kbaoooo/vn_schools_scores_data/blob/main/craw-data/scores/MIT/2025.json
MIT,7510205,Công nghệ kỹ thuật ô tô,7510205,2025,https://github.com/kbaoooo/vn_schools_scores_data/blob/main/craw-data/scores/MIT/2025.json
MIT,7510601,Quản lý công nghiệp,7510601,2025,https://github.com/kbaoooo/vn_schools_scores_data/blob/main/craw-data/scores/MIT/2025.json
MIT,7510605,Logistics và quản lý chuỗi cung ứng,7510605,2025,https://github.com/kbaoooo/vn_schools_scores_data/blob/main/craw-data/scores/MIT/2025.json
MIT,7640101,Thú Y,7640101,2025,https://github.com/kbaoooo/vn_schools_scores_data/blob/main/craw-data/scores/MIT/2025.json
MIT,7720201,Dược học,7720201,2025,https://github.com/kbaoooo/vn_schools_scores_data/blob/main/craw-data/scores/MIT/2025.json
MTS,7210101,Lý luận lịch sử và phê bình mỹ thuật,7210101,2025,https://github.com/kbaoooo/vn_schools_scores_data/blob/main/craw-data/scores/MTS/2025.json
MTS,7210103,Hội họa,7210103,2025,https://github.com/kbaoooo/vn_schools_scores_data/blob/main/craw-data/scores/MTS/2025.json
MTS,7210104,Đồ họa,7210104,2025,https://github.com/kbaoooo/vn_schools_scores_data/blob/main/craw-data/scores/MTS/2025.json
MTS,7210105,Điêu khắc,7210105,2025,https://github.com/kbaoooo/vn_schools_scores_data/blob/main/craw-data/scores/MTS/2025.json
MTS,7210403,Thiết kế đồ họa,7210403,2025,https://github.com/kbaoooo/vn_schools_scores_data/blob/main/craw-data/scores/MTS/2025.json
MTU,7340301,Kế toán,7340301,2025,https://github.com/kbaoooo/vn_schools_scores_data/blob/main/craw-data/scores/MTU/2025.json
MTU,7480103,Kỹ thuật phần mềm,7480103,2025,https://github.com/kbaoooo/vn_schools_scores_data/blob/main/craw-data/scores/MTU/2025.json
MTU,7520320,Kỹ thuật môi trường,7520320,2025,https://github.com/kbaoooo/vn_schools_scores_data/blob/main/craw-data/scores/MTU/2025.json
MTU,7580101,Kiến trúc,7580101,2025,https://github.com/kbaoooo/vn_schools_scores_data/blob/main/craw-data/scores/MTU/2025.json
MTU,7580106,Quản lý đô thị và công trình,7580106,2025,https://github.com/kbaoooo/vn_schools_scores_data/blob/main/craw-data/scores/MTU/2025.json
MTU,7580201,Kỹ thuật xây dựng,7580201,2025,https://github.com/kbaoooo/vn_schools_scores_data/blob/main/craw-data/scores/MTU/2025.json
MTU,7580202,Kỹ thuật Xây dựng Công trình thủy (Kỹ sư),7580202,2025,https://github.com/kbaoooo/vn_schools_scores_data/blob/main/craw-data/scores/MTU/2025.json
MTU,7580205,Kỹ thuật xây dựng công trình Giao thông,7580205,2025,https://github.com/kbaoooo/vn_schools_scores_data/blob/main/craw-data/scores/MTU/2025.json
MTU,7580213,Kỹ thuật cấp thoát nước (Kỹ sư),7580213,2025,https://github.com/kbaoooo/vn_schools_scores_data/blob/main/craw-data/scores/MTU/2025.json
NHB,ACT02,Kế toán,,2025,https://github.com/kbaoooo/vn_schools_scores_data/blob/main/craw-data/scores/NHB/2025.json
NHB,BANK02,Ngân hàng,,2025,https://github.com/kbaoooo/vn_schools_scores_data/blob/main/craw-data/scores/NHB/2025.json
NHB,BUS02,Quản trị kinh doanh,,2025,https://github.com/kbaoooo/vn_schools_scores_data/blob/main/craw-data/scores/NHB/2025.json
NHB,FIN02,Tài chính,,2025,https://github.com/kbaoooo/vn_schools_scores_data/blob/main/craw-data/scores/NHB/2025.json
NHF,7220201,Ngôn ngữ Anh,7220201,2025,https://github.com/kbaoooo/vn_schools_scores_data/blob/main/craw-data/scores/NHF/2025.json
NHF,7220201 TT,Ngôn ngữ Anh - CTTT,7220201,2025,https://github.com/kbaoooo/vn_schools_scores_data/blob/main/craw-data/scores/NHF/2025.json
NHF,7220202,Ngôn ngữ Nga,7220202,2025,https://github.com/kbaoooo/vn_schools_scores_data/blob/main/craw-data/scores/NHF/2025.json
NHF,7220203,Ngôn ngữ Pháp,7220203,2025,https://github.com/kbaoooo/vn_schools_scores_data/blob/main/craw-data/scores/NHF/2025.json
NHF,7220204,Ngôn ngữ Trung Quốc,7220204,2025,https://github.com/kbaoooo/vn_schools_scores_data/blob/main/craw-data/scores/NHF/2025.json
NHF,7220204 TT,Ngôn ngữ Trung Quốc - CTTT,7220204,2025,https://github.com/kbaoooo/vn_schools_scores_data/blob/main/craw-data/scores/NHF/2025.json
NHF,7220205,Ngôn ngữ Đức,7220205,2025,https://github.com/kbaoooo/vn_schools_scores_data/blob/main/craw-data/scores/NHF/2025.json
NHF,7220206,Ngôn ngữ Tây Ban Nha,7220206,2025,https://github.com/kbaoooo/vn_schools_scores_data/blob/main/craw-data/scores/NHF/2025.json
NHF,7220207,Ngôn ngữ Bồ Đào Nha,7220207,2025,https://github.com/kbaoooo/vn_schools_scores_data/blob/main/craw-data/scores/NHF/2025.json
NHF,7220208,Ngôn ngữ Italia,7220208,2025,https://github.com/kbaoooo/vn_schools_scores_data/blob/main/craw-data/scores/NHF/2025.json
NHF,7220208 TT,Ngôn ngữ Italia - CTTT,7220208,2025,https://github.com/kbaoooo/vn_schools_scores_data/blob/main/craw-data/scores/NHF/2025.json
NHF,7220209,Ngôn ngữ Nhật,7220209,2025,https://github.com/kbaoooo/vn_schools_scores_data/blob/main/craw-data/scores/NHF/2025.json
NHF,7220210,Ngôn ngữ Hàn Quốc,7220210,2025,https://github.com/kbaoooo/vn_schools_scores_data/blob/main/craw-data/scores/NHF/2025.json
NHF,7220210 TT,Ngôn ngữ Hàn Quốc - CTTT,7220210,2025,https://github.com/kbaoooo/vn_schools_scores_data/blob/main/craw-data/scores/NHF/2025.json
NHF,7310111,Nghiên cứu phát triển (dạy bằng tiếng Anh),7310111,2025,https://github.com/kbaoooo/vn_schools_scores_data/blob/main/craw-data/scores/NHF/2025.json
NHF,7310601,Quốc tế học (dạy bằng tiếng Anh),7310601,2025,https://github.com/kbaoooo/vn_schools_scores_data/blob/main/craw-data/scores/NHF/2025.json
NHF,7320104,Truyền thông đa phương tiện (dạy bằng tiếng Anh),7320104,2025,https://github.com/kbaoooo/vn_schools_scores_data/blob/main/craw-data/scores/NHF/2025.json
NHF,7320109,Truyền thông doanh nghiệp (dạy bằng tiếng Pháp),7320109,2025,https://github.com/kbaoooo/vn_schools_scores_data/blob/main/craw-data/scores/NHF/2025.json
NHF,7340101,Quản trị Kinh doanh (dạy bằng tiếng Anh),7340101,2025,https://github.com/kbaoooo/vn_schools_scores_data/blob/main/craw-data/scores/NHF/2025.json
NHF,7340115,Marketing (dạy bằng tiếng Anh),7340115,2025,https://github.com/kbaoooo/vn_schools_scores_data/blob/main/craw-data/scores/NHF/2025.json
NHF,7340201,Tài chính - Ngân hàng (dạy bằng tiếng Anh),7340201,2025,https://github.com/kbaoooo/vn_schools_scores_data/blob/main/craw-data/scores/NHF/2025.json
NHF,7340205,Công nghệ tài chính (dạy bằng tiếng Anh),7340205,2025,https://github.com/kbaoooo/vn_schools_scores_data/blob/main/craw-data/scores/NHF/2025.json
NHF,7340301,Kế toán (dạy bằng tiếng Anh),7340301,2025,https://github.com/kbaoooo/vn_schools_scores_data/blob/main/craw-data/scores/NHF/2025.json
NHF,7480201,Công nghệ Thông tin (dạy bằng tiếng Anh),7480201,2025,https://github.com/kbaoooo/vn_schools_scores_data/blob/main/craw-data/scores/NHF/2025.json
NHF,7480201 TT,Công nghệ thông tin (dạy bằng tiếng Anh) - CTTT,7480201,2025,https://github.com/kbaoooo/vn_schools_scores_data/blob/main/craw-data/scores/NHF/2025.json
NHF,7810103,Quản trị Dịch vụ Du lịch và Lữ hành (dạy bằng tiếng Anh),7810103,2025,https://github.com/kbaoooo/vn_schools_scores_data/blob/main/craw-data/scores/NHF/2025.json
NHF,7810103 TT,Quản trị dịch vụ du lịch và lữ hành (dạy bằng tiếng Anh) - CTTT,7810103,2025,https://github.com/kbaoooo/vn_schools_scores_data/blob/main/craw-data/scores/NHF/2025.json
NHH,ACT01,Chất lượng cao Kế toán,,2025,https://github.com/kbaoooo/vn_schools_scores_data/blob/main/craw-data/scores/NHH/2025.json
NHH,ACT02,Kế toán,,2025,https://github.com/kbaoooo/vn_schools_scores_data/blob/main/craw-data/scores/NHH/2025.json
NHH,ACT03,"Kế toán Sunderland, Anh (Cấp song bằng)",,2025,https://github.com/kbaoooo/vn_schools_scores_data/blob/main/craw-data/scores/NHH/2025.json
NHH,ACT04,Kiểm toán,,2025,https://github.com/kbaoooo/vn_schools_scores_data/blob/main/craw-data/scores/NHH/2025.json
NHH,BANK01,Chất lượng cao Ngân hàng,,2025,https://github.com/kbaoooo/vn_schools_scores_data/blob/main/craw-data/scores/NHH/2025.json
NHH,BANK02,Ngân hàng,,2025,https://github.com/kbaoooo/vn_schools_scores_data/blob/main/craw-data/scores/NHH/2025.json
NHH,BANK03,Ngân hàng số,,2025,https://github.com/kbaoooo/vn_schools_scores_data/blob/main/craw-data/scores/NHH/2025.json
NHH,BANK04,"Tài chính – Ngân hàng Sunderland, Anh (Cấp song bằng)",,2025,https://github.com/kbaoooo/vn_schools_scores_data/blob/main/craw-data/scores/NHH/2025.json
NHH,BANK05,Ngân hàng và Tài chính quốc tế Coventry (Cấp song bằng),,2025,https://github.com/kbaoooo/vn_schools_scores_data/blob/main/craw-data/scores/NHH/2025.json
NHH,BANK06,Chất lượng cao Ngân hàng và Tài chính quốc tế,,2025,https://github.com/kbaoooo/vn_schools_scores_data/blob/main/craw-data/scores/NHH/2025.json
NHH,BANK07,Chất lượng cao Ngân hàng trung ương và Chính sách công,,2025,https://github.com/kbaoooo/vn_schools_scores_data/blob/main/craw-data/scores/NHH/2025.json
NHH,BUS01,Chất lượng cao Quản trị kinh doanh,,2025,https://github.com/kbaoooo/vn_schools_scores_data/blob/main/craw-data/scores/NHH/2025.json
NHH,BUS02,Quản trị kinh doanh,,2025,https://github.com/kbaoooo/vn_schools_scores_data/blob/main/craw-data/scores/NHH/2025.json
NHH,BUS03,Quản trị du lịch,,2025,https://github.com/kbaoooo/vn_schools_scores_data/blob/main/craw-data/scores/NHH/2025.json
NHH,BUS04,"Quản trị kinh doanh CityU, Hoa Kỳ (Cấp song bằng)",,2025,https://github.com/kbaoooo/vn_schools_scores_data/blob/main/craw-data/scores/NHH/2025.json
NHH,BUS05,"Marketing số (ĐH Coventry, Anh cấp bằng)",,2025,https://github.com/kbaoooo/vn_schools_scores_data/blob/main/craw-data/scores/NHH/2025.json
NHH,BUS06,Chất lượng cao Marketing số,,2025,https://github.com/kbaoooo/vn_schools_scores_data/blob/main/craw-data/scores/NHH/2025.json
NHH,BUS07,Marketing,,2025,https://github.com/kbaoooo/vn_schools_scores_data/blob/main/craw-data/scores/NHH/2025.json
NHH,DS01,Khoa học dữ liệu trong kinh tế và kinh doanh,,2025,https://github.com/kbaoooo/vn_schools_scores_data/blob/main/craw-data/scores/NHH/2025.json
NHH,ECON01,Kinh tế đầu tư,,2025,https://github.com/kbaoooo/vn_schools_scores_data/blob/main/craw-data/scores/NHH/2025.json
NHH,ECON02,Chất lượng cao Kinh tế đầu tư,,2025,https://github.com/kbaoooo/vn_schools_scores_data/blob/main/craw-data/scores/NHH/2025.json
NHH,FIN01,Chất lượng cao Tài chính,,2025,https://github.com/kbaoooo/vn_schools_scores_data/blob/main/craw-data/scores/NHH/2025.json
NHH,FIN02,Tài chính,,2025,https://github.com/kbaoooo/vn_schools_scores_data/blob/main/craw-data/scores/NHH/2025.json
NHH,FIN03,Công nghệ tài chính,,2025,https://github.com/kbaoooo/vn_schools_scores_data/blob/main/craw-data/scores/NHH/2025.json
NHH,FIN04,Chất lượng cao Hoạch định và tư vấn tài chính,,2025,https://github.com/kbaoooo/vn_schools_scores_data/blob/main/craw-data/scores/NHH/2025.json
NHH,FL01,Ngôn ngữ Anh Tài chính - Ngân hàng,,2025,https://github.com/kbaoooo/vn_schools_scores_data/blob/main/craw-data/scores/NHH/2025.json
NHH,FL02,Chất lượng cao Ngôn ngữ Anh Tài chính - Ngân hàng,,2025,https://github.com/kbaoooo/vn_schools_scores_data/blob/main/craw-data/scores/NHH/2025.json
NHH,IB01,Kinh doanh quốc tế,,2025,https://github.com/kbaoooo/vn_schools_scores_data/blob/main/craw-data/scores/NHH/2025.json
NHH,IB02,Logistics và quản lý chuỗi cung ứng,,2025,https://github.com/kbaoooo/vn_schools_scores_data/blob/main/craw-data/scores/NHH/2025.json
NHH,IB03,Kinh doanh quốc tế Coventry (Cấp song bằng),,2025,https://github.com/kbaoooo/vn_schools_scores_data/blob/main/craw-data/scores/NHH/2025.json
NHH,IB04,Chất lượng cao Kinh doanh quốc tế,,2025,https://github.com/kbaoooo/vn_schools_scores_data/blob/main/craw-data/scores/NHH/2025.json
NHH,IB05,Chất lượng cao Thương mại điện tử,,2025,https://github.com/kbaoooo/vn_schools_scores_data/blob/main/craw-data/scores/NHH/2025.json
NHH,IT01,Công nghệ thông tin,,2025,https://github.com/kbaoooo/vn_schools_scores_data/blob/main/craw-data/scores/NHH/2025.json
NHH,LAW01,Luật kinh tế,,2025,https://github.com/kbaoooo/vn_schools_scores_data/blob/main/craw-data/scores/NHH/2025.json
NHH,MIS01,Hệ thống thông tin quản lý,,2025,https://github.com/kbaoooo/vn_schools_scores_data/blob/main/craw-data/scores/NHH/2025.json
NHH,MIS02,Chất lượng cao Hệ thống thông tin quản lý,,2025,https://github.com/kbaoooo/vn_schools_scores_data/blob/main/craw-data/scores/NHH/2025.json
NHP,ACT02,Kế toán,,2025,https://github.com/kbaoooo/vn_schools_scores_data/blob/main/craw-data/scores/NHP/2025.json
NHP,BANK02,Ngân hàng,,2025,https://github.com/kbaoooo/vn_schools_scores_data/blob/main/craw-data/scores/NHP/2025.json
NHP,BUS02,Quản trị kinh doanh,,2025,https://github.com/kbaoooo/vn_schools_scores_data/blob/main/craw-data/scores/NHP/2025.json
NHP,BUS07,Marketing,,2025,https://github.com/kbaoooo/vn_schools_scores_data/blob/main/craw-data/scores/NHP/2025.json
NHP,FIN02,Tài chính,,2025,https://github.com/kbaoooo/vn_schools_scores_data/blob/main/craw-data/scores/NHP/2025.json
NHS,7220201,"Ngôn ngữ Anh (Chương trình Tiếng Anh thương mại, Chương trình Song ngữ Anh - Trung)",7220201,2025,https://github.com/kbaoooo/vn_schools_scores_data/blob/main/craw-data/scores/NHS/2025.json
NHS,7220201_DB,Ngôn ngữ Anh - Chương trình đào tạo đặc biệt,7220201,2025,https://github.com/kbaoooo/vn_schools_scores_data/blob/main/craw-data/scores/NHS/2025.json
NHS,7310106,Kinh tế quốc tế,7310106,2025,https://github.com/kbaoooo/vn_schools_scores_data/blob/main/craw-data/scores/NHS/2025.json
NHS,7310106_TABP,Kinh tế quốc tế (tiếng Anh bán phần),7310106,2025,https://github.com/kbaoooo/vn_schools_scores_data/blob/main/craw-data/scores/NHS/2025.json
NHS,7340101,Quản trị kinh doanh,7340101,2025,https://github.com/kbaoooo/vn_schools_scores_data/blob/main/craw-data/scores/NHS/2025.json
NHS,7340101_QTSB,Quản trị kinh doanh (Chương trình Quản trị kinh doanh; Marketing; Quản lý chuỗi cung ứng; Tài chính do ĐH Bolton (Anh Quốc) và HUB mỗi bên cấp một bằng cử nhân),7340101,2025,https://github.com/kbaoooo/vn_schools_scores_data/blob/main/craw-data/scores/NHS/2025.json
NHS,7340101_TABP,Quản trị kinh doanh TABP (Chương trình định hướng E.Business),7340101,2025,https://github.com/kbaoooo/vn_schools_scores_data/blob/main/craw-data/scores/NHS/2025.json
NHS,7340115,Marketing,7340115,2025,https://github.com/kbaoooo/vn_schools_scores_data/blob/main/craw-data/scores/NHS/2025.json
NHS,7340120,Kinh doanh quốc tế,7340120,2025,https://github.com/kbaoooo/vn_schools_scores_data/blob/main/craw-data/scores/NHS/2025.json
NHS,7340122,Thương mại điện tử,7340122,2025,https://github.com/kbaoooo/vn_schools_scores_data/blob/main/craw-data/scores/NHS/2025.json
NHS,7340201,Tài chính - Ngân hàng,7340201,2025,https://github.com/kbaoooo/vn_schools_scores_data/blob/main/craw-data/scores/NHS/2025.json
NHS,7340201_QTSB,Tài chính – Ngân hàng (Chương trình Tài chính - Ngân hàng - Bảo hiểm do ĐH Toulon (Pháp) và HUB mỗi bên cấp một bằng cử nhân),7340201,2025,https://github.com/kbaoooo/vn_schools_scores_data/blob/main/craw-data/scores/NHS/2025.json
NHS,7340201_TABP,Tài chính – Ngân hàng TABP (Chương trình định hướng công nghệ tài chính và chuyển đổi số),7340201,2025,https://github.com/kbaoooo/vn_schools_scores_data/blob/main/craw-data/scores/NHS/2025.json
NHS,7340205,Công nghệ tài chính (Fintech),7340205,2025,https://github.com/kbaoooo/vn_schools_scores_data/blob/main/craw-data/scores/NHS/2025.json
NHS,7340301,Kế toán,7340301,2025,https://github.com/kbaoooo/vn_schools_scores_data/blob/main/craw-data/scores/NHS/2025.json
NHS,7340301_TABP,Kế toán TABP (Chương trình định hướng Digital Accounting),7340301,2025,https://github.com/kbaoooo/vn_schools_scores_data/blob/main/craw-data/scores/NHS/2025.json
NHS,7340302,Kiểm toán,7340302,2025,https://github.com/kbaoooo/vn_schools_scores_data/blob/main/craw-data/scores/NHS/2025.json
NHS,7340405,Hệ thống thông tin quản lý,7340405,2025,https://github.com/kbaoooo/vn_schools_scores_data/blob/main/craw-data/scores/NHS/2025.json
NHS,7340405_TABP,Hệ thống thông tin quản lý (tiếng Anh bán phần),7340405,2025,https://github.com/kbaoooo/vn_schools_scores_data/blob/main/craw-data/scores/NHS/2025.json
NHS,7380101,Luật,7380101,2025,https://github.com/kbaoooo/vn_schools_scores_data/blob/main/craw-data/scores/NHS/2025.json
NHS,7380107,Luật kinh tế,7380107,2025,https://github.com/kbaoooo/vn_schools_scores_data/blob/main/craw-data/scores/NHS/2025.json
NHS,7380107_TABP,Luật kinh tế (tiếng Anh bán phần),7380107,2025,https://github.com/kbaoooo/vn_schools_scores_data/blob/main/craw-data/scores/NHS/2025.json
NHS,7460108,Khoa học dữ liệu,7460108,2025,https://github.com/kbaoooo/vn_schools_scores_data/blob/main/craw-data/scores/NHS/2025.json
NHS,7480107,Trí tuệ nhân tạo,7480107,2025,https://github.com/kbaoooo/vn_schools_scores_data/blob/main/craw-data/scores/NHS/2025.json
NHS,7510605,Logistics và Quản lý chuỗi cung ứng,7510605,2025,https://github.com/kbaoooo/vn_schools_scores_data/blob/main/craw-data/scores/NHS/2025.json
NLG,7340101G,Quản trị kinh doanh (Phân hiệu Gia Lai),7340101,2025,https://github.com/kbaoooo/vn_schools_scores_data/blob/main/craw-data/scores/NLG/2025.json
NLG,7520320G,Kỹ thuật môi trường (Phân hiệu Gia Lai),7520320,2025,https://github.com/kbaoooo/vn_schools_scores_data/blob/main/craw-data/scores/NLG/2025.json
NLG,7620109G,Nông học (Phân hiệu Gia Lai),7620109,2025,https://github.com/kbaoooo/vn_schools_scores_data/blob/main/craw-data/scores/NLG/2025.json
NLG,7640101G,Thú y (Phân hiệu Gia Lai),7640101,2025,https://github.com/kbaoooo/vn_schools_scores_data/blob/main/craw-data/scores/NLG/2025.json
NLN,7220201N,Ngôn ngữ Anh (Phân hiệu Ninh Thuận),7220201,2025,https://github.com/kbaoooo/vn_schools_scores_data/blob/main/craw-data/scores/NLN/2025.json
NLN,7340101N,Quản trị kinh doanh (Phân hiệu Ninh Thuận),7340101,2025,https://github.com/kbaoooo/vn_schools_scores_data/blob/main/craw-data/scores/NLN/2025.json
NLN,7340301N,Kế toán (Phân hiệu Ninh Thuận),7340301,2025,https://github.com/kbaoooo/vn_schools_scores_data/blob/main/craw-data/scores/NLN/2025.json
NLN,7480201N,Công nghệ thông tin (Phân hiệu Ninh Thuận),7480201,2025,https://github.com/kbaoooo/vn_schools_scores_data/blob/main/craw-data/scores/NLN/2025.json
NLN,7519007N,Công nghệ kỹ thuật năng lượng tái tạo (Phân hiệu Ninh Thuận),7519007,2025,https://github.com/kbaoooo/vn_schools_scores_data/blob/main/craw-data/scores/NLN/2025.json
NLN,7620109N,Nông học (Phân hiệu Ninh Thuận),7620109,2025,https://github.com/kbaoooo/vn_schools_scores_data/blob/main/craw-data/scores/NLN/2025.json
NLN,7640101N,Thú y (Phân hiệu Ninh Thuận),7640101,2025,https://github.com/kbaoooo/vn_schools_scores_data/blob/main/craw-data/scores/NLN/2025.json
NLS,51140201,Giáo dục Mầm non (Trình độ Cao đẳng),,2025,https://github.com/kbaoooo/vn_schools_scores_data/blob/main/craw-data/scores/NLS/2025.json
NLS,7140201,Giáo dục Mầm non (Trình độ Đại học),7140201,2025,https://github.com/kbaoooo/vn_schools_scores_data/blob/main/craw-data/scores/NLS/2025.json
NLS,7140215,Sư phạm kỹ thuật nông nghiệp,7140215,2025,https://github.com/kbaoooo/vn_schools_scores_data/blob/main/craw-data/scores/NLS/2025.json
NLS,7220201,Ngôn ngữ Anh,7220201,2025,https://github.com/kbaoooo/vn_schools_scores_data/blob/main/craw-data/scores/NLS/2025.json
NLS,7310101,Kinh tế,7310101,2025,https://github.com/kbaoooo/vn_schools_scores_data/blob/main/craw-data/scores/NLS/2025.json
NLS,7310101C,Kinh tế (Chương trình nâng cao),7310101,2025,https://github.com/kbaoooo/vn_schools_scores_data/blob/main/craw-data/scores/NLS/2025.json
NLS,7340101,Quản trị kinh doanh,7340101,2025,https://github.com/kbaoooo/vn_schools_scores_data/blob/main/craw-data/scores/NLS/2025.json
NLS,7340101C,Quản trị kinh doanh (Chương trình nâng cao),7340101,2025,https://github.com/kbaoooo/vn_schools_scores_data/blob/main/craw-data/scores/NLS/2025.json
NLS,7340116,Bất động sản,7340116,2025,https://github.com/kbaoooo/vn_schools_scores_data/blob/main/craw-data/scores/NLS/2025.json
NLS,7340301,Kế toán,7340301,2025,https://github.com/kbaoooo/vn_schools_scores_data/blob/main/craw-data/scores/NLS/2025.json
NLS,7420201,Công nghệ sinh học,7420201,2025,https://github.com/kbaoooo/vn_schools_scores_data/blob/main/craw-data/scores/NLS/2025.json
NLS,7420201C,Công nghệ sinh học (Chương trình nâng cao),7420201,2025,https://github.com/kbaoooo/vn_schools_scores_data/blob/main/craw-data/scores/NLS/2025.json
NLS,7440301,Khoa học môi trường,7440301,2025,https://github.com/kbaoooo/vn_schools_scores_data/blob/main/craw-data/scores/NLS/2025.json
NLS,7480104,Hệ thống thông tin,7480104,2025,https://github.com/kbaoooo/vn_schools_scores_data/blob/main/craw-data/scores/NLS/2025.json
NLS,7480201,Công nghệ thông tin,7480201,2025,https://github.com/kbaoooo/vn_schools_scores_data/blob/main/craw-data/scores/NLS/2025.json
NLS,7480201C,Công nghệ thông tin (Chương trình nâng cao),7480201,2025,https://github.com/kbaoooo/vn_schools_scores_data/blob/main/craw-data/scores/NLS/2025.json
NLS,7510201,Công nghệ kỹ thuật cơ khí,7510201,2025,https://github.com/kbaoooo/vn_schools_scores_data/blob/main/craw-data/scores/NLS/2025.json
NLS,7510201C,Công nghệ kỹ thuật cơ khí (Chương trình nâng cao),7510201,2025,https://github.com/kbaoooo/vn_schools_scores_data/blob/main/craw-data/scores/NLS/2025.json
NLS,7510203,Công nghệ kỹ thuật cơ - điện tử,7510203,2025,https://github.com/kbaoooo/vn_schools_scores_data/blob/main/craw-data/scores/NLS/2025.json
NLS,7510205,Công nghệ kỹ thuật ô tô,7510205,2025,https://github.com/kbaoooo/vn_schools_scores_data/blob/main/craw-data/scores/NLS/2025.json
NLS,7510206,Công nghệ kỹ thuật nhiệt,7510206,2025,https://github.com/kbaoooo/vn_schools_scores_data/blob/main/craw-data/scores/NLS/2025.json
NLS,7510401,Công nghệ kỹ thuật hóa học,7510401,2025,https://github.com/kbaoooo/vn_schools_scores_data/blob/main/craw-data/scores/NLS/2025.json
NLS,7510401C,Công nghệ kỹ thuật hoá học (Chương trình nâng cao),7510401,2025,https://github.com/kbaoooo/vn_schools_scores_data/blob/main/craw-data/scores/NLS/2025.json
NLS,7519007,Công nghệ kỹ thuật năng lượng tái tạo,7519007,2025,https://github.com/kbaoooo/vn_schools_scores_data/blob/main/craw-data/scores/NLS/2025.json
NLS,7520216,Kỹ thuật điều khiển và tự động hóa,7520216,2025,https://github.com/kbaoooo/vn_schools_scores_data/blob/main/craw-data/scores/NLS/2025.json
NLS,7520320,Kỹ thuật môi trường,7520320,2025,https://github.com/kbaoooo/vn_schools_scores_data/blob/main/craw-data/scores/NLS/2025.json
NLS,7540101,Công nghệ thực phẩm,7540101,2025,https://github.com/kbaoooo/vn_schools_scores_data/blob/main/craw-data/scores/NLS/2025.json
NLS,7540101C,Công nghệ thực phẩm (Chương trình nâng cao),7540101,2025,https://github.com/kbaoooo/vn_schools_scores_data/blob/main/craw-data/scores/NLS/2025.json
NLS,7540101T,Công nghệ thực phẩm (Chương trình tiên tiến),7540101,2025,https://github.com/kbaoooo/vn_schools_scores_data/blob/main/craw-data/scores/NLS/2025.json
NLS,7540105,Công nghệ chế biến thủy sản,7540105,2025,https://github.com/kbaoooo/vn_schools_scores_data/blob/main/craw-data/scores/NLS/2025.json
NLS,7540106,Đảm bảo chất lượng và An toàn thực phẩm,7540106,2025,https://github.com/kbaoooo/vn_schools_scores_data/blob/main/craw-data/scores/NLS/2025.json
NLS,7549001,Công nghệ chế biến lâm sản,7549001,2025,https://github.com/kbaoooo/vn_schools_scores_data/blob/main/craw-data/scores/NLS/2025.json
NLS,7620105,Chăn nuôi,7620105,2025,https://github.com/kbaoooo/vn_schools_scores_data/blob/main/craw-data/scores/NLS/2025.json
NLS,7620105C,Chăn nuôi (Chương trình nâng cao),7620105,2025,https://github.com/kbaoooo/vn_schools_scores_data/blob/main/craw-data/scores/NLS/2025.json
NLS,7620109,Nông học,7620109,2025,https://github.com/kbaoooo/vn_schools_scores_data/blob/main/craw-data/scores/NLS/2025.json
NLS,7620112,Bảo vệ thực vật,7620112,2025,https://github.com/kbaoooo/vn_schools_scores_data/blob/main/craw-data/scores/NLS/2025.json
NLS,7620114,Kinh doanh nông nghiệp,7620114,2025,https://github.com/kbaoooo/vn_schools_scores_data/blob/main/craw-data/scores/NLS/2025.json
NLS,7620116,Phát triển nông thôn,7620116,2025,https://github.com/kbaoooo/vn_schools_scores_data/blob/main/craw-data/scores/NLS/2025.json
NLS,7620201,Lâm học,7620201,2025,https://github.com/kbaoooo/vn_schools_scores_data/blob/main/craw-data/scores/NLS/2025.json
NLS,7620202,Lâm nghiệp đô thị,7620202,2025,https://github.com/kbaoooo/vn_schools_scores_data/blob/main/craw-data/scores/NLS/2025.json
NLS,7620211,Quản lý tài nguyên rừng,7620211,2025,https://github.com/kbaoooo/vn_schools_scores_data/blob/main/craw-data/scores/NLS/2025.json
NLS,7620301,Nuôi trồng thủy sản,7620301,2025,https://github.com/kbaoooo/vn_schools_scores_data/blob/main/craw-data/scores/NLS/2025.json
NLS,7640101,Thú y,7640101,2025,https://github.com/kbaoooo/vn_schools_scores_data/blob/main/craw-data/scores/NLS/2025.json
NLS,7640101T,Thú y (Chương trình tiên tiến),7640101,2025,https://github.com/kbaoooo/vn_schools_scores_data/blob/main/craw-data/scores/NLS/2025.json
NLS,7850101,Quản lý Tài nguyên và Môi trường,7850101,2025,https://github.com/kbaoooo/vn_schools_scores_data/blob/main/craw-data/scores/NLS/2025.json
NLS,7850103,Quản lý đất đai,7850103,2025,https://github.com/kbaoooo/vn_schools_scores_data/blob/main/craw-data/scores/NLS/2025.json
NLS,7850103C,Quản lý đất đai (Chương trình nâng cao),7850103,2025,https://github.com/kbaoooo/vn_schools_scores_data/blob/main/craw-data/scores/NLS/2025.json
NLS,7859002,Tài nguyên và Du lịch Sinh thái,7859002,2025,https://github.com/kbaoooo/vn_schools_scores_data/blob/main/craw-data/scores/NLS/2025.json
NLS,7859007,Cảnh quan và Kỹ thuật hoa viên,7859007,2025,https://github.com/kbaoooo/vn_schools_scores_data/blob/main/craw-data/scores/NLS/2025.json
NQH,7220201_Nam,Ngôn ngữ Anh (Thí sinh Nam),7220201,2025,https://github.com/kbaoooo/vn_schools_scores_data/blob/main/craw-data/scores/NQH/2025.json
NQH,7220201_Nu,Ngôn ngữ Anh (Thí sinh Nữ),7220201,2025,https://github.com/kbaoooo/vn_schools_scores_data/blob/main/craw-data/scores/NQH/2025.json
NQH,7220202_Nam,Ngôn ngữ Nga (Thí sinh Nam),7220202,2025,https://github.com/kbaoooo/vn_schools_scores_data/blob/main/craw-data/scores/NQH/2025.json
NQH,7220202_Nu,Ngôn ngữ Nga (Thí sinh Nữ),7220202,2025,https://github.com/kbaoooo/vn_schools_scores_data/blob/main/craw-data/scores/NQH/2025.json
NQH,7220204_Nam,Ngôn ngữ Trung Quốc (Thí sinh Nam),7220204,2025,https://github.com/kbaoooo/vn_schools_scores_data/blob/main/craw-data/scores/NQH/2025.json
NQH,7220204_Nu,Ngôn ngữ Trung Quốc (Thí sinh Nữ),7220204,2025,https://github.com/kbaoooo/vn_schools_scores_data/blob/main/craw-data/scores/NQH/2025.json
NQH,7310206_Nam,Quan hệ quốc tế (Thí sinh Nam),7310206,2025,https://github.com/kbaoooo/vn_schools_scores_data/blob/main/craw-data/scores/NQH/2025.json
NQH,7310206_Nu,Quan hệ quốc tế (Thí sinh Nữ),7310206,2025,https://github.com/kbaoooo/vn_schools_scores_data/blob/main/craw-data/scores/NQH/2025.json
NQH,7860231_Nam_B,"Trinh sát kỹ thuật (Thí sinh Nam, miền Bắc)",7860231,2025,https://github.com/kbaoooo/vn_schools_scores_data/blob/main/craw-data/scores/NQH/2025.json
NQH,7860231_Nam_N,"Trinh sát kỹ thuật (Thí sinh Nam, miền Nam)",7860231,2025,https://github.com/kbaoooo/vn_schools_scores_data/blob/main/craw-data/scores/NQH/2025.json
NTH,KDQH1.1,CT TC Kinh doanh quốc tế,,2025,https://github.com/kbaoooo/vn_schools_scores_data/blob/main/craw-data/scores/NTH/2025.json
NTH,KDQH2.1,CT CLC Kinh doanh quốc tế,,2025,https://github.com/kbaoooo/vn_schools_scores_data/blob/main/craw-data/scores/NTH/2025.json
NTH,KDQH2.2,CT ĐHNNQT Logistics và Quản lý chuỗi cung ứng,,2025,https://github.com/kbaoooo/vn_schools_scores_data/blob/main/craw-data/scores/NTH/2025.json
NTH,KDQH2.3,CT ĐHNNQT Kinh doanh quốc tế theo mô hình tiên tiến Nhật Bản,,2025,https://github.com/kbaoooo/vn_schools_scores_data/blob/main/craw-data/scores/NTH/2025.json
NTH,KDQH2.4,CT ĐHNNQT Kinh doanh số,,2025,https://github.com/kbaoooo/vn_schools_scores_data/blob/main/craw-data/scores/NTH/2025.json
NTH,KDQH4.1,CT TT i-Hons hợp tác với Đại học Queensland về Kinh doanh quốc tế và Phân tích dữ liệu kinh doanh,,2025,https://github.com/kbaoooo/vn_schools_scores_data/blob/main/craw-data/scores/NTH/2025.json
NTH,KHMH2 .1,Chương trình Khoa học máy tính và dữ liệu trong kinh tế và kinh doanh,,2025,https://github.com/kbaoooo/vn_schools_scores_data/blob/main/craw-data/scores/NTH/2025.json
NTH,KTCH2.1,CT ĐHPTQT Kinh tế chính trị quốc tế,,2025,https://github.com/kbaoooo/vn_schools_scores_data/blob/main/craw-data/scores/NTH/2025.json
NTH,KTEH1.1,CT TC Kinh tế đối ngoại,,2025,https://github.com/kbaoooo/vn_schools_scores_data/blob/main/craw-data/scores/NTH/2025.json
NTH,KTEH2.1,CT CLC Kinh tế đối ngoại,,2025,https://github.com/kbaoooo/vn_schools_scores_data/blob/main/craw-data/scores/NTH/2025.json
NTH,KTEH4.1,CT TT Kinh tế đối ngoại,,2025,https://github.com/kbaoooo/vn_schools_scores_data/blob/main/craw-data/scores/NTH/2025.json
NTH,KTKH1.1,CT TC Kế toán - Kiếm toán,,2025,https://github.com/kbaoooo/vn_schools_scores_data/blob/main/craw-data/scores/NTH/2025.json
NTH,KTKH2.1,CT ĐHNNQT ĐHNNQT Kế toán - Kiểm toán theo định hướng ACCA,,2025,https://github.com/kbaoooo/vn_schools_scores_data/blob/main/craw-data/scores/NTH/2025.json
NTH,KTQH.1,CT TC Kinh tế quốc tế,,2025,https://github.com/kbaoooo/vn_schools_scores_data/blob/main/craw-data/scores/NTH/2025.json
NTH,KTQH2.1,CT CLC Kinh tế quốc tế,,2025,https://github.com/kbaoooo/vn_schools_scores_data/blob/main/craw-data/scores/NTH/2025.json
NTH,LAWH1.1,CT TC Luật thương mại quốc tế,,2025,https://github.com/kbaoooo/vn_schools_scores_data/blob/main/craw-data/scores/NTH/2025.json
NTH,LAWH2.1,CT ĐHNNQT Luật Kinh doanh quốc tế theo mô hình thực hành nghề nghiệp,,2025,https://github.com/kbaoooo/vn_schools_scores_data/blob/main/craw-data/scores/NTH/2025.json
NTH,MKTH2.1,CT ĐHNNQT Marketing số,,2025,https://github.com/kbaoooo/vn_schools_scores_data/blob/main/craw-data/scores/NTH/2025.json
NTH,NNAH1.1,CT TC Tiếng Anh thương mại,,2025,https://github.com/kbaoooo/vn_schools_scores_data/blob/main/craw-data/scores/NTH/2025.json
NTH,NNAH2.1,CT CLC Tiếng Anh thương mại,,2025,https://github.com/kbaoooo/vn_schools_scores_data/blob/main/craw-data/scores/NTH/2025.json
NTH,NNNH1.1,CT TC Tiếng Nhật thương mại,,2025,https://github.com/kbaoooo/vn_schools_scores_data/blob/main/craw-data/scores/NTH/2025.json
NTH,NNNH2.1,CT CLC Tiếng Nhật thương mại,,2025,https://github.com/kbaoooo/vn_schools_scores_data/blob/main/craw-data/scores/NTH/2025.json
NTH,NNPH1.1,CT Tích hợp tiếng Pháp thương mại,,2025,https://github.com/kbaoooo/vn_schools_scores_data/blob/main/craw-data/scores/NTH/2025.json
NTH,NNTH1.1,CT TC Tiếng Trung Thương mại,,2025,https://github.com/kbaoooo/vn_schools_scores_data/blob/main/craw-data/scores/NTH/2025.json
NTH,NNTH2.1,CT CLC Tiếng Trung thương mại,,2025,https://github.com/kbaoooo/vn_schools_scores_data/blob/main/craw-data/scores/NTH/2025.json
NTH,QKSH2.1,CT ĐHNNQT Quản trị khách sạn,,2025,https://github.com/kbaoooo/vn_schools_scores_data/blob/main/craw-data/scores/NTH/2025.json
NTH,QTKH1.1,CT TC Quản trị kinh doanh,,2025,https://github.com/kbaoooo/vn_schools_scores_data/blob/main/craw-data/scores/NTH/2025.json
NTH,QTKH2.1,CT CLC Quản trị kinh doanh,,2025,https://github.com/kbaoooo/vn_schools_scores_data/blob/main/craw-data/scores/NTH/2025.json
NTH,QTKH4.1,CT TT Quản tri kinh doanh,,2025,https://github.com/kbaoooo/vn_schools_scores_data/blob/main/craw-data/scores/NTH/2025.json
NTH,TCHH1.1,CT TC Tài chính - Ngân hàng,,2025,https://github.com/kbaoooo/vn_schools_scores_data/blob/main/craw-data/scores/NTH/2025.json
NTH,TCHH2.1,CT CLC Tài chính - Ngân hàng,,2025,https://github.com/kbaoooo/vn_schools_scores_data/blob/main/craw-data/scores/NTH/2025.json
NTH,TCHH4.1,CT TT Tài chính - Ngân hàng,,2025,https://github.com/kbaoooo/vn_schools_scores_data/blob/main/craw-data/scores/NTH/2025.json
NTS,KDQS2.1,CT ĐHNNQT Logistics và Quản lý chuỗi cung ứng,,2025,https://github.com/kbaoooo/vn_schools_scores_data/blob/main/craw-data/scores/NTS/2025.json
NTS,KTES1.1,CT TC Kinh tế đối ngoại,,2025,https://github.com/kbaoooo/vn_schools_scores_data/blob/main/craw-data/scores/NTS/2025.json
NTS,KTES2.1,CT CLC Kinh tế đối ngoại,,2025,https://github.com/kbaoooo/vn_schools_scores_data/blob/main/craw-data/scores/NTS/2025.json
NTS,KTKS1.l,CT TC Kế toán - Kiểm toán,,2025,https://github.com/kbaoooo/vn_schools_scores_data/blob/main/craw-data/scores/NTS/2025.json
NTS,MKTS2.1,CT ĐHNNQT truyền thông Marketing tích hợp,,2025,https://github.com/kbaoooo/vn_schools_scores_data/blob/main/craw-data/scores/NTS/2025.json
NTS,QTKS1.1,CT TC Quản trị kinh doanh,,2025,https://github.com/kbaoooo/vn_schools_scores_data/blob/main/craw-data/scores/NTS/2025.json
NTS,QTKS2 1,CT CLC Quản tri kinh doanh,,2025,https://github.com/kbaoooo/vn_schools_scores_data/blob/main/craw-data/scores/NTS/2025.json
NTS,TCHS1.1,CT TC Tài chính - Ngân hàng,,2025,https://github.com/kbaoooo/vn_schools_scores_data/blob/main/craw-data/scores/NTS/2025.json
NTS,TCHS2.1,CT CLC Tài chinh - Ngân hàng,,2025,https://github.com/kbaoooo/vn_schools_scores_data/blob/main/craw-data/scores/NTS/2025.json
NTT,7140103,Công nghệ giáo dục,7140103,2025,https://github.com/kbaoooo/vn_schools_scores_data/blob/main/craw-data/scores/NTT/2025.json
NTT,7210205,Thanh Nhạc,7210205,2025,https://github.com/kbaoooo/vn_schools_scores_data/blob/main/craw-data/scores/NTT/2025.json
NTT,7210208,Piano,7210208,2025,https://github.com/kbaoooo/vn_schools_scores_data/blob/main/craw-data/scores/NTT/2025.json
NTT,7210234,"Diễn viên kịch, điện ảnh-truyền hình",7210234,2025,https://github.com/kbaoooo/vn_schools_scores_data/blob/main/craw-data/scores/NTT/2025.json
NTT,7210243,Biên đạo múa,7210243,2025,https://github.com/kbaoooo/vn_schools_scores_data/blob/main/craw-data/scores/NTT/2025.json
NTT,7210403,Thiết kế đồ họa,7210403,2025,https://github.com/kbaoooo/vn_schools_scores_data/blob/main/craw-data/scores/NTT/2025.json
NTT,7210404,Thiết kế thời trang,7210404,2025,https://github.com/kbaoooo/vn_schools_scores_data/blob/main/craw-data/scores/NTT/2025.json
NTT,7220201,Ngôn ngữ Anh,7220201,2025,https://github.com/kbaoooo/vn_schools_scores_data/blob/main/craw-data/scores/NTT/2025.json
NTT,7220204,Ngôn ngữ Trung Quốc,7220204,2025,https://github.com/kbaoooo/vn_schools_scores_data/blob/main/craw-data/scores/NTT/2025.json
NTT,7310109,Kinh tế số,7310109,2025,https://github.com/kbaoooo/vn_schools_scores_data/blob/main/craw-data/scores/NTT/2025.json
NTT,7310401,Tâm lý học,7310401,2025,https://github.com/kbaoooo/vn_schools_scores_data/blob/main/craw-data/scores/NTT/2025.json
NTT,7310608,Đông Phương học,7310608,2025,https://github.com/kbaoooo/vn_schools_scores_data/blob/main/craw-data/scores/NTT/2025.json
NTT,7320104,Truyền thông đa phương tiện,7320104,2025,https://github.com/kbaoooo/vn_schools_scores_data/blob/main/craw-data/scores/NTT/2025.json
NTT,7320108,Quan hệ công chúng,7320108,2025,https://github.com/kbaoooo/vn_schools_scores_data/blob/main/craw-data/scores/NTT/2025.json
NTT,7340101,Quản trị kinh doanh thực phẩm,7340101,2025,https://github.com/kbaoooo/vn_schools_scores_data/blob/main/craw-data/scores/NTT/2025.json
NTT,7340101,Quản trị kinh doanh,7340101,2025,https://github.com/kbaoooo/vn_schools_scores_data/blob/main/craw-data/scores/NTT/2025.json
NTT,7340101,Quản trị kinh doanh (Kinh doanh sáng tạo),7340101,2025,https://github.com/kbaoooo/vn_schools_scores_data/blob/main/craw-data/scores/NTT/2025.json
NTT,7340101_DNCN,Quản trị kinh doanh (Quản trị doanh nghiệp và công nghệ),7340101,2025,https://github.com/kbaoooo/vn_schools_scores_data/blob/main/craw-data/scores/NTT/2025.json
NTT,7340101_QT,Quản trị kinh doanh (Kinh doanh quốc tế) - Chuẩn quốc tế,7340101,2025,https://github.com/kbaoooo/vn_schools_scores_data/blob/main/craw-data/scores/NTT/2025.json
NTT,7340115,Marketing,7340115,2025,https://github.com/kbaoooo/vn_schools_scores_data/blob/main/craw-data/scores/NTT/2025.json
NTT,7340115_DM,Marketing (Marketing số và truyền thông xã hội),7340115,2025,https://github.com/kbaoooo/vn_schools_scores_data/blob/main/craw-data/scores/NTT/2025.json
NTT,7340120,Kinh doanh quốc tế,7340120,2025,https://github.com/kbaoooo/vn_schools_scores_data/blob/main/craw-data/scores/NTT/2025.json
NTT,7340122,Thương mại điện tử,7340122,2025,https://github.com/kbaoooo/vn_schools_scores_data/blob/main/craw-data/scores/NTT/2025.json
NTT,7340122_QT,Thương mại điện tử - Chuẩn quốc tế,7340122,2025,https://github.com/kbaoooo/vn_schools_scores_data/blob/main/craw-data/scores/NTT/2025.json
NTT,7340201,Tài chính – ngân hàng,7340201,2025,https://github.com/kbaoooo/vn_schools_scores_data/blob/main/craw-data/scores/NTT/2025.json
NTT,7340301,Kế toán,7340301,2025,https://github.com/kbaoooo/vn_schools_scores_data/blob/main/craw-data/scores/NTT/2025.json
NTT,7340301_QT,Kế Toán (Kế toán tài chính) - Chuẩn quốc tế,7340301,2025,https://github.com/kbaoooo/vn_schools_scores_data/blob/main/craw-data/scores/NTT/2025.json
NTT,7340404,Quản trị Nhân lực,7340404,2025,https://github.com/kbaoooo/vn_schools_scores_data/blob/main/craw-data/scores/NTT/2025.json
NTT,7380101,Luật,7380101,2025,https://github.com/kbaoooo/vn_schools_scores_data/blob/main/craw-data/scores/NTT/2025.json
NTT,7380107,Luật Kinh tế,7380107,2025,https://github.com/kbaoooo/vn_schools_scores_data/blob/main/craw-data/scores/NTT/2025.json
NTT,7380107_QT,Luật kinh tế - Chuẩn quốc tế,7380107,2025,https://github.com/kbaoooo/vn_schools_scores_data/blob/main/craw-data/scores/NTT/2025.json
NTT,7420201,Công nghệ sinh học,7420201,2025,https://github.com/kbaoooo/vn_schools_scores_data/blob/main/craw-data/scores/NTT/2025.json
NTT,7420204,Khoa học y sinh,7420204,2025,https://github.com/kbaoooo/vn_schools_scores_data/blob/main/craw-data/scores/NTT/2025.json
NTT,7440122,Khoa học vật liệu (Vật liệu tiên tiến và Công nghệ nano),7440122,2025,https://github.com/kbaoooo/vn_schools_scores_data/blob/main/craw-data/scores/NTT/2025.json
NTT,7460108,Khoa học dữ liệu,7460108,2025,https://github.com/kbaoooo/vn_schools_scores_data/blob/main/craw-data/scores/NTT/2025.json
NTT,7480102,Mạng máy tính và truyền thông dữ liệu,7480102,2025,https://github.com/kbaoooo/vn_schools_scores_data/blob/main/craw-data/scores/NTT/2025.json
NTT,7480103,Kỹ thuật phần mềm,7480103,2025,https://github.com/kbaoooo/vn_schools_scores_data/blob/main/craw-data/scores/NTT/2025.json
NTT,7480107,Trí tuệ nhân tạo,7480107,2025,https://github.com/kbaoooo/vn_schools_scores_data/blob/main/craw-data/scores/NTT/2025.json
NTT,7480201,Công nghệ thông tin,7480201,2025,https://github.com/kbaoooo/vn_schools_scores_data/blob/main/craw-data/scores/NTT/2025.json
NTT,7480201_CNST,Công nghệ thông tin (Công nghệ và Đổi mới sáng tạo),7480201,2025,https://github.com/kbaoooo/vn_schools_scores_data/blob/main/craw-data/scores/NTT/2025.json
NTT,7480201_DLMT,Công nghệ thông tin và dữ liệu Tài nguyên môi trường,7480201,2025,https://github.com/kbaoooo/vn_schools_scores_data/blob/main/craw-data/scores/NTT/2025.json
NTT,7480201_QT,Công nghệ thông tin (Kỹ thuật phần mềm)- Chuẩn quốc tế,7480201,2025,https://github.com/kbaoooo/vn_schools_scores_data/blob/main/craw-data/scores/NTT/2025.json
NTT,7510203,Công nghệ kỹ thuật cơ điện tử,7510203,2025,https://github.com/kbaoooo/vn_schools_scores_data/blob/main/craw-data/scores/NTT/2025.json
NTT,7510205,Công nghệ kỹ thuật Ô tô,7510205,2025,https://github.com/kbaoooo/vn_schools_scores_data/blob/main/craw-data/scores/NTT/2025.json
NTT,7510205-QT,Công nghệ kỹ thuật ô tô - Chuẩn quốc tế,7510205,2025,https://github.com/kbaoooo/vn_schools_scores_data/blob/main/craw-data/scores/NTT/2025.json
NTT,7510301,"Kỹ thuật điện, điện tử",7510301,2025,https://github.com/kbaoooo/vn_schools_scores_data/blob/main/craw-data/scores/NTT/2025.json
NTT,7510401,Công nghệ kỹ thuật Hóa học,7510401,2025,https://github.com/kbaoooo/vn_schools_scores_data/blob/main/craw-data/scores/NTT/2025.json
NTT,7510605,Logistic và quản lý chuỗi cung ứng,7510605,2025,https://github.com/kbaoooo/vn_schools_scores_data/blob/main/craw-data/scores/NTT/2025.json
NTT,7510605_CN,Công nghệ Logistics,7510605,2025,https://github.com/kbaoooo/vn_schools_scores_data/blob/main/craw-data/scores/NTT/2025.json
NTT,7510605_QT,Logisfics và Quản lý chuỗi cung ứng - Chuẩn quốc tế,7510605,2025,https://github.com/kbaoooo/vn_schools_scores_data/blob/main/craw-data/scores/NTT/2025.json
NTT,7520103,Kỹ thuật cơ khí,7520103,2025,https://github.com/kbaoooo/vn_schools_scores_data/blob/main/craw-data/scores/NTT/2025.json
NTT,7520212,Kỹ thuật Y sinh,7520212,2025,https://github.com/kbaoooo/vn_schools_scores_data/blob/main/craw-data/scores/NTT/2025.json
NTT,7520403,Vật lý y khoa,7520403,2025,https://github.com/kbaoooo/vn_schools_scores_data/blob/main/craw-data/scores/NTT/2025.json
NTT,7540101,Công nghệ thực phẩm,7540101,2025,https://github.com/kbaoooo/vn_schools_scores_data/blob/main/craw-data/scores/NTT/2025.json
NTT,7580101,Kiến trúc,7580101,2025,https://github.com/kbaoooo/vn_schools_scores_data/blob/main/craw-data/scores/NTT/2025.json
NTT,7580108,Thiết kế Nội thất,7580108,2025,https://github.com/kbaoooo/vn_schools_scores_data/blob/main/craw-data/scores/NTT/2025.json
NTT,7580201,Kỹ thuật xây dựng,7580201,2025,https://github.com/kbaoooo/vn_schools_scores_data/blob/main/craw-data/scores/NTT/2025.json
NTT,7640101,Thú y,7640101,2025,https://github.com/kbaoooo/vn_schools_scores_data/blob/main/craw-data/scores/NTT/2025.json
NTT,7720101,Y khoa,7720101,2025,https://github.com/kbaoooo/vn_schools_scores_data/blob/main/craw-data/scores/NTT/2025.json
NTT,7720110,Y học dự phòng,7720110,2025,https://github.com/kbaoooo/vn_schools_scores_data/blob/main/craw-data/scores/NTT/2025.json
NTT,7720115,Y học cổ truyền,7720115,2025,https://github.com/kbaoooo/vn_schools_scores_data/blob/main/craw-data/scores/NTT/2025.json
NTT,7720201,Dược học,7720201,2025,https://github.com/kbaoooo/vn_schools_scores_data/blob/main/craw-data/scores/NTT/2025.json
NTT,7720203,Hóa Dược,7720203,2025,https://github.com/kbaoooo/vn_schools_scores_data/blob/main/craw-data/scores/NTT/2025.json
NTT,7720301,Điều dưỡng,7720301,2025,https://github.com/kbaoooo/vn_schools_scores_data/blob/main/craw-data/scores/NTT/2025.json
NTT,7720501,Răng - Hàm - Mặt,7720501,2025,https://github.com/kbaoooo/vn_schools_scores_data/blob/main/craw-data/scores/NTT/2025.json
NTT,7720601,Kỹ thuật xét nghiệm y học,7720601,2025,https://github.com/kbaoooo/vn_schools_scores_data/blob/main/craw-data/scores/NTT/2025.json
NTT,7720603,Kỹ thuật phục hồi chức năng,7720603,2025,https://github.com/kbaoooo/vn_schools_scores_data/blob/main/craw-data/scores/NTT/2025.json
NTT,7720802,Quản lý bệnh viện,7720802,2025,https://github.com/kbaoooo/vn_schools_scores_data/blob/main/craw-data/scores/NTT/2025.json
NTT,7810101,Du lịch,7810101,2025,https://github.com/kbaoooo/vn_schools_scores_data/blob/main/craw-data/scores/NTT/2025.json
NTT,7810201,Quản trị khách sạn,7810201,2025,https://github.com/kbaoooo/vn_schools_scores_data/blob/main/craw-data/scores/NTT/2025.json
NTT,7810201_QT,Quản trị khách sạn - Chuẩn quốc tế,7810201,2025,https://github.com/kbaoooo/vn_schools_scores_data/blob/main/craw-data/scores/NTT/2025.json
NTT,7810202,Quản trị nhà hàng và dịch vụ ăn uống,7810202,2025,https://github.com/kbaoooo/vn_schools_scores_data/blob/main/craw-data/scores/NTT/2025.json
NTT,7850101,Quản lý tài nguyên và môi trường,7850101,2025,https://github.com/kbaoooo/vn_schools_scores_data/blob/main/craw-data/scores/NTT/2025.json
NTU,7210403,Thiết kế đồ họa,7210403,2025,https://github.com/kbaoooo/vn_schools_scores_data/blob/main/craw-data/scores/NTU/2025.json
NTU,7220209,Ngôn ngữ Nhật,7220209,2025,https://github.com/kbaoooo/vn_schools_scores_data/blob/main/craw-data/scores/NTU/2025.json
NTU,7220210,Ngôn ngữ Hàn Quốc,7220210,2025,https://github.com/kbaoooo/vn_schools_scores_data/blob/main/craw-data/scores/NTU/2025.json
NTU,7310601,Quốc tế học,7310601,2025,https://github.com/kbaoooo/vn_schools_scores_data/blob/main/craw-data/scores/NTU/2025.json
NTU,7320108,Quan hệ công chúng,7320108,2025,https://github.com/kbaoooo/vn_schools_scores_data/blob/main/craw-data/scores/NTU/2025.json
NTU,7340101,Quản trị kinh doanh,7340101,2025,https://github.com/kbaoooo/vn_schools_scores_data/blob/main/craw-data/scores/NTU/2025.json
NTU,7340201,Tài chính ngân hàng,7340201,2025,https://github.com/kbaoooo/vn_schools_scores_data/blob/main/craw-data/scores/NTU/2025.json
NTU,7340301,Kế toán,7340301,2025,https://github.com/kbaoooo/vn_schools_scores_data/blob/main/craw-data/scores/NTU/2025.json
NTU,7480201,Công nghệ thông tin,7480201,2025,https://github.com/kbaoooo/vn_schools_scores_data/blob/main/craw-data/scores/NTU/2025.json
NTU,7580101,Kiến trúc,7580101,2025,https://github.com/kbaoooo/vn_schools_scores_data/blob/main/craw-data/scores/NTU/2025.json
NTU,7580108,Thiết kế nội thất,7580108,2025,https://github.com/kbaoooo/vn_schools_scores_data/blob/main/craw-data/scores/NTU/2025.json
PCH,7860113_Nam_B,"Phòng cháy chữa cháy và cứu nạn, cứu hộ (Thí sinh Nam, miền Bắc)",7860113,2025,https://github.com/kbaoooo/vn_schools_scores_data/blob/main/craw-data/scores/PCH/2025.json
PCH,7860113_Nu_B,"Phòng cháy chữa cháy và cứu nạn, cứu hộ (Thí sinh Nữ, miền Bắc)",7860113,2025,https://github.com/kbaoooo/vn_schools_scores_data/blob/main/craw-data/scores/PCH/2025.json
PCS,7860113_Nam_N,"Phòng cháy chữa cháy và cứu nạn, cứu hộ (Thí sinh Nam, miền Nam)",7860113,2025,https://github.com/kbaoooo/vn_schools_scores_data/blob/main/craw-data/scores/PCS/2025.json
PCS,7860113_Nu_N,"Phòng cháy chữa cháy và cứu nạn, cứu hộ (Thí sinh Nữ, miền Nam)",7860113,2025,https://github.com/kbaoooo/vn_schools_scores_data/blob/main/craw-data/scores/PCS/2025.json
PKA,BI01,Công nghệ sinh học,,2025,https://github.com/kbaoooo/vn_schools_scores_data/blob/main/craw-data/scores/PKA/2025.json
PKA,BMS,Khoa học y sinh,,2025,https://github.com/kbaoooo/vn_schools_scores_data/blob/main/craw-data/scores/PKA/2025.json
PKA,CHE1,Kỹ thuật hóa học,,2025,https://github.com/kbaoooo/vn_schools_scores_data/blob/main/craw-data/scores/PKA/2025.json
PKA,DEN1,Răng - Hàm - Mặt,,2025,https://github.com/kbaoooo/vn_schools_scores_data/blob/main/craw-data/scores/PKA/2025.json
PKA,EEE-AI,Kỹ thuật điều khiển và tự động hóa (Robot và trí tuệ nhân tạo),,2025,https://github.com/kbaoooo/vn_schools_scores_data/blob/main/craw-data/scores/PKA/2025.json
PKA,EEE1,Kỹ thuật điều khiển và tự động hóa,,2025,https://github.com/kbaoooo/vn_schools_scores_data/blob/main/craw-data/scores/PKA/2025.json
PKA,EEE2,Kỹ thuật y sinh (Điện tử y sinh),,2025,https://github.com/kbaoooo/vn_schools_scores_data/blob/main/craw-data/scores/PKA/2025.json
PKA,EEE3,Kỹ thuật Điện tử - Viễn thông (Hệ thống nhúng thông minh và IoT),,2025,https://github.com/kbaoooo/vn_schools_scores_data/blob/main/craw-data/scores/PKA/2025.json
PKA,EEE4,Kỹ thuật Điện tử - Viễn thông (Thiết kế vi mạch bán dẫn),,2025,https://github.com/kbaoooo/vn_schools_scores_data/blob/main/craw-data/scores/PKA/2025.json
PKA,F0L1,Luật kinh tế,,2025,https://github.com/kbaoooo/vn_schools_scores_data/blob/main/craw-data/scores/PKA/2025.json
PKA,F0L2,Luật kinh doanh,,2025,https://github.com/kbaoooo/vn_schools_scores_data/blob/main/craw-data/scores/PKA/2025.json
PKA,F0L3,Luật,,2025,https://github.com/kbaoooo/vn_schools_scores_data/blob/main/craw-data/scores/PKA/2025.json
PKA,F0L4,Luật quốc tế,,2025,https://github.com/kbaoooo/vn_schools_scores_data/blob/main/craw-data/scores/PKA/2025.json
PKA,F0L5,Luật thương mại quốc tế,,2025,https://github.com/kbaoooo/vn_schools_scores_data/blob/main/craw-data/scores/PKA/2025.json
PKA,F0S1,Đông Phương học,,2025,https://github.com/kbaoooo/vn_schools_scores_data/blob/main/craw-data/scores/PKA/2025.json
PKA,FBE1,Quản trị kinh doanh,,2025,https://github.com/kbaoooo/vn_schools_scores_data/blob/main/craw-data/scores/PKA/2025.json
PKA,FBE2,Kế toán,,2025,https://github.com/kbaoooo/vn_schools_scores_data/blob/main/craw-data/scores/PKA/2025.json
PKA,FBE3,Tài chính - Ngân hàng,,2025,https://github.com/kbaoooo/vn_schools_scores_data/blob/main/craw-data/scores/PKA/2025.json
PKA,FBE4,Quản trị nhân lực,,2025,https://github.com/kbaoooo/vn_schools_scores_data/blob/main/craw-data/scores/PKA/2025.json
PKA,FBE5,Kiểm toán,,2025,https://github.com/kbaoooo/vn_schools_scores_data/blob/main/craw-data/scores/PKA/2025.json
PKA,FBE6,Kinh doanh quốc tế (Các học phần chuyên ngành học bằng tiếng Anh),,2025,https://github.com/kbaoooo/vn_schools_scores_data/blob/main/craw-data/scores/PKA/2025.json
PKA,FBE7,Logistics và Quản lý chuỗi cung ứng (Một số học phần chuyên ngành học bằng tiếng Anh),,2025,https://github.com/kbaoooo/vn_schools_scores_data/blob/main/craw-data/scores/PKA/2025.json
PKA,FBE8,Marketing (Một số học phần chuyên ngành học bằng tiếng Anh),,2025,https://github.com/kbaoooo/vn_schools_scores_data/blob/main/craw-data/scores/PKA/2025.json
PKA,FIDT1,Kinh tế số,,2025,https://github.com/kbaoooo/vn_schools_scores_data/blob/main/craw-data/scores/PKA/2025.json
PKA,FIDT2,Quản trị kinh doanh (Kinh doanh số),,2025,https://github.com/kbaoooo/vn_schools_scores_data/blob/main/craw-data/scores/PKA/2025.json
PKA,FIDT3,Thương mại điện tử,,2025,https://github.com/kbaoooo/vn_schools_scores_data/blob/main/craw-data/scores/PKA/2025.json
PKA,FIDT4,Logistics và Quản lý chuỗi cung ứng (Logistics số),,2025,https://github.com/kbaoooo/vn_schools_scores_data/blob/main/craw-data/scores/PKA/2025.json
PKA,FIDT5,Marketing (Công nghệ Marketing),,2025,https://github.com/kbaoooo/vn_schools_scores_data/blob/main/craw-data/scores/PKA/2025.json
PKA,FIDT6,Truyền thông đa phương tiện,,2025,https://github.com/kbaoooo/vn_schools_scores_data/blob/main/craw-data/scores/PKA/2025.json
PKA,FIDT7,Công nghệ tài chính,,2025,https://github.com/kbaoooo/vn_schools_scores_data/blob/main/craw-data/scores/PKA/2025.json
PKA,FLC1,Ngôn ngữ Trung Quốc,,2025,https://github.com/kbaoooo/vn_schools_scores_data/blob/main/craw-data/scores/PKA/2025.json
PKA,FLE1,Ngôn ngữ Anh,,2025,https://github.com/kbaoooo/vn_schools_scores_data/blob/main/craw-data/scores/PKA/2025.json
PKA,FLF1,Ngôn ngữ Pháp,,2025,https://github.com/kbaoooo/vn_schools_scores_data/blob/main/craw-data/scores/PKA/2025.json
PKA,FLJ1,Ngôn ngữ Nhật,,2025,https://github.com/kbaoooo/vn_schools_scores_data/blob/main/craw-data/scores/PKA/2025.json
PKA,FLK1,Ngôn ngữ Hàn Quốc,,2025,https://github.com/kbaoooo/vn_schools_scores_data/blob/main/craw-data/scores/PKA/2025.json
PKA,FTME,Y học cổ truyền,,2025,https://github.com/kbaoooo/vn_schools_scores_data/blob/main/craw-data/scores/PKA/2025.json
PKA,FTS1,Du lịch (Định hướng Quản trị du lịch),,2025,https://github.com/kbaoooo/vn_schools_scores_data/blob/main/craw-data/scores/PKA/2025.json
PKA,FTS2,Quản trị khách sạn,,2025,https://github.com/kbaoooo/vn_schools_scores_data/blob/main/craw-data/scores/PKA/2025.json
PKA,FTS3,Kinh doanh Du lịch số,,2025,https://github.com/kbaoooo/vn_schools_scores_data/blob/main/craw-data/scores/PKA/2025.json
PKA,FTS4,Hướng dẫn Du lịch quốc tế,,2025,https://github.com/kbaoooo/vn_schools_scores_data/blob/main/craw-data/scores/PKA/2025.json
PKA,HM1,Quản lý bệnh viện,,2025,https://github.com/kbaoooo/vn_schools_scores_data/blob/main/craw-data/scores/PKA/2025.json
PKA,ICT-TN,Tài năng Khoa học máy tính,,2025,https://github.com/kbaoooo/vn_schools_scores_data/blob/main/craw-data/scores/PKA/2025.json
PKA,ICT-VJ,Công nghệ thông tin Việt Nhật,,2025,https://github.com/kbaoooo/vn_schools_scores_data/blob/main/craw-data/scores/PKA/2025.json
PKA,ICT1,Công nghệ thông tin,,2025,https://github.com/kbaoooo/vn_schools_scores_data/blob/main/craw-data/scores/PKA/2025.json
PKA,ICT2,Kỹ thuật phần mềm (Một số học phần chuyên ngành học bằng tiếng Anh),,2025,https://github.com/kbaoooo/vn_schools_scores_data/blob/main/craw-data/scores/PKA/2025.json
PKA,ICT3,Khoa học máy tính (Trí tuệ nhân tạo và Khoa học dữ liệu),,2025,https://github.com/kbaoooo/vn_schools_scores_data/blob/main/craw-data/scores/PKA/2025.json
PKA,ICT4,An toàn thông tin (Một số học phần chuyên ngành học bằng tiếng Anh),,2025,https://github.com/kbaoooo/vn_schools_scores_data/blob/main/craw-data/scores/PKA/2025.json
PKA,ICT5,Trí tuệ nhân tạo,,2025,https://github.com/kbaoooo/vn_schools_scores_data/blob/main/craw-data/scores/PKA/2025.json
PKA,MED1,Y khoa,,2025,https://github.com/kbaoooo/vn_schools_scores_data/blob/main/craw-data/scores/PKA/2025.json
PKA,MEM1,Kỹ thuật cơ điện tử,,2025,https://github.com/kbaoooo/vn_schools_scores_data/blob/main/craw-data/scores/PKA/2025.json
PKA,MEM1-IMS,Hệ thống Cơ điện tử thông minh (Các học phần chuyên ngành học bằng tiếng Anh),,2025,https://github.com/kbaoooo/vn_schools_scores_data/blob/main/craw-data/scores/PKA/2025.json
PKA,MEM2,Kỹ thuật cơ khí,,2025,https://github.com/kbaoooo/vn_schools_scores_data/blob/main/craw-data/scores/PKA/2025.json
PKA,MIW,Hộ sinh,,2025,https://github.com/kbaoooo/vn_schools_scores_data/blob/main/craw-data/scores/PKA/2025.json
PKA,MSE-AI,Vật liệu thông minh và trí tuệ nhân tạo,,2025,https://github.com/kbaoooo/vn_schools_scores_data/blob/main/craw-data/scores/PKA/2025.json
PKA,MSE-IC,Chip bán dẫn và Công nghệ đóng gói,,2025,https://github.com/kbaoooo/vn_schools_scores_data/blob/main/craw-data/scores/PKA/2025.json
PKA,MSE1,Vật liệu tiên tiến và Công nghệ nano,,2025,https://github.com/kbaoooo/vn_schools_scores_data/blob/main/craw-data/scores/PKA/2025.json
PKA,MTT1,Kỹ thuật xét nghiệm y học,,2025,https://github.com/kbaoooo/vn_schools_scores_data/blob/main/craw-data/scores/PKA/2025.json
PKA,NUR1,Điều dưỡng,,2025,https://github.com/kbaoooo/vn_schools_scores_data/blob/main/craw-data/scores/PKA/2025.json
PKA,PHA1,Dược học,,2025,https://github.com/kbaoooo/vn_schools_scores_data/blob/main/craw-data/scores/PKA/2025.json
PKA,RET1,Kỹ thuật phục hồi chức năng,,2025,https://github.com/kbaoooo/vn_schools_scores_data/blob/main/craw-data/scores/PKA/2025.json
PKA,RTS1,Kỹ thuật hình ảnh y học,,2025,https://github.com/kbaoooo/vn_schools_scores_data/blob/main/craw-data/scores/PKA/2025.json
PKA,VEE1,Kỹ thuật ô tô,,2025,https://github.com/kbaoooo/vn_schools_scores_data/blob/main/craw-data/scores/PKA/2025.json
PKA,VEE2,Cơ điện tử ô tô,,2025,https://github.com/kbaoooo/vn_schools_scores_data/blob/main/craw-data/scores/PKA/2025.json
PKA,VEE3,Kỹ thuật phần mềm ô tô,,2025,https://github.com/kbaoooo/vn_schools_scores_data/blob/main/craw-data/scores/PKA/2025.json
PKH,7520120_B,Ngành Kỹ thuật Hàng không (Thí sinh miền Bắc),7520120,2025,https://github.com/kbaoooo/vn_schools_scores_data/blob/main/craw-data/scores/PKH/2025.json
PKH,7520120_N,Ngành Kỹ thuật Hàng không (Thí sinh miền Nam),7520120,2025,https://github.com/kbaoooo/vn_schools_scores_data/blob/main/craw-data/scores/PKH/2025.json
PKH,7860226_B,"Ngành Chỉ huy Tham mưu Phòng không, Không quân và Tác chiến điện tử (Thí sinh miền Bắc)",7860226,2025,https://github.com/kbaoooo/vn_schools_scores_data/blob/main/craw-data/scores/PKH/2025.json
PKH,7860226_B_C01,"Ngành Chỉ huy Tham mưu Phòng không, Không quân và Tác chiến điện tử (Thí sinh miền Bắc)",7860226,2025,https://github.com/kbaoooo/vn_schools_scores_data/blob/main/craw-data/scores/PKH/2025.json
PKH,7860226_N,"Ngành Chỉ huy Tham mưu Phòng không, Không quân và Tác chiến điện tử (Thí sinh miền Nam)",7860226,2025,https://github.com/kbaoooo/vn_schools_scores_data/blob/main/craw-data/scores/PKH/2025.json
PKH,7860226_N_C01,"Ngành Chỉ huy Tham mưu Phòng không, Không quân và Tác chiến điện tử (Thí sinh miền Nam)",7860226,2025,https://github.com/kbaoooo/vn_schools_scores_data/blob/main/craw-data/scores/PKH/2025.json
PVU,7520301,Kỹ thuật Hóa học (Lọc-Hóa dầu),7520301,2025,https://github.com/kbaoooo/vn_schools_scores_data/blob/main/craw-data/scores/PVU/2025.json
PVU,7520501,Kỹ thuật Địa chất (Địa chất - Địa vật lý Dầu khí),7520501,2025,https://github.com/kbaoooo/vn_schools_scores_data/blob/main/craw-data/scores/PVU/2025.json
PVU,7520604,Kỹ thuật Dầu khí (Khoan-Khai thác Mỏ Dầu khí),7520604,2025,https://github.com/kbaoooo/vn_schools_scores_data/blob/main/craw-data/scores/PVU/2025.json
QHE,7310101,Ngành Kinh tế,7310101,2025,https://github.com/kbaoooo/vn_schools_scores_data/blob/main/craw-data/scores/QHE/2025.json
QHE,7310105,Ngành Kinh tế phát triển,7310105,2025,https://github.com/kbaoooo/vn_schools_scores_data/blob/main/craw-data/scores/QHE/2025.json
QHE,7310106,Ngành Kinh tế quốc tế,7310106,2025,https://github.com/kbaoooo/vn_schools_scores_data/blob/main/craw-data/scores/QHE/2025.json
QHE,734010101,Ngành Quản trị kinh doanh,7340101,2025,https://github.com/kbaoooo/vn_schools_scores_data/blob/main/craw-data/scores/QHE/2025.json
QHE,7340201,Ngành Tài chính – Ngân hàng,7340201,2025,https://github.com/kbaoooo/vn_schools_scores_data/blob/main/craw-data/scores/QHE/2025.json
QHE,7340301,Ngành Kế toán,7340301,2025,https://github.com/kbaoooo/vn_schools_scores_data/blob/main/craw-data/scores/QHE/2025.json
QHF,7140231,Sư phạm tiếng Anh,7140231,2025,https://github.com/kbaoooo/vn_schools_scores_data/blob/main/craw-data/scores/QHF/2025.json
QHF,7140234,Sư phạm tiếng Trung,7140234,2025,https://github.com/kbaoooo/vn_schools_scores_data/blob/main/craw-data/scores/QHF/2025.json
QHF,7140236,Sư phạm tiếng Nhật,7140236,2025,https://github.com/kbaoooo/vn_schools_scores_data/blob/main/craw-data/scores/QHF/2025.json
QHF,7140237,Sư phạm tiếng Hàn Quốc,7140237,2025,https://github.com/kbaoooo/vn_schools_scores_data/blob/main/craw-data/scores/QHF/2025.json
QHF,7220101,Tiếng Việt và Văn hóa Việt Nam,7220101,2025,https://github.com/kbaoooo/vn_schools_scores_data/blob/main/craw-data/scores/QHF/2025.json
QHF,7220201,Ngôn ngữ Anh,7220201,2025,https://github.com/kbaoooo/vn_schools_scores_data/blob/main/craw-data/scores/QHF/2025.json
QHF,7220202,Ngôn ngữ Nga,7220202,2025,https://github.com/kbaoooo/vn_schools_scores_data/blob/main/craw-data/scores/QHF/2025.json
QHF,7220203,Ngôn ngữ Pháp,7220203,2025,https://github.com/kbaoooo/vn_schools_scores_data/blob/main/craw-data/scores/QHF/2025.json
QHF,7220204,Ngôn ngữ Trung Quốc,7220204,2025,https://github.com/kbaoooo/vn_schools_scores_data/blob/main/craw-data/scores/QHF/2025.json
QHF,7220205,Ngôn ngữ Đức,7220205,2025,https://github.com/kbaoooo/vn_schools_scores_data/blob/main/craw-data/scores/QHF/2025.json
QHF,7220209,Ngôn ngữ Nhật,7220209,2025,https://github.com/kbaoooo/vn_schools_scores_data/blob/main/craw-data/scores/QHF/2025.json
QHF,7220210,Ngôn ngữ Hàn Quốc,7220210,2025,https://github.com/kbaoooo/vn_schools_scores_data/blob/main/craw-data/scores/QHF/2025.json
QHF,7220211,Ngôn ngữ Ả Rập,7220211,2025,https://github.com/kbaoooo/vn_schools_scores_data/blob/main/craw-data/scores/QHF/2025.json
QHF,7220212QTD,Văn hóa và truyền thông xuyên quốc gia,7220212,2025,https://github.com/kbaoooo/vn_schools_scores_data/blob/main/craw-data/scores/QHF/2025.json
QHF,7903124,Kinh tế - Tài chính,7903124,2025,https://github.com/kbaoooo/vn_schools_scores_data/blob/main/craw-data/scores/QHF/2025.json
QHI,CN1,Công nghệ thông tin,,2025,https://github.com/kbaoooo/vn_schools_scores_data/blob/main/craw-data/scores/QHI/2025.json
QHI,CN10,Công nghệ nông nghiệp,,2025,https://github.com/kbaoooo/vn_schools_scores_data/blob/main/craw-data/scores/QHI/2025.json
QHI,CN11,Kỹ thuật điều khiển và tự động hóa,,2025,https://github.com/kbaoooo/vn_schools_scores_data/blob/main/craw-data/scores/QHI/2025.json
QHI,CN12,Trí tuệ nhân tạo,,2025,https://github.com/kbaoooo/vn_schools_scores_data/blob/main/craw-data/scores/QHI/2025.json
QHI,CN13,Kỹ thuật năng lượng,,2025,https://github.com/kbaoooo/vn_schools_scores_data/blob/main/craw-data/scores/QHI/2025.json
QHI,CN14,Hệ thống thông tin,,2025,https://github.com/kbaoooo/vn_schools_scores_data/blob/main/craw-data/scores/QHI/2025.json
QHI,CN15,Mạng máy tính và truyền thông dữ liệu,,2025,https://github.com/kbaoooo/vn_schools_scores_data/blob/main/craw-data/scores/QHI/2025.json
QHI,CN17,Kỹ thuật Robot,,2025,https://github.com/kbaoooo/vn_schools_scores_data/blob/main/craw-data/scores/QHI/2025.json
QHI,CN18,Thiết kế công nghiệp và Đồ họa,,2025,https://github.com/kbaoooo/vn_schools_scores_data/blob/main/craw-data/scores/QHI/2025.json
QHI,CN19,Công nghệ vật liệu,,2025,https://github.com/kbaoooo/vn_schools_scores_data/blob/main/craw-data/scores/QHI/2025.json
QHI,CN2,Kỹ thuật máy tính,,2025,https://github.com/kbaoooo/vn_schools_scores_data/blob/main/craw-data/scores/QHI/2025.json
QHI,CN20,Khoa học dữ liệu,,2025,https://github.com/kbaoooo/vn_schools_scores_data/blob/main/craw-data/scores/QHI/2025.json
QHI,CN21,Công nghệ sinh học,,2025,https://github.com/kbaoooo/vn_schools_scores_data/blob/main/craw-data/scores/QHI/2025.json
QHI,CN3,Vật lý kỹ thuật,,2025,https://github.com/kbaoooo/vn_schools_scores_data/blob/main/craw-data/scores/QHI/2025.json
QHI,CN4,Cơ kỹ thuật,,2025,https://github.com/kbaoooo/vn_schools_scores_data/blob/main/craw-data/scores/QHI/2025.json
QHI,CN5,Công nghệ kỹ thuật xây dựng,,2025,https://github.com/kbaoooo/vn_schools_scores_data/blob/main/craw-data/scores/QHI/2025.json
QHI,CN6,Công nghệ kỹ thuật cơ điện tử,,2025,https://github.com/kbaoooo/vn_schools_scores_data/blob/main/craw-data/scores/QHI/2025.json
QHI,CN7,Công nghệ hàng không vũ trụ,,2025,https://github.com/kbaoooo/vn_schools_scores_data/blob/main/craw-data/scores/QHI/2025.json
QHI,CN8,Khoa học máy tính,,2025,https://github.com/kbaoooo/vn_schools_scores_data/blob/main/craw-data/scores/QHI/2025.json
QHI,CN9,Công nghệ kỹ thuật điện tử - Viễn thông,,2025,https://github.com/kbaoooo/vn_schools_scores_data/blob/main/craw-data/scores/QHI/2025.json
QHL,7380101,Luật học,7380101,2025,https://github.com/kbaoooo/vn_schools_scores_data/blob/main/craw-data/scores/QHL/2025.json
QHL,7380101CLC,Luật CLC,7380101,2025,https://github.com/kbaoooo/vn_schools_scores_data/blob/main/craw-data/scores/QHL/2025.json
QHL,7380109,Luật Thương mại quốc tế,7380109,2025,https://github.com/kbaoooo/vn_schools_scores_data/blob/main/craw-data/scores/QHL/2025.json
QHL,7380110,Luật Kinh doanh,7380110,2025,https://github.com/kbaoooo/vn_schools_scores_data/blob/main/craw-data/scores/QHL/2025.json
QHS,Sư phạm Lịch sử,QHS07,,2025,https://github.com/kbaoooo/vn_schools_scores_data/blob/main/craw-data/scores/QHS/2025.json
QHS,Sư phạm Lịch sử - Địa lý,QHS08,,2025,https://github.com/kbaoooo/vn_schools_scores_data/blob/main/craw-data/scores/QHS/2025.json
QHS,Giáo dục Mầm non,QHS09,,2025,https://github.com/kbaoooo/vn_schools_scores_data/blob/main/craw-data/scores/QHS/2025.json
QHS,Giáo dục Tiểu học,QHS10,,2025,https://github.com/kbaoooo/vn_schools_scores_data/blob/main/craw-data/scores/QHS/2025.json
QHS,Khoa học giáo dục và khác,QHS11,,2025,https://github.com/kbaoooo/vn_schools_scores_data/blob/main/craw-data/scores/QHS/2025.json
QHS,Sư phạm Toán học,QHS01,,2025,https://github.com/kbaoooo/vn_schools_scores_data/blob/main/craw-data/scores/QHS/2025.json
QHS,Sư phạm Vật lí,QHS02,,2025,https://github.com/kbaoooo/vn_schools_scores_data/blob/main/craw-data/scores/QHS/2025.json
QHS,Sư phạm Hoá học,QHS03,,2025,https://github.com/kbaoooo/vn_schools_scores_data/blob/main/craw-data/scores/QHS/2025.json
QHS,Sư phạm Sinh học,QHS04,,2025,https://github.com/kbaoooo/vn_schools_scores_data/blob/main/craw-data/scores/QHS/2025.json
QHS,Sư phạm Khoa học Tự nhiên,QHS05,,2025,https://github.com/kbaoooo/vn_schools_scores_data/blob/main/craw-data/scores/QHS/2025.json
QHS,Sư phạm Ngữ văn,QHS06,,2025,https://github.com/kbaoooo/vn_schools_scores_data/blob/main/craw-data/scores/QHS/2025.json
QHT,QHT01,Toán học,,2025,https://github.com/kbaoooo/vn_schools_scores_data/blob/main/craw-data/scores/QHT/2025.json
QHT,QHT02,Toán tin,,2025,https://github.com/kbaoooo/vn_schools_scores_data/blob/main/craw-data/scores/QHT/2025.json
QHT,QHT03,Vật lý học,,2025,https://github.com/kbaoooo/vn_schools_scores_data/blob/main/craw-data/scores/QHT/2025.json
QHT,QHT04,Khoa học vật liệu,,2025,https://github.com/kbaoooo/vn_schools_scores_data/blob/main/craw-data/scores/QHT/2025.json
QHT,QHT05,Công nghệ kỹ thuật hạt nhân,,2025,https://github.com/kbaoooo/vn_schools_scores_data/blob/main/craw-data/scores/QHT/2025.json
QHT,QHT06,Hoá học,,2025,https://github.com/kbaoooo/vn_schools_scores_data/blob/main/craw-data/scores/QHT/2025.json
QHT,QHT07,Công nghệ kỹ thuật hoá học,,2025,https://github.com/kbaoooo/vn_schools_scores_data/blob/main/craw-data/scores/QHT/2025.json
QHT,QHT08,Sinh học,,2025,https://github.com/kbaoooo/vn_schools_scores_data/blob/main/craw-data/scores/QHT/2025.json
QHT,QHT09,Công nghệ sinh học,,2025,https://github.com/kbaoooo/vn_schools_scores_data/blob/main/craw-data/scores/QHT/2025.json
QHT,QHT10,Địa lý tự nhiên,,2025,https://github.com/kbaoooo/vn_schools_scores_data/blob/main/craw-data/scores/QHT/2025.json
QHT,QHT12,Quản lý đất đai,,2025,https://github.com/kbaoooo/vn_schools_scores_data/blob/main/craw-data/scores/QHT/2025.json
QHT,QHT13,Khoa học môi trường,,2025,https://github.com/kbaoooo/vn_schools_scores_data/blob/main/craw-data/scores/QHT/2025.json
QHT,QHT15,Công nghệ kỹ thuật môi trường,,2025,https://github.com/kbaoooo/vn_schools_scores_data/blob/main/craw-data/scores/QHT/2025.json
QHT,QHT16,Khí tượng và khí hậu học,,2025,https://github.com/kbaoooo/vn_schools_scores_data/blob/main/craw-data/scores/QHT/2025.json
QHT,QHT17,Hải dương học,,2025,https://github.com/kbaoooo/vn_schools_scores_data/blob/main/craw-data/scores/QHT/2025.json
QHT,QHT18,Địa chất học,,2025,https://github.com/kbaoooo/vn_schools_scores_data/blob/main/craw-data/scores/QHT/2025.json
QHT,QHT20,Quản lý tài nguyên và môi trường,,2025,https://github.com/kbaoooo/vn_schools_scores_data/blob/main/craw-data/scores/QHT/2025.json
QHT,QHT43,Hoá dược,,2025,https://github.com/kbaoooo/vn_schools_scores_data/blob/main/craw-data/scores/QHT/2025.json
QHT,QHT81,Sinh dược học,,2025,https://github.com/kbaoooo/vn_schools_scores_data/blob/main/craw-data/scores/QHT/2025.json
QHT,QHT82,"Môi trường, sức khỏe và an toàn",,2025,https://github.com/kbaoooo/vn_schools_scores_data/blob/main/craw-data/scores/QHT/2025.json
QHT,QHT91,Khoa học thông tin địa không gian,,2025,https://github.com/kbaoooo/vn_schools_scores_data/blob/main/craw-data/scores/QHT/2025.json
QHT,QHT92,Tài nguyên và môi trường nước,,2025,https://github.com/kbaoooo/vn_schools_scores_data/blob/main/craw-data/scores/QHT/2025.json
QHT,QHT93,Khoa học dữ liệu,,2025,https://github.com/kbaoooo/vn_schools_scores_data/blob/main/craw-data/scores/QHT/2025.json
QHT,QHT94,Kỹ thuật điện tử và tin học,,2025,https://github.com/kbaoooo/vn_schools_scores_data/blob/main/craw-data/scores/QHT/2025.json
QHT,QHT95,Quản lý phát triển đô thị và bất động sản,,2025,https://github.com/kbaoooo/vn_schools_scores_data/blob/main/craw-data/scores/QHT/2025.json
QHT,QHT96,Khoa học và công nghệ thực phẩm,,2025,https://github.com/kbaoooo/vn_schools_scores_data/blob/main/craw-data/scores/QHT/2025.json
QHT,QHT98,Khoa học máy tính và thông tin,,2025,https://github.com/kbaoooo/vn_schools_scores_data/blob/main/craw-data/scores/QHT/2025.json
QHT,QHT99,Công nghệ Bán dẫn,,2025,https://github.com/kbaoooo/vn_schools_scores_data/blob/main/craw-data/scores/QHT/2025.json
QHX,QHX01,Báo chí,,2025,https://github.com/kbaoooo/vn_schools_scores_data/blob/main/craw-data/scores/QHX/2025.json
QHX,QHX02,Chính trị học,,2025,https://github.com/kbaoooo/vn_schools_scores_data/blob/main/craw-data/scores/QHX/2025.json
QHX,QHX03,Công tác xã hội,,2025,https://github.com/kbaoooo/vn_schools_scores_data/blob/main/craw-data/scores/QHX/2025.json
QHX,QHX04,Điện ảnh và nghệ thuật đại chúng,,2025,https://github.com/kbaoooo/vn_schools_scores_data/blob/main/craw-data/scores/QHX/2025.json
QHX,QHX05,Đông Nam Á học,,2025,https://github.com/kbaoooo/vn_schools_scores_data/blob/main/craw-data/scores/QHX/2025.json
QHX,QHX06,Đông phương học,,2025,https://github.com/kbaoooo/vn_schools_scores_data/blob/main/craw-data/scores/QHX/2025.json
QHX,QHX07,Hán Nôm,,2025,https://github.com/kbaoooo/vn_schools_scores_data/blob/main/craw-data/scores/QHX/2025.json
QHX,QHX08,Hàn Quốc học,,2025,https://github.com/kbaoooo/vn_schools_scores_data/blob/main/craw-data/scores/QHX/2025.json
QHX,QHX09,Khoa học quản lý,,2025,https://github.com/kbaoooo/vn_schools_scores_data/blob/main/craw-data/scores/QHX/2025.json
QHX,QHX10,Lịch sử,,2025,https://github.com/kbaoooo/vn_schools_scores_data/blob/main/craw-data/scores/QHX/2025.json
QHX,QHX11,Lưu trữ học,,2025,https://github.com/kbaoooo/vn_schools_scores_data/blob/main/craw-data/scores/QHX/2025.json
QHX,QHX12,Ngôn ngữ học,,2025,https://github.com/kbaoooo/vn_schools_scores_data/blob/main/craw-data/scores/QHX/2025.json
QHX,QHX13,Nhân học,,2025,https://github.com/kbaoooo/vn_schools_scores_data/blob/main/craw-data/scores/QHX/2025.json
QHX,QHX14,Nhật Bản học,,2025,https://github.com/kbaoooo/vn_schools_scores_data/blob/main/craw-data/scores/QHX/2025.json
QHX,QHX15,Quan hệ công chúng,,2025,https://github.com/kbaoooo/vn_schools_scores_data/blob/main/craw-data/scores/QHX/2025.json
QHX,QHX16,Quản lý thông tin,,2025,https://github.com/kbaoooo/vn_schools_scores_data/blob/main/craw-data/scores/QHX/2025.json
QHX,QHX17,Quản trị dịch vụ du lịch và lữ hành,,2025,https://github.com/kbaoooo/vn_schools_scores_data/blob/main/craw-data/scores/QHX/2025.json
QHX,QHX18,Quản trị khách sạn,,2025,https://github.com/kbaoooo/vn_schools_scores_data/blob/main/craw-data/scores/QHX/2025.json
QHX,QHX19,Quản trị văn phòng,,2025,https://github.com/kbaoooo/vn_schools_scores_data/blob/main/craw-data/scores/QHX/2025.json
QHX,QHX20,Quốc tế học,,2025,https://github.com/kbaoooo/vn_schools_scores_data/blob/main/craw-data/scores/QHX/2025.json
QHX,QHX21,Tâm lý học,,2025,https://github.com/kbaoooo/vn_schools_scores_data/blob/main/craw-data/scores/QHX/2025.json
QHX,QHX22,Thông tin - Thư viện,,2025,https://github.com/kbaoooo/vn_schools_scores_data/blob/main/craw-data/scores/QHX/2025.json
QHX,QHX23,Tôn giáo học,,2025,https://github.com/kbaoooo/vn_schools_scores_data/blob/main/craw-data/scores/QHX/2025.json
QHX,QHX24,Triết học,,2025,https://github.com/kbaoooo/vn_schools_scores_data/blob/main/craw-data/scores/QHX/2025.json
QHX,QHX25,Văn hóa học,,2025,https://github.com/kbaoooo/vn_schools_scores_data/blob/main/craw-data/scores/QHX/2025.json
QHX,QHX26,Văn học,,2025,https://github.com/kbaoooo/vn_schools_scores_data/blob/main/craw-data/scores/QHX/2025.json
QHX,QHX27,Việt Nam học,,2025,https://github.com/kbaoooo/vn_schools_scores_data/blob/main/craw-data/scores/QHX/2025.json
QHX,QHX28,Xã hội học,,2025,https://github.com/kbaoooo/vn_schools_scores_data/blob/main/craw-data/scores/QHX/2025.json
QHY,7720101,Y khoa,7720101,2025,https://github.com/kbaoooo/vn_schools_scores_data/blob/main/craw-data/scores/QHY/2025.json
QHY,7720201,Dược học,7720201,2025,https://github.com/kbaoooo/vn_schools_scores_data/blob/main/craw-data/scores/QHY/2025.json
QHY,7720301,Điều dưỡng,7720301,2025,https://github.com/kbaoooo/vn_schools_scores_data/blob/main/craw-data/scores/QHY/2025.json
QHY,7720501,Răng hàm mặt,7720501,2025,https://github.com/kbaoooo/vn_schools_scores_data/blob/main/craw-data/scores/QHY/2025.json
QHY,7720601,Kĩ thuật xét nghiệm y học,7720601,2025,https://github.com/kbaoooo/vn_schools_scores_data/blob/main/craw-data/scores/QHY/2025.json
QHY,7720602,Kĩ thuật hình ảnh y học,7720602,2025,https://github.com/kbaoooo/vn_schools_scores_data/blob/main/craw-data/scores/QHY/2025.json
QSA,7140201,Giáo dục Mầm non,7140201,2025,https://github.com/kbaoooo/vn_schools_scores_data/blob/main/craw-data/scores/QSA/2025.json
QSA,7140202,Giáo dục Tiểu học,7140202,2025,https://github.com/kbaoooo/vn_schools_scores_data/blob/main/craw-data/scores/QSA/2025.json
QSA,7140205,Giáo dục Chính trị,7140205,2025,https://github.com/kbaoooo/vn_schools_scores_data/blob/main/craw-data/scores/QSA/2025.json
QSA,7140209,Sư phạm Toán học,7140209,2025,https://github.com/kbaoooo/vn_schools_scores_data/blob/main/craw-data/scores/QSA/2025.json
QSA,7140211,Sư phạm Vật lý,7140211,2025,https://github.com/kbaoooo/vn_schools_scores_data/blob/main/craw-data/scores/QSA/2025.json
QSA,7140212,Sư phạm Hóa học,7140212,2025,https://github.com/kbaoooo/vn_schools_scores_data/blob/main/craw-data/scores/QSA/2025.json
QSA,7140213,Sư phạm Sinh học,7140213,2025,https://github.com/kbaoooo/vn_schools_scores_data/blob/main/craw-data/scores/QSA/2025.json
QSA,7140217,Sư phạm Ngữ văn,7140217,2025,https://github.com/kbaoooo/vn_schools_scores_data/blob/main/craw-data/scores/QSA/2025.json
QSA,7140218,Sư phạm Lịch sử,7140218,2025,https://github.com/kbaoooo/vn_schools_scores_data/blob/main/craw-data/scores/QSA/2025.json
QSA,7140219,Sư phạm Địa lý,7140219,2025,https://github.com/kbaoooo/vn_schools_scores_data/blob/main/craw-data/scores/QSA/2025.json
QSA,7140231,Sư phạm Tiếng Anh,7140231,2025,https://github.com/kbaoooo/vn_schools_scores_data/blob/main/craw-data/scores/QSA/2025.json
QSA,7140247,Sư phạm Khoa học tự nhiên,7140247,2025,https://github.com/kbaoooo/vn_schools_scores_data/blob/main/craw-data/scores/QSA/2025.json
QSA,7140249,Sư phạm Lịch sử - Địa lý,7140249,2025,https://github.com/kbaoooo/vn_schools_scores_data/blob/main/craw-data/scores/QSA/2025.json
QSA,7220201,Ngôn ngữ Anh,7220201,2025,https://github.com/kbaoooo/vn_schools_scores_data/blob/main/craw-data/scores/QSA/2025.json
QSA,7229001,Triết học,7229001,2025,https://github.com/kbaoooo/vn_schools_scores_data/blob/main/craw-data/scores/QSA/2025.json
QSA,7229030,Văn học,7229030,2025,https://github.com/kbaoooo/vn_schools_scores_data/blob/main/craw-data/scores/QSA/2025.json
QSA,7310106,Kinh tế quốc tế,7310106,2025,https://github.com/kbaoooo/vn_schools_scores_data/blob/main/craw-data/scores/QSA/2025.json
QSA,7310630,Việt Nam học,7310630,2025,https://github.com/kbaoooo/vn_schools_scores_data/blob/main/craw-data/scores/QSA/2025.json
QSA,7340101,Quản trị kinh doanh,7340101,2025,https://github.com/kbaoooo/vn_schools_scores_data/blob/main/craw-data/scores/QSA/2025.json
QSA,7340115,Marketing,7340115,2025,https://github.com/kbaoooo/vn_schools_scores_data/blob/main/craw-data/scores/QSA/2025.json
QSA,7340201,Tài chính - Ngân hàng,7340201,2025,https://github.com/kbaoooo/vn_schools_scores_data/blob/main/craw-data/scores/QSA/2025.json
QSA,7340301,Kế toán,7340301,2025,https://github.com/kbaoooo/vn_schools_scores_data/blob/main/craw-data/scores/QSA/2025.json
QSA,7380101,Luật,7380101,2025,https://github.com/kbaoooo/vn_schools_scores_data/blob/main/craw-data/scores/QSA/2025.json
QSA,7420201,Công nghệ sinh học,7420201,2025,https://github.com/kbaoooo/vn_schools_scores_data/blob/main/craw-data/scores/QSA/2025.json
QSA,7480103,Kỹ thuật phần mềm,7480103,2025,https://github.com/kbaoooo/vn_schools_scores_data/blob/main/craw-data/scores/QSA/2025.json
QSA,7480201,Công nghệ thông tin,7480201,2025,https://github.com/kbaoooo/vn_schools_scores_data/blob/main/craw-data/scores/QSA/2025.json
QSA,7510401,Công nghệ kỹ thuật hoá học,7510401,2025,https://github.com/kbaoooo/vn_schools_scores_data/blob/main/craw-data/scores/QSA/2025.json
QSA,7510406,Công nghệ kỹ thuật môi trường,7510406,2025,https://github.com/kbaoooo/vn_schools_scores_data/blob/main/craw-data/scores/QSA/2025.json
QSA,7540101,Công nghệ thực phẩm,7540101,2025,https://github.com/kbaoooo/vn_schools_scores_data/blob/main/craw-data/scores/QSA/2025.json
QSA,7540104,Công nghệ sau thu hoạch,7540104,2025,https://github.com/kbaoooo/vn_schools_scores_data/blob/main/craw-data/scores/QSA/2025.json
QSA,7540106,Đảm bảo chất lượng và an toàn thực phẩm,7540106,2025,https://github.com/kbaoooo/vn_schools_scores_data/blob/main/craw-data/scores/QSA/2025.json
QSA,7620105,Chăn nuôi,7620105,2025,https://github.com/kbaoooo/vn_schools_scores_data/blob/main/craw-data/scores/QSA/2025.json
QSA,7620110,Khoa học cây trồng,7620110,2025,https://github.com/kbaoooo/vn_schools_scores_data/blob/main/craw-data/scores/QSA/2025.json
QSA,7620112,Bảo vệ thực vật,7620112,2025,https://github.com/kbaoooo/vn_schools_scores_data/blob/main/craw-data/scores/QSA/2025.json
QSA,7620116,Phát triển nông thôn,7620116,2025,https://github.com/kbaoooo/vn_schools_scores_data/blob/main/craw-data/scores/QSA/2025.json
QSA,7620190,Công nghệ nông nghiệp số,7620190,2025,https://github.com/kbaoooo/vn_schools_scores_data/blob/main/craw-data/scores/QSA/2025.json
QSA,7620191,Kinh doanh nông nghiệp số,7620191,2025,https://github.com/kbaoooo/vn_schools_scores_data/blob/main/craw-data/scores/QSA/2025.json
QSA,7620301,Nuôi trồng thủy sản,7620301,2025,https://github.com/kbaoooo/vn_schools_scores_data/blob/main/craw-data/scores/QSA/2025.json
QSA,7640101,Thú y,7640101,2025,https://github.com/kbaoooo/vn_schools_scores_data/blob/main/craw-data/scores/QSA/2025.json
QSA,7850101,Quản lý tài nguyên và môi trường,7850101,2025,https://github.com/kbaoooo/vn_schools_scores_data/blob/main/craw-data/scores/QSA/2025.json
QSC,7320104,Truyền thông Đa phương tiện,7320104,2025,https://github.com/kbaoooo/vn_schools_scores_data/blob/main/craw-data/scores/QSC/2025.json
QSC,7340122,Thương mại điện tử,7340122,2025,https://github.com/kbaoooo/vn_schools_scores_data/blob/main/craw-data/scores/QSC/2025.json
QSC,7460108,Khoa học dữ liệu,7460108,2025,https://github.com/kbaoooo/vn_schools_scores_data/blob/main/craw-data/scores/QSC/2025.json
QSC,7480101,Khoa học máy tính,7480101,2025,https://github.com/kbaoooo/vn_schools_scores_data/blob/main/craw-data/scores/QSC/2025.json
QSC,7480102,Mạng máy tính và truyền thông dữ liệu,7480102,2025,https://github.com/kbaoooo/vn_schools_scores_data/blob/main/craw-data/scores/QSC/2025.json
QSC,7480103,Kỹ thuật phần mềm,7480103,2025,https://github.com/kbaoooo/vn_schools_scores_data/blob/main/craw-data/scores/QSC/2025.json
QSC,7480104,Hệ thống thông tin,7480104,2025,https://github.com/kbaoooo/vn_schools_scores_data/blob/main/craw-data/scores/QSC/2025.json
QSC,7480104_TT,Hệ thống thông tin (tiên tiến),7480104,2025,https://github.com/kbaoooo/vn_schools_scores_data/blob/main/craw-data/scores/QSC/2025.json
QSC,7480106,Kỹ thuật máy tính,7480106,2025,https://github.com/kbaoooo/vn_schools_scores_data/blob/main/craw-data/scores/QSC/2025.json
QSC,7480107,Trí tuệ nhân tạo,7480107,2025,https://github.com/kbaoooo/vn_schools_scores_data/blob/main/craw-data/scores/QSC/2025.json
QSC,7480201,Công nghệ thông tin,7480201,2025,https://github.com/kbaoooo/vn_schools_scores_data/blob/main/craw-data/scores/QSC/2025.json
QSC,7480201_VN,Công nghệ thông tin Việt Nhật,7480201,2025,https://github.com/kbaoooo/vn_schools_scores_data/blob/main/craw-data/scores/QSC/2025.json
QSC,7480202,An toàn thông tin,7480202,2025,https://github.com/kbaoooo/vn_schools_scores_data/blob/main/craw-data/scores/QSC/2025.json
QSC,752020A1,Thiết kế Vi mạch,,2025,https://github.com/kbaoooo/vn_schools_scores_data/blob/main/craw-data/scores/QSC/2025.json
QSK,7310101_401,Kinh tế (Chuyên ngành Kinh tế học),7310101,2025,https://github.com/kbaoooo/vn_schools_scores_data/blob/main/craw-data/scores/QSK/2025.json
QSK,7310101_403,Kinh tế (Chuyên ngành Kinh tế và Quản lý công),7310101,2025,https://github.com/kbaoooo/vn_schools_scores_data/blob/main/craw-data/scores/QSK/2025.json
QSK,7310106_402,Kinh tế quốc tế (Chuyên ngành Kinh tế đối ngoại),7310106,2025,https://github.com/kbaoooo/vn_schools_scores_data/blob/main/craw-data/scores/QSK/2025.json
QSK,7310108_413,"Toán kinh tế (Chuyên ngành Toán ứng dụng trong Kinh tế, Quản trị và Tài chính)",7310108,2025,https://github.com/kbaoooo/vn_schools_scores_data/blob/main/craw-data/scores/QSK/2025.json
QSK,7310108_413E,"Toán kinh tế (Chuyên ngành Toán ứng dụng trong Kinh tế, Quản trị và Tài chính) (Tiếng Anh)",7310108,2025,https://github.com/kbaoooo/vn_schools_scores_data/blob/main/craw-data/scores/QSK/2025.json
QSK,7310108_419,Toán kinh tế (Chuyên ngành Phân tích dữ liệu),7310108,2025,https://github.com/kbaoooo/vn_schools_scores_data/blob/main/craw-data/scores/QSK/2025.json
QSK,7340101_407,Quản trị kinh doanh (Chuyên ngành Quản trị kinh doanh),7340101,2025,https://github.com/kbaoooo/vn_schools_scores_data/blob/main/craw-data/scores/QSK/2025.json
QSK,7340101_407E,Quản trị kinh doanh (Chuyên ngành Quản trị kinh doanh) (Tiếng Anh),7340101,2025,https://github.com/kbaoooo/vn_schools_scores_data/blob/main/craw-data/scores/QSK/2025.json
QSK,7340101_415,Quản trị kinh doanh (Chuyên ngành Quản trị du lịch và lữ hành),7340101,2025,https://github.com/kbaoooo/vn_schools_scores_data/blob/main/craw-data/scores/QSK/2025.json
QSK,7340115_410,Marketing (Chuyên ngành Marketing),7340115,2025,https://github.com/kbaoooo/vn_schools_scores_data/blob/main/craw-data/scores/QSK/2025.json
QSK,7340115_410E,Marketing (Chuyên ngành Marketing) (Tiếng Anh),7340115,2025,https://github.com/kbaoooo/vn_schools_scores_data/blob/main/craw-data/scores/QSK/2025.json
QSK,7340115_417,Marketing (Chuyên ngành Digital Marketing),7340115,2025,https://github.com/kbaoooo/vn_schools_scores_data/blob/main/craw-data/scores/QSK/2025.json
QSK,7340120_408,Kinh doanh quốc tế,7340120,2025,https://github.com/kbaoooo/vn_schools_scores_data/blob/main/craw-data/scores/QSK/2025.json
QSK,7340120_408E,Kinh doanh quốc tế (Tiếng Anh),7340120,2025,https://github.com/kbaoooo/vn_schools_scores_data/blob/main/craw-data/scores/QSK/2025.json
QSK,7340120_420,Kinh doanh quốc tế (Chuyên ngành Quản lý chuỗi cung ứng và Logistics quốc tế),7340120,2025,https://github.com/kbaoooo/vn_schools_scores_data/blob/main/craw-data/scores/QSK/2025.json
QSK,7340122_411,Thương mại điện tử,7340122,2025,https://github.com/kbaoooo/vn_schools_scores_data/blob/main/craw-data/scores/QSK/2025.json
QSK,7340122_411E,Thương mại điện tử (Tiếng Anh),7340122,2025,https://github.com/kbaoooo/vn_schools_scores_data/blob/main/craw-data/scores/QSK/2025.json
QSK,7340201_404,Tài chính - Ngân hàng,7340201,2025,https://github.com/kbaoooo/vn_schools_scores_data/blob/main/craw-data/scores/QSK/2025.json
QSK,7340201_404E,Tài chính - Ngân hàng (Tiếng Anh),7340201,2025,https://github.com/kbaoooo/vn_schools_scores_data/blob/main/craw-data/scores/QSK/2025.json
QSK,7340205_414,Công nghệ tài chính,7340205,2025,https://github.com/kbaoooo/vn_schools_scores_data/blob/main/craw-data/scores/QSK/2025.json
QSK,7340205_414H,Công nghệ tài chính (Chương trình Co-operative Education),7340205,2025,https://github.com/kbaoooo/vn_schools_scores_data/blob/main/craw-data/scores/QSK/2025.json
QSK,7340301_405,Kế toán,7340301,2025,https://github.com/kbaoooo/vn_schools_scores_data/blob/main/craw-data/scores/QSK/2025.json
QSK,7340301_405E,Kế toán (Tích hợp chứng chỉ quốc tế ICAEW - Tiếng Anh),7340301,2025,https://github.com/kbaoooo/vn_schools_scores_data/blob/main/craw-data/scores/QSK/2025.json
QSK,7340302_409,Kiểm toán,7340302,2025,https://github.com/kbaoooo/vn_schools_scores_data/blob/main/craw-data/scores/QSK/2025.json
QSK,7340403_418,Quản lý công,7340403,2025,https://github.com/kbaoooo/vn_schools_scores_data/blob/main/craw-data/scores/QSK/2025.json
QSK,7340405_406,Hệ thống thông tin quản lý (Chuyên ngành Hệ thống thông tin quản lý),7340405,2025,https://github.com/kbaoooo/vn_schools_scores_data/blob/main/craw-data/scores/QSK/2025.json
QSK,7340405_406H,Hệ thống thông tin quản lý (Chuyên ngành Hệ thống thông tin quản lý) (Chương trình Co-operative Education),7340405,2025,https://github.com/kbaoooo/vn_schools_scores_data/blob/main/craw-data/scores/QSK/2025.json
QSK,7340405_416,Hệ thống thông tin quản lý (Chuyên ngành Kinh doanh số và Trí tuệ nhân tạo),7340405,2025,https://github.com/kbaoooo/vn_schools_scores_data/blob/main/craw-data/scores/QSK/2025.json
QSK,7380101_503,Luật (Chuyên ngành Luật Dân sự),7380101,2025,https://github.com/kbaoooo/vn_schools_scores_data/blob/main/craw-data/scores/QSK/2025.json
QSK,7380101_503E,Luật (Chuyên ngành Luật Dân sự) (Tiếng Anh),7380101,2025,https://github.com/kbaoooo/vn_schools_scores_data/blob/main/craw-data/scores/QSK/2025.json
QSK,7380101_504,Luật (Chuyên ngành Luật Tài chính - Ngân hàng),7380101,2025,https://github.com/kbaoooo/vn_schools_scores_data/blob/main/craw-data/scores/QSK/2025.json
QSK,7380101_505,Luật (Chuyên ngành Luật và Chính sách công),7380101,2025,https://github.com/kbaoooo/vn_schools_scores_data/blob/main/craw-data/scores/QSK/2025.json
QSK,7380107_501,Luật kinh tế (Chuyên ngành Luật Kinh doanh),7380107,2025,https://github.com/kbaoooo/vn_schools_scores_data/blob/main/craw-data/scores/QSK/2025.json
QSK,7380107_502,Luật kinh tế (Chuyên ngành Luật Thương mại quốc tế),7380107,2025,https://github.com/kbaoooo/vn_schools_scores_data/blob/main/craw-data/scores/QSK/2025.json
QSK,7380107_502E,Luật kinh tế (Chuyên ngành Luật thương mại quốc tế) (Tiếng Anh),7380107,2025,https://github.com/kbaoooo/vn_schools_scores_data/blob/main/craw-data/scores/QSK/2025.json
QSQ,AP01,"Ngôn ngữ Anh (Chương trình liên kết với ĐH West of England (2+2, 3+1,4+0))",,2025,https://github.com/kbaoooo/vn_schools_scores_data/blob/main/craw-data/scores/QSQ/2025.json
QSQ,AP02,Kinh doanh – Quản lý – Kinh tế (Quản trị kinh doanh (CTLK với ĐH Andrews) (4+0); Quản trị kinh doanh (CTLK với ĐH Công nghệ Auckland) (1+2/1.5+1.5); Quản trị kinh doanh (CTLK với ĐH Lakehead) (2+2); Quản trị kinh doanh (CTLK với ĐH New South Wales) (2+2); Quản trị kinh doanh (CTLK với ĐH Sydney) (2+2); Quản trị kinh doanh (CTLK với ĐH West of England) (2+2); Quản trị kinh doanh (CTLK với ĐH West of England) (4+0); Quản trị kinh doanh (CTLK với ĐH Macquarie) (2+1); Tài chính (CTLK với ĐH Macquarie),,2025,https://github.com/kbaoooo/vn_schools_scores_data/blob/main/craw-data/scores/QSQ/2025.json
QSQ,AP03,Toán – Tin học (Công nghệ thông tin (CTLK với ĐH West of England) (4+0); Công nghệ thông tin (CTLK với ĐH Macquarie) (2+1); Khoa học máy tính (CTLK với ĐH West of England) (2+2); Công nghệ thông tin (CTLK với ĐH Deakin) (2+2); Công nghệ thông tin (CTLK với ĐH Deakin) (3+1)),,2025,https://github.com/kbaoooo/vn_schools_scores_data/blob/main/craw-data/scores/QSQ/2025.json
QSQ,AP04,Khoa học sự sống và Hóa học (Công nghệ sinh học (CTLK với ĐH West of England) (2+2); Công nghệ sinh học định hướng Y Sinh (CTLK với ĐH West of England) (4+0)),,2025,https://github.com/kbaoooo/vn_schools_scores_data/blob/main/craw-data/scores/QSQ/2025.json
QSQ,AP05,Kỹ thuật (Kỹ thuật điện tử – viễn thông (CTLK với ĐH West of England) (2+2); Kỹ thuật xây dựng (CTLK với ĐH Deakin) (2+2)),,2025,https://github.com/kbaoooo/vn_schools_scores_data/blob/main/craw-data/scores/QSQ/2025.json
QSQ,IU01,Ngôn ngữ Anh,,2025,https://github.com/kbaoooo/vn_schools_scores_data/blob/main/craw-data/scores/QSQ/2025.json
QSQ,IU02,Kinh doanh – Quản lý – Kinh tế (Nhóm ngành: Quản trị kinh doanh; Marketing; Tài chính – Ngân hàng; Kế toán; Kinh tế (Phân tích dữ liệu trong kinh tế)),,2025,https://github.com/kbaoooo/vn_schools_scores_data/blob/main/craw-data/scores/QSQ/2025.json
QSQ,IU03,Toán – Tin học (Nhóm ngành: Công nghệ thông tin; Khoa học máy tính; Khoa học dữ liệu; Toán ứng dụng (Kỹ thuật Tài chính và Quản trị rủi ro); Thống kê (Thống kê ứng dụng)),,2025,https://github.com/kbaoooo/vn_schools_scores_data/blob/main/craw-data/scores/QSQ/2025.json
QSQ,IU04,Khoa học sự sống và Hóa học (Nhóm ngành: Công nghệ sinh học; Công nghệ thực phẩm; Hóa học (Hóa sinh); Kỹ thuật hóa học),,2025,https://github.com/kbaoooo/vn_schools_scores_data/blob/main/craw-data/scores/QSQ/2025.json
QSQ,IU05,Kỹ thuật (Nhóm ngành: Logistics và Quản lý chuỗi cung ứng; Kỹ thuật hệ thống công nghiệp; Kỹ thuật điện tử – viễn thông; Kỹ thuật điều khiển và tự động hóa; Kỹ thuật y sinh; Kỹ thuật không gian (Phân tích và ứng dụng dữ liệu lớn); Kỹ thuật xây dựng; Quản lý xây dựng),,2025,https://github.com/kbaoooo/vn_schools_scores_data/blob/main/craw-data/scores/QSQ/2025.json
QST,7140103,Công nghệ giáo dục,7140103,2025,https://github.com/kbaoooo/vn_schools_scores_data/blob/main/craw-data/scores/QST/2025.json
QST,7420101,Sinh học,7420101,2025,https://github.com/kbaoooo/vn_schools_scores_data/blob/main/craw-data/scores/QST/2025.json
QST,7420101_DKD,Sinh học (CTTCTA),7420101,2025,https://github.com/kbaoooo/vn_schools_scores_data/blob/main/craw-data/scores/QST/2025.json
QST,7420201,Công nghệ Sinh học,7420201,2025,https://github.com/kbaoooo/vn_schools_scores_data/blob/main/craw-data/scores/QST/2025.json
QST,7420201_DKD,Công nghệ Sinh học (CT TCTA),7420201,2025,https://github.com/kbaoooo/vn_schools_scores_data/blob/main/craw-data/scores/QST/2025.json
QST,7440102_DKD,Vật lý học (CT TCTA),7440102,2025,https://github.com/kbaoooo/vn_schools_scores_data/blob/main/craw-data/scores/QST/2025.json
QST,7440102_NN,"Nhóm ngành Vật lý học (CT: 150), Công nghệ Vật lý điện tử và tin học (CT: 60), Công nghệ bán dẫn (CT: 60)",7440102,2025,https://github.com/kbaoooo/vn_schools_scores_data/blob/main/craw-data/scores/QST/2025.json
QST,7440112,Hóa học,7440112,2025,https://github.com/kbaoooo/vn_schools_scores_data/blob/main/craw-data/scores/QST/2025.json
QST,7440112_DKD,Hóa học (CT TCTA),7440112,2025,https://github.com/kbaoooo/vn_schools_scores_data/blob/main/craw-data/scores/QST/2025.json
QST,7440122,Khoa học Vật liệu,7440122,2025,https://github.com/kbaoooo/vn_schools_scores_data/blob/main/craw-data/scores/QST/2025.json
QST,7440122_DKD,Khoa học Vật liệu (CTTCTA),7440122,2025,https://github.com/kbaoooo/vn_schools_scores_data/blob/main/craw-data/scores/QST/2025.json
QST,7440201_NN,"Nhóm ngành Địa chất học (CT: 40), Kinh tế đất đai (CT: 50)",7440201,2025,https://github.com/kbaoooo/vn_schools_scores_data/blob/main/craw-data/scores/QST/2025.json
QST,7440228,Hải dương học,7440228,2025,https://github.com/kbaoooo/vn_schools_scores_data/blob/main/craw-data/scores/QST/2025.json
QST,7440301,Khoa học Môi trường,7440301,2025,https://github.com/kbaoooo/vn_schools_scores_data/blob/main/craw-data/scores/QST/2025.json
QST,7440301_DKD,Khoa học Môi trường (CTTCTA),7440301,2025,https://github.com/kbaoooo/vn_schools_scores_data/blob/main/craw-data/scores/QST/2025.json
QST,7460101_NN,"Nhóm ngành Toán học (Toán học, Toán ứng dụng, Toán tin)",7460101,2025,https://github.com/kbaoooo/vn_schools_scores_data/blob/main/craw-data/scores/QST/2025.json
QST,7460108_NN,"Nhóm ngành Khoa học dữ liệu (CT:80), Thống kê (CT:40)",7460108,2025,https://github.com/kbaoooo/vn_schools_scores_data/blob/main/craw-data/scores/QST/2025.json
QST,7480101_TT,Khoa học máy tính (CTTiên tiến),7480101,2025,https://github.com/kbaoooo/vn_schools_scores_data/blob/main/craw-data/scores/QST/2025.json
QST,7480107,Trí tuệ nhân tạo,7480107,2025,https://github.com/kbaoooo/vn_schools_scores_data/blob/main/craw-data/scores/QST/2025.json
QST,7480201_DKD,Công nghệ thông tin (CT TCTA),7480201,2025,https://github.com/kbaoooo/vn_schools_scores_data/blob/main/craw-data/scores/QST/2025.json
QST,7480201_NN,Nhóm ngành máy tính và Công nghệ thông tin (Công nghệ thông tin; Kỹ thuật phần mềm; Hệ thống thông tin; Khoa học máy tính),7480201,2025,https://github.com/kbaoooo/vn_schools_scores_data/blob/main/craw-data/scores/QST/2025.json
QST,7510401_DKD,Công nghệ kỹ thuật Hóa học (CTTCTA),7510401,2025,https://github.com/kbaoooo/vn_schools_scores_data/blob/main/craw-data/scores/QST/2025.json
QST,7510402,Công nghệ Vật liệu,7510402,2025,https://github.com/kbaoooo/vn_schools_scores_data/blob/main/craw-data/scores/QST/2025.json
QST,7510406,Công nghệ Kỹ thuật Môi trường,7510406,2025,https://github.com/kbaoooo/vn_schools_scores_data/blob/main/craw-data/scores/QST/2025.json
QST,7520207,Kỹ thuật điện tử - viễn thông,7520207,2025,https://github.com/kbaoooo/vn_schools_scores_data/blob/main/craw-data/scores/QST/2025.json
QST,7520207_DKD,Kỹ thuật điện tử - viễn thông (CT TCTA),7520207,2025,https://github.com/kbaoooo/vn_schools_scores_data/blob/main/craw-data/scores/QST/2025.json
QST,75202a1,Thiết kế vi mạch,,2025,https://github.com/kbaoooo/vn_schools_scores_data/blob/main/craw-data/scores/QST/2025.json
QST,7520402,Kỹ thuật hạt nhân,7520402,2025,https://github.com/kbaoooo/vn_schools_scores_data/blob/main/craw-data/scores/QST/2025.json
QST,7520403,Vật lý y khoa,7520403,2025,https://github.com/kbaoooo/vn_schools_scores_data/blob/main/craw-data/scores/QST/2025.json
QST,7520501,Kỹ thuật địa chất,7520501,2025,https://github.com/kbaoooo/vn_schools_scores_data/blob/main/craw-data/scores/QST/2025.json
QST,7850101,Quản lý tài nguyên và môi trường,7850101,2025,https://github.com/kbaoooo/vn_schools_scores_data/blob/main/craw-data/scores/QST/2025.json
QSX,7140101,Giáo dục học,7140101,2025,https://github.com/kbaoooo/vn_schools_scores_data/blob/main/craw-data/scores/QSX/2025.json
QSX,7140107,Quản trị chất lượng giáo dục,7140107,2025,https://github.com/kbaoooo/vn_schools_scores_data/blob/main/craw-data/scores/QSX/2025.json
QSX,7140114,Quản lý giáo dục,7140114,2025,https://github.com/kbaoooo/vn_schools_scores_data/blob/main/craw-data/scores/QSX/2025.json
QSX,7210201_CLC,Ngôn ngữ Anh (Chuẩn QT),7210201,2025,https://github.com/kbaoooo/vn_schools_scores_data/blob/main/craw-data/scores/QSX/2025.json
QSX,7210213,Nghệ thuật học,7210213,2025,https://github.com/kbaoooo/vn_schools_scores_data/blob/main/craw-data/scores/QSX/2025.json
QSX,7220201,Ngôn ngữ Anh,7220201,2025,https://github.com/kbaoooo/vn_schools_scores_data/blob/main/craw-data/scores/QSX/2025.json
QSX,7220201_LKH,"Ngôn ngữ Anh (Liên kết ĐH Minnesota Crookston, Hoa Kỳ)",7220201,2025,https://github.com/kbaoooo/vn_schools_scores_data/blob/main/craw-data/scores/QSX/2025.json
QSX,7220202,Ngôn ngữ Nga,7220202,2025,https://github.com/kbaoooo/vn_schools_scores_data/blob/main/craw-data/scores/QSX/2025.json
QSX,7220203,Ngôn ngữ Pháp,7220203,2025,https://github.com/kbaoooo/vn_schools_scores_data/blob/main/craw-data/scores/QSX/2025.json
QSX,7220204,Ngôn ngữ Trung Quốc,7220204,2025,https://github.com/kbaoooo/vn_schools_scores_data/blob/main/craw-data/scores/QSX/2025.json
QSX,7220204_CLC,Ngôn ngữ Trung Quốc (QT),7220204,2025,https://github.com/kbaoooo/vn_schools_scores_data/blob/main/craw-data/scores/QSX/2025.json
QSX,7220204_LKH,"Ngôn ngữ Trung Quốc (Liên kết ĐH Sư phạm Quảng Tây, Trung Quốc)",7220204,2025,https://github.com/kbaoooo/vn_schools_scores_data/blob/main/craw-data/scores/QSX/2025.json
QSX,7220205,Ngôn ngữ Đức,7220205,2025,https://github.com/kbaoooo/vn_schools_scores_data/blob/main/craw-data/scores/QSX/2025.json
QSX,7220205_CLC,Ngôn ngữ Đức (Chuẩn QT),7220205,2025,https://github.com/kbaoooo/vn_schools_scores_data/blob/main/craw-data/scores/QSX/2025.json
QSX,7220206,Ngôn ngữ Tây Ban Nha,7220206,2025,https://github.com/kbaoooo/vn_schools_scores_data/blob/main/craw-data/scores/QSX/2025.json
QSX,7220208,Ngôn ngữ Italia,7220208,2025,https://github.com/kbaoooo/vn_schools_scores_data/blob/main/craw-data/scores/QSX/2025.json
QSX,7229001,Triết học,7229001,2025,https://github.com/kbaoooo/vn_schools_scores_data/blob/main/craw-data/scores/QSX/2025.json
QSX,7229009,Tôn giáo học,7229009,2025,https://github.com/kbaoooo/vn_schools_scores_data/blob/main/craw-data/scores/QSX/2025.json
QSX,7229010,Lịch sử,7229010,2025,https://github.com/kbaoooo/vn_schools_scores_data/blob/main/craw-data/scores/QSX/2025.json
QSX,7229020,Ngôn ngữ học,7229020,2025,https://github.com/kbaoooo/vn_schools_scores_data/blob/main/craw-data/scores/QSX/2025.json
QSX,7229030,Văn học,7229030,2025,https://github.com/kbaoooo/vn_schools_scores_data/blob/main/craw-data/scores/QSX/2025.json
QSX,7229040,Văn hóa học,7229040,2025,https://github.com/kbaoooo/vn_schools_scores_data/blob/main/craw-data/scores/QSX/2025.json
QSX,7310206,Quan hệ quốc tế,7310206,2025,https://github.com/kbaoooo/vn_schools_scores_data/blob/main/craw-data/scores/QSX/2025.json
QSX,7310206_CLC,Quan hệ quốc tế (Chuẩn QT),7310206,2025,https://github.com/kbaoooo/vn_schools_scores_data/blob/main/craw-data/scores/QSX/2025.json
QSX,7310301,Xã hội học,7310301,2025,https://github.com/kbaoooo/vn_schools_scores_data/blob/main/craw-data/scores/QSX/2025.json
QSX,7310302,Nhân học,7310302,2025,https://github.com/kbaoooo/vn_schools_scores_data/blob/main/craw-data/scores/QSX/2025.json
QSX,7310401,Tâm lý học,7310401,2025,https://github.com/kbaoooo/vn_schools_scores_data/blob/main/craw-data/scores/QSX/2025.json
QSX,7310403,Tâm lý học giáo dục,7310403,2025,https://github.com/kbaoooo/vn_schools_scores_data/blob/main/craw-data/scores/QSX/2025.json
QSX,7310501,Địa lý học,7310501,2025,https://github.com/kbaoooo/vn_schools_scores_data/blob/main/craw-data/scores/QSX/2025.json
QSX,7310601,Quốc tế học,7310601,2025,https://github.com/kbaoooo/vn_schools_scores_data/blob/main/craw-data/scores/QSX/2025.json
QSX,7310608,Đông phương học,7310608,2025,https://github.com/kbaoooo/vn_schools_scores_data/blob/main/craw-data/scores/QSX/2025.json
QSX,7310613,Nhật Bản học,7310613,2025,https://github.com/kbaoooo/vn_schools_scores_data/blob/main/craw-data/scores/QSX/2025.json
QSX,7310613_CLC,Nhật Bản học (Chuẩn Quốc tế),7310613,2025,https://github.com/kbaoooo/vn_schools_scores_data/blob/main/craw-data/scores/QSX/2025.json
QSX,7310614,Hàn Quốc học,7310614,2025,https://github.com/kbaoooo/vn_schools_scores_data/blob/main/craw-data/scores/QSX/2025.json
QSX,7310630,Việt Nam học,7310630,2025,https://github.com/kbaoooo/vn_schools_scores_data/blob/main/craw-data/scores/QSX/2025.json
QSX,7310630_LKH,"Quan hệ quốc tế (Liên kết ĐH Deakin, Úc)",7310630,2025,https://github.com/kbaoooo/vn_schools_scores_data/blob/main/craw-data/scores/QSX/2025.json
QSX,73106a1,Kinh doanh thương mại Hàn Quốc,,2025,https://github.com/kbaoooo/vn_schools_scores_data/blob/main/craw-data/scores/QSX/2025.json
QSX,7320101,Báo chí,7320101,2025,https://github.com/kbaoooo/vn_schools_scores_data/blob/main/craw-data/scores/QSX/2025.json
QSX,7320101_CLC,Báo chí (Chuẩn Quốc tế),7320101,2025,https://github.com/kbaoooo/vn_schools_scores_data/blob/main/craw-data/scores/QSX/2025.json
QSX,7320101_LKH,"Truyền thông (chuyên ngành Báo chí) (Liên kết ĐH Deakin, Úc)",7320101,2025,https://github.com/kbaoooo/vn_schools_scores_data/blob/main/craw-data/scores/QSX/2025.json
QSX,7320104,Truyền thông đa phương tiện,7320104,2025,https://github.com/kbaoooo/vn_schools_scores_data/blob/main/craw-data/scores/QSX/2025.json
QSX,7320201,Thông tin - Thư viện,7320201,2025,https://github.com/kbaoooo/vn_schools_scores_data/blob/main/craw-data/scores/QSX/2025.json
QSX,7320205,Quản lý thông tin,7320205,2025,https://github.com/kbaoooo/vn_schools_scores_data/blob/main/craw-data/scores/QSX/2025.json
QSX,7320303,Lưu trữ học,7320303,2025,https://github.com/kbaoooo/vn_schools_scores_data/blob/main/craw-data/scores/QSX/2025.json
QSX,7340406,Quản trị văn phòng,7340406,2025,https://github.com/kbaoooo/vn_schools_scores_data/blob/main/craw-data/scores/QSX/2025.json
QSX,7580112,Đô thị học,7580112,2025,https://github.com/kbaoooo/vn_schools_scores_data/blob/main/craw-data/scores/QSX/2025.json
QSX,7760101,Công tác xã hội,7760101,2025,https://github.com/kbaoooo/vn_schools_scores_data/blob/main/craw-data/scores/QSX/2025.json
QSX,7810103,Quản trị dịch vụ du lịch và lữ hành,7810103,2025,https://github.com/kbaoooo/vn_schools_scores_data/blob/main/craw-data/scores/QSX/2025.json
QSX,7810103_CLC,Quản trị DV du lịch và lữ hành (QT),7810103,2025,https://github.com/kbaoooo/vn_schools_scores_data/blob/main/craw-data/scores/QSX/2025.json
QSY,Dược học,7720201,,2025,https://github.com/kbaoooo/vn_schools_scores_data/blob/main/craw-data/scores/QSY/2025.json
QSY,Điều dưỡng,7720301,,2025,https://github.com/kbaoooo/vn_schools_scores_data/blob/main/craw-data/scores/QSY/2025.json
QSY,Răng - Hàm - Mặt,7720501,,2025,https://github.com/kbaoooo/vn_schools_scores_data/blob/main/craw-data/scores/QSY/2025.json
QSY,Y học cổ truyền,7720115,,2025,https://github.com/kbaoooo/vn_schools_scores_data/blob/main/craw-data/scores/QSY/2025.json
QSY,Y khoa,7720101,,2025,https://github.com/kbaoooo/vn_schools_scores_data/blob/main/craw-data/scores/QSY/2025.json
SDU,7140234,Sư phạm Tiếng Trung Quốc,7140234,2025,https://github.com/kbaoooo/vn_schools_scores_data/blob/main/craw-data/scores/SDU/2025.json
SDU,7140246,Sư phạm công nghệ,7140246,2025,https://github.com/kbaoooo/vn_schools_scores_data/blob/main/craw-data/scores/SDU/2025.json
SDU,7220201,Ngôn ngữ Anh,7220201,2025,https://github.com/kbaoooo/vn_schools_scores_data/blob/main/craw-data/scores/SDU/2025.json
SDU,7220204,Ngôn ngữ Trung Quốc,7220204,2025,https://github.com/kbaoooo/vn_schools_scores_data/blob/main/craw-data/scores/SDU/2025.json
SDU,7340101,Quản trị kinh doanh,7340101,2025,https://github.com/kbaoooo/vn_schools_scores_data/blob/main/craw-data/scores/SDU/2025.json
SDU,7340301,Kế toán,7340301,2025,https://github.com/kbaoooo/vn_schools_scores_data/blob/main/craw-data/scores/SDU/2025.json
SDU,7380101,Luật,7380101,2025,https://github.com/kbaoooo/vn_schools_scores_data/blob/main/craw-data/scores/SDU/2025.json
SDU,7480201,Công nghệ thông tin,7480201,2025,https://github.com/kbaoooo/vn_schools_scores_data/blob/main/craw-data/scores/SDU/2025.json
SDU,7510201,Công nghệ kỹ thuật cơ khí,7510201,2025,https://github.com/kbaoooo/vn_schools_scores_data/blob/main/craw-data/scores/SDU/2025.json
SDU,7510205,Công nghệ kỹ thuật ô tô,7510205,2025,https://github.com/kbaoooo/vn_schools_scores_data/blob/main/craw-data/scores/SDU/2025.json
SDU,7510301,"Công nghệ kỹ thuật điện, điện tử",7510301,2025,https://github.com/kbaoooo/vn_schools_scores_data/blob/main/craw-data/scores/SDU/2025.json
SDU,7520114,Kỹ thuật cơ điện tử,7520114,2025,https://github.com/kbaoooo/vn_schools_scores_data/blob/main/craw-data/scores/SDU/2025.json
SDU,7520216,Kỹ thuật điều khiển và Tự động hóa,7520216,2025,https://github.com/kbaoooo/vn_schools_scores_data/blob/main/craw-data/scores/SDU/2025.json
SDU,7540204,"Công nghệ dệt, may",7540204,2025,https://github.com/kbaoooo/vn_schools_scores_data/blob/main/craw-data/scores/SDU/2025.json
SDU,7810103,Quản trị dịch vụ du lịch và lữ hành,7810103,2025,https://github.com/kbaoooo/vn_schools_scores_data/blob/main/craw-data/scores/SDU/2025.json
SGD,7140114,Quản lý giáo dục,7140114,2025,https://github.com/kbaoooo/vn_schools_scores_data/blob/main/craw-data/scores/SGD/2025.json
SGD,7140201,Giáo dục Mầm non,7140201,2025,https://github.com/kbaoooo/vn_schools_scores_data/blob/main/craw-data/scores/SGD/2025.json
SGD,7140202,Giáo dục Tiểu học,7140202,2025,https://github.com/kbaoooo/vn_schools_scores_data/blob/main/craw-data/scores/SGD/2025.json
SGD,7140205,Giáo dục chính trị,7140205,2025,https://github.com/kbaoooo/vn_schools_scores_data/blob/main/craw-data/scores/SGD/2025.json
SGD,7140209,Sư phạm Toán học,7140209,2025,https://github.com/kbaoooo/vn_schools_scores_data/blob/main/craw-data/scores/SGD/2025.json
SGD,7140211,Sư phạm Vật lý,7140211,2025,https://github.com/kbaoooo/vn_schools_scores_data/blob/main/craw-data/scores/SGD/2025.json
SGD,7140212,Sư phạm Hoá học,7140212,2025,https://github.com/kbaoooo/vn_schools_scores_data/blob/main/craw-data/scores/SGD/2025.json
SGD,7140213,Sư phạm Sinh học,7140213,2025,https://github.com/kbaoooo/vn_schools_scores_data/blob/main/craw-data/scores/SGD/2025.json
SGD,7140217,Sư phạm Ngữ văn,7140217,2025,https://github.com/kbaoooo/vn_schools_scores_data/blob/main/craw-data/scores/SGD/2025.json
SGD,7140218,Sư phạm Lịch sử,7140218,2025,https://github.com/kbaoooo/vn_schools_scores_data/blob/main/craw-data/scores/SGD/2025.json
SGD,7140219,Sư phạm Địa lý,7140219,2025,https://github.com/kbaoooo/vn_schools_scores_data/blob/main/craw-data/scores/SGD/2025.json
SGD,7140221,Sư phạm Âm nhạc,7140221,2025,https://github.com/kbaoooo/vn_schools_scores_data/blob/main/craw-data/scores/SGD/2025.json
SGD,7140222,Sư phạm Mỹ thuật,7140222,2025,https://github.com/kbaoooo/vn_schools_scores_data/blob/main/craw-data/scores/SGD/2025.json
SGD,7140231,Sư phạm Tiếng Anh,7140231,2025,https://github.com/kbaoooo/vn_schools_scores_data/blob/main/craw-data/scores/SGD/2025.json
SGD,7140247,Sư phạm Khoa học tự nhiên,7140247,2025,https://github.com/kbaoooo/vn_schools_scores_data/blob/main/craw-data/scores/SGD/2025.json
SGD,7140249,Sư phạm Lịch sử - Địa lý,7140249,2025,https://github.com/kbaoooo/vn_schools_scores_data/blob/main/craw-data/scores/SGD/2025.json
SGD,7220201,Ngôn ngữ Anh,7220201,2025,https://github.com/kbaoooo/vn_schools_scores_data/blob/main/craw-data/scores/SGD/2025.json
SGD,7220201CLC,Ngôn ngữ Anh (Chương trình đào tạo chất lượng cao),7220201,2025,https://github.com/kbaoooo/vn_schools_scores_data/blob/main/craw-data/scores/SGD/2025.json
SGD,7229010,Lịch sử,7229010,2025,https://github.com/kbaoooo/vn_schools_scores_data/blob/main/craw-data/scores/SGD/2025.json
SGD,7310401,Tâm lý học,7310401,2025,https://github.com/kbaoooo/vn_schools_scores_data/blob/main/craw-data/scores/SGD/2025.json
SGD,7310501,Địa lý học,7310501,2025,https://github.com/kbaoooo/vn_schools_scores_data/blob/main/craw-data/scores/SGD/2025.json
SGD,7310601,Quốc tế học,7310601,2025,https://github.com/kbaoooo/vn_schools_scores_data/blob/main/craw-data/scores/SGD/2025.json
SGD,7310630,Việt Nam học,7310630,2025,https://github.com/kbaoooo/vn_schools_scores_data/blob/main/craw-data/scores/SGD/2025.json
SGD,7320201,Thông tin - Thư viện,7320201,2025,https://github.com/kbaoooo/vn_schools_scores_data/blob/main/craw-data/scores/SGD/2025.json
SGD,7340101,Quản trị kinh doanh,7340101,2025,https://github.com/kbaoooo/vn_schools_scores_data/blob/main/craw-data/scores/SGD/2025.json
SGD,7340101CLC,Quản trị kinh doanh (Chương trình đào tạo chất lượng cao),7340101,2025,https://github.com/kbaoooo/vn_schools_scores_data/blob/main/craw-data/scores/SGD/2025.json
SGD,7340120,Kinh doanh quốc tế,7340120,2025,https://github.com/kbaoooo/vn_schools_scores_data/blob/main/craw-data/scores/SGD/2025.json
SGD,7340201,Tài chính - Ngân hàng,7340201,2025,https://github.com/kbaoooo/vn_schools_scores_data/blob/main/craw-data/scores/SGD/2025.json
SGD,7340301,Kế toán,7340301,2025,https://github.com/kbaoooo/vn_schools_scores_data/blob/main/craw-data/scores/SGD/2025.json
SGD,7340301CLC,Kế toán (Chương trình đào tạo chất lượng cao),7340301,2025,https://github.com/kbaoooo/vn_schools_scores_data/blob/main/craw-data/scores/SGD/2025.json
SGD,7340302,Kiểm toán,7340302,2025,https://github.com/kbaoooo/vn_schools_scores_data/blob/main/craw-data/scores/SGD/2025.json
SGD,7340406,Quản trị văn phòng,7340406,2025,https://github.com/kbaoooo/vn_schools_scores_data/blob/main/craw-data/scores/SGD/2025.json
SGD,7380101,Luật,7380101,2025,https://github.com/kbaoooo/vn_schools_scores_data/blob/main/craw-data/scores/SGD/2025.json
SGD,7440301,Khoa học môi trường,7440301,2025,https://github.com/kbaoooo/vn_schools_scores_data/blob/main/craw-data/scores/SGD/2025.json
SGD,7460108,Khoa học dữ liệu,7460108,2025,https://github.com/kbaoooo/vn_schools_scores_data/blob/main/craw-data/scores/SGD/2025.json
SGD,7460112,Toán ứng dụng,7460112,2025,https://github.com/kbaoooo/vn_schools_scores_data/blob/main/craw-data/scores/SGD/2025.json
SGD,7480103,Kỹ thuật phần mềm,7480103,2025,https://github.com/kbaoooo/vn_schools_scores_data/blob/main/craw-data/scores/SGD/2025.json
SGD,7480107,Trí tuệ nhân tạo,7480107,2025,https://github.com/kbaoooo/vn_schools_scores_data/blob/main/craw-data/scores/SGD/2025.json
SGD,7480201,Công nghệ thông tin,7480201,2025,https://github.com/kbaoooo/vn_schools_scores_data/blob/main/craw-data/scores/SGD/2025.json
SGD,7480201CLC,Công nghệ thông tin (Chương trình đào tạo chất lượng cao),7480201,2025,https://github.com/kbaoooo/vn_schools_scores_data/blob/main/craw-data/scores/SGD/2025.json
SGD,7510301,"Công nghệ kỹ thuật điện, điện tử",7510301,2025,https://github.com/kbaoooo/vn_schools_scores_data/blob/main/craw-data/scores/SGD/2025.json
SGD,7510302,Công nghệ kỹ thuật điện tử – viễn thông,7510302,2025,https://github.com/kbaoooo/vn_schools_scores_data/blob/main/craw-data/scores/SGD/2025.json
SGD,7510406,Công nghệ kỹ thuật môi trường,7510406,2025,https://github.com/kbaoooo/vn_schools_scores_data/blob/main/craw-data/scores/SGD/2025.json
SGD,7520201,Kỹ thuật điện,7520201,2025,https://github.com/kbaoooo/vn_schools_scores_data/blob/main/craw-data/scores/SGD/2025.json
SGD,7520207,Kỹ thuật điện tử - viễn thông,7520207,2025,https://github.com/kbaoooo/vn_schools_scores_data/blob/main/craw-data/scores/SGD/2025.json
SGD,7810101,Du lịch,7810101,2025,https://github.com/kbaoooo/vn_schools_scores_data/blob/main/craw-data/scores/SGD/2025.json
SGD,7810202,Quản trị nhà hàng và dịch vụ ăn uống,7810202,2025,https://github.com/kbaoooo/vn_schools_scores_data/blob/main/craw-data/scores/SGD/2025.json
SIU,7140103,Công nghệ giáo dục,7140103,2025,https://github.com/kbaoooo/vn_schools_scores_data/blob/main/craw-data/scores/SIU/2025.json
SIU,7220201,Ngôn ngữ Anh,7220201,2025,https://github.com/kbaoooo/vn_schools_scores_data/blob/main/craw-data/scores/SIU/2025.json
SIU,7310401,Tâm lý học,7310401,2025,https://github.com/kbaoooo/vn_schools_scores_data/blob/main/craw-data/scores/SIU/2025.json
SIU,7310608,Đông phương học,7310608,2025,https://github.com/kbaoooo/vn_schools_scores_data/blob/main/craw-data/scores/SIU/2025.json
SIU,7320104,Truyền thông đa phương tiện,7320104,2025,https://github.com/kbaoooo/vn_schools_scores_data/blob/main/craw-data/scores/SIU/2025.json
SIU,7320108,Quan hệ công chúng,7320108,2025,https://github.com/kbaoooo/vn_schools_scores_data/blob/main/craw-data/scores/SIU/2025.json
SIU,7340101,Quản trị kinh doanh,7340101,2025,https://github.com/kbaoooo/vn_schools_scores_data/blob/main/craw-data/scores/SIU/2025.json
SIU,7340122,Thương mại điện tử,7340122,2025,https://github.com/kbaoooo/vn_schools_scores_data/blob/main/craw-data/scores/SIU/2025.json
SIU,7340301,Kế toán,7340301,2025,https://github.com/kbaoooo/vn_schools_scores_data/blob/main/craw-data/scores/SIU/2025.json
SIU,7380107,Luật kinh tế,7380107,2025,https://github.com/kbaoooo/vn_schools_scores_data/blob/main/craw-data/scores/SIU/2025.json
SIU,7480101,Khoa học máy tính,7480101,2025,https://github.com/kbaoooo/vn_schools_scores_data/blob/main/craw-data/scores/SIU/2025.json
SIU,7480201,Công nghệ thông tin,7480201,2025,https://github.com/kbaoooo/vn_schools_scores_data/blob/main/craw-data/scores/SIU/2025.json
SIU,7510605,Logistics và quản lý chuỗi cung ứng,7510605,2025,https://github.com/kbaoooo/vn_schools_scores_data/blob/main/craw-data/scores/SIU/2025.json
SIU,7810201,Quản trị khách sạn,7810201,2025,https://github.com/kbaoooo/vn_schools_scores_data/blob/main/craw-data/scores/SIU/2025.json
SKH,7140103,Công nghệ giáo dục,7140103,2025,https://github.com/kbaoooo/vn_schools_scores_data/blob/main/craw-data/scores/SKH/2025.json
SKH,7140231,Sư phạm Tiếng Anh,7140231,2025,https://github.com/kbaoooo/vn_schools_scores_data/blob/main/craw-data/scores/SKH/2025.json
SKH,7140246,Sư phạm công nghệ,7140246,2025,https://github.com/kbaoooo/vn_schools_scores_data/blob/main/craw-data/scores/SKH/2025.json
SKH,7220201,Ngôn ngữ Anh,7220201,2025,https://github.com/kbaoooo/vn_schools_scores_data/blob/main/craw-data/scores/SKH/2025.json
SKH,7220204,Ngôn ngữ Trung Quốc,7220204,2025,https://github.com/kbaoooo/vn_schools_scores_data/blob/main/craw-data/scores/SKH/2025.json
SKH,7310101,Kinh tế,7310101,2025,https://github.com/kbaoooo/vn_schools_scores_data/blob/main/craw-data/scores/SKH/2025.json
SKH,7340101,Quản trị kinh doanh,7340101,2025,https://github.com/kbaoooo/vn_schools_scores_data/blob/main/craw-data/scores/SKH/2025.json
SKH,7340123,Kinh doanh thời trang và Dệt may,7340123,2025,https://github.com/kbaoooo/vn_schools_scores_data/blob/main/craw-data/scores/SKH/2025.json
SKH,7340301,Kế toán,7340301,2025,https://github.com/kbaoooo/vn_schools_scores_data/blob/main/craw-data/scores/SKH/2025.json
SKH,7480101,Khoa học máy tính,7480101,2025,https://github.com/kbaoooo/vn_schools_scores_data/blob/main/craw-data/scores/SKH/2025.json
SKH,7480103,Kỹ thuật phần mềm,7480103,2025,https://github.com/kbaoooo/vn_schools_scores_data/blob/main/craw-data/scores/SKH/2025.json
SKH,7480201,Công nghệ thông tin,7480201,2025,https://github.com/kbaoooo/vn_schools_scores_data/blob/main/craw-data/scores/SKH/2025.json
SKH,7510201,Công nghệ kỹ thuật cơ khí,7510201,2025,https://github.com/kbaoooo/vn_schools_scores_data/blob/main/craw-data/scores/SKH/2025.json
SKH,7510202,Công nghệ chế tạo máy,7510202,2025,https://github.com/kbaoooo/vn_schools_scores_data/blob/main/craw-data/scores/SKH/2025.json
SKH,7510203,Công nghệ kỹ thuật cơ điện tử,7510203,2025,https://github.com/kbaoooo/vn_schools_scores_data/blob/main/craw-data/scores/SKH/2025.json
SKH,7510205,Công nghệ kỹ thuật ô tô,7510205,2025,https://github.com/kbaoooo/vn_schools_scores_data/blob/main/craw-data/scores/SKH/2025.json
SKH,7510210,Điện lạnh và điều hòa không khí,7510210,2025,https://github.com/kbaoooo/vn_schools_scores_data/blob/main/craw-data/scores/SKH/2025.json
SKH,7510301,"Công nghệ kỹ thuật điện, điện tử",7510301,2025,https://github.com/kbaoooo/vn_schools_scores_data/blob/main/craw-data/scores/SKH/2025.json
SKH,7510302,Công nghệ kỹ thuật điện tử - viễn thông,7510302,2025,https://github.com/kbaoooo/vn_schools_scores_data/blob/main/craw-data/scores/SKH/2025.json
SKH,7510303,Công nghệ kỹ thuật điều khiển và TĐH,7510303,2025,https://github.com/kbaoooo/vn_schools_scores_data/blob/main/craw-data/scores/SKH/2025.json
SKH,7510401,Công nghệ kỹ thuật hoá học,7510401,2025,https://github.com/kbaoooo/vn_schools_scores_data/blob/main/craw-data/scores/SKH/2025.json
SKH,7520107,Kỹ thuật Robot,7520107,2025,https://github.com/kbaoooo/vn_schools_scores_data/blob/main/craw-data/scores/SKH/2025.json
SKH,7520118,Kỹ thuật hệ thống công nghiệp,7520118,2025,https://github.com/kbaoooo/vn_schools_scores_data/blob/main/craw-data/scores/SKH/2025.json
SKH,7540103,Công nghệ hóa thực phẩm,7540103,2025,https://github.com/kbaoooo/vn_schools_scores_data/blob/main/craw-data/scores/SKH/2025.json
SKH,7540209,Công nghệ may,7540209,2025,https://github.com/kbaoooo/vn_schools_scores_data/blob/main/craw-data/scores/SKH/2025.json
SKN,7340101,Quản trị kinh doanh,7340101,2025,https://github.com/kbaoooo/vn_schools_scores_data/blob/main/craw-data/scores/SKN/2025.json
SKN,7340101_1,Quản trị kinh doanh (Chuyên ngành Logistics),7340101,2025,https://github.com/kbaoooo/vn_schools_scores_data/blob/main/craw-data/scores/SKN/2025.json
SKN,7340301,Kế toán,7340301,2025,https://github.com/kbaoooo/vn_schools_scores_data/blob/main/craw-data/scores/SKN/2025.json
SKN,7480101,Khoa học máy tính,7480101,2025,https://github.com/kbaoooo/vn_schools_scores_data/blob/main/craw-data/scores/SKN/2025.json
SKN,7480201,Công nghệ thông tin,7480201,2025,https://github.com/kbaoooo/vn_schools_scores_data/blob/main/craw-data/scores/SKN/2025.json
SKN,7480201_1,Công nghệ thông tin (Chuyên ngành Đồ họa máy tính),7480201,2025,https://github.com/kbaoooo/vn_schools_scores_data/blob/main/craw-data/scores/SKN/2025.json
SKN,7510201,Công nghệ kỹ thuật cơ khí,7510201,2025,https://github.com/kbaoooo/vn_schools_scores_data/blob/main/craw-data/scores/SKN/2025.json
SKN,7510201_1,Công nghệ kỹ thuật cơ khí (Chuyên ngành Công nghệ kỹ thuật khuôn mẫu),7510201,2025,https://github.com/kbaoooo/vn_schools_scores_data/blob/main/craw-data/scores/SKN/2025.json
SKN,7510202,Công nghệ chế tạo máy,7510202,2025,https://github.com/kbaoooo/vn_schools_scores_data/blob/main/craw-data/scores/SKN/2025.json
SKN,7510203,Công nghệ kỹ thuật cơ điện tử,7510203,2025,https://github.com/kbaoooo/vn_schools_scores_data/blob/main/craw-data/scores/SKN/2025.json
SKN,7510205,Công nghệ kỹ thuật ô tô,7510205,2025,https://github.com/kbaoooo/vn_schools_scores_data/blob/main/craw-data/scores/SKN/2025.json
SKN,7510301,"Công nghệ kỹ thuật điện, điện tử",7510301,2025,https://github.com/kbaoooo/vn_schools_scores_data/blob/main/craw-data/scores/SKN/2025.json
SKN,7510301_1,"Công nghệ kỹ thuật điện, điện tử (Chuyên ngành Công nghệ kỹ thuật điện)",7510301,2025,https://github.com/kbaoooo/vn_schools_scores_data/blob/main/craw-data/scores/SKN/2025.json
SKN,7510301_2,"Công nghệ kỹ thuật điện, điện tử (Chuyên ngành Hệ thống điện)",7510301,2025,https://github.com/kbaoooo/vn_schools_scores_data/blob/main/craw-data/scores/SKN/2025.json
SKN,7510301_3,"Công nghệ kỹ thuật điện, điện tử (Chuyên ngành Công nghệ điện lạnh và điều hòa không khí)",7510301,2025,https://github.com/kbaoooo/vn_schools_scores_data/blob/main/craw-data/scores/SKN/2025.json
SKN,7510303,Công nghệ kỹ thuật điều khiển và tự động hoá,7510303,2025,https://github.com/kbaoooo/vn_schools_scores_data/blob/main/craw-data/scores/SKN/2025.json
SKV,7140246,Sư phạm công nghệ,7140246,2025,https://github.com/kbaoooo/vn_schools_scores_data/blob/main/craw-data/scores/SKV/2025.json
SKV,7340101,Quản trị kinh doanh,7340101,2025,https://github.com/kbaoooo/vn_schools_scores_data/blob/main/craw-data/scores/SKV/2025.json
SKV,7340122,Thương mại điện tử,7340122,2025,https://github.com/kbaoooo/vn_schools_scores_data/blob/main/craw-data/scores/SKV/2025.json
SKV,7340301,Kế toán,7340301,2025,https://github.com/kbaoooo/vn_schools_scores_data/blob/main/craw-data/scores/SKV/2025.json
SKV,7480108,Công nghệ kỹ thuật máy tính,7480108,2025,https://github.com/kbaoooo/vn_schools_scores_data/blob/main/craw-data/scores/SKV/2025.json
SKV,7480201,Công nghệ thông tin,7480201,2025,https://github.com/kbaoooo/vn_schools_scores_data/blob/main/craw-data/scores/SKV/2025.json
SKV,7510201,Công nghệ kỹ thuật cơ khí,7510201,2025,https://github.com/kbaoooo/vn_schools_scores_data/blob/main/craw-data/scores/SKV/2025.json
SKV,7510202,Công nghệ chế tạo máy,7510202,2025,https://github.com/kbaoooo/vn_schools_scores_data/blob/main/craw-data/scores/SKV/2025.json
SKV,7510203,Công nghệ kỹ thuật cơ - điện tử,7510203,2025,https://github.com/kbaoooo/vn_schools_scores_data/blob/main/craw-data/scores/SKV/2025.json
SKV,7510205,Công nghệ kỹ thuật ô tô,7510205,2025,https://github.com/kbaoooo/vn_schools_scores_data/blob/main/craw-data/scores/SKV/2025.json
SKV,7510206,Công nghệ kỹ thuật nhiệt,7510206,2025,https://github.com/kbaoooo/vn_schools_scores_data/blob/main/craw-data/scores/SKV/2025.json
SKV,7510301,"Công nghệ kỹ thuật điện, điện tử",7510301,2025,https://github.com/kbaoooo/vn_schools_scores_data/blob/main/craw-data/scores/SKV/2025.json
SKV,7510302,Công nghệ kỹ thuật điện tử – viễn thông,7510302,2025,https://github.com/kbaoooo/vn_schools_scores_data/blob/main/craw-data/scores/SKV/2025.json
SKV,7510303,Công nghệ kỹ thuật điều khiển và tự động hoá,7510303,2025,https://github.com/kbaoooo/vn_schools_scores_data/blob/main/craw-data/scores/SKV/2025.json
SP2,7140201,Giáo dục Mầm non,7140201,2025,https://github.com/kbaoooo/vn_schools_scores_data/blob/main/craw-data/scores/SP2/2025.json
SP2,7140202,Giáo dục Tiểu học,7140202,2025,https://github.com/kbaoooo/vn_schools_scores_data/blob/main/craw-data/scores/SP2/2025.json
SP2,7140204,Giáo dục Công dân,7140204,2025,https://github.com/kbaoooo/vn_schools_scores_data/blob/main/craw-data/scores/SP2/2025.json
SP2,7140206,Giáo dục Thể chất,7140206,2025,https://github.com/kbaoooo/vn_schools_scores_data/blob/main/craw-data/scores/SP2/2025.json
SP2,7140208,Giáo dục Quốc phòng - An ninh,7140208,2025,https://github.com/kbaoooo/vn_schools_scores_data/blob/main/craw-data/scores/SP2/2025.json
SP2,7140209,Sư phạm Toán học,7140209,2025,https://github.com/kbaoooo/vn_schools_scores_data/blob/main/craw-data/scores/SP2/2025.json
SP2,7140210,Sư phạm Tin học,7140210,2025,https://github.com/kbaoooo/vn_schools_scores_data/blob/main/craw-data/scores/SP2/2025.json
SP2,7140211,Sư phạm Vật lý,7140211,2025,https://github.com/kbaoooo/vn_schools_scores_data/blob/main/craw-data/scores/SP2/2025.json
SP2,7140212,Sư phạm Hóa học,7140212,2025,https://github.com/kbaoooo/vn_schools_scores_data/blob/main/craw-data/scores/SP2/2025.json
SP2,7140213,Sư phạm Sinh học,7140213,2025,https://github.com/kbaoooo/vn_schools_scores_data/blob/main/craw-data/scores/SP2/2025.json
SP2,7140217,Sư phạm Ngữ văn,7140217,2025,https://github.com/kbaoooo/vn_schools_scores_data/blob/main/craw-data/scores/SP2/2025.json
SP2,7140218,Sư phạm Lịch sử,7140218,2025,https://github.com/kbaoooo/vn_schools_scores_data/blob/main/craw-data/scores/SP2/2025.json
SP2,7140231,Sư phạm Tiếng Anh,7140231,2025,https://github.com/kbaoooo/vn_schools_scores_data/blob/main/craw-data/scores/SP2/2025.json
SP2,7140247,Sư phạm Khoa học tự nhiên,7140247,2025,https://github.com/kbaoooo/vn_schools_scores_data/blob/main/craw-data/scores/SP2/2025.json
SP2,7140249,Sư phạm Lịch sử - Địa lý,7140249,2025,https://github.com/kbaoooo/vn_schools_scores_data/blob/main/craw-data/scores/SP2/2025.json
SP2,7220201,Ngôn ngữ Anh,7220201,2025,https://github.com/kbaoooo/vn_schools_scores_data/blob/main/craw-data/scores/SP2/2025.json
SP2,7220204,Ngôn ngữ Trung Quốc,7220204,2025,https://github.com/kbaoooo/vn_schools_scores_data/blob/main/craw-data/scores/SP2/2025.json
SP2,7310403,Tâm lý học giáo dục,7310403,2025,https://github.com/kbaoooo/vn_schools_scores_data/blob/main/craw-data/scores/SP2/2025.json
SP2,7310630,Việt Nam học,7310630,2025,https://github.com/kbaoooo/vn_schools_scores_data/blob/main/craw-data/scores/SP2/2025.json
SP2,7420201,Công nghệ sinh học,7420201,2025,https://github.com/kbaoooo/vn_schools_scores_data/blob/main/craw-data/scores/SP2/2025.json
SP2,7440122,Khoa học vật liệu,7440122,2025,https://github.com/kbaoooo/vn_schools_scores_data/blob/main/craw-data/scores/SP2/2025.json
SP2,7460112,Toán ứng dụng,7460112,2025,https://github.com/kbaoooo/vn_schools_scores_data/blob/main/craw-data/scores/SP2/2025.json
SP2,7480201,Công nghệ thông tin,7480201,2025,https://github.com/kbaoooo/vn_schools_scores_data/blob/main/craw-data/scores/SP2/2025.json
SP2,7520301,Kĩ thuật hóa học,7520301,2025,https://github.com/kbaoooo/vn_schools_scores_data/blob/main/craw-data/scores/SP2/2025.json
SP2,7810301,Quản lý thể dục thể thao,7810301,2025,https://github.com/kbaoooo/vn_schools_scores_data/blob/main/craw-data/scores/SP2/2025.json
SPD,7140103,Công nghệ Giáo dục,7140103,2025,https://github.com/kbaoooo/vn_schools_scores_data/blob/main/craw-data/scores/SPD/2025.json
SPD,7140201,Giáo dục Mầm non,7140201,2025,https://github.com/kbaoooo/vn_schools_scores_data/blob/main/craw-data/scores/SPD/2025.json
SPD,7140202,Giáo dục Tiểu học,7140202,2025,https://github.com/kbaoooo/vn_schools_scores_data/blob/main/craw-data/scores/SPD/2025.json
SPD,7140202,Giáo dục Mầm non,7140202,2025,https://github.com/kbaoooo/vn_schools_scores_data/blob/main/craw-data/scores/SPD/2025.json
SPD,7140203,Giáo dục Mầm non,7140203,2025,https://github.com/kbaoooo/vn_schools_scores_data/blob/main/craw-data/scores/SPD/2025.json
SPD,7140204,Giáo dục Công dân,7140204,2025,https://github.com/kbaoooo/vn_schools_scores_data/blob/main/craw-data/scores/SPD/2025.json
SPD,7140204,Giáo dục Mầm non,7140204,2025,https://github.com/kbaoooo/vn_schools_scores_data/blob/main/craw-data/scores/SPD/2025.json
SPD,7140205,Giáo dục Chính trị,7140205,2025,https://github.com/kbaoooo/vn_schools_scores_data/blob/main/craw-data/scores/SPD/2025.json
SPD,7140205,Giáo dục Mầm non,7140205,2025,https://github.com/kbaoooo/vn_schools_scores_data/blob/main/craw-data/scores/SPD/2025.json
SPD,7140206,Giáo dục Thể chất,7140206,2025,https://github.com/kbaoooo/vn_schools_scores_data/blob/main/craw-data/scores/SPD/2025.json
SPD,7140206,Giáo dục Mầm non,7140206,2025,https://github.com/kbaoooo/vn_schools_scores_data/blob/main/craw-data/scores/SPD/2025.json
SPD,7140207,Giáo dục Mầm non,7140207,2025,https://github.com/kbaoooo/vn_schools_scores_data/blob/main/craw-data/scores/SPD/2025.json
SPD,7140208,Giáo dục Mầm non,7140208,2025,https://github.com/kbaoooo/vn_schools_scores_data/blob/main/craw-data/scores/SPD/2025.json
SPD,7140209,Sư phạm Toán học,7140209,2025,https://github.com/kbaoooo/vn_schools_scores_data/blob/main/craw-data/scores/SPD/2025.json
SPD,7140210,Sư phạm Tin học,7140210,2025,https://github.com/kbaoooo/vn_schools_scores_data/blob/main/craw-data/scores/SPD/2025.json
SPD,7140211,Sư phạm Vật lý,7140211,2025,https://github.com/kbaoooo/vn_schools_scores_data/blob/main/craw-data/scores/SPD/2025.json
SPD,7140212,Sư phạm Hóa học,7140212,2025,https://github.com/kbaoooo/vn_schools_scores_data/blob/main/craw-data/scores/SPD/2025.json
SPD,7140213,Sư phạm Sinh học,7140213,2025,https://github.com/kbaoooo/vn_schools_scores_data/blob/main/craw-data/scores/SPD/2025.json
SPD,7140217,Sư phạm Ngữ văn,7140217,2025,https://github.com/kbaoooo/vn_schools_scores_data/blob/main/craw-data/scores/SPD/2025.json
SPD,7140218,Sư phạm Lịch sử,7140218,2025,https://github.com/kbaoooo/vn_schools_scores_data/blob/main/craw-data/scores/SPD/2025.json
SPD,7140219,Sư phạm Địa lý,7140219,2025,https://github.com/kbaoooo/vn_schools_scores_data/blob/main/craw-data/scores/SPD/2025.json
SPD,7140221,Sư phạm Âm nhạc,7140221,2025,https://github.com/kbaoooo/vn_schools_scores_data/blob/main/craw-data/scores/SPD/2025.json
SPD,7140222,Sư phạm Mỹ thuật,7140222,2025,https://github.com/kbaoooo/vn_schools_scores_data/blob/main/craw-data/scores/SPD/2025.json
SPD,7140231,Sư phạm Tiếng Anh,7140231,2025,https://github.com/kbaoooo/vn_schools_scores_data/blob/main/craw-data/scores/SPD/2025.json
SPD,7140234,Sư phạm Tiếng Trung Quốc,7140234,2025,https://github.com/kbaoooo/vn_schools_scores_data/blob/main/craw-data/scores/SPD/2025.json
SPD,7140246,Sư phạm Công nghệ,7140246,2025,https://github.com/kbaoooo/vn_schools_scores_data/blob/main/craw-data/scores/SPD/2025.json
SPD,7140247,Sư phạm Khoa học tự nhiên,7140247,2025,https://github.com/kbaoooo/vn_schools_scores_data/blob/main/craw-data/scores/SPD/2025.json
SPD,7140249,Sư phạm Lịch sử và Địa lý,7140249,2025,https://github.com/kbaoooo/vn_schools_scores_data/blob/main/craw-data/scores/SPD/2025.json
SPD,7220201,Ngôn ngữ Anh,7220201,2025,https://github.com/kbaoooo/vn_schools_scores_data/blob/main/craw-data/scores/SPD/2025.json
SPD,7220204,Ngôn ngữ Trung Quốc,7220204,2025,https://github.com/kbaoooo/vn_schools_scores_data/blob/main/craw-data/scores/SPD/2025.json
SPD,7229042,Quản lý văn hóa,7229042,2025,https://github.com/kbaoooo/vn_schools_scores_data/blob/main/craw-data/scores/SPD/2025.json
SPD,7310110,Quản lý kinh tế,7310110,2025,https://github.com/kbaoooo/vn_schools_scores_data/blob/main/craw-data/scores/SPD/2025.json
SPD,7310403,Tâm lý học giáo dục,7310403,2025,https://github.com/kbaoooo/vn_schools_scores_data/blob/main/craw-data/scores/SPD/2025.json
SPD,7310501,Địa lý học,7310501,2025,https://github.com/kbaoooo/vn_schools_scores_data/blob/main/craw-data/scores/SPD/2025.json
SPD,7310630,Việt Nam học,7310630,2025,https://github.com/kbaoooo/vn_schools_scores_data/blob/main/craw-data/scores/SPD/2025.json
SPD,7320104,Truyền thông đa phương tiện,7320104,2025,https://github.com/kbaoooo/vn_schools_scores_data/blob/main/craw-data/scores/SPD/2025.json
SPD,7340101,Quản trị kinh doanh,7340101,2025,https://github.com/kbaoooo/vn_schools_scores_data/blob/main/craw-data/scores/SPD/2025.json
SPD,7340120,Kinh doanh quốc tế,7340120,2025,https://github.com/kbaoooo/vn_schools_scores_data/blob/main/craw-data/scores/SPD/2025.json
SPD,7340201,Tài chính - Ngân hàng,7340201,2025,https://github.com/kbaoooo/vn_schools_scores_data/blob/main/craw-data/scores/SPD/2025.json
SPD,7340301,Kế toán,7340301,2025,https://github.com/kbaoooo/vn_schools_scores_data/blob/main/craw-data/scores/SPD/2025.json
SPD,7340403,Quản lý công,7340403,2025,https://github.com/kbaoooo/vn_schools_scores_data/blob/main/craw-data/scores/SPD/2025.json
SPD,7380101,Luật,7380101,2025,https://github.com/kbaoooo/vn_schools_scores_data/blob/main/craw-data/scores/SPD/2025.json
SPD,7420201,Công nghệ sinh học,7420201,2025,https://github.com/kbaoooo/vn_schools_scores_data/blob/main/craw-data/scores/SPD/2025.json
SPD,7440301,Khoa học môi trường,7440301,2025,https://github.com/kbaoooo/vn_schools_scores_data/blob/main/craw-data/scores/SPD/2025.json
SPD,7480101,Khoa học Máy tính,7480101,2025,https://github.com/kbaoooo/vn_schools_scores_data/blob/main/craw-data/scores/SPD/2025.json
SPD,7480201,Công nghệ thông tin,7480201,2025,https://github.com/kbaoooo/vn_schools_scores_data/blob/main/craw-data/scores/SPD/2025.json
SPD,7510205,Công nghệ kỹ thuật ô tô,7510205,2025,https://github.com/kbaoooo/vn_schools_scores_data/blob/main/craw-data/scores/SPD/2025.json
SPD,7510605,Logistics và Quản lý chuỗi cung ứng,7510605,2025,https://github.com/kbaoooo/vn_schools_scores_data/blob/main/craw-data/scores/SPD/2025.json
SPD,7540101,Công nghệ thực phẩm,7540101,2025,https://github.com/kbaoooo/vn_schools_scores_data/blob/main/craw-data/scores/SPD/2025.json
SPD,7580201,Kỹ thuật xây dựng,7580201,2025,https://github.com/kbaoooo/vn_schools_scores_data/blob/main/craw-data/scores/SPD/2025.json
SPD,7620103,Khoa học đất,7620103,2025,https://github.com/kbaoooo/vn_schools_scores_data/blob/main/craw-data/scores/SPD/2025.json
SPD,7620109,Nông học,7620109,2025,https://github.com/kbaoooo/vn_schools_scores_data/blob/main/craw-data/scores/SPD/2025.json
SPD,7620301,Nuôi trồng thủy sản,7620301,2025,https://github.com/kbaoooo/vn_schools_scores_data/blob/main/craw-data/scores/SPD/2025.json
SPD,7640101,Thú y,7640101,2025,https://github.com/kbaoooo/vn_schools_scores_data/blob/main/craw-data/scores/SPD/2025.json
SPD,7760101,Công tác xã hội,7760101,2025,https://github.com/kbaoooo/vn_schools_scores_data/blob/main/craw-data/scores/SPD/2025.json
SPD,7810302,Huấn luyện thể thao,7810302,2025,https://github.com/kbaoooo/vn_schools_scores_data/blob/main/craw-data/scores/SPD/2025.json
SPD,7850101,Quản lý tài nguyên và môi trường,7850101,2025,https://github.com/kbaoooo/vn_schools_scores_data/blob/main/craw-data/scores/SPD/2025.json
SPD,7850103,Quản lý đất đai,7850103,2025,https://github.com/kbaoooo/vn_schools_scores_data/blob/main/craw-data/scores/SPD/2025.json
SPH,7140114,Quản lí giáo dục,7140114,2025,https://github.com/kbaoooo/vn_schools_scores_data/blob/main/craw-data/scores/SPH/2025.json
SPH,7140201,Giáo dục Mầm non,7140201,2025,https://github.com/kbaoooo/vn_schools_scores_data/blob/main/craw-data/scores/SPH/2025.json
SPH,7140201K,Giáo dục Mầm non - Sư phạm Tiếng Anh,7140201,2025,https://github.com/kbaoooo/vn_schools_scores_data/blob/main/craw-data/scores/SPH/2025.json
SPH,7140202,Giáo dục Tiểu học,7140202,2025,https://github.com/kbaoooo/vn_schools_scores_data/blob/main/craw-data/scores/SPH/2025.json
SPH,7140202K,Giáo dục Tiểu học - Sư phạm Tiếng Anh,7140202,2025,https://github.com/kbaoooo/vn_schools_scores_data/blob/main/craw-data/scores/SPH/2025.json
SPH,7140203,Giáo dục đặc biệt,7140203,2025,https://github.com/kbaoooo/vn_schools_scores_data/blob/main/craw-data/scores/SPH/2025.json
SPH,7140204,Giáo dục công dân,7140204,2025,https://github.com/kbaoooo/vn_schools_scores_data/blob/main/craw-data/scores/SPH/2025.json
SPH,7140205,Giáo dục chính trị,7140205,2025,https://github.com/kbaoooo/vn_schools_scores_data/blob/main/craw-data/scores/SPH/2025.json
SPH,7140206,Giáo dục thể chất,7140206,2025,https://github.com/kbaoooo/vn_schools_scores_data/blob/main/craw-data/scores/SPH/2025.json
SPH,7140208,Giáo dục Quốc phòng và An ninh,7140208,2025,https://github.com/kbaoooo/vn_schools_scores_data/blob/main/craw-data/scores/SPH/2025.json
SPH,7140209,Sư phạm Toán học,7140209,2025,https://github.com/kbaoooo/vn_schools_scores_data/blob/main/craw-data/scores/SPH/2025.json
SPH,7140209K,Sư phạm Toán học (dạy Toán bằng tiếng Anh),7140209,2025,https://github.com/kbaoooo/vn_schools_scores_data/blob/main/craw-data/scores/SPH/2025.json
SPH,7140210,Sư phạm Tin học,7140210,2025,https://github.com/kbaoooo/vn_schools_scores_data/blob/main/craw-data/scores/SPH/2025.json
SPH,7140211,Sư phạm Vật lí,7140211,2025,https://github.com/kbaoooo/vn_schools_scores_data/blob/main/craw-data/scores/SPH/2025.json
SPH,7140211K,Sư phạm Vật lí (dạy Toán bằng tiếng Anh),7140211,2025,https://github.com/kbaoooo/vn_schools_scores_data/blob/main/craw-data/scores/SPH/2025.json
SPH,7140212,Sư phạm Hoá học,7140212,2025,https://github.com/kbaoooo/vn_schools_scores_data/blob/main/craw-data/scores/SPH/2025.json
SPH,7140212K,Sư phạm Hoá học (dạy Hóa học bằng tiếng Anh),7140212,2025,https://github.com/kbaoooo/vn_schools_scores_data/blob/main/craw-data/scores/SPH/2025.json
SPH,7140213,Sư phạm Sinh học,7140213,2025,https://github.com/kbaoooo/vn_schools_scores_data/blob/main/craw-data/scores/SPH/2025.json
SPH,7140217,Sư phạm Ngữ văn,7140217,2025,https://github.com/kbaoooo/vn_schools_scores_data/blob/main/craw-data/scores/SPH/2025.json
SPH,7140218,Sư phạm Lịch sử,7140218,2025,https://github.com/kbaoooo/vn_schools_scores_data/blob/main/craw-data/scores/SPH/2025.json
SPH,7140219,Sư phạm Địa lí,7140219,2025,https://github.com/kbaoooo/vn_schools_scores_data/blob/main/craw-data/scores/SPH/2025.json
SPH,7140221,Sư phạm Âm nhạc,7140221,2025,https://github.com/kbaoooo/vn_schools_scores_data/blob/main/craw-data/scores/SPH/2025.json
SPH,7140222,Sư phạm Mỹ thuật,7140222,2025,https://github.com/kbaoooo/vn_schools_scores_data/blob/main/craw-data/scores/SPH/2025.json
SPH,7140231,Sư phạm Tiếng Anh,7140231,2025,https://github.com/kbaoooo/vn_schools_scores_data/blob/main/craw-data/scores/SPH/2025.json
SPH,7140233,Sư phạm Tiếng Pháp,7140233,2025,https://github.com/kbaoooo/vn_schools_scores_data/blob/main/craw-data/scores/SPH/2025.json
SPH,7140246,Sư phạm Công nghệ,7140246,2025,https://github.com/kbaoooo/vn_schools_scores_data/blob/main/craw-data/scores/SPH/2025.json
SPH,7140247,Sư phạm Khoa học tự nhiên,7140247,2025,https://github.com/kbaoooo/vn_schools_scores_data/blob/main/craw-data/scores/SPH/2025.json
SPH,7140249,Sư phạm Lịch sử - Địa lí,7140249,2025,https://github.com/kbaoooo/vn_schools_scores_data/blob/main/craw-data/scores/SPH/2025.json
SPH,7220101,Tiếng Việt và văn hóa Việt Nam (mới),7220101,2025,https://github.com/kbaoooo/vn_schools_scores_data/blob/main/craw-data/scores/SPH/2025.json
SPH,7220201,Ngôn ngữ Anh,7220201,2025,https://github.com/kbaoooo/vn_schools_scores_data/blob/main/craw-data/scores/SPH/2025.json
SPH,7220204,Ngôn ngữ Trung Quốc,7220204,2025,https://github.com/kbaoooo/vn_schools_scores_data/blob/main/craw-data/scores/SPH/2025.json
SPH,7229001,Triết học (Triết học Mác Lê-nin),7229001,2025,https://github.com/kbaoooo/vn_schools_scores_data/blob/main/craw-data/scores/SPH/2025.json
SPH,7229010,Lịch sử (mới),7229010,2025,https://github.com/kbaoooo/vn_schools_scores_data/blob/main/craw-data/scores/SPH/2025.json
SPH,7229030,Văn học,7229030,2025,https://github.com/kbaoooo/vn_schools_scores_data/blob/main/craw-data/scores/SPH/2025.json
SPH,7310201,Chính trị học,7310201,2025,https://github.com/kbaoooo/vn_schools_scores_data/blob/main/craw-data/scores/SPH/2025.json
SPH,7310301,Xã hội học (mới),7310301,2025,https://github.com/kbaoooo/vn_schools_scores_data/blob/main/craw-data/scores/SPH/2025.json
SPH,7310401,Tâm lý học (Tâm lý học trường học),7310401,2025,https://github.com/kbaoooo/vn_schools_scores_data/blob/main/craw-data/scores/SPH/2025.json
SPH,7310403,Tâm lý học giáo dục,7310403,2025,https://github.com/kbaoooo/vn_schools_scores_data/blob/main/craw-data/scores/SPH/2025.json
SPH,7310630,Việt Nam học (Tuyển sinh người Việt Nam),7310630,2025,https://github.com/kbaoooo/vn_schools_scores_data/blob/main/craw-data/scores/SPH/2025.json
SPH,7420101,Sinh học,7420101,2025,https://github.com/kbaoooo/vn_schools_scores_data/blob/main/craw-data/scores/SPH/2025.json
SPH,7420201,Công nghệ sinh học (mới),7420201,2025,https://github.com/kbaoooo/vn_schools_scores_data/blob/main/craw-data/scores/SPH/2025.json
SPH,7440102,Vật lí học (vật lí bán dẫn và kỹ thuật) (mới),7440102,2025,https://github.com/kbaoooo/vn_schools_scores_data/blob/main/craw-data/scores/SPH/2025.json
SPH,7440112,Hóa học,7440112,2025,https://github.com/kbaoooo/vn_schools_scores_data/blob/main/craw-data/scores/SPH/2025.json
SPH,7460101,Toán học,7460101,2025,https://github.com/kbaoooo/vn_schools_scores_data/blob/main/craw-data/scores/SPH/2025.json
SPH,7480201,Công nghệ thông tin,7480201,2025,https://github.com/kbaoooo/vn_schools_scores_data/blob/main/craw-data/scores/SPH/2025.json
SPH,7760101,Công tác xã hội,7760101,2025,https://github.com/kbaoooo/vn_schools_scores_data/blob/main/craw-data/scores/SPH/2025.json
SPH,7760103,Hỗ trợ giáo dục người khuyết tật,7760103,2025,https://github.com/kbaoooo/vn_schools_scores_data/blob/main/craw-data/scores/SPH/2025.json
SPH,7810103,Quản trị dịch vụ du lịch và lữ hành,7810103,2025,https://github.com/kbaoooo/vn_schools_scores_data/blob/main/craw-data/scores/SPH/2025.json
SPK,7140231V,Sư phạm tiếng Anh (đào tạo bằng tiếng Việt),7140231,2025,https://github.com/kbaoooo/vn_schools_scores_data/blob/main/craw-data/scores/SPK/2025.json
SPK,7140246V,Sư phạm công nghệ (đào tạo bằng tiếng Việt),7140246,2025,https://github.com/kbaoooo/vn_schools_scores_data/blob/main/craw-data/scores/SPK/2025.json
SPK,7210403V,Thiết kế đồ họa (đào tạo bằng tiếng Việt),7210403,2025,https://github.com/kbaoooo/vn_schools_scores_data/blob/main/craw-data/scores/SPK/2025.json
SPK,7210404V,Thiết kế thời trang (đào tạo bằng tiếng Việt),7210404,2025,https://github.com/kbaoooo/vn_schools_scores_data/blob/main/craw-data/scores/SPK/2025.json
SPK,7220201BP,Ngôn ngữ Anh (đào tạo tại phân hiệu Bình Phước),7220201,2025,https://github.com/kbaoooo/vn_schools_scores_data/blob/main/craw-data/scores/SPK/2025.json
SPK,7220201V,Ngôn ngữ Anh (đào tạo bằng tiếng Việt),7220201,2025,https://github.com/kbaoooo/vn_schools_scores_data/blob/main/craw-data/scores/SPK/2025.json
SPK,7310403V,Tâm lý học giáo dục (đào tạo bằng tiếng Việt),7310403,2025,https://github.com/kbaoooo/vn_schools_scores_data/blob/main/craw-data/scores/SPK/2025.json
SPK,7320106V,Công nghệ truyền thông (Truyền thông số và Công nghệ đa phương tiện) (đào tạo bằng tiếng Việt),7320106,2025,https://github.com/kbaoooo/vn_schools_scores_data/blob/main/craw-data/scores/SPK/2025.json
SPK,7340101V,Quản trị kinh doanh (đào tạo bằng tiếng Việt),7340101,2025,https://github.com/kbaoooo/vn_schools_scores_data/blob/main/craw-data/scores/SPK/2025.json
SPK,7340120BP,Kinh doanh Quốc tế (đào tạo tại phân hiệu Bình Phước),7340120,2025,https://github.com/kbaoooo/vn_schools_scores_data/blob/main/craw-data/scores/SPK/2025.json
SPK,7340120V,Kinh doanh Quốc tế (đào tạo bằng tiếng Việt),7340120,2025,https://github.com/kbaoooo/vn_schools_scores_data/blob/main/craw-data/scores/SPK/2025.json
SPK,7340122BP,Thương mại điện tử (đào tạo tại phân hiệu Bình Phước),7340122,2025,https://github.com/kbaoooo/vn_schools_scores_data/blob/main/craw-data/scores/SPK/2025.json
SPK,7340122V,Thương mại điện tử (đào tạo bằng tiếng Việt),7340122,2025,https://github.com/kbaoooo/vn_schools_scores_data/blob/main/craw-data/scores/SPK/2025.json
SPK,7340205V,Công nghệ tài chính (đào tạo bằng tiếng Việt),7340205,2025,https://github.com/kbaoooo/vn_schools_scores_data/blob/main/craw-data/scores/SPK/2025.json
SPK,7340301A,Kế toán (đào tạo bằng tiếng Anh),7340301,2025,https://github.com/kbaoooo/vn_schools_scores_data/blob/main/craw-data/scores/SPK/2025.json
SPK,7340301BP,Kế toán (đào tạo tại phân hiệu Bình Phước),7340301,2025,https://github.com/kbaoooo/vn_schools_scores_data/blob/main/craw-data/scores/SPK/2025.json
SPK,7340301V,Kế toán (đào tạo bằng tiếng Việt),7340301,2025,https://github.com/kbaoooo/vn_schools_scores_data/blob/main/craw-data/scores/SPK/2025.json
SPK,7380101V,Luật (đào tạo bằng tiếng Việt),7380101,2025,https://github.com/kbaoooo/vn_schools_scores_data/blob/main/craw-data/scores/SPK/2025.json
SPK,7480108A,Công nghệ Kỹ thuật máy tính (đào tạo bằng tiếng Anh),7480108,2025,https://github.com/kbaoooo/vn_schools_scores_data/blob/main/craw-data/scores/SPK/2025.json
SPK,7480108V,Công nghệ Kỹ thuật máy tính (đào tạo bằng tiếng Việt),7480108,2025,https://github.com/kbaoooo/vn_schools_scores_data/blob/main/craw-data/scores/SPK/2025.json
SPK,7480118V,Hệ thống nhúng và IoT (đào tạo bằng tiếng Việt),7480118,2025,https://github.com/kbaoooo/vn_schools_scores_data/blob/main/craw-data/scores/SPK/2025.json
SPK,7480201A,Công nghệ thông tin (đào tạo bằng tiếng Anh),7480201,2025,https://github.com/kbaoooo/vn_schools_scores_data/blob/main/craw-data/scores/SPK/2025.json
SPK,7480201BP,Công nghệ thông tin (đào tạo tại phân hiệu Bình Phước),7480201,2025,https://github.com/kbaoooo/vn_schools_scores_data/blob/main/craw-data/scores/SPK/2025.json
SPK,7480201N,Công nghệ thông tin (đào tạo bằng tiếng Nhật),7480201,2025,https://github.com/kbaoooo/vn_schools_scores_data/blob/main/craw-data/scores/SPK/2025.json
SPK,7480201V,Công nghệ thông tin (đào tạo bằng tiếng Việt),7480201,2025,https://github.com/kbaoooo/vn_schools_scores_data/blob/main/craw-data/scores/SPK/2025.json
SPK,7480202V,An toàn thông tin (đào tạo bằng tiếng Việt),7480202,2025,https://github.com/kbaoooo/vn_schools_scores_data/blob/main/craw-data/scores/SPK/2025.json
SPK,7480203V,Kỹ thuật dữ liệu (đào tạo bằng tiếng Việt),7480203,2025,https://github.com/kbaoooo/vn_schools_scores_data/blob/main/craw-data/scores/SPK/2025.json
SPK,7510102A,Công nghệ Kỹ thuật công trình xây dựng* (đào tạo bằng tiếng Anh),7510102,2025,https://github.com/kbaoooo/vn_schools_scores_data/blob/main/craw-data/scores/SPK/2025.json
SPK,7510102V,Công nghệ Kỹ thuật công trình xây dựng* (đào tạo bằng tiếng Việt),7510102,2025,https://github.com/kbaoooo/vn_schools_scores_data/blob/main/craw-data/scores/SPK/2025.json
SPK,7510106V,Hệ thống kỹ thuật công trình xây dựng (đào tạo bằng tiếng Việt),7510106,2025,https://github.com/kbaoooo/vn_schools_scores_data/blob/main/craw-data/scores/SPK/2025.json
SPK,7510201A,Công nghệ Kỹ thuật cơ khí * (đào tạo bằng tiếng Anh),7510201,2025,https://github.com/kbaoooo/vn_schools_scores_data/blob/main/craw-data/scores/SPK/2025.json
SPK,7510201BP,Công nghệ Kỹ thuật cơ khí * (đào tạo tại phân hiệu Bình Phước),7510201,2025,https://github.com/kbaoooo/vn_schools_scores_data/blob/main/craw-data/scores/SPK/2025.json
SPK,7510201TDA,Chương trình đào tạo Cơ khí – Tự động Hóa (thuộc ngành Công nghệ Kỹ thuật Cơ khí) (đào tạo bằng tiếng Anh),7510201,2025,https://github.com/kbaoooo/vn_schools_scores_data/blob/main/craw-data/scores/SPK/2025.json
SPK,7510201V,Công nghệ Kỹ thuật cơ khí * (đào tạo bằng tiếng Việt),7510201,2025,https://github.com/kbaoooo/vn_schools_scores_data/blob/main/craw-data/scores/SPK/2025.json
SPK,7510202A,Công nghệ chế tạo máy * (đào tạo bằng tiếng Anh),7510202,2025,https://github.com/kbaoooo/vn_schools_scores_data/blob/main/craw-data/scores/SPK/2025.json
SPK,7510202N,Công nghệ chế tạo máy * (đào tạo bằng tiếng Nhật),7510202,2025,https://github.com/kbaoooo/vn_schools_scores_data/blob/main/craw-data/scores/SPK/2025.json
SPK,7510202V,Công nghệ chế tạo máy * (đào tạo bằng tiếng Việt),7510202,2025,https://github.com/kbaoooo/vn_schools_scores_data/blob/main/craw-data/scores/SPK/2025.json
SPK,7510203A,Công nghệ Kỹ thuật cơ điện tử * (đào tạo bằng tiếng Anh),7510203,2025,https://github.com/kbaoooo/vn_schools_scores_data/blob/main/craw-data/scores/SPK/2025.json
SPK,7510203V,Công nghệ Kỹ thuật cơ điện tử * (đào tạo bằng tiếng Việt),7510203,2025,https://github.com/kbaoooo/vn_schools_scores_data/blob/main/craw-data/scores/SPK/2025.json
SPK,7510205A,Công nghệ Kỹ thuật ô tô * (đào tạo bằng tiếng Anh),7510205,2025,https://github.com/kbaoooo/vn_schools_scores_data/blob/main/craw-data/scores/SPK/2025.json
SPK,7510205BP,Công nghệ Kỹ thuật ô tô * (đào tạo tại phân hiệu Bình Phước),7510205,2025,https://github.com/kbaoooo/vn_schools_scores_data/blob/main/craw-data/scores/SPK/2025.json
SPK,7510205N,Công nghệ Kỹ thuật ô tô * (đào tạo bằng tiếng Nhật),7510205,2025,https://github.com/kbaoooo/vn_schools_scores_data/blob/main/craw-data/scores/SPK/2025.json
SPK,7510205V,Công nghệ Kỹ thuật ô tô * (đào tạo bằng tiếng Việt),7510205,2025,https://github.com/kbaoooo/vn_schools_scores_data/blob/main/craw-data/scores/SPK/2025.json
SPK,7510206A,Công nghệ Kỹ thuật nhiệt (đào tạo bằng tiếng Anh),7510206,2025,https://github.com/kbaoooo/vn_schools_scores_data/blob/main/craw-data/scores/SPK/2025.json
SPK,7510206N,Công nghệ Kỹ thuật nhiệt (đào tạo bằng tiếng Nhật),7510206,2025,https://github.com/kbaoooo/vn_schools_scores_data/blob/main/craw-data/scores/SPK/2025.json
SPK,7510206V,Công nghệ Kỹ thuật nhiệt (đào tạo bằng tiếng Việt),7510206,2025,https://github.com/kbaoooo/vn_schools_scores_data/blob/main/craw-data/scores/SPK/2025.json
SPK,7510208V,Năng lượng tái tạo (đào tạo bằng tiếng Việt),7510208,2025,https://github.com/kbaoooo/vn_schools_scores_data/blob/main/craw-data/scores/SPK/2025.json
SPK,7510209V,Robot và trí tuệ nhân tạo (đào tạo bằng tiếng Việt),7510209,2025,https://github.com/kbaoooo/vn_schools_scores_data/blob/main/craw-data/scores/SPK/2025.json
SPK,7510301A,"Công nghệ Kỹ thuật điện, điện tử (đào tạo bằng tiếng Anh)",7510301,2025,https://github.com/kbaoooo/vn_schools_scores_data/blob/main/craw-data/scores/SPK/2025.json
SPK,7510301BP,"Công nghệ Kỹ thuật điện, điện tử (đào tạo tại phân hiệu Bình Phước)",7510301,2025,https://github.com/kbaoooo/vn_schools_scores_data/blob/main/craw-data/scores/SPK/2025.json
SPK,7510301V,"Công nghệ Kỹ thuật điện, điện tử (đào tạo bằng tiếng Việt)",7510301,2025,https://github.com/kbaoooo/vn_schools_scores_data/blob/main/craw-data/scores/SPK/2025.json
SPK,7510302A,Công nghệ Kỹ thuật điện tử - viễn thông (đào tạo bằng tiếng Anh),7510302,2025,https://github.com/kbaoooo/vn_schools_scores_data/blob/main/craw-data/scores/SPK/2025.json
SPK,7510302KTVM,Chương trình đào tạo Kỹ thuật Thiết kế vi mạch (thuộc ngành CNKT Điện tử - viễn thông) (đào tạo bằng tiếng Việt),7510302,2025,https://github.com/kbaoooo/vn_schools_scores_data/blob/main/craw-data/scores/SPK/2025.json
SPK,7510302N,Công nghệ Kỹ thuật điện tử - viễn thông (đào tạo bằng tiếng Nhật),7510302,2025,https://github.com/kbaoooo/vn_schools_scores_data/blob/main/craw-data/scores/SPK/2025.json
SPK,7510302V,Công nghệ Kỹ thuật điện tử - viễn thông (đào tạo bằng tiếng Việt),7510302,2025,https://github.com/kbaoooo/vn_schools_scores_data/blob/main/craw-data/scores/SPK/2025.json
SPK,7510303A,Công nghệ Kỹ thuật điều khiển và tự động hóa (đào tạo bằng tiếng Anh),7510303,2025,https://github.com/kbaoooo/vn_schools_scores_data/blob/main/craw-data/scores/SPK/2025.json
SPK,7510303BP,Công nghệ Kỹ thuật điều khiển và tự động hóa (đào tạo tại phân hiệu Bình Phước),7510303,2025,https://github.com/kbaoooo/vn_schools_scores_data/blob/main/craw-data/scores/SPK/2025.json
SPK,7510303V,Công nghệ Kỹ thuật điều khiển và tự động hóa (đào tạo bằng tiếng Việt),7510303,2025,https://github.com/kbaoooo/vn_schools_scores_data/blob/main/craw-data/scores/SPK/2025.json
SPK,7510401A,Công nghệ Kỹ thuật hóa học (đào tạo bằng tiếng Anh),7510401,2025,https://github.com/kbaoooo/vn_schools_scores_data/blob/main/craw-data/scores/SPK/2025.json
SPK,7510401V,Công nghệ Kỹ thuật hóa học (đào tạo bằng tiếng Việt),7510401,2025,https://github.com/kbaoooo/vn_schools_scores_data/blob/main/craw-data/scores/SPK/2025.json
SPK,7510402A,Công nghệ vật liệu (đào tạo bằng tiếng Anh),7510402,2025,https://github.com/kbaoooo/vn_schools_scores_data/blob/main/craw-data/scores/SPK/2025.json
SPK,7510402V,Công nghệ vật liệu (đào tạo bằng tiếng Việt),7510402,2025,https://github.com/kbaoooo/vn_schools_scores_data/blob/main/craw-data/scores/SPK/2025.json
SPK,7510406V,Công nghệ Kỹ thuật môi trường (đào tạo bằng tiếng Việt),7510406,2025,https://github.com/kbaoooo/vn_schools_scores_data/blob/main/craw-data/scores/SPK/2025.json
SPK,7510601A,Quản lý công nghiệp (đào tạo bằng tiếng Anh),7510601,2025,https://github.com/kbaoooo/vn_schools_scores_data/blob/main/craw-data/scores/SPK/2025.json
SPK,7510601BP,Quản lý công nghiệp (đào tạo tại phân hiệu Bình Phước),7510601,2025,https://github.com/kbaoooo/vn_schools_scores_data/blob/main/craw-data/scores/SPK/2025.json
SPK,7510601V,Quản lý công nghiệp (đào tạo bằng tiếng Việt),7510601,2025,https://github.com/kbaoooo/vn_schools_scores_data/blob/main/craw-data/scores/SPK/2025.json
SPK,7510605BP,Logistics và quản lý chuỗi cung ứng (đào tạo tại phân hiệu Bình Phước),7510605,2025,https://github.com/kbaoooo/vn_schools_scores_data/blob/main/craw-data/scores/SPK/2025.json
SPK,7510605V,Logistics và quản lý chuỗi cung ứng (đào tạo bằng tiếng Việt),7510605,2025,https://github.com/kbaoooo/vn_schools_scores_data/blob/main/craw-data/scores/SPK/2025.json
SPK,7510801V,Công nghệ Kỹ thuật in (đào tạo bằng tiếng Việt),7510801,2025,https://github.com/kbaoooo/vn_schools_scores_data/blob/main/craw-data/scores/SPK/2025.json
SPK,7520117V,Kỹ thuật công nghiệp (đào tạo bằng tiếng Việt),7520117,2025,https://github.com/kbaoooo/vn_schools_scores_data/blob/main/craw-data/scores/SPK/2025.json
SPK,7520212A,Kỹ thuật y sinh (Điện tử y sinh) (đào tạo bằng tiếng Anh),7520212,2025,https://github.com/kbaoooo/vn_schools_scores_data/blob/main/craw-data/scores/SPK/2025.json
SPK,7520212V,Kỹ thuật y sinh (Điện tử y sinh) (đào tạo bằng tiếng Việt),7520212,2025,https://github.com/kbaoooo/vn_schools_scores_data/blob/main/craw-data/scores/SPK/2025.json
SPK,7520401V,"Vật lý kỹ thuật (định hướng công nghệ bán dẫn và cảm biến, đo lường) (đào tạo bằng tiếng Việt)",7520401,2025,https://github.com/kbaoooo/vn_schools_scores_data/blob/main/craw-data/scores/SPK/2025.json
SPK,7540101A,Công nghệ thực phẩm (đào tạo bằng tiếng Anh),7540101,2025,https://github.com/kbaoooo/vn_schools_scores_data/blob/main/craw-data/scores/SPK/2025.json
SPK,7540101DD,Chương trình đào tạo Khoa học thực phẩm & Dinh dưỡng (thuộc ngành Công nghệ thực phẩm) (đào tạo bằng tiếng Việt),7540101,2025,https://github.com/kbaoooo/vn_schools_scores_data/blob/main/craw-data/scores/SPK/2025.json
SPK,7540101V,Công nghệ thực phẩm (đào tạo bằng tiếng Việt),7540101,2025,https://github.com/kbaoooo/vn_schools_scores_data/blob/main/craw-data/scores/SPK/2025.json
SPK,7540209V,Công nghệ may (đào tạo bằng tiếng Việt),7540209,2025,https://github.com/kbaoooo/vn_schools_scores_data/blob/main/craw-data/scores/SPK/2025.json
SPK,7549002V,Kỹ nghệ gỗ và nội thất (đào tạo bằng tiếng Việt),7549002,2025,https://github.com/kbaoooo/vn_schools_scores_data/blob/main/craw-data/scores/SPK/2025.json
SPK,7580101V,Kiến trúc (đào tạo bằng tiếng Việt),7580101,2025,https://github.com/kbaoooo/vn_schools_scores_data/blob/main/craw-data/scores/SPK/2025.json
SPK,7580103V,Kiến trúc nội thất (đào tạo bằng tiếng Việt),7580103,2025,https://github.com/kbaoooo/vn_schools_scores_data/blob/main/craw-data/scores/SPK/2025.json
SPK,7580205V,Kỹ thuật xây dựng công trình giao thông * (đào tạo bằng tiếng Việt),7580205,2025,https://github.com/kbaoooo/vn_schools_scores_data/blob/main/craw-data/scores/SPK/2025.json
SPK,7580302BP,Quản lý xây dựng (đào tạo tại phân hiệu Bình Phước),7580302,2025,https://github.com/kbaoooo/vn_schools_scores_data/blob/main/craw-data/scores/SPK/2025.json
SPK,7580302V,Quản lý xây dựng (đào tạo bằng tiếng Việt),7580302,2025,https://github.com/kbaoooo/vn_schools_scores_data/blob/main/craw-data/scores/SPK/2025.json
SPK,7810202V,Quản trị NH và DV ăn uống (đào tạo bằng tiếng Việt),7810202,2025,https://github.com/kbaoooo/vn_schools_scores_data/blob/main/craw-data/scores/SPK/2025.json
SPK,7840110V,Quản lý và vận hành hạ tầng (đào tạo bằng tiếng Việt),7840110,2025,https://github.com/kbaoooo/vn_schools_scores_data/blob/main/craw-data/scores/SPK/2025.json
SPK,7850101V,Quản lý tài nguyên & môi trường (chuyên ngành Môi trường và Phát triển bền vững) (đào tạo bằng tiếng Việt),7850101,2025,https://github.com/kbaoooo/vn_schools_scores_data/blob/main/craw-data/scores/SPK/2025.json
SPS,7140101,Giáo dục học,7140101,2025,https://github.com/kbaoooo/vn_schools_scores_data/blob/main/craw-data/scores/SPS/2025.json
SPS,7140103,Công nghệ giáo dục,7140103,2025,https://github.com/kbaoooo/vn_schools_scores_data/blob/main/craw-data/scores/SPS/2025.json
SPS,7140114,Quản lý giáo dục,7140114,2025,https://github.com/kbaoooo/vn_schools_scores_data/blob/main/craw-data/scores/SPS/2025.json
SPS,7140201,Giáo dục Mầm non,7140201,2025,https://github.com/kbaoooo/vn_schools_scores_data/blob/main/craw-data/scores/SPS/2025.json
SPS,7140201_GL,Giáo dục Mầm non (trình độ đại học),7140201,2025,https://github.com/kbaoooo/vn_schools_scores_data/blob/main/craw-data/scores/SPS/2025.json
SPS,7140201_LA,Giáo dục Mầm non (trình độ đại học),7140201,2025,https://github.com/kbaoooo/vn_schools_scores_data/blob/main/craw-data/scores/SPS/2025.json
SPS,7140202,Giáo dục Tiểu học,7140202,2025,https://github.com/kbaoooo/vn_schools_scores_data/blob/main/craw-data/scores/SPS/2025.json
SPS,7140202_GL,Giáo dục Tiểu học,7140202,2025,https://github.com/kbaoooo/vn_schools_scores_data/blob/main/craw-data/scores/SPS/2025.json
SPS,7140202_LA,Giáo dục Tiểu học,7140202,2025,https://github.com/kbaoooo/vn_schools_scores_data/blob/main/craw-data/scores/SPS/2025.json
SPS,7140203,Giáo dục Đặc biệt,7140203,2025,https://github.com/kbaoooo/vn_schools_scores_data/blob/main/craw-data/scores/SPS/2025.json
SPS,7140204,Giáo dục Công dân,7140204,2025,https://github.com/kbaoooo/vn_schools_scores_data/blob/main/craw-data/scores/SPS/2025.json
SPS,7140205,Giáo dục Chính trị,7140205,2025,https://github.com/kbaoooo/vn_schools_scores_data/blob/main/craw-data/scores/SPS/2025.json
SPS,7140206,Giáo dục Thể chất,7140206,2025,https://github.com/kbaoooo/vn_schools_scores_data/blob/main/craw-data/scores/SPS/2025.json
SPS,7140206_LA,Giáo dục Thể chất,7140206,2025,https://github.com/kbaoooo/vn_schools_scores_data/blob/main/craw-data/scores/SPS/2025.json
SPS,7140208,Giáo dục Quốc phòng - An ninh,7140208,2025,https://github.com/kbaoooo/vn_schools_scores_data/blob/main/craw-data/scores/SPS/2025.json
SPS,7140208_LA,Giáo dục Quốc phòng - An ninh,7140208,2025,https://github.com/kbaoooo/vn_schools_scores_data/blob/main/craw-data/scores/SPS/2025.json
SPS,7140209,Sư phạm Toán học,7140209,2025,https://github.com/kbaoooo/vn_schools_scores_data/blob/main/craw-data/scores/SPS/2025.json
SPS,7140209_LA,Sư phạm Toán học,7140209,2025,https://github.com/kbaoooo/vn_schools_scores_data/blob/main/craw-data/scores/SPS/2025.json
SPS,7140210,Sư phạm Tin học,7140210,2025,https://github.com/kbaoooo/vn_schools_scores_data/blob/main/craw-data/scores/SPS/2025.json
SPS,7140211,Sư phạm Vật lý,7140211,2025,https://github.com/kbaoooo/vn_schools_scores_data/blob/main/craw-data/scores/SPS/2025.json
SPS,7140212,Sư phạm Hoá học,7140212,2025,https://github.com/kbaoooo/vn_schools_scores_data/blob/main/craw-data/scores/SPS/2025.json
SPS,7140213,Sư phạm Sinh học,7140213,2025,https://github.com/kbaoooo/vn_schools_scores_data/blob/main/craw-data/scores/SPS/2025.json
SPS,7140217,Sư phạm Ngữ văn,7140217,2025,https://github.com/kbaoooo/vn_schools_scores_data/blob/main/craw-data/scores/SPS/2025.json
SPS,7140217_LA,Sư phạm Ngữ văn,7140217,2025,https://github.com/kbaoooo/vn_schools_scores_data/blob/main/craw-data/scores/SPS/2025.json
SPS,7140218,Sư phạm Lịch sử,7140218,2025,https://github.com/kbaoooo/vn_schools_scores_data/blob/main/craw-data/scores/SPS/2025.json
SPS,7140219,Sư phạm Địa lý,7140219,2025,https://github.com/kbaoooo/vn_schools_scores_data/blob/main/craw-data/scores/SPS/2025.json
SPS,7140231,Sư phạm Tiếng Anh,7140231,2025,https://github.com/kbaoooo/vn_schools_scores_data/blob/main/craw-data/scores/SPS/2025.json
SPS,7140231_LA,Sư phạm Tiếng Anh,7140231,2025,https://github.com/kbaoooo/vn_schools_scores_data/blob/main/craw-data/scores/SPS/2025.json
SPS,7140232,Sư phạm Tiếng Nga,7140232,2025,https://github.com/kbaoooo/vn_schools_scores_data/blob/main/craw-data/scores/SPS/2025.json
SPS,7140233,Sư phạm Tiếng Pháp,7140233,2025,https://github.com/kbaoooo/vn_schools_scores_data/blob/main/craw-data/scores/SPS/2025.json
SPS,7140234,Sư phạm Tiếng Trung Quốc,7140234,2025,https://github.com/kbaoooo/vn_schools_scores_data/blob/main/craw-data/scores/SPS/2025.json
SPS,7140246,Sư phạm công nghệ,7140246,2025,https://github.com/kbaoooo/vn_schools_scores_data/blob/main/craw-data/scores/SPS/2025.json
SPS,7140247,Sư phạm khoa học tự nhiên,7140247,2025,https://github.com/kbaoooo/vn_schools_scores_data/blob/main/craw-data/scores/SPS/2025.json
SPS,7140247_GL,Sư phạm khoa học tự nhiên,7140247,2025,https://github.com/kbaoooo/vn_schools_scores_data/blob/main/craw-data/scores/SPS/2025.json
SPS,7140249,Sư phạm Lịch sử - Địa lý,7140249,2025,https://github.com/kbaoooo/vn_schools_scores_data/blob/main/craw-data/scores/SPS/2025.json
SPS,7140249_LA,Sư phạm Lịch sử - Địa lý,7140249,2025,https://github.com/kbaoooo/vn_schools_scores_data/blob/main/craw-data/scores/SPS/2025.json
SPS,7220201,Ngôn ngữ Anh,7220201,2025,https://github.com/kbaoooo/vn_schools_scores_data/blob/main/craw-data/scores/SPS/2025.json
SPS,7220202,Ngôn ngữ Nga,7220202,2025,https://github.com/kbaoooo/vn_schools_scores_data/blob/main/craw-data/scores/SPS/2025.json
SPS,7220203,Ngôn ngữ Pháp,7220203,2025,https://github.com/kbaoooo/vn_schools_scores_data/blob/main/craw-data/scores/SPS/2025.json
SPS,7220204,Ngôn ngữ Trung Quốc,7220204,2025,https://github.com/kbaoooo/vn_schools_scores_data/blob/main/craw-data/scores/SPS/2025.json
SPS,7220209,Ngôn ngữ Nhật,7220209,2025,https://github.com/kbaoooo/vn_schools_scores_data/blob/main/craw-data/scores/SPS/2025.json
SPS,7220210,Ngôn ngữ Hàn quốc,7220210,2025,https://github.com/kbaoooo/vn_schools_scores_data/blob/main/craw-data/scores/SPS/2025.json
SPS,7229030,Văn học,7229030,2025,https://github.com/kbaoooo/vn_schools_scores_data/blob/main/craw-data/scores/SPS/2025.json
SPS,7310401,Tâm lý học,7310401,2025,https://github.com/kbaoooo/vn_schools_scores_data/blob/main/craw-data/scores/SPS/2025.json
SPS,7310403,Tâm lý học giáo dục,7310403,2025,https://github.com/kbaoooo/vn_schools_scores_data/blob/main/craw-data/scores/SPS/2025.json
SPS,7310501,Địa lý học,7310501,2025,https://github.com/kbaoooo/vn_schools_scores_data/blob/main/craw-data/scores/SPS/2025.json
SPS,7310601,Quốc tế học,7310601,2025,https://github.com/kbaoooo/vn_schools_scores_data/blob/main/craw-data/scores/SPS/2025.json
SPS,7310630,Việt Nam học,7310630,2025,https://github.com/kbaoooo/vn_schools_scores_data/blob/main/craw-data/scores/SPS/2025.json
SPS,7420203,Sinh học ứng dụng,7420203,2025,https://github.com/kbaoooo/vn_schools_scores_data/blob/main/craw-data/scores/SPS/2025.json
SPS,7440102,Vật lý học,7440102,2025,https://github.com/kbaoooo/vn_schools_scores_data/blob/main/craw-data/scores/SPS/2025.json
SPS,7440112,Hoá học,7440112,2025,https://github.com/kbaoooo/vn_schools_scores_data/blob/main/craw-data/scores/SPS/2025.json
SPS,7460112,Toán ứng dụng,7460112,2025,https://github.com/kbaoooo/vn_schools_scores_data/blob/main/craw-data/scores/SPS/2025.json
SPS,7480201,Công nghệ thông tin,7480201,2025,https://github.com/kbaoooo/vn_schools_scores_data/blob/main/craw-data/scores/SPS/2025.json
SPS,7760101,Công tác xã hội,7760101,2025,https://github.com/kbaoooo/vn_schools_scores_data/blob/main/craw-data/scores/SPS/2025.json
SPS,7810101,Du lịch,7810101,2025,https://github.com/kbaoooo/vn_schools_scores_data/blob/main/craw-data/scores/SPS/2025.json
STS,7140206,Giáo dục thể chất,7140206,2025,https://github.com/kbaoooo/vn_schools_scores_data/blob/main/craw-data/scores/STS/2025.json
STS,7810301,Quản lý thể dục thể thao,7810301,2025,https://github.com/kbaoooo/vn_schools_scores_data/blob/main/craw-data/scores/STS/2025.json
STS,7810302,Huấn luyện Thể thao,7810302,2025,https://github.com/kbaoooo/vn_schools_scores_data/blob/main/craw-data/scores/STS/2025.json
TBD,7210403,Thiết kế đồ họa,7210403,2025,https://github.com/kbaoooo/vn_schools_scores_data/blob/main/craw-data/scores/TBD/2025.json
TBD,7220201,Ngôn ngữ Anh,7220201,2025,https://github.com/kbaoooo/vn_schools_scores_data/blob/main/craw-data/scores/TBD/2025.json
TBD,7310205,Quản lý nhà nước,7310205,2025,https://github.com/kbaoooo/vn_schools_scores_data/blob/main/craw-data/scores/TBD/2025.json
TBD,7310608,Đông Phương học,7310608,2025,https://github.com/kbaoooo/vn_schools_scores_data/blob/main/craw-data/scores/TBD/2025.json
TBD,7320104,Truyền thông đa phương tiện,7320104,2025,https://github.com/kbaoooo/vn_schools_scores_data/blob/main/craw-data/scores/TBD/2025.json
TBD,7340101,Quản trị kinh doanh,7340101,2025,https://github.com/kbaoooo/vn_schools_scores_data/blob/main/craw-data/scores/TBD/2025.json
TBD,7340115,Marketing,7340115,2025,https://github.com/kbaoooo/vn_schools_scores_data/blob/main/craw-data/scores/TBD/2025.json
TBD,7340201,Tài chính – Ngân hàng,7340201,2025,https://github.com/kbaoooo/vn_schools_scores_data/blob/main/craw-data/scores/TBD/2025.json
TBD,7340301,Kế toán,7340301,2025,https://github.com/kbaoooo/vn_schools_scores_data/blob/main/craw-data/scores/TBD/2025.json
TBD,7380101,Luật,7380101,2025,https://github.com/kbaoooo/vn_schools_scores_data/blob/main/craw-data/scores/TBD/2025.json
TBD,7480103,Kỹ thuật phần mềm,7480103,2025,https://github.com/kbaoooo/vn_schools_scores_data/blob/main/craw-data/scores/TBD/2025.json
TBD,7480201,Công nghệ thông tin,7480201,2025,https://github.com/kbaoooo/vn_schools_scores_data/blob/main/craw-data/scores/TBD/2025.json
TBD,7480207,Trí tuệ nhân tạo,7480207,2025,https://github.com/kbaoooo/vn_schools_scores_data/blob/main/craw-data/scores/TBD/2025.json
TBD,7510605,Logistics và Quản lý chuỗi cung ứng,7510605,2025,https://github.com/kbaoooo/vn_schools_scores_data/blob/main/craw-data/scores/TBD/2025.json
TBD,7810101,Du lịch,7810101,2025,https://github.com/kbaoooo/vn_schools_scores_data/blob/main/craw-data/scores/TBD/2025.json
TBD,7810201,Quản trị khách sạn,7810201,2025,https://github.com/kbaoooo/vn_schools_scores_data/blob/main/craw-data/scores/TBD/2025.json
TCT,7140201,Giáo dục mầm non,7140201,2025,https://github.com/kbaoooo/vn_schools_scores_data/blob/main/craw-data/scores/TCT/2025.json
TCT,7140202,Giáo dục Tiểu học,7140202,2025,https://github.com/kbaoooo/vn_schools_scores_data/blob/main/craw-data/scores/TCT/2025.json
TCT,7140204,Giáo dục Công dân,7140204,2025,https://github.com/kbaoooo/vn_schools_scores_data/blob/main/craw-data/scores/TCT/2025.json
TCT,7140206,Giáo dục Thể chất,7140206,2025,https://github.com/kbaoooo/vn_schools_scores_data/blob/main/craw-data/scores/TCT/2025.json
TCT,7140209,Sư phạm Toán học,7140209,2025,https://github.com/kbaoooo/vn_schools_scores_data/blob/main/craw-data/scores/TCT/2025.json
TCT,7140210,Sư phạm Tin học,7140210,2025,https://github.com/kbaoooo/vn_schools_scores_data/blob/main/craw-data/scores/TCT/2025.json
TCT,7140211,Sư phạm Vật lý,7140211,2025,https://github.com/kbaoooo/vn_schools_scores_data/blob/main/craw-data/scores/TCT/2025.json
TCT,7140212,Sư phạm Hóa học,7140212,2025,https://github.com/kbaoooo/vn_schools_scores_data/blob/main/craw-data/scores/TCT/2025.json
TCT,7140213,Sư phạm Sinh học,7140213,2025,https://github.com/kbaoooo/vn_schools_scores_data/blob/main/craw-data/scores/TCT/2025.json
TCT,7140217,Sư phạm Ngữ văn,7140217,2025,https://github.com/kbaoooo/vn_schools_scores_data/blob/main/craw-data/scores/TCT/2025.json
TCT,7140218,Sư phạm Lịch sử,7140218,2025,https://github.com/kbaoooo/vn_schools_scores_data/blob/main/craw-data/scores/TCT/2025.json
TCT,7140219,Sư phạm Địa lý,7140219,2025,https://github.com/kbaoooo/vn_schools_scores_data/blob/main/craw-data/scores/TCT/2025.json
TCT,7140231,Sư phạm Tiếng Anh,7140231,2025,https://github.com/kbaoooo/vn_schools_scores_data/blob/main/craw-data/scores/TCT/2025.json
TCT,7140233,Sư phạm Tiếng Pháp,7140233,2025,https://github.com/kbaoooo/vn_schools_scores_data/blob/main/craw-data/scores/TCT/2025.json
TCT,7140247,Sư phạm Khoa học tự nhiên,7140247,2025,https://github.com/kbaoooo/vn_schools_scores_data/blob/main/craw-data/scores/TCT/2025.json
TCT,7140249,Sư phạm Lịch sử - Địa lý,7140249,2025,https://github.com/kbaoooo/vn_schools_scores_data/blob/main/craw-data/scores/TCT/2025.json
TCT,7220201,Ngôn ngữ Anh,7220201,2025,https://github.com/kbaoooo/vn_schools_scores_data/blob/main/craw-data/scores/TCT/2025.json
TCT,7220201C,Ngôn ngữ Anh (CTCLC),7220201,2025,https://github.com/kbaoooo/vn_schools_scores_data/blob/main/craw-data/scores/TCT/2025.json
TCT,7220201H,Ngôn ngữ Anh - học tại khu Hòa An,7220201,2025,https://github.com/kbaoooo/vn_schools_scores_data/blob/main/craw-data/scores/TCT/2025.json
TCT,7220203,Ngôn ngữ Pháp,7220203,2025,https://github.com/kbaoooo/vn_schools_scores_data/blob/main/craw-data/scores/TCT/2025.json
TCT,7229001,Triết học,7229001,2025,https://github.com/kbaoooo/vn_schools_scores_data/blob/main/craw-data/scores/TCT/2025.json
TCT,7229030,Văn học,7229030,2025,https://github.com/kbaoooo/vn_schools_scores_data/blob/main/craw-data/scores/TCT/2025.json
TCT,7310101,Kinh tế,7310101,2025,https://github.com/kbaoooo/vn_schools_scores_data/blob/main/craw-data/scores/TCT/2025.json
TCT,7310201,Chính trị học,7310201,2025,https://github.com/kbaoooo/vn_schools_scores_data/blob/main/craw-data/scores/TCT/2025.json
TCT,7310301,Xã hội học,7310301,2025,https://github.com/kbaoooo/vn_schools_scores_data/blob/main/craw-data/scores/TCT/2025.json
TCT,7310403,Tâm lý học giáo dục,7310403,2025,https://github.com/kbaoooo/vn_schools_scores_data/blob/main/craw-data/scores/TCT/2025.json
TCT,7320101,Báo chí,7320101,2025,https://github.com/kbaoooo/vn_schools_scores_data/blob/main/craw-data/scores/TCT/2025.json
TCT,7320104,Truyền thông đa phương tiện,7320104,2025,https://github.com/kbaoooo/vn_schools_scores_data/blob/main/craw-data/scores/TCT/2025.json
TCT,7320201,Thông tin - thư viện,7320201,2025,https://github.com/kbaoooo/vn_schools_scores_data/blob/main/craw-data/scores/TCT/2025.json
TCT,7340101,Quản trị kinh doanh,7340101,2025,https://github.com/kbaoooo/vn_schools_scores_data/blob/main/craw-data/scores/TCT/2025.json
TCT,7340101C,Quản trị kinh doanh (CTCLC),7340101,2025,https://github.com/kbaoooo/vn_schools_scores_data/blob/main/craw-data/scores/TCT/2025.json
TCT,7340101H,Quản trị kinh doanh - học tại khu Hòa An,7340101,2025,https://github.com/kbaoooo/vn_schools_scores_data/blob/main/craw-data/scores/TCT/2025.json
TCT,7340115,Marketing,7340115,2025,https://github.com/kbaoooo/vn_schools_scores_data/blob/main/craw-data/scores/TCT/2025.json
TCT,7340120,Kinh doanh quốc tế,7340120,2025,https://github.com/kbaoooo/vn_schools_scores_data/blob/main/craw-data/scores/TCT/2025.json
TCT,7340120C,Kinh doanh quốc tế (CTCLC),7340120,2025,https://github.com/kbaoooo/vn_schools_scores_data/blob/main/craw-data/scores/TCT/2025.json
TCT,7340121,Kinh doanh thương mại,7340121,2025,https://github.com/kbaoooo/vn_schools_scores_data/blob/main/craw-data/scores/TCT/2025.json
TCT,7340122,Thương mại điện tử,7340122,2025,https://github.com/kbaoooo/vn_schools_scores_data/blob/main/craw-data/scores/TCT/2025.json
TCT,7340201,Tài chính - Ngân hàng,7340201,2025,https://github.com/kbaoooo/vn_schools_scores_data/blob/main/craw-data/scores/TCT/2025.json
TCT,7340201C,Tài chính - Ngân hàng (CTCLC),7340201,2025,https://github.com/kbaoooo/vn_schools_scores_data/blob/main/craw-data/scores/TCT/2025.json
TCT,7340301,Kế toán,7340301,2025,https://github.com/kbaoooo/vn_schools_scores_data/blob/main/craw-data/scores/TCT/2025.json
TCT,7340301S,Kế toán - học tại khu Sóc Trăng,7340301,2025,https://github.com/kbaoooo/vn_schools_scores_data/blob/main/craw-data/scores/TCT/2025.json
TCT,7340302,Kiểm toán,7340302,2025,https://github.com/kbaoooo/vn_schools_scores_data/blob/main/craw-data/scores/TCT/2025.json
TCT,7380101,Luật,7380101,2025,https://github.com/kbaoooo/vn_schools_scores_data/blob/main/craw-data/scores/TCT/2025.json
TCT,7380101H,Luật - học tại khu Hòa An,7380101,2025,https://github.com/kbaoooo/vn_schools_scores_data/blob/main/craw-data/scores/TCT/2025.json
TCT,7380101S,Luật - học tại khu Sóc Trăng,7380101,2025,https://github.com/kbaoooo/vn_schools_scores_data/blob/main/craw-data/scores/TCT/2025.json
TCT,7380103,Luật dân sự và tố tụng dân sự,7380103,2025,https://github.com/kbaoooo/vn_schools_scores_data/blob/main/craw-data/scores/TCT/2025.json
TCT,7380107,Luật kinh tế,7380107,2025,https://github.com/kbaoooo/vn_schools_scores_data/blob/main/craw-data/scores/TCT/2025.json
TCT,7420101,Sinh học,7420101,2025,https://github.com/kbaoooo/vn_schools_scores_data/blob/main/craw-data/scores/TCT/2025.json
TCT,7420201,Công nghệ sinh học,7420201,2025,https://github.com/kbaoooo/vn_schools_scores_data/blob/main/craw-data/scores/TCT/2025.json
TCT,7420201T,Công nghệ sinh học (CTTT),7420201,2025,https://github.com/kbaoooo/vn_schools_scores_data/blob/main/craw-data/scores/TCT/2025.json
TCT,7420203,Sinh học ứng dụng,7420203,2025,https://github.com/kbaoooo/vn_schools_scores_data/blob/main/craw-data/scores/TCT/2025.json
TCT,7440112,Hóa học,7440112,2025,https://github.com/kbaoooo/vn_schools_scores_data/blob/main/craw-data/scores/TCT/2025.json
TCT,7440301,Khoa học môi trường,7440301,2025,https://github.com/kbaoooo/vn_schools_scores_data/blob/main/craw-data/scores/TCT/2025.json
TCT,7460112,Toán ứng dụng,7460112,2025,https://github.com/kbaoooo/vn_schools_scores_data/blob/main/craw-data/scores/TCT/2025.json
TCT,7460201,Thống kê,7460201,2025,https://github.com/kbaoooo/vn_schools_scores_data/blob/main/craw-data/scores/TCT/2025.json
TCT,7480101,Khoa học máy tính,7480101,2025,https://github.com/kbaoooo/vn_schools_scores_data/blob/main/craw-data/scores/TCT/2025.json
TCT,7480102,Mạng máy tính và truyền thông dữ liệu,7480102,2025,https://github.com/kbaoooo/vn_schools_scores_data/blob/main/craw-data/scores/TCT/2025.json
TCT,7480102C,Mạng máy tính và truyền thông dữ liệu (CTCLC),7480102,2025,https://github.com/kbaoooo/vn_schools_scores_data/blob/main/craw-data/scores/TCT/2025.json
TCT,7480103,Kỹ thuật phần mềm,7480103,2025,https://github.com/kbaoooo/vn_schools_scores_data/blob/main/craw-data/scores/TCT/2025.json
TCT,7480103C,Kỹ thuật phần mềm (CTCLC),7480103,2025,https://github.com/kbaoooo/vn_schools_scores_data/blob/main/craw-data/scores/TCT/2025.json
TCT,7480104,Hệ thống thông tin,7480104,2025,https://github.com/kbaoooo/vn_schools_scores_data/blob/main/craw-data/scores/TCT/2025.json
TCT,7480104C,Hệ thống thông tin (CTCLC),7480104,2025,https://github.com/kbaoooo/vn_schools_scores_data/blob/main/craw-data/scores/TCT/2025.json
TCT,7480106,Kỹ thuật máy tính (Thiết kế vi mạch bán dẫn),7480106,2025,https://github.com/kbaoooo/vn_schools_scores_data/blob/main/craw-data/scores/TCT/2025.json
TCT,7480107,Trí tuệ nhân tạo,7480107,2025,https://github.com/kbaoooo/vn_schools_scores_data/blob/main/craw-data/scores/TCT/2025.json
TCT,7480201,Công nghệ thông tin,7480201,2025,https://github.com/kbaoooo/vn_schools_scores_data/blob/main/craw-data/scores/TCT/2025.json
TCT,7480201C,Công nghệ thông tin (CTCLC),7480201,2025,https://github.com/kbaoooo/vn_schools_scores_data/blob/main/craw-data/scores/TCT/2025.json
TCT,7480201H,Công nghệ thông tin - học tại khu Hòa An,7480201,2025,https://github.com/kbaoooo/vn_schools_scores_data/blob/main/craw-data/scores/TCT/2025.json
TCT,7480202,An toàn thông tin,7480202,2025,https://github.com/kbaoooo/vn_schools_scores_data/blob/main/craw-data/scores/TCT/2025.json
TCT,7510401,Công nghệ kỹ thuật hóa học,7510401,2025,https://github.com/kbaoooo/vn_schools_scores_data/blob/main/craw-data/scores/TCT/2025.json
TCT,7510401C,Công nghệ kỹ thuật hóa học (CTCLC),7510401,2025,https://github.com/kbaoooo/vn_schools_scores_data/blob/main/craw-data/scores/TCT/2025.json
TCT,7510601,Quản lý công nghiệp,7510601,2025,https://github.com/kbaoooo/vn_schools_scores_data/blob/main/craw-data/scores/TCT/2025.json
TCT,7510605,Logistics và Quản lý chuỗi cung ứng,7510605,2025,https://github.com/kbaoooo/vn_schools_scores_data/blob/main/craw-data/scores/TCT/2025.json
TCT,7510605S,Logistics và Quản lý chuỗi cung ứng - học tại khu Sóc Trăng,7510605,2025,https://github.com/kbaoooo/vn_schools_scores_data/blob/main/craw-data/scores/TCT/2025.json
TCT,7520103,Kỹ thuật cơ khí,7520103,2025,https://github.com/kbaoooo/vn_schools_scores_data/blob/main/craw-data/scores/TCT/2025.json
TCT,7520114,Kỹ thuật cơ điện tử,7520114,2025,https://github.com/kbaoooo/vn_schools_scores_data/blob/main/craw-data/scores/TCT/2025.json
TCT,7520130,Kỹ thuật ô tô,7520130,2025,https://github.com/kbaoooo/vn_schools_scores_data/blob/main/craw-data/scores/TCT/2025.json
TCT,7520201,Kỹ thuật điện,7520201,2025,https://github.com/kbaoooo/vn_schools_scores_data/blob/main/craw-data/scores/TCT/2025.json
TCT,7520201C,Kỹ thuật điện (CTCLC),7520201,2025,https://github.com/kbaoooo/vn_schools_scores_data/blob/main/craw-data/scores/TCT/2025.json
TCT,7520207,Kỹ thuật điện tử - viễn thông,7520207,2025,https://github.com/kbaoooo/vn_schools_scores_data/blob/main/craw-data/scores/TCT/2025.json
TCT,7520212,Kỹ thuật y sinh,7520212,2025,https://github.com/kbaoooo/vn_schools_scores_data/blob/main/craw-data/scores/TCT/2025.json
TCT,7520216,Kỹ thuật điều khiển và tự động hóa,7520216,2025,https://github.com/kbaoooo/vn_schools_scores_data/blob/main/craw-data/scores/TCT/2025.json
TCT,7520216C,Kỹ thuật điều khiển và tự động hóa (CTCLC),7520216,2025,https://github.com/kbaoooo/vn_schools_scores_data/blob/main/craw-data/scores/TCT/2025.json
TCT,7520309,Kỹ thuật vật liệu,7520309,2025,https://github.com/kbaoooo/vn_schools_scores_data/blob/main/craw-data/scores/TCT/2025.json
TCT,7520320,Kỹ thuật môi trường,7520320,2025,https://github.com/kbaoooo/vn_schools_scores_data/blob/main/craw-data/scores/TCT/2025.json
TCT,7520401,Vật lý kỹ thuật,7520401,2025,https://github.com/kbaoooo/vn_schools_scores_data/blob/main/craw-data/scores/TCT/2025.json
TCT,7540101,Công nghệ thực phẩm,7540101,2025,https://github.com/kbaoooo/vn_schools_scores_data/blob/main/craw-data/scores/TCT/2025.json
TCT,7540101C,Công nghệ thực phẩm (CTCLC),7540101,2025,https://github.com/kbaoooo/vn_schools_scores_data/blob/main/craw-data/scores/TCT/2025.json
TCT,7540104,Công nghệ sau thu hoạch,7540104,2025,https://github.com/kbaoooo/vn_schools_scores_data/blob/main/craw-data/scores/TCT/2025.json
TCT,7540105,Công nghệ chế biến thủy sản,7540105,2025,https://github.com/kbaoooo/vn_schools_scores_data/blob/main/craw-data/scores/TCT/2025.json
TCT,7540106,Đảm bảo chất lượng và an toàn thực phẩm,7540106,2025,https://github.com/kbaoooo/vn_schools_scores_data/blob/main/craw-data/scores/TCT/2025.json
TCT,7580101,Kiến trúc,7580101,2025,https://github.com/kbaoooo/vn_schools_scores_data/blob/main/craw-data/scores/TCT/2025.json
TCT,7580105,Quy hoạch vùng và đô thị,7580105,2025,https://github.com/kbaoooo/vn_schools_scores_data/blob/main/craw-data/scores/TCT/2025.json
TCT,7580201,Kỹ thuật xây dựng,7580201,2025,https://github.com/kbaoooo/vn_schools_scores_data/blob/main/craw-data/scores/TCT/2025.json
TCT,7580201C,Kỹ thuật xây dựng (CTCLC),7580201,2025,https://github.com/kbaoooo/vn_schools_scores_data/blob/main/craw-data/scores/TCT/2025.json
TCT,7580202,Kỹ thuật xây dựng công trình thủy,7580202,2025,https://github.com/kbaoooo/vn_schools_scores_data/blob/main/craw-data/scores/TCT/2025.json
TCT,7580205,Kỹ thuật xây dựng công trình giao thông,7580205,2025,https://github.com/kbaoooo/vn_schools_scores_data/blob/main/craw-data/scores/TCT/2025.json
TCT,7580213,Kỹ thuật cấp thoát nước,7580213,2025,https://github.com/kbaoooo/vn_schools_scores_data/blob/main/craw-data/scores/TCT/2025.json
TCT,7620103,Khoa học đất,7620103,2025,https://github.com/kbaoooo/vn_schools_scores_data/blob/main/craw-data/scores/TCT/2025.json
TCT,7620105,Chăn nuôi,7620105,2025,https://github.com/kbaoooo/vn_schools_scores_data/blob/main/craw-data/scores/TCT/2025.json
TCT,7620109,Nông học,7620109,2025,https://github.com/kbaoooo/vn_schools_scores_data/blob/main/craw-data/scores/TCT/2025.json
TCT,7620110,Khoa học cây trồng,7620110,2025,https://github.com/kbaoooo/vn_schools_scores_data/blob/main/craw-data/scores/TCT/2025.json
TCT,7620112,Bảo vệ thực vật,7620112,2025,https://github.com/kbaoooo/vn_schools_scores_data/blob/main/craw-data/scores/TCT/2025.json
TCT,7620113,Công nghệ rau hoa quả và cảnh quan,7620113,2025,https://github.com/kbaoooo/vn_schools_scores_data/blob/main/craw-data/scores/TCT/2025.json
TCT,7620114H,Kinh doanh nông nghiệp - học tại khu Hòa An,7620114,2025,https://github.com/kbaoooo/vn_schools_scores_data/blob/main/craw-data/scores/TCT/2025.json
TCT,7620115,Kinh tế nông nghiệp,7620115,2025,https://github.com/kbaoooo/vn_schools_scores_data/blob/main/craw-data/scores/TCT/2025.json
TCT,7620115H,Kinh tế nông nghiệp - học tại khu Hòa An,7620115,2025,https://github.com/kbaoooo/vn_schools_scores_data/blob/main/craw-data/scores/TCT/2025.json
TCT,7620301,Nuôi trồng thủy sản,7620301,2025,https://github.com/kbaoooo/vn_schools_scores_data/blob/main/craw-data/scores/TCT/2025.json
TCT,7620301T,Nuôi trồng thủy sản (CTTT),7620301,2025,https://github.com/kbaoooo/vn_schools_scores_data/blob/main/craw-data/scores/TCT/2025.json
TCT,7620302,Bệnh học thủy sản,7620302,2025,https://github.com/kbaoooo/vn_schools_scores_data/blob/main/craw-data/scores/TCT/2025.json
TCT,7620305,Quản lý thủy sản,7620305,2025,https://github.com/kbaoooo/vn_schools_scores_data/blob/main/craw-data/scores/TCT/2025.json
TCT,7640101,Thú y,7640101,2025,https://github.com/kbaoooo/vn_schools_scores_data/blob/main/craw-data/scores/TCT/2025.json
TCT,7640101C,Thú y (CTCLC),7640101,2025,https://github.com/kbaoooo/vn_schools_scores_data/blob/main/craw-data/scores/TCT/2025.json
TCT,7720203,Hóa dược,7720203,2025,https://github.com/kbaoooo/vn_schools_scores_data/blob/main/craw-data/scores/TCT/2025.json
TCT,7810101,Du lịch,7810101,2025,https://github.com/kbaoooo/vn_schools_scores_data/blob/main/craw-data/scores/TCT/2025.json
TCT,7810101H,Du lịch - học tại khu Hòa An,7810101,2025,https://github.com/kbaoooo/vn_schools_scores_data/blob/main/craw-data/scores/TCT/2025.json
TCT,7810101S,Du lịch - học tại khu Sóc Trăng,7810101,2025,https://github.com/kbaoooo/vn_schools_scores_data/blob/main/craw-data/scores/TCT/2025.json
TCT,7810103,Quản trị dịch vụ du lịch và lữ hành,7810103,2025,https://github.com/kbaoooo/vn_schools_scores_data/blob/main/craw-data/scores/TCT/2025.json
TCT,7810103C,Quản trị dịch vụ du lịch và lữ hành (CTCLC),7810103,2025,https://github.com/kbaoooo/vn_schools_scores_data/blob/main/craw-data/scores/TCT/2025.json
TCT,7850101,Quản lý tài nguyên và môi trường,7850101,2025,https://github.com/kbaoooo/vn_schools_scores_data/blob/main/craw-data/scores/TCT/2025.json
TCT,7850102,Kinh tế tài nguyên thiên nhiên,7850102,2025,https://github.com/kbaoooo/vn_schools_scores_data/blob/main/craw-data/scores/TCT/2025.json
TCT,7850103,Quản lý đất đai,7850103,2025,https://github.com/kbaoooo/vn_schools_scores_data/blob/main/craw-data/scores/TCT/2025.json
TCU,7480201,Công nghệ thông tin,7480201,2025,https://github.com/kbaoooo/vn_schools_scores_data/blob/main/craw-data/scores/TCU/2025.json
TCU,7520207,Kỹ thuật Điện tử - Viễn thông,7520207,2025,https://github.com/kbaoooo/vn_schools_scores_data/blob/main/craw-data/scores/TCU/2025.json
TDB,7140206,Giáo dục thể chất,7140206,2025,https://github.com/kbaoooo/vn_schools_scores_data/blob/main/craw-data/scores/TDB/2025.json
TDB,7729001,Y sinh học TDTT,7729001,2025,https://github.com/kbaoooo/vn_schools_scores_data/blob/main/craw-data/scores/TDB/2025.json
TDB,7810301,Quản lý TDTT,7810301,2025,https://github.com/kbaoooo/vn_schools_scores_data/blob/main/craw-data/scores/TDB/2025.json
TDB,7810302,Huấn luyện thể thao,7810302,2025,https://github.com/kbaoooo/vn_schools_scores_data/blob/main/craw-data/scores/TDB/2025.json
TDD,7140101,Giáo dục học,7140101,2025,https://github.com/kbaoooo/vn_schools_scores_data/blob/main/craw-data/scores/TDD/2025.json
TDD,7220201,Ngôn ngữ Anh,7220201,2025,https://github.com/kbaoooo/vn_schools_scores_data/blob/main/craw-data/scores/TDD/2025.json
TDD,7220204,Ngôn ngữ Trung Quốc,7220204,2025,https://github.com/kbaoooo/vn_schools_scores_data/blob/main/craw-data/scores/TDD/2025.json
TDD,7310630,Việt Nam học (Hướng dẫn du lịch),7310630,2025,https://github.com/kbaoooo/vn_schools_scores_data/blob/main/craw-data/scores/TDD/2025.json
TDD,7340101,Quản trị Kinh doanh,7340101,2025,https://github.com/kbaoooo/vn_schools_scores_data/blob/main/craw-data/scores/TDD/2025.json
TDD,7340301,Kế toán,7340301,2025,https://github.com/kbaoooo/vn_schools_scores_data/blob/main/craw-data/scores/TDD/2025.json
TDD,7340406,Quản trị Văn phòng,7340406,2025,https://github.com/kbaoooo/vn_schools_scores_data/blob/main/craw-data/scores/TDD/2025.json
TDD,7380101,Luật,7380101,2025,https://github.com/kbaoooo/vn_schools_scores_data/blob/main/craw-data/scores/TDD/2025.json
TDD,7480201,Công nghệ thông tin,7480201,2025,https://github.com/kbaoooo/vn_schools_scores_data/blob/main/craw-data/scores/TDD/2025.json
TDD,7510205,Công nghệ kỹ thuật Ô tô,7510205,2025,https://github.com/kbaoooo/vn_schools_scores_data/blob/main/craw-data/scores/TDD/2025.json
TDD,7510301,"Công nghệ kỹ thuật Điện, Điện tử",7510301,2025,https://github.com/kbaoooo/vn_schools_scores_data/blob/main/craw-data/scores/TDD/2025.json
TDD,7720201,Dược học,7720201,2025,https://github.com/kbaoooo/vn_schools_scores_data/blob/main/craw-data/scores/TDD/2025.json
TDD,7720301,Điều dưỡng,7720301,2025,https://github.com/kbaoooo/vn_schools_scores_data/blob/main/craw-data/scores/TDD/2025.json
TDD,7810201,Quản trị khách sạn,7810201,2025,https://github.com/kbaoooo/vn_schools_scores_data/blob/main/craw-data/scores/TDD/2025.json
TDH,7140208,Giáo dục Quốc phòng và An ninh,7140208,2025,https://github.com/kbaoooo/vn_schools_scores_data/blob/main/craw-data/scores/TDH/2025.json
TDL,7140202,Giáo dục Tiểu học,7140202,2025,https://github.com/kbaoooo/vn_schools_scores_data/blob/main/craw-data/scores/TDL/2025.json
TDL,7140209,Sư phạm Toán học,7140209,2025,https://github.com/kbaoooo/vn_schools_scores_data/blob/main/craw-data/scores/TDL/2025.json
TDL,7140210,Sư phạm Tin học,7140210,2025,https://github.com/kbaoooo/vn_schools_scores_data/blob/main/craw-data/scores/TDL/2025.json
TDL,7140211,Sư phạm Vật lý,7140211,2025,https://github.com/kbaoooo/vn_schools_scores_data/blob/main/craw-data/scores/TDL/2025.json
TDL,7140212,Sư phạm Hóa học,7140212,2025,https://github.com/kbaoooo/vn_schools_scores_data/blob/main/craw-data/scores/TDL/2025.json
TDL,7140213,Sư phạm Sinh học,7140213,2025,https://github.com/kbaoooo/vn_schools_scores_data/blob/main/craw-data/scores/TDL/2025.json
TDL,7140217,Sư phạm Ngữ văn,7140217,2025,https://github.com/kbaoooo/vn_schools_scores_data/blob/main/craw-data/scores/TDL/2025.json
TDL,7140218,Sư phạm Lịch sử,7140218,2025,https://github.com/kbaoooo/vn_schools_scores_data/blob/main/craw-data/scores/TDL/2025.json
TDL,7140231,Sư phạm Tiếng Anh,7140231,2025,https://github.com/kbaoooo/vn_schools_scores_data/blob/main/craw-data/scores/TDL/2025.json
TDL,7220201,Ngôn ngữ Anh,7220201,2025,https://github.com/kbaoooo/vn_schools_scores_data/blob/main/craw-data/scores/TDL/2025.json
TDL,7229010,Lịch sử,7229010,2025,https://github.com/kbaoooo/vn_schools_scores_data/blob/main/craw-data/scores/TDL/2025.json
TDL,7229030,"Văn học (Ngữ văn tổng hợp, Ngữ văn báo chí)",7229030,2025,https://github.com/kbaoooo/vn_schools_scores_data/blob/main/craw-data/scores/TDL/2025.json
TDL,7310301,Xã hội học,7310301,2025,https://github.com/kbaoooo/vn_schools_scores_data/blob/main/craw-data/scores/TDL/2025.json
TDL,7310601,Quốc tế học,7310601,2025,https://github.com/kbaoooo/vn_schools_scores_data/blob/main/craw-data/scores/TDL/2025.json
TDL,7310608,"Đông phương học (Hàn Quốc học, Nhật Bản học)",7310608,2025,https://github.com/kbaoooo/vn_schools_scores_data/blob/main/craw-data/scores/TDL/2025.json
TDL,7310612,Trung Quốc học,7310612,2025,https://github.com/kbaoooo/vn_schools_scores_data/blob/main/craw-data/scores/TDL/2025.json
TDL,7310630,Việt Nam học,7310630,2025,https://github.com/kbaoooo/vn_schools_scores_data/blob/main/craw-data/scores/TDL/2025.json
TDL,7340101,Quản trị kinh doanh,7340101,2025,https://github.com/kbaoooo/vn_schools_scores_data/blob/main/craw-data/scores/TDL/2025.json
TDL,7340201,Tài chính – Ngân hàng,7340201,2025,https://github.com/kbaoooo/vn_schools_scores_data/blob/main/craw-data/scores/TDL/2025.json
TDL,7340301,Kế toán,7340301,2025,https://github.com/kbaoooo/vn_schools_scores_data/blob/main/craw-data/scores/TDL/2025.json
TDL,7380101,Luật,7380101,2025,https://github.com/kbaoooo/vn_schools_scores_data/blob/main/craw-data/scores/TDL/2025.json
TDL,7380104,Luật hình sự và tố tụng hình sự,7380104,2025,https://github.com/kbaoooo/vn_schools_scores_data/blob/main/craw-data/scores/TDL/2025.json
TDL,7420101,Sinh học,7420101,2025,https://github.com/kbaoooo/vn_schools_scores_data/blob/main/craw-data/scores/TDL/2025.json
TDL,7420201,Công nghệ sinh học,7420201,2025,https://github.com/kbaoooo/vn_schools_scores_data/blob/main/craw-data/scores/TDL/2025.json
TDL,7440102,Vật lý học,7440102,2025,https://github.com/kbaoooo/vn_schools_scores_data/blob/main/craw-data/scores/TDL/2025.json
TDL,7440112,Hóa học,7440112,2025,https://github.com/kbaoooo/vn_schools_scores_data/blob/main/craw-data/scores/TDL/2025.json
TDL,7460101,Toán học (Toán – Tin học),7460101,2025,https://github.com/kbaoooo/vn_schools_scores_data/blob/main/craw-data/scores/TDL/2025.json
TDL,7460108,Khoa học dữ liệu,7460108,2025,https://github.com/kbaoooo/vn_schools_scores_data/blob/main/craw-data/scores/TDL/2025.json
TDL,7480201,Công nghệ thông tin,7480201,2025,https://github.com/kbaoooo/vn_schools_scores_data/blob/main/craw-data/scores/TDL/2025.json
TDL,7510302,Công nghệ kỹ thuật Điện tử - Viễn thông,7510302,2025,https://github.com/kbaoooo/vn_schools_scores_data/blob/main/craw-data/scores/TDL/2025.json
TDL,7510303,Công nghệ kỹ thuật điều khiển và tự động hóa,7510303,2025,https://github.com/kbaoooo/vn_schools_scores_data/blob/main/craw-data/scores/TDL/2025.json
TDL,7510406,Công nghệ kỹ thuật môi trường,7510406,2025,https://github.com/kbaoooo/vn_schools_scores_data/blob/main/craw-data/scores/TDL/2025.json
TDL,7520402,Kỹ thuật hạt nhân,7520402,2025,https://github.com/kbaoooo/vn_schools_scores_data/blob/main/craw-data/scores/TDL/2025.json
TDL,7540101,Công nghệ thực phẩm,7540101,2025,https://github.com/kbaoooo/vn_schools_scores_data/blob/main/craw-data/scores/TDL/2025.json
TDL,7540104,Công nghệ sau thu hoạch,7540104,2025,https://github.com/kbaoooo/vn_schools_scores_data/blob/main/craw-data/scores/TDL/2025.json
TDL,7620109,Nông học,7620109,2025,https://github.com/kbaoooo/vn_schools_scores_data/blob/main/craw-data/scores/TDL/2025.json
TDL,7720203,Hóa dược,7720203,2025,https://github.com/kbaoooo/vn_schools_scores_data/blob/main/craw-data/scores/TDL/2025.json
TDL,7760101,Công tác xã hội,7760101,2025,https://github.com/kbaoooo/vn_schools_scores_data/blob/main/craw-data/scores/TDL/2025.json
TDL,7810103,Quản trị dịch vụ du lịch và lữ hành,7810103,2025,https://github.com/kbaoooo/vn_schools_scores_data/blob/main/craw-data/scores/TDL/2025.json
TDL,7810106,Du lịch văn hóa,7810106,2025,https://github.com/kbaoooo/vn_schools_scores_data/blob/main/craw-data/scores/TDL/2025.json
TDM,7140101,Giáo dục học,7140101,2025,https://github.com/kbaoooo/vn_schools_scores_data/blob/main/craw-data/scores/TDM/2025.json
TDM,7140201,Giáo dục Mầm non,7140201,2025,https://github.com/kbaoooo/vn_schools_scores_data/blob/main/craw-data/scores/TDM/2025.json
TDM,7140202,Giáo dục Tiểu học,7140202,2025,https://github.com/kbaoooo/vn_schools_scores_data/blob/main/craw-data/scores/TDM/2025.json
TDM,7140217,Sư phạm Ngữ văn,7140217,2025,https://github.com/kbaoooo/vn_schools_scores_data/blob/main/craw-data/scores/TDM/2025.json
TDM,7210403,Thiết kế đồ họa,7210403,2025,https://github.com/kbaoooo/vn_schools_scores_data/blob/main/craw-data/scores/TDM/2025.json
TDM,7210405,Âm nhạc,7210405,2025,https://github.com/kbaoooo/vn_schools_scores_data/blob/main/craw-data/scores/TDM/2025.json
TDM,7220201,Ngôn ngữ Anh,7220201,2025,https://github.com/kbaoooo/vn_schools_scores_data/blob/main/craw-data/scores/TDM/2025.json
TDM,7220204,Ngôn ngữ Trung Quốc,7220204,2025,https://github.com/kbaoooo/vn_schools_scores_data/blob/main/craw-data/scores/TDM/2025.json
TDM,7220210,Ngôn ngữ Hàn Quốc,7220210,2025,https://github.com/kbaoooo/vn_schools_scores_data/blob/main/craw-data/scores/TDM/2025.json
TDM,7310205,Quản lý nhà nước,7310205,2025,https://github.com/kbaoooo/vn_schools_scores_data/blob/main/craw-data/scores/TDM/2025.json
TDM,7310206,Quan hệ quốc tế,7310206,2025,https://github.com/kbaoooo/vn_schools_scores_data/blob/main/craw-data/scores/TDM/2025.json
TDM,7310401,Tâm lý học,7310401,2025,https://github.com/kbaoooo/vn_schools_scores_data/blob/main/craw-data/scores/TDM/2025.json
TDM,7320104,Truyền thông đa phương tiện,7320104,2025,https://github.com/kbaoooo/vn_schools_scores_data/blob/main/craw-data/scores/TDM/2025.json
TDM,7340101,Quản trị kinh doanh,7340101,2025,https://github.com/kbaoooo/vn_schools_scores_data/blob/main/craw-data/scores/TDM/2025.json
TDM,7340115,Marketing,7340115,2025,https://github.com/kbaoooo/vn_schools_scores_data/blob/main/craw-data/scores/TDM/2025.json
TDM,7340122,Thương mại điện tử,7340122,2025,https://github.com/kbaoooo/vn_schools_scores_data/blob/main/craw-data/scores/TDM/2025.json
TDM,7340201,Tài chính - Ngân hàng,7340201,2025,https://github.com/kbaoooo/vn_schools_scores_data/blob/main/craw-data/scores/TDM/2025.json
TDM,7340301,Kế toán,7340301,2025,https://github.com/kbaoooo/vn_schools_scores_data/blob/main/craw-data/scores/TDM/2025.json
TDM,7340302,Kiểm toán,7340302,2025,https://github.com/kbaoooo/vn_schools_scores_data/blob/main/craw-data/scores/TDM/2025.json
TDM,7380101,Luật,7380101,2025,https://github.com/kbaoooo/vn_schools_scores_data/blob/main/craw-data/scores/TDM/2025.json
TDM,7420201,Công nghệ sinh học,7420201,2025,https://github.com/kbaoooo/vn_schools_scores_data/blob/main/craw-data/scores/TDM/2025.json
TDM,7440112,Hoá học,7440112,2025,https://github.com/kbaoooo/vn_schools_scores_data/blob/main/craw-data/scores/TDM/2025.json
TDM,7460101,Toán học,7460101,2025,https://github.com/kbaoooo/vn_schools_scores_data/blob/main/craw-data/scores/TDM/2025.json
TDM,7480103,Kỹ thuật phần mềm,7480103,2025,https://github.com/kbaoooo/vn_schools_scores_data/blob/main/craw-data/scores/TDM/2025.json
TDM,7480201,Công nghệ thông tin,7480201,2025,https://github.com/kbaoooo/vn_schools_scores_data/blob/main/craw-data/scores/TDM/2025.json
TDM,7510205,Công nghệ kỹ thuật ô tô,7510205,2025,https://github.com/kbaoooo/vn_schools_scores_data/blob/main/craw-data/scores/TDM/2025.json
TDM,7510601,Quản lý công nghiệp,7510601,2025,https://github.com/kbaoooo/vn_schools_scores_data/blob/main/craw-data/scores/TDM/2025.json
TDM,7510605,Logistics và quản lý chuỗi cung ứng,7510605,2025,https://github.com/kbaoooo/vn_schools_scores_data/blob/main/craw-data/scores/TDM/2025.json
TDM,7520114,Kỹ thuật cơ điện tử,7520114,2025,https://github.com/kbaoooo/vn_schools_scores_data/blob/main/craw-data/scores/TDM/2025.json
TDM,7520201,Kỹ thuật điện,7520201,2025,https://github.com/kbaoooo/vn_schools_scores_data/blob/main/craw-data/scores/TDM/2025.json
TDM,7520216,Kỹ thuật điều khiển và tự động hoá,7520216,2025,https://github.com/kbaoooo/vn_schools_scores_data/blob/main/craw-data/scores/TDM/2025.json
TDM,7520320,Kỹ thuật môi trường,7520320,2025,https://github.com/kbaoooo/vn_schools_scores_data/blob/main/craw-data/scores/TDM/2025.json
TDM,7540101,Công nghệ thực phẩm,7540101,2025,https://github.com/kbaoooo/vn_schools_scores_data/blob/main/craw-data/scores/TDM/2025.json
TDM,7549001,Công nghệ chế biến lâm sản,7549001,2025,https://github.com/kbaoooo/vn_schools_scores_data/blob/main/craw-data/scores/TDM/2025.json
TDM,7580101,Kiến trúc,7580101,2025,https://github.com/kbaoooo/vn_schools_scores_data/blob/main/craw-data/scores/TDM/2025.json
TDM,7580201,Kỹ thuật xây dựng,7580201,2025,https://github.com/kbaoooo/vn_schools_scores_data/blob/main/craw-data/scores/TDM/2025.json
TDM,7760101,Công tác xã hội,7760101,2025,https://github.com/kbaoooo/vn_schools_scores_data/blob/main/craw-data/scores/TDM/2025.json
TDM,7810101,Du lịch,7810101,2025,https://github.com/kbaoooo/vn_schools_scores_data/blob/main/craw-data/scores/TDM/2025.json
TDM,7850101,Quản lý tài nguyên và môi trường,7850101,2025,https://github.com/kbaoooo/vn_schools_scores_data/blob/main/craw-data/scores/TDM/2025.json
TDM,7850103,Quản lý đất đai,7850103,2025,https://github.com/kbaoooo/vn_schools_scores_data/blob/main/craw-data/scores/TDM/2025.json
TDS,7140206,Giáo dục thể chất,7140206,2025,https://github.com/kbaoooo/vn_schools_scores_data/blob/main/craw-data/scores/TDS/2025.json
TDS,7729001,Y sinh học thể dục thể thao,7729001,2025,https://github.com/kbaoooo/vn_schools_scores_data/blob/main/craw-data/scores/TDS/2025.json
TDS,7810301,Ọuản lý thể dục thể thao,7810301,2025,https://github.com/kbaoooo/vn_schools_scores_data/blob/main/craw-data/scores/TDS/2025.json
TDS,7810302,Huấn luyện thể thao,7810302,2025,https://github.com/kbaoooo/vn_schools_scores_data/blob/main/craw-data/scores/TDS/2025.json
TDV,7140114,Quản lý giáo dục,7140114,2025,https://github.com/kbaoooo/vn_schools_scores_data/blob/main/craw-data/scores/TDV/2025.json
TDV,7140202,Giáo dục Tiểu học,7140202,2025,https://github.com/kbaoooo/vn_schools_scores_data/blob/main/craw-data/scores/TDV/2025.json
TDV,7140205,Giáo dục Chính trị,7140205,2025,https://github.com/kbaoooo/vn_schools_scores_data/blob/main/craw-data/scores/TDV/2025.json
TDV,7140208,Giáo dục Quốc phòng - An ninh,7140208,2025,https://github.com/kbaoooo/vn_schools_scores_data/blob/main/craw-data/scores/TDV/2025.json
TDV,7140209,Sư phạm Toán học,7140209,2025,https://github.com/kbaoooo/vn_schools_scores_data/blob/main/craw-data/scores/TDV/2025.json
TDV,7140209TN,Sư phạm Toán học (lớp tài năng),7140209,2025,https://github.com/kbaoooo/vn_schools_scores_data/blob/main/craw-data/scores/TDV/2025.json
TDV,7140210,Sư phạm Tin học,7140210,2025,https://github.com/kbaoooo/vn_schools_scores_data/blob/main/craw-data/scores/TDV/2025.json
TDV,7140211,Sư phạm Vật lý,7140211,2025,https://github.com/kbaoooo/vn_schools_scores_data/blob/main/craw-data/scores/TDV/2025.json
TDV,7140212,Sư phạm Hoá học,7140212,2025,https://github.com/kbaoooo/vn_schools_scores_data/blob/main/craw-data/scores/TDV/2025.json
TDV,7140213,Sư phạm Sinh học,7140213,2025,https://github.com/kbaoooo/vn_schools_scores_data/blob/main/craw-data/scores/TDV/2025.json
TDV,7140217,Sư phạm Ngữ văn,7140217,2025,https://github.com/kbaoooo/vn_schools_scores_data/blob/main/craw-data/scores/TDV/2025.json
TDV,7140218,Sư phạm Lịch sử,7140218,2025,https://github.com/kbaoooo/vn_schools_scores_data/blob/main/craw-data/scores/TDV/2025.json
TDV,7140219,Sư phạm Địa lý,7140219,2025,https://github.com/kbaoooo/vn_schools_scores_data/blob/main/craw-data/scores/TDV/2025.json
TDV,7140231,Sư phạm Tiếng Anh,7140231,2025,https://github.com/kbaoooo/vn_schools_scores_data/blob/main/craw-data/scores/TDV/2025.json
TDV,7140231TN,Sư phạm Tiếng Anh (lớp tài năng),7140231,2025,https://github.com/kbaoooo/vn_schools_scores_data/blob/main/craw-data/scores/TDV/2025.json
TDV,7140247,Sư phạm khoa học tự nhiên,7140247,2025,https://github.com/kbaoooo/vn_schools_scores_data/blob/main/craw-data/scores/TDV/2025.json
TDV,7140249,Sư phạm Lịch sử - Địa lí,7140249,2025,https://github.com/kbaoooo/vn_schools_scores_data/blob/main/craw-data/scores/TDV/2025.json
TDV,7220201,Ngôn ngữ Anh,7220201,2025,https://github.com/kbaoooo/vn_schools_scores_data/blob/main/craw-data/scores/TDV/2025.json
TDV,7220204,Ngôn ngữ Trung Quốc,7220204,2025,https://github.com/kbaoooo/vn_schools_scores_data/blob/main/craw-data/scores/TDV/2025.json
TDV,7229042,Quản lý văn hoá,7229042,2025,https://github.com/kbaoooo/vn_schools_scores_data/blob/main/craw-data/scores/TDV/2025.json
TDV,7310101,Kinh tế (chuyên ngành: Kinh tế đầu tư và Quản lý kinh tế),7310101,2025,https://github.com/kbaoooo/vn_schools_scores_data/blob/main/craw-data/scores/TDV/2025.json
TDV,7310109,Kinh tế số,7310109,2025,https://github.com/kbaoooo/vn_schools_scores_data/blob/main/craw-data/scores/TDV/2025.json
TDV,7310201,Chính trị học,7310201,2025,https://github.com/kbaoooo/vn_schools_scores_data/blob/main/craw-data/scores/TDV/2025.json
TDV,7310205,Quản lý nhà nước,7310205,2025,https://github.com/kbaoooo/vn_schools_scores_data/blob/main/craw-data/scores/TDV/2025.json
TDV,7310403,Tâm lý học giáo dục,7310403,2025,https://github.com/kbaoooo/vn_schools_scores_data/blob/main/craw-data/scores/TDV/2025.json
TDV,7310601,Quốc tế học,7310601,2025,https://github.com/kbaoooo/vn_schools_scores_data/blob/main/craw-data/scores/TDV/2025.json
TDV,7310630,Việt Nam học (Chuyên ngành Du lịch),7310630,2025,https://github.com/kbaoooo/vn_schools_scores_data/blob/main/craw-data/scores/TDV/2025.json
TDV,7340101,Quản trị kinh doanh,7340101,2025,https://github.com/kbaoooo/vn_schools_scores_data/blob/main/craw-data/scores/TDV/2025.json
TDV,7340101TA,Quản trị kinh doanh (Chương trình có đào tạo bằng tiếng Anh),7340101,2025,https://github.com/kbaoooo/vn_schools_scores_data/blob/main/craw-data/scores/TDV/2025.json
TDV,7340122,Thương mại điện tử,7340122,2025,https://github.com/kbaoooo/vn_schools_scores_data/blob/main/craw-data/scores/TDV/2025.json
TDV,7340201,Tài chính - Ngân hàng (chuyên ngành: Tài chính doanh nghiệp và Ngân hàng thương mại),7340201,2025,https://github.com/kbaoooo/vn_schools_scores_data/blob/main/craw-data/scores/TDV/2025.json
TDV,7340205,Công nghệ tài chính,7340205,2025,https://github.com/kbaoooo/vn_schools_scores_data/blob/main/craw-data/scores/TDV/2025.json
TDV,7340301,Kế toán,7340301,2025,https://github.com/kbaoooo/vn_schools_scores_data/blob/main/craw-data/scores/TDV/2025.json
TDV,7380101,Luật,7380101,2025,https://github.com/kbaoooo/vn_schools_scores_data/blob/main/craw-data/scores/TDV/2025.json
TDV,7380102,Luật hiến pháp và luật hành chính,7380102,2025,https://github.com/kbaoooo/vn_schools_scores_data/blob/main/craw-data/scores/TDV/2025.json
TDV,7380103,Luật dân sự và tố tụng dân sự,7380103,2025,https://github.com/kbaoooo/vn_schools_scores_data/blob/main/craw-data/scores/TDV/2025.json
TDV,7380107,Luật kinh tế,7380107,2025,https://github.com/kbaoooo/vn_schools_scores_data/blob/main/craw-data/scores/TDV/2025.json
TDV,7420201,Công nghệ sinh học (Chuyên ngành: Kỹ thuật xét nghiệm y học và Kỹ thuật xử lí ô nhiễm môi trường),7420201,2025,https://github.com/kbaoooo/vn_schools_scores_data/blob/main/craw-data/scores/TDV/2025.json
TDV,7480101,Khoa học máy tính,7480101,2025,https://github.com/kbaoooo/vn_schools_scores_data/blob/main/craw-data/scores/TDV/2025.json
TDV,7480201,Công nghệ thông tin,7480201,2025,https://github.com/kbaoooo/vn_schools_scores_data/blob/main/craw-data/scores/TDV/2025.json
TDV,7480201CN,Công nghệ thông tin (Chuyên ngành Trí tuệ nhân tạo),7480201,2025,https://github.com/kbaoooo/vn_schools_scores_data/blob/main/craw-data/scores/TDV/2025.json
TDV,7510205,Công nghệ kỹ thuật ô tô,7510205,2025,https://github.com/kbaoooo/vn_schools_scores_data/blob/main/craw-data/scores/TDV/2025.json
TDV,7510206,Công nghệ kỹ thuật nhiệt (Chuyên ngành Điện lạnh),7510206,2025,https://github.com/kbaoooo/vn_schools_scores_data/blob/main/craw-data/scores/TDV/2025.json
TDV,7510301,"Công nghệ kỹ thuật điện, điện tử",7510301,2025,https://github.com/kbaoooo/vn_schools_scores_data/blob/main/craw-data/scores/TDV/2025.json
TDV,7510302,Công nghệ kỹ thuật điện tử - viễn thông (Chuyên ngành Thiết kế vi mạch),7510302,2025,https://github.com/kbaoooo/vn_schools_scores_data/blob/main/craw-data/scores/TDV/2025.json
TDV,7510303,Công nghệ kỹ thuật điều khiển và tự động hoá,7510303,2025,https://github.com/kbaoooo/vn_schools_scores_data/blob/main/craw-data/scores/TDV/2025.json
TDV,7520207,Kỹ thuật điện tử - viễn thông (Chuyên ngành kỹ thuật điện tử; chuyên ngành kỹ thuật viễn thông),7520207,2025,https://github.com/kbaoooo/vn_schools_scores_data/blob/main/craw-data/scores/TDV/2025.json
TDV,7520216,Kỹ thuật điều khiển và tự động hoá,7520216,2025,https://github.com/kbaoooo/vn_schools_scores_data/blob/main/craw-data/scores/TDV/2025.json
TDV,7540101,Công nghệ thực phẩm,7540101,2025,https://github.com/kbaoooo/vn_schools_scores_data/blob/main/craw-data/scores/TDV/2025.json
TDV,7580101,Kiến trúc,7580101,2025,https://github.com/kbaoooo/vn_schools_scores_data/blob/main/craw-data/scores/TDV/2025.json
TDV,7580201,Kỹ thuật xây dựng (Chuyên ngành: Xây dựng dân dụng và công nghiệp; Kết cấu công trình; Công nghệ kỹ thuật xây dựng),7580201,2025,https://github.com/kbaoooo/vn_schools_scores_data/blob/main/craw-data/scores/TDV/2025.json
TDV,7580205,Kỹ thuật xây dựng công trình giao thông (Chuyên ngành: Kỹ thuật xây dựng cầu đường; Kỹ thuật xây dựng công trình ngầm; Kỹ thuật hạ tầng đô thị),7580205,2025,https://github.com/kbaoooo/vn_schools_scores_data/blob/main/craw-data/scores/TDV/2025.json
TDV,7580301,"Kinh tế xây dựng (Chuyên ngành: Kinh tế đầu tư xây dựng, Kinh tế vận tải và logistic, Quản lí dự án công trình xây dựng)",7580301,2025,https://github.com/kbaoooo/vn_schools_scores_data/blob/main/craw-data/scores/TDV/2025.json
TDV,7620105,Chăn nuôi,7620105,2025,https://github.com/kbaoooo/vn_schools_scores_data/blob/main/craw-data/scores/TDV/2025.json
TDV,7620109,Nông học - Chuyên ngành Bảo vệ thực vật,7620109,2025,https://github.com/kbaoooo/vn_schools_scores_data/blob/main/craw-data/scores/TDV/2025.json
TDV,7620110,Khoa học cây trồng,7620110,2025,https://github.com/kbaoooo/vn_schools_scores_data/blob/main/craw-data/scores/TDV/2025.json
TDV,7620301,Nuôi trồng thuỷ sản,7620301,2025,https://github.com/kbaoooo/vn_schools_scores_data/blob/main/craw-data/scores/TDV/2025.json
TDV,7640101,Thú y,7640101,2025,https://github.com/kbaoooo/vn_schools_scores_data/blob/main/craw-data/scores/TDV/2025.json
TDV,7720301,Điều dưỡng,7720301,2025,https://github.com/kbaoooo/vn_schools_scores_data/blob/main/craw-data/scores/TDV/2025.json
TDV,7760101,Công tác xã hội,7760101,2025,https://github.com/kbaoooo/vn_schools_scores_data/blob/main/craw-data/scores/TDV/2025.json
TDV,7850101,Quản lý tài nguyên và môi trường,7850101,2025,https://github.com/kbaoooo/vn_schools_scores_data/blob/main/craw-data/scores/TDV/2025.json
TDV,7850103,Quản lý đất đai (Chuyên ngành: Quản lý phát triển đô thị & bất động sản),7850103,2025,https://github.com/kbaoooo/vn_schools_scores_data/blob/main/craw-data/scores/TDV/2025.json
THP,7140201_01,Giáo dục Mầm non,7140201,2025,https://github.com/kbaoooo/vn_schools_scores_data/blob/main/craw-data/scores/THP/2025.json
THP,7140202_01,Giáo dục Tiểu học,7140202,2025,https://github.com/kbaoooo/vn_schools_scores_data/blob/main/craw-data/scores/THP/2025.json
THP,7140206_01,Giáo dục Thể chất,7140206,2025,https://github.com/kbaoooo/vn_schools_scores_data/blob/main/craw-data/scores/THP/2025.json
THP,7140209_01,Sư phạm Toán học,7140209,2025,https://github.com/kbaoooo/vn_schools_scores_data/blob/main/craw-data/scores/THP/2025.json
THP,7140217_01,Sư phạm Ngữ văn,7140217,2025,https://github.com/kbaoooo/vn_schools_scores_data/blob/main/craw-data/scores/THP/2025.json
THP,7140231_01,Sư phạm Tiếng Anh,7140231,2025,https://github.com/kbaoooo/vn_schools_scores_data/blob/main/craw-data/scores/THP/2025.json
THP,7220201_01,Ngôn ngữ Anh,7220201,2025,https://github.com/kbaoooo/vn_schools_scores_data/blob/main/craw-data/scores/THP/2025.json
THP,7220204_01,Ngôn ngữ Trung Quốc,7220204,2025,https://github.com/kbaoooo/vn_schools_scores_data/blob/main/craw-data/scores/THP/2025.json
THP,7310101_02,Kinh tế ngoại thương,7310101,2025,https://github.com/kbaoooo/vn_schools_scores_data/blob/main/craw-data/scores/THP/2025.json
THP,7310101_03,Quản lý kinh tế,7310101,2025,https://github.com/kbaoooo/vn_schools_scores_data/blob/main/craw-data/scores/THP/2025.json
THP,7310101_04,Logistics và vận tải đa phương thức,7310101,2025,https://github.com/kbaoooo/vn_schools_scores_data/blob/main/craw-data/scores/THP/2025.json
THP,7310101_20,Logistics và vận tải đa phương thức (CLC),7310101,2025,https://github.com/kbaoooo/vn_schools_scores_data/blob/main/craw-data/scores/THP/2025.json
THP,7340101_01,Quản trị kinh doanh,7340101,2025,https://github.com/kbaoooo/vn_schools_scores_data/blob/main/craw-data/scores/THP/2025.json
THP,7340101_02,Quản trị tài chính kế toán,7340101,2025,https://github.com/kbaoooo/vn_schools_scores_data/blob/main/craw-data/scores/THP/2025.json
THP,7340101_20,Kinh doanh số và đổi mới sáng tạo (CLC),7340101,2025,https://github.com/kbaoooo/vn_schools_scores_data/blob/main/craw-data/scores/THP/2025.json
THP,7340115_01,Marketing số,7340115,2025,https://github.com/kbaoooo/vn_schools_scores_data/blob/main/craw-data/scores/THP/2025.json
THP,7340122_01,Thương mại điện tử,7340122,2025,https://github.com/kbaoooo/vn_schools_scores_data/blob/main/craw-data/scores/THP/2025.json
THP,7340201_02,Tài chính doanh nghiệp,7340201,2025,https://github.com/kbaoooo/vn_schools_scores_data/blob/main/craw-data/scores/THP/2025.json
THP,7340301_02,Kế toán doanh nghiệp,7340301,2025,https://github.com/kbaoooo/vn_schools_scores_data/blob/main/craw-data/scores/THP/2025.json
THP,7340301_03,Kế toán - Kiểm toán,7340301,2025,https://github.com/kbaoooo/vn_schools_scores_data/blob/main/craw-data/scores/THP/2025.json
THP,7340301_20,Kế toán doanh nghiệp theo định hướng ACCA (CLC),7340301,2025,https://github.com/kbaoooo/vn_schools_scores_data/blob/main/craw-data/scores/THP/2025.json
THP,7380101_01,Luật,7380101,2025,https://github.com/kbaoooo/vn_schools_scores_data/blob/main/craw-data/scores/THP/2025.json
THP,7480201_01,Công nghệ thông tin,7480201,2025,https://github.com/kbaoooo/vn_schools_scores_data/blob/main/craw-data/scores/THP/2025.json
THP,7480201_02,Trí tuệ nhân tạo và Khoa học dữ liệu,7480201,2025,https://github.com/kbaoooo/vn_schools_scores_data/blob/main/craw-data/scores/THP/2025.json
THP,7480201_20,Thiết kế game và Multimedia (CLC),7480201,2025,https://github.com/kbaoooo/vn_schools_scores_data/blob/main/craw-data/scores/THP/2025.json
THP,7510103_02,Xây dựng dân dụng và công nghiệp,7510103,2025,https://github.com/kbaoooo/vn_schools_scores_data/blob/main/craw-data/scores/THP/2025.json
THP,7510202_01,Công nghệ chế tạo máy,7510202,2025,https://github.com/kbaoooo/vn_schools_scores_data/blob/main/craw-data/scores/THP/2025.json
THP,7510203_01,Công nghệ kỹ thuật cơ điện tử,7510203,2025,https://github.com/kbaoooo/vn_schools_scores_data/blob/main/craw-data/scores/THP/2025.json
THP,7510301_02,Điện công nghiệp và dân dụng,7510301,2025,https://github.com/kbaoooo/vn_schools_scores_data/blob/main/craw-data/scores/THP/2025.json
THP,7510301_20,"Công nghệ điện tử, vi mạch và bán dẫn (CLC)",7510301,2025,https://github.com/kbaoooo/vn_schools_scores_data/blob/main/craw-data/scores/THP/2025.json
THP,7510303_02,Điện tự động công nghiệp,7510303,2025,https://github.com/kbaoooo/vn_schools_scores_data/blob/main/craw-data/scores/THP/2025.json
THP,7580101_01,Kiến trúc,7580101,2025,https://github.com/kbaoooo/vn_schools_scores_data/blob/main/craw-data/scores/THP/2025.json
THP,7760101_01,Công tác xã hội,7760101,2025,https://github.com/kbaoooo/vn_schools_scores_data/blob/main/craw-data/scores/THP/2025.json
THP,7810103_01,Quản trị dịch vụ du lịch và lữ hành,7810103,2025,https://github.com/kbaoooo/vn_schools_scores_data/blob/main/craw-data/scores/THP/2025.json
THP,7810103_02,"Quản trị lữ hành, khách sạn",7810103,2025,https://github.com/kbaoooo/vn_schools_scores_data/blob/main/craw-data/scores/THP/2025.json
THP,7810103_03,Hướng dẫn du lịch,7810103,2025,https://github.com/kbaoooo/vn_schools_scores_data/blob/main/craw-data/scores/THP/2025.json
THU,7720301,Điều dưỡng,7720301,2025,https://github.com/kbaoooo/vn_schools_scores_data/blob/main/craw-data/scores/THU/2025.json
THU,7720601,Kỹ thuật xét nghiệm y học,7720601,2025,https://github.com/kbaoooo/vn_schools_scores_data/blob/main/craw-data/scores/THU/2025.json
THU,7720602,Kỹ thuật hình ảnh y học,7720602,2025,https://github.com/kbaoooo/vn_schools_scores_data/blob/main/craw-data/scores/THU/2025.json
THU,7720603,Kỹ thuật phục hồi chức năng,7720603,2025,https://github.com/kbaoooo/vn_schools_scores_data/blob/main/craw-data/scores/THU/2025.json
THV,7140202,Giáo dục Tiểu học,7140202,2025,https://github.com/kbaoooo/vn_schools_scores_data/blob/main/craw-data/scores/THV/2025.json
THV,7140209,Sư phạm Toán (Toán tin),7140209,2025,https://github.com/kbaoooo/vn_schools_scores_data/blob/main/craw-data/scores/THV/2025.json
THV,7140217,Sư phạm Ngữ văn,7140217,2025,https://github.com/kbaoooo/vn_schools_scores_data/blob/main/craw-data/scores/THV/2025.json
THV,7140231,Sư phạm Tiếng Anh,7140231,2025,https://github.com/kbaoooo/vn_schools_scores_data/blob/main/craw-data/scores/THV/2025.json
THV,7140247,Sư phạm Khoa học tự nhiên,7140247,2025,https://github.com/kbaoooo/vn_schools_scores_data/blob/main/craw-data/scores/THV/2025.json
THV,7140249,Sư phạm Lịch sử - Địa lý,7140249,2025,https://github.com/kbaoooo/vn_schools_scores_data/blob/main/craw-data/scores/THV/2025.json
THV,7220201,Ngôn ngữ Anh,7220201,2025,https://github.com/kbaoooo/vn_schools_scores_data/blob/main/craw-data/scores/THV/2025.json
THV,7220204,Ngôn ngữ Trung Quốc,7220204,2025,https://github.com/kbaoooo/vn_schools_scores_data/blob/main/craw-data/scores/THV/2025.json
THV,7310101,Kinh tế,7310101,2025,https://github.com/kbaoooo/vn_schools_scores_data/blob/main/craw-data/scores/THV/2025.json
THV,7340101,Quản Trị kinh doanh,7340101,2025,https://github.com/kbaoooo/vn_schools_scores_data/blob/main/craw-data/scores/THV/2025.json
THV,7340201,Tài chính - Ngân hàng,7340201,2025,https://github.com/kbaoooo/vn_schools_scores_data/blob/main/craw-data/scores/THV/2025.json
THV,7340301,Kế Toán,7340301,2025,https://github.com/kbaoooo/vn_schools_scores_data/blob/main/craw-data/scores/THV/2025.json
THV,7480201,Công nghệ thông tin,7480201,2025,https://github.com/kbaoooo/vn_schools_scores_data/blob/main/craw-data/scores/THV/2025.json
THV,7510201,Công nghệ Kỹ thuật Cơ khí,7510201,2025,https://github.com/kbaoooo/vn_schools_scores_data/blob/main/craw-data/scores/THV/2025.json
THV,7510301,"Công nghệ Kỹ thuật điện, điện tử",7510301,2025,https://github.com/kbaoooo/vn_schools_scores_data/blob/main/craw-data/scores/THV/2025.json
THV,7620105,Chăn nuôi,7620105,2025,https://github.com/kbaoooo/vn_schools_scores_data/blob/main/craw-data/scores/THV/2025.json
THV,7620110,Khoa học cây trồng,7620110,2025,https://github.com/kbaoooo/vn_schools_scores_data/blob/main/craw-data/scores/THV/2025.json
THV,7640101,Thú y,7640101,2025,https://github.com/kbaoooo/vn_schools_scores_data/blob/main/craw-data/scores/THV/2025.json
THV,7720301,Điều dưỡng,7720301,2025,https://github.com/kbaoooo/vn_schools_scores_data/blob/main/craw-data/scores/THV/2025.json
THV,7760101,Công tác xã hội,7760101,2025,https://github.com/kbaoooo/vn_schools_scores_data/blob/main/craw-data/scores/THV/2025.json
THV,7810101,Du lịch,7810101,2025,https://github.com/kbaoooo/vn_schools_scores_data/blob/main/craw-data/scores/THV/2025.json
THV,7810103,Quản trị dịch vụ du lịch và lữ hành,7810103,2025,https://github.com/kbaoooo/vn_schools_scores_data/blob/main/craw-data/scores/THV/2025.json
TKG,7140201,Giáo dục Mầm non,7140201,2025,https://github.com/kbaoooo/vn_schools_scores_data/blob/main/craw-data/scores/TKG/2025.json
TKG,7140202,Giáo dục Tiểu học,7140202,2025,https://github.com/kbaoooo/vn_schools_scores_data/blob/main/craw-data/scores/TKG/2025.json
TKG,7140209,Sư phạm Toán học,7140209,2025,https://github.com/kbaoooo/vn_schools_scores_data/blob/main/craw-data/scores/TKG/2025.json
TKG,7220101,Tiếng Việt và văn hóa Việt Nam,7220101,2025,https://github.com/kbaoooo/vn_schools_scores_data/blob/main/craw-data/scores/TKG/2025.json
TKG,7220201,Ngôn ngữ Anh,7220201,2025,https://github.com/kbaoooo/vn_schools_scores_data/blob/main/craw-data/scores/TKG/2025.json
TKG,7320104,Truyền thông đa phương tiện,7320104,2025,https://github.com/kbaoooo/vn_schools_scores_data/blob/main/craw-data/scores/TKG/2025.json
TKG,7340101,Quản trị kinh doanh,7340101,2025,https://github.com/kbaoooo/vn_schools_scores_data/blob/main/craw-data/scores/TKG/2025.json
TKG,7340120,Kinh doanh Quốc tế,7340120,2025,https://github.com/kbaoooo/vn_schools_scores_data/blob/main/craw-data/scores/TKG/2025.json
TKG,7340122,Thương mại điện tử,7340122,2025,https://github.com/kbaoooo/vn_schools_scores_data/blob/main/craw-data/scores/TKG/2025.json
TKG,7340201,Tài chính - Ngân hàng,7340201,2025,https://github.com/kbaoooo/vn_schools_scores_data/blob/main/craw-data/scores/TKG/2025.json
TKG,7340301,Kế toán,7340301,2025,https://github.com/kbaoooo/vn_schools_scores_data/blob/main/craw-data/scores/TKG/2025.json
TKG,7380101,Luật,7380101,2025,https://github.com/kbaoooo/vn_schools_scores_data/blob/main/craw-data/scores/TKG/2025.json
TKG,7420201,Công nghệ sinh học,7420201,2025,https://github.com/kbaoooo/vn_schools_scores_data/blob/main/craw-data/scores/TKG/2025.json
TKG,7480201,Công nghệ thông tin,7480201,2025,https://github.com/kbaoooo/vn_schools_scores_data/blob/main/craw-data/scores/TKG/2025.json
TKG,7510103,Công nghệ kỹ thuật xây dựng,7510103,2025,https://github.com/kbaoooo/vn_schools_scores_data/blob/main/craw-data/scores/TKG/2025.json
TKG,7510205,Công nghệ kỹ thuật ô tô,7510205,2025,https://github.com/kbaoooo/vn_schools_scores_data/blob/main/craw-data/scores/TKG/2025.json
TKG,7510406,Công nghệ kỹ thuật môi trường,7510406,2025,https://github.com/kbaoooo/vn_schools_scores_data/blob/main/craw-data/scores/TKG/2025.json
TKG,7520216,Kỹ thuật điều khiển và tự động hóa,7520216,2025,https://github.com/kbaoooo/vn_schools_scores_data/blob/main/craw-data/scores/TKG/2025.json
TKG,7540101,Công nghệ thực phẩm,7540101,2025,https://github.com/kbaoooo/vn_schools_scores_data/blob/main/craw-data/scores/TKG/2025.json
TKG,7620105,Chăn nuôi,7620105,2025,https://github.com/kbaoooo/vn_schools_scores_data/blob/main/craw-data/scores/TKG/2025.json
TKG,7620110,Khoa học cây trồng,7620110,2025,https://github.com/kbaoooo/vn_schools_scores_data/blob/main/craw-data/scores/TKG/2025.json
TKG,7620301,Nuôi trồng thủy sản,7620301,2025,https://github.com/kbaoooo/vn_schools_scores_data/blob/main/craw-data/scores/TKG/2025.json
TKG,7810101,Du lịch,7810101,2025,https://github.com/kbaoooo/vn_schools_scores_data/blob/main/craw-data/scores/TKG/2025.json
TKG,7850101,Quản lý tài nguyên và môi trường,7850101,2025,https://github.com/kbaoooo/vn_schools_scores_data/blob/main/craw-data/scores/TKG/2025.json
TLA,TLA101,Xây dựng và quản lý công trình thủy (Kỹ thuật xây dựng công trình thủy),,2025,https://github.com/kbaoooo/vn_schools_scores_data/blob/main/craw-data/scores/TLA/2025.json
TLA,TLA102,Kỹ thuật tài nguyên nước,,2025,https://github.com/kbaoooo/vn_schools_scores_data/blob/main/craw-data/scores/TLA/2025.json
TLA,TLA103,Tài nguyên nước và môi trường (Thủy văn học),,2025,https://github.com/kbaoooo/vn_schools_scores_data/blob/main/craw-data/scores/TLA/2025.json
TLA,TLA104,Kỹ thuật xây dựng dân dụng và công nghiệp (Kỹ thuật xây dựng),,2025,https://github.com/kbaoooo/vn_schools_scores_data/blob/main/craw-data/scores/TLA/2025.json
TLA,TLA105,Kỹ thuật cơ khí,,2025,https://github.com/kbaoooo/vn_schools_scores_data/blob/main/craw-data/scores/TLA/2025.json
TLA,TLA106,Công nghệ thông tin,,2025,https://github.com/kbaoooo/vn_schools_scores_data/blob/main/craw-data/scores/TLA/2025.json
TLA,TLA107,Kỹ thuật cấp thoát nước,,2025,https://github.com/kbaoooo/vn_schools_scores_data/blob/main/craw-data/scores/TLA/2025.json
TLA,TLA109,Kỹ thuật môi trường,,2025,https://github.com/kbaoooo/vn_schools_scores_data/blob/main/craw-data/scores/TLA/2025.json
TLA,TLA110,Xây dựng và quản lý hạ tầng đô thị (Kỹ thuật cơ sở hạ tầng),,2025,https://github.com/kbaoooo/vn_schools_scores_data/blob/main/craw-data/scores/TLA/2025.json
TLA,TLA111,Công nghệ kỹ thuật xây dựng,,2025,https://github.com/kbaoooo/vn_schools_scores_data/blob/main/craw-data/scores/TLA/2025.json
TLA,TLA112,Kỹ thuật điện,,2025,https://github.com/kbaoooo/vn_schools_scores_data/blob/main/craw-data/scores/TLA/2025.json
TLA,TLA113,"Kỹ thuật xây dựng công trình giao thông (gồm các chương trình: Công nghệ và kỹ thuật xây dựng cầu, đường; Công nghệ và kỹ thuật Đường sắt tốc độ cao và đường sắt đô thị)",,2025,https://github.com/kbaoooo/vn_schools_scores_data/blob/main/craw-data/scores/TLA/2025.json
TLA,TLA114,Quản lý xây dựng,,2025,https://github.com/kbaoooo/vn_schools_scores_data/blob/main/craw-data/scores/TLA/2025.json
TLA,TLA116,Hệ thống thông tin,,2025,https://github.com/kbaoooo/vn_schools_scores_data/blob/main/craw-data/scores/TLA/2025.json
TLA,TLA117,Kỹ thuật phần mềm,,2025,https://github.com/kbaoooo/vn_schools_scores_data/blob/main/craw-data/scores/TLA/2025.json
TLA,TLA118,Kỹ thuật hóa học,,2025,https://github.com/kbaoooo/vn_schools_scores_data/blob/main/craw-data/scores/TLA/2025.json
TLA,TLA119,Công nghệ sinh học,,2025,https://github.com/kbaoooo/vn_schools_scores_data/blob/main/craw-data/scores/TLA/2025.json
TLA,TLA120,Kỹ thuật cơ điện tử,,2025,https://github.com/kbaoooo/vn_schools_scores_data/blob/main/craw-data/scores/TLA/2025.json
TLA,TLA121,Kỹ thuật điều khiển và tự động hóa,,2025,https://github.com/kbaoooo/vn_schools_scores_data/blob/main/craw-data/scores/TLA/2025.json
TLA,TLA122,"Công nghệ chế tạo máy (Công nghệ sản xuất tiên tiến, tự động hóa thiết kế cơ khí)",,2025,https://github.com/kbaoooo/vn_schools_scores_data/blob/main/craw-data/scores/TLA/2025.json
TLA,TLA123,Kỹ thuật ô tô,,2025,https://github.com/kbaoooo/vn_schools_scores_data/blob/main/craw-data/scores/TLA/2025.json
TLA,TLA124,Kỹ thuật điện tử - viễn thông (gồm các chương trình: Kỹ thuật điện tử -viễn thông; Công nghệ bán dẫn và thiết kế vi mạch),,2025,https://github.com/kbaoooo/vn_schools_scores_data/blob/main/craw-data/scores/TLA/2025.json
TLA,TLA126,Trí tuệ nhân tạo và khoa học dữ liệu,,2025,https://github.com/kbaoooo/vn_schools_scores_data/blob/main/craw-data/scores/TLA/2025.json
TLA,TLA127,An ninh mạng,,2025,https://github.com/kbaoooo/vn_schools_scores_data/blob/main/craw-data/scores/TLA/2025.json
TLA,TLA128,Kỹ thuật Robot và Điều khiển thông minh,,2025,https://github.com/kbaoooo/vn_schools_scores_data/blob/main/craw-data/scores/TLA/2025.json
TLA,TLA201,Chương trình tiên tiến ngành Kỹ thuật xây dựng,,2025,https://github.com/kbaoooo/vn_schools_scores_data/blob/main/craw-data/scores/TLA/2025.json
TLA,TLA202,Chương trình tiên tiến ngành Kỹ thuật tài nguyên nước,,2025,https://github.com/kbaoooo/vn_schools_scores_data/blob/main/craw-data/scores/TLA/2025.json
TLA,TLA203,Ngôn ngữ Anh,,2025,https://github.com/kbaoooo/vn_schools_scores_data/blob/main/craw-data/scores/TLA/2025.json
TLA,TLA204,Ngôn ngữ Trung Quốc,,2025,https://github.com/kbaoooo/vn_schools_scores_data/blob/main/craw-data/scores/TLA/2025.json
TLA,TLA301,Luật,,2025,https://github.com/kbaoooo/vn_schools_scores_data/blob/main/craw-data/scores/TLA/2025.json
TLA,TLA302,Luật kinh tế,,2025,https://github.com/kbaoooo/vn_schools_scores_data/blob/main/craw-data/scores/TLA/2025.json
TLA,TLA401,Kinh tế,,2025,https://github.com/kbaoooo/vn_schools_scores_data/blob/main/craw-data/scores/TLA/2025.json
TLA,TLA402,Quản trị kinh doanh,,2025,https://github.com/kbaoooo/vn_schools_scores_data/blob/main/craw-data/scores/TLA/2025.json
TLA,TLA403,Kế toán,,2025,https://github.com/kbaoooo/vn_schools_scores_data/blob/main/craw-data/scores/TLA/2025.json
TLA,TLA404,Kinh tế xây dựng,,2025,https://github.com/kbaoooo/vn_schools_scores_data/blob/main/craw-data/scores/TLA/2025.json
TLA,TLA405,Thương mại điện tử,,2025,https://github.com/kbaoooo/vn_schools_scores_data/blob/main/craw-data/scores/TLA/2025.json
TLA,TLA406,Quản trị dịch vụ du lịch và lữ hành,,2025,https://github.com/kbaoooo/vn_schools_scores_data/blob/main/craw-data/scores/TLA/2025.json
TLA,TLA407,Logistics và quản lý chuỗi cung ứng,,2025,https://github.com/kbaoooo/vn_schools_scores_data/blob/main/craw-data/scores/TLA/2025.json
TLA,TLA408,Tài chính - Ngân hàng,,2025,https://github.com/kbaoooo/vn_schools_scores_data/blob/main/craw-data/scores/TLA/2025.json
TLA,TLA409,Kiểm toán,,2025,https://github.com/kbaoooo/vn_schools_scores_data/blob/main/craw-data/scores/TLA/2025.json
TLA,TLA410,Kinh tế số,,2025,https://github.com/kbaoooo/vn_schools_scores_data/blob/main/craw-data/scores/TLA/2025.json
TLA,TLA411,Chương trình Kế toán tích hợp chứng chỉ quốc tể,,2025,https://github.com/kbaoooo/vn_schools_scores_data/blob/main/craw-data/scores/TLA/2025.json
TLA,TLA412,Chương trình Công nghệ tài chính,,2025,https://github.com/kbaoooo/vn_schools_scores_data/blob/main/craw-data/scores/TLA/2025.json
TLS,TLS101,Kỹ thuật xây dựng công trình thủy,,2025,https://github.com/kbaoooo/vn_schools_scores_data/blob/main/craw-data/scores/TLS/2025.json
TLS,TLS102,Kỹ thuật tài nguyên nước,,2025,https://github.com/kbaoooo/vn_schools_scores_data/blob/main/craw-data/scores/TLS/2025.json
TLS,TLS104,Nhóm ngành kỹ thuật xây dựng (kỹ thuật xây dựng dân dụng và công nghiệp; kỹ thuật xây dựng công trình giao thông; xây dựng và quản lý hạ tầng đô thị),,2025,https://github.com/kbaoooo/vn_schools_scores_data/blob/main/craw-data/scores/TLS/2025.json
TLS,TLS106,Công nghệ thông tin,,2025,https://github.com/kbaoooo/vn_schools_scores_data/blob/main/craw-data/scores/TLS/2025.json
TLS,TLS107,Kỹ thuật cấp thoát nước,,2025,https://github.com/kbaoooo/vn_schools_scores_data/blob/main/craw-data/scores/TLS/2025.json
TLS,TLS108,Kỹ thuật thủy lợi thông minh,,2025,https://github.com/kbaoooo/vn_schools_scores_data/blob/main/craw-data/scores/TLS/2025.json
TLS,TLS111,Công nghệ kỹ thuật xây dựng,,2025,https://github.com/kbaoooo/vn_schools_scores_data/blob/main/craw-data/scores/TLS/2025.json
TLS,TLS114,Quản lý xây dựng,,2025,https://github.com/kbaoooo/vn_schools_scores_data/blob/main/craw-data/scores/TLS/2025.json
TLS,TLS115,Xây dựng và quản lý đô thị thông minh,,2025,https://github.com/kbaoooo/vn_schools_scores_data/blob/main/craw-data/scores/TLS/2025.json
TLS,TLS126,Trí tuệ nhân tạo & khoa học dữ liệu,,2025,https://github.com/kbaoooo/vn_schools_scores_data/blob/main/craw-data/scores/TLS/2025.json
TLS,TLS203,Ngôn ngữ anh,,2025,https://github.com/kbaoooo/vn_schools_scores_data/blob/main/craw-data/scores/TLS/2025.json
TLS,TLS301,Luật,,2025,https://github.com/kbaoooo/vn_schools_scores_data/blob/main/craw-data/scores/TLS/2025.json
TLS,TLS402,Quản trị kinh doanh,,2025,https://github.com/kbaoooo/vn_schools_scores_data/blob/main/craw-data/scores/TLS/2025.json
TLS,TLS403,Kế toán,,2025,https://github.com/kbaoooo/vn_schools_scores_data/blob/main/craw-data/scores/TLS/2025.json
TLS,TLS404,Kinh tế xây dựng,,2025,https://github.com/kbaoooo/vn_schools_scores_data/blob/main/craw-data/scores/TLS/2025.json
TLS,TLS405,Thương mại điện tử,,2025,https://github.com/kbaoooo/vn_schools_scores_data/blob/main/craw-data/scores/TLS/2025.json
TLS,TLS407,Logistics và quản lý chuỗi cung ứng,,2025,https://github.com/kbaoooo/vn_schools_scores_data/blob/main/craw-data/scores/TLS/2025.json
TMU,TM01,Quản trị kinh doanh (Quản trị kinh doanh),,2025,https://github.com/kbaoooo/vn_schools_scores_data/blob/main/craw-data/scores/TMU/2025.json
TMU,TM02,Quản trị kinh doanh (Quản trị kinh doanh - Chương trình định hướng chuyên sâu nghề nghiệp quốc tế - IPOP),,2025,https://github.com/kbaoooo/vn_schools_scores_data/blob/main/craw-data/scores/TMU/2025.json
TMU,TM03,Quản trị kinh doanh (Khởi nghiệp và phát triển kinh doanh),,2025,https://github.com/kbaoooo/vn_schools_scores_data/blob/main/craw-data/scores/TMU/2025.json
TMU,TM04,Quản trị khách sạn (Quản trị khách sạn),,2025,https://github.com/kbaoooo/vn_schools_scores_data/blob/main/craw-data/scores/TMU/2025.json
TMU,TM05,Quản trị khách sạn (Quản trị khách sạn - Chương trình định hướng chuyên sâu nghề nghiệp quốc tế - IPOP),,2025,https://github.com/kbaoooo/vn_schools_scores_data/blob/main/craw-data/scores/TMU/2025.json
TMU,TM06,Quản trị dịch vụ du lịch và lữ hành (Quản trị dịch vụ du lịch và lữ hành),,2025,https://github.com/kbaoooo/vn_schools_scores_data/blob/main/craw-data/scores/TMU/2025.json
TMU,TM07,Marketing (Marketing Thương mại),,2025,https://github.com/kbaoooo/vn_schools_scores_data/blob/main/craw-data/scores/TMU/2025.json
TMU,TM08,Marketing (Marketing thương mại - Chương trình định hướng chuyên sâu nghề nghiệp quốc tế - IPOP),,2025,https://github.com/kbaoooo/vn_schools_scores_data/blob/main/craw-data/scores/TMU/2025.json
TMU,TM09,Marketing (Marketing số),,2025,https://github.com/kbaoooo/vn_schools_scores_data/blob/main/craw-data/scores/TMU/2025.json
TMU,TM10,Marketing (Quản trị Thương hiệu),,2025,https://github.com/kbaoooo/vn_schools_scores_data/blob/main/craw-data/scores/TMU/2025.json
TMU,TM11,Marketing (Quản trị thương hiệu - Chương trình định hướng chuyên sâu nghề nghiệp quốc tế - IPOP),,2025,https://github.com/kbaoooo/vn_schools_scores_data/blob/main/craw-data/scores/TMU/2025.json
TMU,TM12,Kế toán (Kế toán doanh nghiệp),,2025,https://github.com/kbaoooo/vn_schools_scores_data/blob/main/craw-data/scores/TMU/2025.json
TMU,TM13,Kế toán (Kế toán tích hợp chứng chỉ quốc tế ICAEW CFAB - Chương trình định hướng chuyên sâu nghề nghiệp quốc tế - IPOP),,2025,https://github.com/kbaoooo/vn_schools_scores_data/blob/main/craw-data/scores/TMU/2025.json
TMU,TM14,Kế toán (Kế toán công),,2025,https://github.com/kbaoooo/vn_schools_scores_data/blob/main/craw-data/scores/TMU/2025.json
TMU,TM15,Kiểm toán (Kiểm toán),,2025,https://github.com/kbaoooo/vn_schools_scores_data/blob/main/craw-data/scores/TMU/2025.json
TMU,TM16,Kiểm toán (Kiểm toán tích hợp chứng chỉ quốc tế ICAEW CFAB - Chương trình định hướng chuyên sâu nghề nghiệp quốc tế - IPOP),,2025,https://github.com/kbaoooo/vn_schools_scores_data/blob/main/craw-data/scores/TMU/2025.json
TMU,TM17,Logistics và Quản lý chuỗi cung ứng (Logistics và Quản lý chuỗi cung ứng),,2025,https://github.com/kbaoooo/vn_schools_scores_data/blob/main/craw-data/scores/TMU/2025.json
TMU,TM18,Logistics và Quản lý chuỗi cung ứng (Logistics và Xuất nhập khẩu - Chương trình định hướng chuyên sâu nghề nghiệp quốc tế - IPOP),,2025,https://github.com/kbaoooo/vn_schools_scores_data/blob/main/craw-data/scores/TMU/2025.json
TMU,TM19,Kinh doanh quốc tế (Thương mại quốc tế),,2025,https://github.com/kbaoooo/vn_schools_scores_data/blob/main/craw-data/scores/TMU/2025.json
TMU,TM20,Kinh doanh quốc tế (Thương mại quốc tế - Chương trình định hướng chuyên sâu nghề nghiệp quốc tế - IPOP),,2025,https://github.com/kbaoooo/vn_schools_scores_data/blob/main/craw-data/scores/TMU/2025.json
TMU,TM21,Kinh tế quốc tế (Kinh tế quốc tế),,2025,https://github.com/kbaoooo/vn_schools_scores_data/blob/main/craw-data/scores/TMU/2025.json
TMU,TM22,Kinh tế (Quản lý kinh tế),,2025,https://github.com/kbaoooo/vn_schools_scores_data/blob/main/craw-data/scores/TMU/2025.json
TMU,TM23,Kinh tế (Kinh tế và Quản lý đầu tư - Chương trình định hướng chuyên sâu nghề nghiệp quốc tế - IPOP),,2025,https://github.com/kbaoooo/vn_schools_scores_data/blob/main/craw-data/scores/TMU/2025.json
TMU,TM24,Tài chính - Ngân hàng (Tài chính - Ngân hàng thương mại),,2025,https://github.com/kbaoooo/vn_schools_scores_data/blob/main/craw-data/scores/TMU/2025.json
TMU,TM25,Tài chính - Ngân hàng (Tài chính - Ngân hàng thương mại - Chương trình định hướng chuyên sâu nghề nghiệp quốc tế - IPOP),,2025,https://github.com/kbaoooo/vn_schools_scores_data/blob/main/craw-data/scores/TMU/2025.json
TMU,TM26,Tài chính - Ngân hàng (Tài chính công),,2025,https://github.com/kbaoooo/vn_schools_scores_data/blob/main/craw-data/scores/TMU/2025.json
TMU,TM27,Tài chính - Ngân hàng (Công nghệ tài chính ngân hàng),,2025,https://github.com/kbaoooo/vn_schools_scores_data/blob/main/craw-data/scores/TMU/2025.json
TMU,TM28,Thương mại điện tử (Quản trị thương mại điện tử),,2025,https://github.com/kbaoooo/vn_schools_scores_data/blob/main/craw-data/scores/TMU/2025.json
TMU,TM29,Thương mại điện tử (Thương mại điện tử - Chương trình định hướng chuyên sâu nghề nghiệp quốc tế - IPOP),,2025,https://github.com/kbaoooo/vn_schools_scores_data/blob/main/craw-data/scores/TMU/2025.json
TMU,TM30,Thương mại điện tử (Kinh doanh số),,2025,https://github.com/kbaoooo/vn_schools_scores_data/blob/main/craw-data/scores/TMU/2025.json
TMU,TM31,Hệ thống thông tin quản lý (Quản trị Hệ thống thông tin),,2025,https://github.com/kbaoooo/vn_schools_scores_data/blob/main/craw-data/scores/TMU/2025.json
TMU,TM32,Hệ thống thông tin quản lý (Quản trị Hệ thống thông tin - Chương trình định hướng chuyên sâu nghề nghiệp quốc tế - IPOP),,2025,https://github.com/kbaoooo/vn_schools_scores_data/blob/main/craw-data/scores/TMU/2025.json
TMU,TM33,Ngôn ngữ Anh (Tiếng Anh thương mại),,2025,https://github.com/kbaoooo/vn_schools_scores_data/blob/main/craw-data/scores/TMU/2025.json
TMU,TM34,Luật kinh tế (Luật kinh tế),,2025,https://github.com/kbaoooo/vn_schools_scores_data/blob/main/craw-data/scores/TMU/2025.json
TMU,TM35,Luật kinh tế (Luật kinh doanh - Chương trình định hướng chuyên sâu nghề nghiệp quốc tế - IPOP),,2025,https://github.com/kbaoooo/vn_schools_scores_data/blob/main/craw-data/scores/TMU/2025.json
TMU,TM36,Luật kinh tế (Luật thương mại quốc tế),,2025,https://github.com/kbaoooo/vn_schools_scores_data/blob/main/craw-data/scores/TMU/2025.json
TMU,TM37,Quản trị nhân lực (Quản trị nhân lực doanh nghiệp),,2025,https://github.com/kbaoooo/vn_schools_scores_data/blob/main/craw-data/scores/TMU/2025.json
TMU,TM38,Quản trị nhân lực (Quản trị nhân lực doanh nghiệp - Chương trình định hướng chuyên sâu nghề nghiệp quốc tế - IPOP),,2025,https://github.com/kbaoooo/vn_schools_scores_data/blob/main/craw-data/scores/TMU/2025.json
TMU,TM39,Kinh tế số (Phân tích kinh doanh trong môi trường số),,2025,https://github.com/kbaoooo/vn_schools_scores_data/blob/main/craw-data/scores/TMU/2025.json
TMU,TM40,Ngôn ngữ Trung Quốc (Tiếng Trung thương mại),,2025,https://github.com/kbaoooo/vn_schools_scores_data/blob/main/craw-data/scores/TMU/2025.json
TMU,TM41,Ngôn ngữ Trung Quốc (Tiếng Trung thương mại - Chương trình định hướng chuyên sâu nghề nghiệp quốc tế - IPOP),,2025,https://github.com/kbaoooo/vn_schools_scores_data/blob/main/craw-data/scores/TMU/2025.json
TMU,TM42,Quản trị kinh doanh (Tiếng Pháp thương mại),,2025,https://github.com/kbaoooo/vn_schools_scores_data/blob/main/craw-data/scores/TMU/2025.json
TMU,TM43,Quản trị kinh doanh (Quản trị kinh doanh) - Khởi nghiệp (Thành lập doanh nghiệp) - Chương trình đào tạo song bằng quốc tế,,2025,https://github.com/kbaoooo/vn_schools_scores_data/blob/main/craw-data/scores/TMU/2025.json
TMU,TM44,Marketing (Marketing thương mại) - Thương mại sản phẩm và dịch vụ (Bán hàng) - Chương trình đào tạo song bằng quốc tế,,2025,https://github.com/kbaoooo/vn_schools_scores_data/blob/main/craw-data/scores/TMU/2025.json
TQU,7229042,Quản lý văn hóa,7229042,2025,https://github.com/kbaoooo/vn_schools_scores_data/blob/main/craw-data/scores/TQU/2025.json
TQU,7310201,Chính trị học,7310201,2025,https://github.com/kbaoooo/vn_schools_scores_data/blob/main/craw-data/scores/TQU/2025.json
TQU,7310401,Tâm lý học,7310401,2025,https://github.com/kbaoooo/vn_schools_scores_data/blob/main/craw-data/scores/TQU/2025.json
TQU,7340301,Kế toán,7340301,2025,https://github.com/kbaoooo/vn_schools_scores_data/blob/main/craw-data/scores/TQU/2025.json
TQU,7480201,Công nghệ thông tin,7480201,2025,https://github.com/kbaoooo/vn_schools_scores_data/blob/main/craw-data/scores/TQU/2025.json
TQU,7620115,Kinh tế nông nghiệp,7620115,2025,https://github.com/kbaoooo/vn_schools_scores_data/blob/main/craw-data/scores/TQU/2025.json
TQU,7620205,Lâm sinh,7620205,2025,https://github.com/kbaoooo/vn_schools_scores_data/blob/main/craw-data/scores/TQU/2025.json
TQU,7720201,Dược học,7720201,2025,https://github.com/kbaoooo/vn_schools_scores_data/blob/main/craw-data/scores/TQU/2025.json
TQU,7720301,Điều dưỡng,7720301,2025,https://github.com/kbaoooo/vn_schools_scores_data/blob/main/craw-data/scores/TQU/2025.json
TQU,7760101,Công tác xã hội,7760101,2025,https://github.com/kbaoooo/vn_schools_scores_data/blob/main/craw-data/scores/TQU/2025.json
TQU,7810103,Quản trị Dịch vụ du lịch và lữ hành,7810103,2025,https://github.com/kbaoooo/vn_schools_scores_data/blob/main/craw-data/scores/TQU/2025.json
TSN,7220201,Ngôn ngữ Anh (04 chuyên ngành: Biên - phiên dịch; Tiếng Anh du lịch; Giảng dạy Tiếng Anh; Song ngữ Anh -Trung),7220201,2025,https://github.com/kbaoooo/vn_schools_scores_data/blob/main/craw-data/scores/TSN/2025.json
TSN,7310101,Kinh tế (02 chuyên ngành: Kinh tế thủy sản; Quản lý kinh tế),7310101,2025,https://github.com/kbaoooo/vn_schools_scores_data/blob/main/craw-data/scores/TSN/2025.json
TSN,7310105,Kinh tế phát triển,7310105,2025,https://github.com/kbaoooo/vn_schools_scores_data/blob/main/craw-data/scores/TSN/2025.json
TSN,7340101,Quản trị kinh doanh,7340101,2025,https://github.com/kbaoooo/vn_schools_scores_data/blob/main/craw-data/scores/TSN/2025.json
TSN,7340101A,Quản trị kinh doanh (Chương trình đặc biệt),7340101,2025,https://github.com/kbaoooo/vn_schools_scores_data/blob/main/craw-data/scores/TSN/2025.json
TSN,7340115,Marketing,7340115,2025,https://github.com/kbaoooo/vn_schools_scores_data/blob/main/craw-data/scores/TSN/2025.json
TSN,7340121,Kinh doanh thương mại,7340121,2025,https://github.com/kbaoooo/vn_schools_scores_data/blob/main/craw-data/scores/TSN/2025.json
TSN,7340201,Tài chính - Ngân hàng (02 chuyên ngành: Tài chính - Ngân hàng; Công nghệ tài chính),7340201,2025,https://github.com/kbaoooo/vn_schools_scores_data/blob/main/craw-data/scores/TSN/2025.json
TSN,7340201A,Tài chính - Ngân hàng (Chương trình đặc biệt),7340201,2025,https://github.com/kbaoooo/vn_schools_scores_data/blob/main/craw-data/scores/TSN/2025.json
TSN,7340301,Kế toán,7340301,2025,https://github.com/kbaoooo/vn_schools_scores_data/blob/main/craw-data/scores/TSN/2025.json
TSN,7340301A,Kế toán (Chương trình đặc biệt),7340301,2025,https://github.com/kbaoooo/vn_schools_scores_data/blob/main/craw-data/scores/TSN/2025.json
TSN,7340302,Kiểm toán,7340302,2025,https://github.com/kbaoooo/vn_schools_scores_data/blob/main/craw-data/scores/TSN/2025.json
TSN,7340405,Hệ thống thông tin quản lý,7340405,2025,https://github.com/kbaoooo/vn_schools_scores_data/blob/main/craw-data/scores/TSN/2025.json
TSN,7380101,Luật (02 chuyên ngành: Luật; Luật kinh tế),7380101,2025,https://github.com/kbaoooo/vn_schools_scores_data/blob/main/craw-data/scores/TSN/2025.json
TSN,7420201,Công nghệ sinh học,7420201,2025,https://github.com/kbaoooo/vn_schools_scores_data/blob/main/craw-data/scores/TSN/2025.json
TSN,7420201MP,Công nghệ sinh học (Chương trình Minh Phú -NTU),7420201,2025,https://github.com/kbaoooo/vn_schools_scores_data/blob/main/craw-data/scores/TSN/2025.json
TSN,7480101,Khoa học máy tính,7480101,2025,https://github.com/kbaoooo/vn_schools_scores_data/blob/main/craw-data/scores/TSN/2025.json
TSN,7480201,Công nghệ thông tin,7480201,2025,https://github.com/kbaoooo/vn_schools_scores_data/blob/main/craw-data/scores/TSN/2025.json
TSN,7480201A,Công nghệ thông tin (Chương trình đặc biệt),7480201,2025,https://github.com/kbaoooo/vn_schools_scores_data/blob/main/craw-data/scores/TSN/2025.json
TSN,7480201B,Công nghệ thông tin Việt Nhật,7480201,2025,https://github.com/kbaoooo/vn_schools_scores_data/blob/main/craw-data/scores/TSN/2025.json
TSN,7510202,Công nghệ chế tạo máy,7510202,2025,https://github.com/kbaoooo/vn_schools_scores_data/blob/main/craw-data/scores/TSN/2025.json
TSN,7520103,Kỹ thuật cơ khí (02 chuyên ngành: Kỹ thuật cơ khí; Thiết kế và chế tạo số),7520103,2025,https://github.com/kbaoooo/vn_schools_scores_data/blob/main/craw-data/scores/TSN/2025.json
TSN,7520103MP,Cơ khí thủy sản thông minh (Chương trình Minh Phú - NTU),7520103,2025,https://github.com/kbaoooo/vn_schools_scores_data/blob/main/craw-data/scores/TSN/2025.json
TSN,7520114,Kỹ thuật cơ điện tử,7520114,2025,https://github.com/kbaoooo/vn_schools_scores_data/blob/main/craw-data/scores/TSN/2025.json
TSN,7520115,Kỹ thuật nhiệt,7520115,2025,https://github.com/kbaoooo/vn_schools_scores_data/blob/main/craw-data/scores/TSN/2025.json
TSN,7520116,Kỹ thuật cơ khí động lực,7520116,2025,https://github.com/kbaoooo/vn_schools_scores_data/blob/main/craw-data/scores/TSN/2025.json
TSN,7520122,Kỹ thuật tàu thủy,7520122,2025,https://github.com/kbaoooo/vn_schools_scores_data/blob/main/craw-data/scores/TSN/2025.json
TSN,7520130,Kỹ thuật ô tô,7520130,2025,https://github.com/kbaoooo/vn_schools_scores_data/blob/main/craw-data/scores/TSN/2025.json
TSN,7520201,"Kỹ thuật điện (chuyên ngành Kỹ thuật điện, điện tử)",7520201,2025,https://github.com/kbaoooo/vn_schools_scores_data/blob/main/craw-data/scores/TSN/2025.json
TSN,7520206,Kỹ thuật biển,7520206,2025,https://github.com/kbaoooo/vn_schools_scores_data/blob/main/craw-data/scores/TSN/2025.json
TSN,7520216,Kỹ thuật điều khiển và tự động hóa,7520216,2025,https://github.com/kbaoooo/vn_schools_scores_data/blob/main/craw-data/scores/TSN/2025.json
TSN,7520301,Kỹ thuật hoá học,7520301,2025,https://github.com/kbaoooo/vn_schools_scores_data/blob/main/craw-data/scores/TSN/2025.json
TSN,7520320,Kỹ thuật môi trường (02 chuyên ngành: Kỹ thuật môi trường; Quản lý môi trường và an toàn vệ sinh lao động),7520320,2025,https://github.com/kbaoooo/vn_schools_scores_data/blob/main/craw-data/scores/TSN/2025.json
TSN,7540101,Công nghệ thực phẩm (02 chuyên ngành: Công nghệ thực phẩm; Dinh dưỡng và ẩm thực),7540101,2025,https://github.com/kbaoooo/vn_schools_scores_data/blob/main/craw-data/scores/TSN/2025.json
TSN,7540105,Công nghệ chế biến thuỷ sản (02 chuyên ngành: Công nghệ chế biến thủy sản; Công nghệ sau thu hoạch),7540105,2025,https://github.com/kbaoooo/vn_schools_scores_data/blob/main/craw-data/scores/TSN/2025.json
TSN,7540105HV,Công nghệ chế biến thuỷ sản (chương trình Hải Vương - NTU),7540105,2025,https://github.com/kbaoooo/vn_schools_scores_data/blob/main/craw-data/scores/TSN/2025.json
TSN,7540105MP,Công nghệ chế biến thuỷ sản (Chương trình Minh Phú - NTU),7540105,2025,https://github.com/kbaoooo/vn_schools_scores_data/blob/main/craw-data/scores/TSN/2025.json
TSN,7540106,Đảm bảo chất lượng và an toàn thưc phẩm,7540106,2025,https://github.com/kbaoooo/vn_schools_scores_data/blob/main/craw-data/scores/TSN/2025.json
TSN,7580201,Kỹ thuật xây dựng (02 chuyên ngành: Kỹ thuật xây dựng; Quản lý xây dựng),7580201,2025,https://github.com/kbaoooo/vn_schools_scores_data/blob/main/craw-data/scores/TSN/2025.json
TSN,7580205,Kỹ thuật xây dựng công trình giao thông,7580205,2025,https://github.com/kbaoooo/vn_schools_scores_data/blob/main/craw-data/scores/TSN/2025.json
TSN,7620301,Nuôi trồng thuỷ sản,7620301,2025,https://github.com/kbaoooo/vn_schools_scores_data/blob/main/craw-data/scores/TSN/2025.json
TSN,7620301MP,Nuôi trồng thuỷ sản (Chương trình Minh Phú - NTU),7620301,2025,https://github.com/kbaoooo/vn_schools_scores_data/blob/main/craw-data/scores/TSN/2025.json
TSN,7620303,"Khoa học thủy sản (02 chuyên ngành: Khoa học thủy sản, Khai thác thủy sản)",7620303,2025,https://github.com/kbaoooo/vn_schools_scores_data/blob/main/craw-data/scores/TSN/2025.json
TSN,7620305,Quản lý thuỷ sản,7620305,2025,https://github.com/kbaoooo/vn_schools_scores_data/blob/main/craw-data/scores/TSN/2025.json
TSN,7810103,Quản trị dịch vụ du lịch và lữ hành,7810103,2025,https://github.com/kbaoooo/vn_schools_scores_data/blob/main/craw-data/scores/TSN/2025.json
TSN,7810103A,Quản trị dịch vụ du lịch lữ hành (Chương trình đặc biệt),7810103,2025,https://github.com/kbaoooo/vn_schools_scores_data/blob/main/craw-data/scores/TSN/2025.json
TSN,7810103P,Quản trị dịch vụ du lịch và lữ hành (Chương trình song ngữ Pháp - Việt),7810103,2025,https://github.com/kbaoooo/vn_schools_scores_data/blob/main/craw-data/scores/TSN/2025.json
TSN,7810201,Quản trị khách sạn,7810201,2025,https://github.com/kbaoooo/vn_schools_scores_data/blob/main/craw-data/scores/TSN/2025.json
TSN,7810201A,Quản trị khách sạn (Chương trình đặc biệt),7810201,2025,https://github.com/kbaoooo/vn_schools_scores_data/blob/main/craw-data/scores/TSN/2025.json
TSN,7840106,Khoa học hàng hải (02 chuyên ngành: Khoa học hàng hải; Quản lý hàng hải và Logistics),7840106,2025,https://github.com/kbaoooo/vn_schools_scores_data/blob/main/craw-data/scores/TSN/2025.json
TTB,7140201,Giáo dục Mầm non,7140201,2025,https://github.com/kbaoooo/vn_schools_scores_data/blob/main/craw-data/scores/TTB/2025.json
TTB,7140202,Giáo dục Tiểu học,7140202,2025,https://github.com/kbaoooo/vn_schools_scores_data/blob/main/craw-data/scores/TTB/2025.json
TTB,7140205,Giáo dục Chính trị,7140205,2025,https://github.com/kbaoooo/vn_schools_scores_data/blob/main/craw-data/scores/TTB/2025.json
TTB,7140206,Giáo dục Thể chất,7140206,2025,https://github.com/kbaoooo/vn_schools_scores_data/blob/main/craw-data/scores/TTB/2025.json
TTB,7140209,Sư phạm Toán học,7140209,2025,https://github.com/kbaoooo/vn_schools_scores_data/blob/main/craw-data/scores/TTB/2025.json
TTB,7140210,Sư phạm Tin học,7140210,2025,https://github.com/kbaoooo/vn_schools_scores_data/blob/main/craw-data/scores/TTB/2025.json
TTB,7140211,Sư phạm Vật lí,7140211,2025,https://github.com/kbaoooo/vn_schools_scores_data/blob/main/craw-data/scores/TTB/2025.json
TTB,7140212,Sư phạm Hóa học,7140212,2025,https://github.com/kbaoooo/vn_schools_scores_data/blob/main/craw-data/scores/TTB/2025.json
TTB,7140213,Sư phạm Sinh học,7140213,2025,https://github.com/kbaoooo/vn_schools_scores_data/blob/main/craw-data/scores/TTB/2025.json
TTB,7140217,Sư phạm Ngữ văn,7140217,2025,https://github.com/kbaoooo/vn_schools_scores_data/blob/main/craw-data/scores/TTB/2025.json
TTB,7140218,Sư phạm Lịch sử,7140218,2025,https://github.com/kbaoooo/vn_schools_scores_data/blob/main/craw-data/scores/TTB/2025.json
TTB,7140219,Sư phạm Địa lí,7140219,2025,https://github.com/kbaoooo/vn_schools_scores_data/blob/main/craw-data/scores/TTB/2025.json
TTB,7140231,Sư phạm Tiếng Anh,7140231,2025,https://github.com/kbaoooo/vn_schools_scores_data/blob/main/craw-data/scores/TTB/2025.json
TTB,7340101,Quản trị kinh doanh,7340101,2025,https://github.com/kbaoooo/vn_schools_scores_data/blob/main/craw-data/scores/TTB/2025.json
TTB,7340201,Tài chính - Ngân hàng,7340201,2025,https://github.com/kbaoooo/vn_schools_scores_data/blob/main/craw-data/scores/TTB/2025.json
TTB,7340301,Kế toán,7340301,2025,https://github.com/kbaoooo/vn_schools_scores_data/blob/main/craw-data/scores/TTB/2025.json
TTB,7480201,Công nghệ thông tin,7480201,2025,https://github.com/kbaoooo/vn_schools_scores_data/blob/main/craw-data/scores/TTB/2025.json
TTB,7620105,Chăn nuôi,7620105,2025,https://github.com/kbaoooo/vn_schools_scores_data/blob/main/craw-data/scores/TTB/2025.json
TTB,7620109,Nông học,7620109,2025,https://github.com/kbaoooo/vn_schools_scores_data/blob/main/craw-data/scores/TTB/2025.json
TTB,7620112,Bảo vệ thực vật,7620112,2025,https://github.com/kbaoooo/vn_schools_scores_data/blob/main/craw-data/scores/TTB/2025.json
TTB,7620205,Lâm sinh,7620205,2025,https://github.com/kbaoooo/vn_schools_scores_data/blob/main/craw-data/scores/TTB/2025.json
TTB,7620211,Quản lý tài nguyên rừng,7620211,2025,https://github.com/kbaoooo/vn_schools_scores_data/blob/main/craw-data/scores/TTB/2025.json
TTB,7720401,Dinh dưỡng,7720401,2025,https://github.com/kbaoooo/vn_schools_scores_data/blob/main/craw-data/scores/TTB/2025.json
TTB,7810103,Quản trị dịch vụ du lịch và lữ hành,7810103,2025,https://github.com/kbaoooo/vn_schools_scores_data/blob/main/craw-data/scores/TTB/2025.json
TTB,7850101,Quản lý tài nguyên và môi trường,7850101,2025,https://github.com/kbaoooo/vn_schools_scores_data/blob/main/craw-data/scores/TTB/2025.json
TTD,7810301,Quản lý TDTT,7810301,2025,https://github.com/kbaoooo/vn_schools_scores_data/blob/main/craw-data/scores/TTD/2025.json
TTD,7810302,Huấn luyện thể thao,7810302,2025,https://github.com/kbaoooo/vn_schools_scores_data/blob/main/craw-data/scores/TTD/2025.json
TTG,7229040,Văn hoá học,7229040,2025,https://github.com/kbaoooo/vn_schools_scores_data/blob/main/craw-data/scores/TTG/2025.json
TTG,7310101,Kinh tế,7310101,2025,https://github.com/kbaoooo/vn_schools_scores_data/blob/main/craw-data/scores/TTG/2025.json
TTG,7340101,Quản trị kinh doanh,7340101,2025,https://github.com/kbaoooo/vn_schools_scores_data/blob/main/craw-data/scores/TTG/2025.json
TTG,7340201,Tài chính - Ngân hàng,7340201,2025,https://github.com/kbaoooo/vn_schools_scores_data/blob/main/craw-data/scores/TTG/2025.json
TTG,7340301,Kế toán,7340301,2025,https://github.com/kbaoooo/vn_schools_scores_data/blob/main/craw-data/scores/TTG/2025.json
TTG,7380101,Luật,7380101,2025,https://github.com/kbaoooo/vn_schools_scores_data/blob/main/craw-data/scores/TTG/2025.json
TTG,7420201,Công nghệ sinh học,7420201,2025,https://github.com/kbaoooo/vn_schools_scores_data/blob/main/craw-data/scores/TTG/2025.json
TTG,7480201,Công nghệ thông tin,7480201,2025,https://github.com/kbaoooo/vn_schools_scores_data/blob/main/craw-data/scores/TTG/2025.json
TTG,7510103,Công nghệ kỹ thuật xây dựng,7510103,2025,https://github.com/kbaoooo/vn_schools_scores_data/blob/main/craw-data/scores/TTG/2025.json
TTG,7510201,Công nghệ kỹ thuật cơ khí,7510201,2025,https://github.com/kbaoooo/vn_schools_scores_data/blob/main/craw-data/scores/TTG/2025.json
TTG,7510203,Công nghệ kỹ thuật cơ - điện tử,7510203,2025,https://github.com/kbaoooo/vn_schools_scores_data/blob/main/craw-data/scores/TTG/2025.json
TTG,7510303,Công nghệ kỹ thuật điều khiển và tự động hoá,7510303,2025,https://github.com/kbaoooo/vn_schools_scores_data/blob/main/craw-data/scores/TTG/2025.json
TTG,7540101,Công nghệ thực phẩm,7540101,2025,https://github.com/kbaoooo/vn_schools_scores_data/blob/main/craw-data/scores/TTG/2025.json
TTG,7620112,Bảo vệ thực vật,7620112,2025,https://github.com/kbaoooo/vn_schools_scores_data/blob/main/craw-data/scores/TTG/2025.json
TTG,7620301,Nuôi trồng thuỷ sản,7620301,2025,https://github.com/kbaoooo/vn_schools_scores_data/blob/main/craw-data/scores/TTG/2025.json
TTG,7810101,Du lịch,7810101,2025,https://github.com/kbaoooo/vn_schools_scores_data/blob/main/craw-data/scores/TTG/2025.json
TTH,7860219_B,Chỉ huy - Tham mưu Thông tin (miền Bắc),7860219,2025,https://github.com/kbaoooo/vn_schools_scores_data/blob/main/craw-data/scores/TTH/2025.json
TTH,7860219_N,Chỉ huy - Tham mưu Thông tin (miền Nam),7860219,2025,https://github.com/kbaoooo/vn_schools_scores_data/blob/main/craw-data/scores/TTH/2025.json
TTN,7140201,Giáo dục Mầm non,7140201,2025,https://github.com/kbaoooo/vn_schools_scores_data/blob/main/craw-data/scores/TTN/2025.json
TTN,7140202,Giáo dục Tiểu học,7140202,2025,https://github.com/kbaoooo/vn_schools_scores_data/blob/main/craw-data/scores/TTN/2025.json
TTN,7140202JR,Giáo dục Tiểu học – Tiếng Jrai,7140202,2025,https://github.com/kbaoooo/vn_schools_scores_data/blob/main/craw-data/scores/TTN/2025.json
TTN,7140205,Giáo dục Chính trị,7140205,2025,https://github.com/kbaoooo/vn_schools_scores_data/blob/main/craw-data/scores/TTN/2025.json
TTN,7140206,Giáo dục Thể chất,7140206,2025,https://github.com/kbaoooo/vn_schools_scores_data/blob/main/craw-data/scores/TTN/2025.json
TTN,7140209,Sư phạm Toán học,7140209,2025,https://github.com/kbaoooo/vn_schools_scores_data/blob/main/craw-data/scores/TTN/2025.json
TTN,7140211,Sư phạm Vật lý,7140211,2025,https://github.com/kbaoooo/vn_schools_scores_data/blob/main/craw-data/scores/TTN/2025.json
TTN,7140212,Sư phạm Hóa học,7140212,2025,https://github.com/kbaoooo/vn_schools_scores_data/blob/main/craw-data/scores/TTN/2025.json
TTN,7140213,Sư phạm Sinh học,7140213,2025,https://github.com/kbaoooo/vn_schools_scores_data/blob/main/craw-data/scores/TTN/2025.json
TTN,7140217,Sư phạm Ngữ văn,7140217,2025,https://github.com/kbaoooo/vn_schools_scores_data/blob/main/craw-data/scores/TTN/2025.json
TTN,7140231,Sư phạm Tiếng Anh,7140231,2025,https://github.com/kbaoooo/vn_schools_scores_data/blob/main/craw-data/scores/TTN/2025.json
TTN,7140247,Sư phạm Khoa học tự nhiên,7140247,2025,https://github.com/kbaoooo/vn_schools_scores_data/blob/main/craw-data/scores/TTN/2025.json
TTN,7220201,Ngôn ngữ Anh,7220201,2025,https://github.com/kbaoooo/vn_schools_scores_data/blob/main/craw-data/scores/TTN/2025.json
TTN,7229001,Triết học,7229001,2025,https://github.com/kbaoooo/vn_schools_scores_data/blob/main/craw-data/scores/TTN/2025.json
TTN,7229030,Văn học,7229030,2025,https://github.com/kbaoooo/vn_schools_scores_data/blob/main/craw-data/scores/TTN/2025.json
TTN,7310101,Kinh tế,7310101,2025,https://github.com/kbaoooo/vn_schools_scores_data/blob/main/craw-data/scores/TTN/2025.json
TTN,7310105,Kinh tế phát triển,7310105,2025,https://github.com/kbaoooo/vn_schools_scores_data/blob/main/craw-data/scores/TTN/2025.json
TTN,7310403,Tâm lý học giáo dục,7310403,2025,https://github.com/kbaoooo/vn_schools_scores_data/blob/main/craw-data/scores/TTN/2025.json
TTN,7340101,Quản trị kinh doanh,7340101,2025,https://github.com/kbaoooo/vn_schools_scores_data/blob/main/craw-data/scores/TTN/2025.json
TTN,7340121,Kinh doanh thương mại,7340121,2025,https://github.com/kbaoooo/vn_schools_scores_data/blob/main/craw-data/scores/TTN/2025.json
TTN,7340201,Tài chính – Ngân hàng,7340201,2025,https://github.com/kbaoooo/vn_schools_scores_data/blob/main/craw-data/scores/TTN/2025.json
TTN,7340205,Công nghệ tài chính,7340205,2025,https://github.com/kbaoooo/vn_schools_scores_data/blob/main/craw-data/scores/TTN/2025.json
TTN,7340301,Kế toán,7340301,2025,https://github.com/kbaoooo/vn_schools_scores_data/blob/main/craw-data/scores/TTN/2025.json
TTN,7420201,Công nghệ sinh học,7420201,2025,https://github.com/kbaoooo/vn_schools_scores_data/blob/main/craw-data/scores/TTN/2025.json
TTN,7420201YD,Công nghệ sinh học Y Dược,7420201,2025,https://github.com/kbaoooo/vn_schools_scores_data/blob/main/craw-data/scores/TTN/2025.json
TTN,7480201,Công nghệ thông tin,7480201,2025,https://github.com/kbaoooo/vn_schools_scores_data/blob/main/craw-data/scores/TTN/2025.json
TTN,7540101,Công nghệ thực phẩm,7540101,2025,https://github.com/kbaoooo/vn_schools_scores_data/blob/main/craw-data/scores/TTN/2025.json
TTN,7620105,Chăn nuôi,7620105,2025,https://github.com/kbaoooo/vn_schools_scores_data/blob/main/craw-data/scores/TTN/2025.json
TTN,7620110,Khoa học cây trồng,7620110,2025,https://github.com/kbaoooo/vn_schools_scores_data/blob/main/craw-data/scores/TTN/2025.json
TTN,7620112,Bảo vệ thực vật,7620112,2025,https://github.com/kbaoooo/vn_schools_scores_data/blob/main/craw-data/scores/TTN/2025.json
TTN,7620115,Kinh tế nông nghiệp,7620115,2025,https://github.com/kbaoooo/vn_schools_scores_data/blob/main/craw-data/scores/TTN/2025.json
TTN,7620205,Lâm sinh,7620205,2025,https://github.com/kbaoooo/vn_schools_scores_data/blob/main/craw-data/scores/TTN/2025.json
TTN,7640101,Thú y,7640101,2025,https://github.com/kbaoooo/vn_schools_scores_data/blob/main/craw-data/scores/TTN/2025.json
TTN,7720101,Y khoa,7720101,2025,https://github.com/kbaoooo/vn_schools_scores_data/blob/main/craw-data/scores/TTN/2025.json
TTN,7720301,Điều dưỡng,7720301,2025,https://github.com/kbaoooo/vn_schools_scores_data/blob/main/craw-data/scores/TTN/2025.json
TTN,7720601,Kỹ thuật xét nghiệm y học,7720601,2025,https://github.com/kbaoooo/vn_schools_scores_data/blob/main/craw-data/scores/TTN/2025.json
TTN,7850103,Quản lý đất đai,7850103,2025,https://github.com/kbaoooo/vn_schools_scores_data/blob/main/craw-data/scores/TTN/2025.json
TTU,7220201,Ngôn ngữ Anh,7220201,2025,https://github.com/kbaoooo/vn_schools_scores_data/blob/main/craw-data/scores/TTU/2025.json
TTU,7340101,Quản trị kinh doanh,7340101,2025,https://github.com/kbaoooo/vn_schools_scores_data/blob/main/craw-data/scores/TTU/2025.json
TTU,7340115,Digital Marketing,7340115,2025,https://github.com/kbaoooo/vn_schools_scores_data/blob/main/craw-data/scores/TTU/2025.json
TTU,7340120,Kinh doanh quốc tế,7340120,2025,https://github.com/kbaoooo/vn_schools_scores_data/blob/main/craw-data/scores/TTU/2025.json
TTU,7340201,Tài chính Ngân hàng,7340201,2025,https://github.com/kbaoooo/vn_schools_scores_data/blob/main/craw-data/scores/TTU/2025.json
TTU,7340301,Kế toán,7340301,2025,https://github.com/kbaoooo/vn_schools_scores_data/blob/main/craw-data/scores/TTU/2025.json
TTU,7420201,Công nghệ sinh học,7420201,2025,https://github.com/kbaoooo/vn_schools_scores_data/blob/main/craw-data/scores/TTU/2025.json
TTU,7460108,Khoa học dữ liệu,7460108,2025,https://github.com/kbaoooo/vn_schools_scores_data/blob/main/craw-data/scores/TTU/2025.json
TTU,7480101,Công nghệ thông tin,7480101,2025,https://github.com/kbaoooo/vn_schools_scores_data/blob/main/craw-data/scores/TTU/2025.json
TTU,7480107,Trí tuệ nhân tạo,7480107,2025,https://github.com/kbaoooo/vn_schools_scores_data/blob/main/craw-data/scores/TTU/2025.json
TTU,7720101,Y khoa (Bác sĩ Đa khoa),7720101,2025,https://github.com/kbaoooo/vn_schools_scores_data/blob/main/craw-data/scores/TTU/2025.json
TTU,7720301,Điều dưỡng,7720301,2025,https://github.com/kbaoooo/vn_schools_scores_data/blob/main/craw-data/scores/TTU/2025.json
TTU,7720601,Kỹ thuật xét nghiệm Y học,7720601,2025,https://github.com/kbaoooo/vn_schools_scores_data/blob/main/craw-data/scores/TTU/2025.json
TYS,7720101,Y khoa,7720101,2025,https://github.com/kbaoooo/vn_schools_scores_data/blob/main/craw-data/scores/TYS/2025.json
TYS,7720115,Y học cổ truyền,7720115,2025,https://github.com/kbaoooo/vn_schools_scores_data/blob/main/craw-data/scores/TYS/2025.json
TYS,7720201,Dược học,7720201,2025,https://github.com/kbaoooo/vn_schools_scores_data/blob/main/craw-data/scores/TYS/2025.json
TYS,7720301,Điều dưỡng,7720301,2025,https://github.com/kbaoooo/vn_schools_scores_data/blob/main/craw-data/scores/TYS/2025.json
TYS,7720302,Hộ sinh,7720302,2025,https://github.com/kbaoooo/vn_schools_scores_data/blob/main/craw-data/scores/TYS/2025.json
TYS,7720401,Dinh dưỡng,7720401,2025,https://github.com/kbaoooo/vn_schools_scores_data/blob/main/craw-data/scores/TYS/2025.json
TYS,7720501,Răng Hàm Mặt,7720501,2025,https://github.com/kbaoooo/vn_schools_scores_data/blob/main/craw-data/scores/TYS/2025.json
TYS,7720601,Kỹ thuật xét nghiệm y học,7720601,2025,https://github.com/kbaoooo/vn_schools_scores_data/blob/main/craw-data/scores/TYS/2025.json
TYS,7720602,Kỹ thuật hình ảnh y học,7720602,2025,https://github.com/kbaoooo/vn_schools_scores_data/blob/main/craw-data/scores/TYS/2025.json
TYS,7720603,Kỹ thuật phục hồi chức năng,7720603,2025,https://github.com/kbaoooo/vn_schools_scores_data/blob/main/craw-data/scores/TYS/2025.json
TYS,7720699,Khúc xạ nhãn khoa,7720699,2025,https://github.com/kbaoooo/vn_schools_scores_data/blob/main/craw-data/scores/TYS/2025.json
TYS,7720701,Y tế công cộng,7720701,2025,https://github.com/kbaoooo/vn_schools_scores_data/blob/main/craw-data/scores/TYS/2025.json
UEF,7210403,Thiết kế đồ họa,7210403,2025,https://github.com/kbaoooo/vn_schools_scores_data/blob/main/craw-data/scores/UEF/2025.json
UEF,7220201,Ngôn ngữ Anh,7220201,2025,https://github.com/kbaoooo/vn_schools_scores_data/blob/main/craw-data/scores/UEF/2025.json
UEF,7220204,Ngôn ngữ Trung Quốc,7220204,2025,https://github.com/kbaoooo/vn_schools_scores_data/blob/main/craw-data/scores/UEF/2025.json
UEF,7220209,Ngôn ngữ Nhật,7220209,2025,https://github.com/kbaoooo/vn_schools_scores_data/blob/main/craw-data/scores/UEF/2025.json
UEF,7220210,Ngôn ngữ Hàn Quốc,7220210,2025,https://github.com/kbaoooo/vn_schools_scores_data/blob/main/craw-data/scores/UEF/2025.json
UEF,7310106,Kinh tế quốc tế,7310106,2025,https://github.com/kbaoooo/vn_schools_scores_data/blob/main/craw-data/scores/UEF/2025.json
UEF,7310109,Kinh tế số,7310109,2025,https://github.com/kbaoooo/vn_schools_scores_data/blob/main/craw-data/scores/UEF/2025.json
UEF,7310206,Quan hệ quốc tế,7310206,2025,https://github.com/kbaoooo/vn_schools_scores_data/blob/main/craw-data/scores/UEF/2025.json
UEF,7310401,Tâm lý học,7310401,2025,https://github.com/kbaoooo/vn_schools_scores_data/blob/main/craw-data/scores/UEF/2025.json
UEF,7320104,Truyền thông đa phương tiện,7320104,2025,https://github.com/kbaoooo/vn_schools_scores_data/blob/main/craw-data/scores/UEF/2025.json
UEF,7320106,Công nghệ truyền thông,7320106,2025,https://github.com/kbaoooo/vn_schools_scores_data/blob/main/craw-data/scores/UEF/2025.json
UEF,7320108,Quan hệ công chúng,7320108,2025,https://github.com/kbaoooo/vn_schools_scores_data/blob/main/craw-data/scores/UEF/2025.json
UEF,7340101,Quản trị kinh doanh,7340101,2025,https://github.com/kbaoooo/vn_schools_scores_data/blob/main/craw-data/scores/UEF/2025.json
UEF,7340114,Digital Marketing,7340114,2025,https://github.com/kbaoooo/vn_schools_scores_data/blob/main/craw-data/scores/UEF/2025.json
UEF,7340115,Marketing,7340115,2025,https://github.com/kbaoooo/vn_schools_scores_data/blob/main/craw-data/scores/UEF/2025.json
UEF,7340116,Bất động sản,7340116,2025,https://github.com/kbaoooo/vn_schools_scores_data/blob/main/craw-data/scores/UEF/2025.json
UEF,7340120,Kinh doanh quốc tế,7340120,2025,https://github.com/kbaoooo/vn_schools_scores_data/blob/main/craw-data/scores/UEF/2025.json
UEF,7340121,Kinh doanh thương mại,7340121,2025,https://github.com/kbaoooo/vn_schools_scores_data/blob/main/craw-data/scores/UEF/2025.json
UEF,7340122,Thương mại điện tử,7340122,2025,https://github.com/kbaoooo/vn_schools_scores_data/blob/main/craw-data/scores/UEF/2025.json
UEF,7340201,Tài chính - ngân hàng,7340201,2025,https://github.com/kbaoooo/vn_schools_scores_data/blob/main/craw-data/scores/UEF/2025.json
UEF,7340205,Công nghệ tài chính,7340205,2025,https://github.com/kbaoooo/vn_schools_scores_data/blob/main/craw-data/scores/UEF/2025.json
UEF,7340206,Tài chính quốc tế,7340206,2025,https://github.com/kbaoooo/vn_schools_scores_data/blob/main/craw-data/scores/UEF/2025.json
UEF,7340301,Kế toán,7340301,2025,https://github.com/kbaoooo/vn_schools_scores_data/blob/main/craw-data/scores/UEF/2025.json
UEF,7340302,Kiểm toán,7340302,2025,https://github.com/kbaoooo/vn_schools_scores_data/blob/main/craw-data/scores/UEF/2025.json
UEF,7340404,Quản trị nhân lực,7340404,2025,https://github.com/kbaoooo/vn_schools_scores_data/blob/main/craw-data/scores/UEF/2025.json
UEF,7340412,Quản trị sự kiện,7340412,2025,https://github.com/kbaoooo/vn_schools_scores_data/blob/main/craw-data/scores/UEF/2025.json
UEF,7380101,Luật,7380101,2025,https://github.com/kbaoooo/vn_schools_scores_data/blob/main/craw-data/scores/UEF/2025.json
UEF,7380107,Luật kinh tế,7380107,2025,https://github.com/kbaoooo/vn_schools_scores_data/blob/main/craw-data/scores/UEF/2025.json
UEF,7380108,Luật quốc tế,7380108,2025,https://github.com/kbaoooo/vn_schools_scores_data/blob/main/craw-data/scores/UEF/2025.json
UEF,7460108,Khoa học dữ liệu,7460108,2025,https://github.com/kbaoooo/vn_schools_scores_data/blob/main/craw-data/scores/UEF/2025.json
UEF,7480103,Kỹ thuật phần mềm,7480103,2025,https://github.com/kbaoooo/vn_schools_scores_data/blob/main/craw-data/scores/UEF/2025.json
UEF,7480201,Công nghệ thông tin,7480201,2025,https://github.com/kbaoooo/vn_schools_scores_data/blob/main/craw-data/scores/UEF/2025.json
UEF,7510605,Logistics và quản lý chuỗi cung ứng,7510605,2025,https://github.com/kbaoooo/vn_schools_scores_data/blob/main/craw-data/scores/UEF/2025.json
UEF,7810103,Quản trị dịch vụ du lịch và lữ hành,7810103,2025,https://github.com/kbaoooo/vn_schools_scores_data/blob/main/craw-data/scores/UEF/2025.json
UEF,7810201,Quản trị khách sạn,7810201,2025,https://github.com/kbaoooo/vn_schools_scores_data/blob/main/craw-data/scores/UEF/2025.json
UEF,7810202,Quản trị nhà hàng và dịch vụ ăn uống,7810202,2025,https://github.com/kbaoooo/vn_schools_scores_data/blob/main/craw-data/scores/UEF/2025.json
UFA,7340101,Quản trị kinh doanh,7340101,2025,https://github.com/kbaoooo/vn_schools_scores_data/blob/main/craw-data/scores/UFA/2025.json
UFA,7340120,Kinh doanh quốc tế,7340120,2025,https://github.com/kbaoooo/vn_schools_scores_data/blob/main/craw-data/scores/UFA/2025.json
UFA,7340201,Tài chính - Ngân hàng,7340201,2025,https://github.com/kbaoooo/vn_schools_scores_data/blob/main/craw-data/scores/UFA/2025.json
UFA,7340301,Kế toán,7340301,2025,https://github.com/kbaoooo/vn_schools_scores_data/blob/main/craw-data/scores/UFA/2025.json
UFA,7380107,Luật kinh tế,7380107,2025,https://github.com/kbaoooo/vn_schools_scores_data/blob/main/craw-data/scores/UFA/2025.json
UKH,7140202,Giáo dục Tiểu học,7140202,2025,https://github.com/kbaoooo/vn_schools_scores_data/blob/main/craw-data/scores/UKH/2025.json
UKH,7140209,Sư phạm Toán học,7140209,2025,https://github.com/kbaoooo/vn_schools_scores_data/blob/main/craw-data/scores/UKH/2025.json
UKH,7140211,Sư phạm Vật lý,7140211,2025,https://github.com/kbaoooo/vn_schools_scores_data/blob/main/craw-data/scores/UKH/2025.json
UKH,7140217,Sư phạm Ngữ văn,7140217,2025,https://github.com/kbaoooo/vn_schools_scores_data/blob/main/craw-data/scores/UKH/2025.json
UKH,7140231,Sư phạm Tiếng Anh,7140231,2025,https://github.com/kbaoooo/vn_schools_scores_data/blob/main/craw-data/scores/UKH/2025.json
UKH,7140249,Sư phạm Lịch sử - Địa lý,7140249,2025,https://github.com/kbaoooo/vn_schools_scores_data/blob/main/craw-data/scores/UKH/2025.json
UKH,7220201,Ngôn ngữ Anh (Tiếng Anh du lịch),7220201,2025,https://github.com/kbaoooo/vn_schools_scores_data/blob/main/craw-data/scores/UKH/2025.json
UKH,7229020,Ngôn ngữ học (Tiếng Trung Quốc),7229020,2025,https://github.com/kbaoooo/vn_schools_scores_data/blob/main/craw-data/scores/UKH/2025.json
UKH,7229030,Văn học (Báo chí - Truyền thông),7229030,2025,https://github.com/kbaoooo/vn_schools_scores_data/blob/main/craw-data/scores/UKH/2025.json
UKH,7229040,Văn hoá học (Văn hóa - Truyền thông),7229040,2025,https://github.com/kbaoooo/vn_schools_scores_data/blob/main/craw-data/scores/UKH/2025.json
UKH,7310630,Việt Nam học (Văn hóa du lịch),7310630,2025,https://github.com/kbaoooo/vn_schools_scores_data/blob/main/craw-data/scores/UKH/2025.json
UKH,7340101,Quản trị kinh doanh - Quản trị kinh doanh - Quản trị kinh doanh (Quản lý bán lẻ) - Quản trị kinh doanh (Marketing) - Quản trị kinh doanh (Nhà hàng và dịch vụ ăn uống),7340101,2025,https://github.com/kbaoooo/vn_schools_scores_data/blob/main/craw-data/scores/UKH/2025.json
UKH,7420203,Sinh học ứng dụng (Dược liệu),7420203,2025,https://github.com/kbaoooo/vn_schools_scores_data/blob/main/craw-data/scores/UKH/2025.json
UKH,7440112,Hóa học (Hóa dược - Sản phẩm thiên nhiên),7440112,2025,https://github.com/kbaoooo/vn_schools_scores_data/blob/main/craw-data/scores/UKH/2025.json
UKH,7810101,Du lịch,7810101,2025,https://github.com/kbaoooo/vn_schools_scores_data/blob/main/craw-data/scores/UKH/2025.json
UKH,7810103,Quản trị dịch vụ du lịch và lữ hành,7810103,2025,https://github.com/kbaoooo/vn_schools_scores_data/blob/main/craw-data/scores/UKH/2025.json
UKH,7810201,Quản trị khách sạn,7810201,2025,https://github.com/kbaoooo/vn_schools_scores_data/blob/main/craw-data/scores/UKH/2025.json
UMT,7210403,Thiết kế đồ họa,7210403,2025,https://github.com/kbaoooo/vn_schools_scores_data/blob/main/craw-data/scores/UMT/2025.json
UMT,7320104,Truyền thông đa phương tiện,7320104,2025,https://github.com/kbaoooo/vn_schools_scores_data/blob/main/craw-data/scores/UMT/2025.json
UMT,7340101,Quản trị kinh doanh,7340101,2025,https://github.com/kbaoooo/vn_schools_scores_data/blob/main/craw-data/scores/UMT/2025.json
UMT,7340115,Marketing,7340115,2025,https://github.com/kbaoooo/vn_schools_scores_data/blob/main/craw-data/scores/UMT/2025.json
UMT,7340116,Bất động sản,7340116,2025,https://github.com/kbaoooo/vn_schools_scores_data/blob/main/craw-data/scores/UMT/2025.json
UMT,7340120,Kinh doanh quốc tế,7340120,2025,https://github.com/kbaoooo/vn_schools_scores_data/blob/main/craw-data/scores/UMT/2025.json
UMT,7480201,Công nghệ thông tin,7480201,2025,https://github.com/kbaoooo/vn_schools_scores_data/blob/main/craw-data/scores/UMT/2025.json
UMT,7510605,Logistics và Quản lý chuỗi cung ứng,7510605,2025,https://github.com/kbaoooo/vn_schools_scores_data/blob/main/craw-data/scores/UMT/2025.json
UMT,7810301,Quản lý thể dục thể thao,7810301,2025,https://github.com/kbaoooo/vn_schools_scores_data/blob/main/craw-data/scores/UMT/2025.json
VGU,7310101,Kinh tế học (BSE),7310101,2025,https://github.com/kbaoooo/vn_schools_scores_data/blob/main/craw-data/scores/VGU/2025.json
VGU,7340101,Quản trị kinh doanh (BBA),7340101,2025,https://github.com/kbaoooo/vn_schools_scores_data/blob/main/craw-data/scores/VGU/2025.json
VGU,7340202,Tài chính và Kế toán (BFA),7340202,2025,https://github.com/kbaoooo/vn_schools_scores_data/blob/main/craw-data/scores/VGU/2025.json
VGU,7480101,Khoa học máy tính (CSE),7480101,2025,https://github.com/kbaoooo/vn_schools_scores_data/blob/main/craw-data/scores/VGU/2025.json
VGU,7510104,Kỹ thuật Giao thông thông minh (SME),7510104,2025,https://github.com/kbaoooo/vn_schools_scores_data/blob/main/craw-data/scores/VGU/2025.json
VGU,7510206,Kỹ thuật quy trình sản xuất bền vững (SPE),7510206,2025,https://github.com/kbaoooo/vn_schools_scores_data/blob/main/craw-data/scores/VGU/2025.json
VGU,7520103,Kỹ thuật cơ khí (MEN),7520103,2025,https://github.com/kbaoooo/vn_schools_scores_data/blob/main/craw-data/scores/VGU/2025.json
VGU,7520114,Kỹ thuật cơ điện tử (MEC),7520114,2025,https://github.com/kbaoooo/vn_schools_scores_data/blob/main/craw-data/scores/VGU/2025.json
VGU,7520208,Kỹ thuật điện và máy tính (ECE),7520208,2025,https://github.com/kbaoooo/vn_schools_scores_data/blob/main/craw-data/scores/VGU/2025.json
VGU,7580101,Kiến trúc (ARC),7580101,2025,https://github.com/kbaoooo/vn_schools_scores_data/blob/main/craw-data/scores/VGU/2025.json
VGU,7580201,Kỹ thuật và quản lý xây dựng (BCE),7580201,2025,https://github.com/kbaoooo/vn_schools_scores_data/blob/main/craw-data/scores/VGU/2025.json
VHD,7310101,Kinh tế,7310101,2025,https://github.com/kbaoooo/vn_schools_scores_data/blob/main/craw-data/scores/VHD/2025.json
VHD,7310109,Kinh tế số,7310109,2025,https://github.com/kbaoooo/vn_schools_scores_data/blob/main/craw-data/scores/VHD/2025.json
VHD,7340101,Quản trị kinh doanh,7340101,2025,https://github.com/kbaoooo/vn_schools_scores_data/blob/main/craw-data/scores/VHD/2025.json
VHD,7340115,Marketing,7340115,2025,https://github.com/kbaoooo/vn_schools_scores_data/blob/main/craw-data/scores/VHD/2025.json
VHD,7340201,Tài chính - Ngân hàng,7340201,2025,https://github.com/kbaoooo/vn_schools_scores_data/blob/main/craw-data/scores/VHD/2025.json
VHD,7340205,Công nghệ tài chính,7340205,2025,https://github.com/kbaoooo/vn_schools_scores_data/blob/main/craw-data/scores/VHD/2025.json
VHD,7480101,Khoa học máy tính,7480101,2025,https://github.com/kbaoooo/vn_schools_scores_data/blob/main/craw-data/scores/VHD/2025.json
VHD,7480201,Công nghệ thông tin,7480201,2025,https://github.com/kbaoooo/vn_schools_scores_data/blob/main/craw-data/scores/VHD/2025.json
VHD,7510103,Công nghệ kỹ thuật xây dựng,7510103,2025,https://github.com/kbaoooo/vn_schools_scores_data/blob/main/craw-data/scores/VHD/2025.json
VHD,7510201,Công nghệ kỹ thuật cơ khí,7510201,2025,https://github.com/kbaoooo/vn_schools_scores_data/blob/main/craw-data/scores/VHD/2025.json
VHD,7510205,Công nghệ kỹ thuật ô tô,7510205,2025,https://github.com/kbaoooo/vn_schools_scores_data/blob/main/craw-data/scores/VHD/2025.json
VHD,7510301,"Công nghệ kỹ thuật điện, điện tử",7510301,2025,https://github.com/kbaoooo/vn_schools_scores_data/blob/main/craw-data/scores/VHD/2025.json
VHD,7510302,Công nghệ kỹ thuật điện tử viễn thông,7510302,2025,https://github.com/kbaoooo/vn_schools_scores_data/blob/main/craw-data/scores/VHD/2025.json
VHH,7220201,Ngôn ngữ Anh,7220201,2025,https://github.com/kbaoooo/vn_schools_scores_data/blob/main/craw-data/scores/VHH/2025.json
VHH,7229040A,Nghiên cứu văn hóa,7229040,2025,https://github.com/kbaoooo/vn_schools_scores_data/blob/main/craw-data/scores/VHH/2025.json
VHH,7229040B,Văn hóa truyền thông,7229040,2025,https://github.com/kbaoooo/vn_schools_scores_data/blob/main/craw-data/scores/VHH/2025.json
VHH,7229040C,Văn hóa đối ngoại,7229040,2025,https://github.com/kbaoooo/vn_schools_scores_data/blob/main/craw-data/scores/VHH/2025.json
VHH,7229042A,Phát triển công nghiệp văn hóa,7229042,2025,https://github.com/kbaoooo/vn_schools_scores_data/blob/main/craw-data/scores/VHH/2025.json
VHH,7229042B,Quản lý di sản văn hóa,7229042,2025,https://github.com/kbaoooo/vn_schools_scores_data/blob/main/craw-data/scores/VHH/2025.json
VHH,7229042C,Tổ chức hoạt động nghệ thuật,7229042,2025,https://github.com/kbaoooo/vn_schools_scores_data/blob/main/craw-data/scores/VHH/2025.json
VHH,7229042D,Tổ chức sự kiện văn hóa,7229042,2025,https://github.com/kbaoooo/vn_schools_scores_data/blob/main/craw-data/scores/VHH/2025.json
VHH,7320101,Báo chí,7320101,2025,https://github.com/kbaoooo/vn_schools_scores_data/blob/main/craw-data/scores/VHH/2025.json
VHH,7320201A,Quản trị thư viện,7320201,2025,https://github.com/kbaoooo/vn_schools_scores_data/blob/main/craw-data/scores/VHH/2025.json
VHH,7320201B,Thư viện và thiết bị trường học,7320201,2025,https://github.com/kbaoooo/vn_schools_scores_data/blob/main/craw-data/scores/VHH/2025.json
VHH,7320205,Quản lý thông tin,7320205,2025,https://github.com/kbaoooo/vn_schools_scores_data/blob/main/craw-data/scores/VHH/2025.json
VHH,7320305,Bảo tàng học,7320305,2025,https://github.com/kbaoooo/vn_schools_scores_data/blob/main/craw-data/scores/VHH/2025.json
VHH,7320402,Kinh doanh xuất bản phẩm,7320402,2025,https://github.com/kbaoooo/vn_schools_scores_data/blob/main/craw-data/scores/VHH/2025.json
VHH,7380101,Luật,7380101,2025,https://github.com/kbaoooo/vn_schools_scores_data/blob/main/craw-data/scores/VHH/2025.json
VHH,7810101A,Văn hóa du lịch,7810101,2025,https://github.com/kbaoooo/vn_schools_scores_data/blob/main/craw-data/scores/VHH/2025.json
VHH,7810101B,"Lữ hành, hướng dẫn du lịch",7810101,2025,https://github.com/kbaoooo/vn_schools_scores_data/blob/main/craw-data/scores/VHH/2025.json
VHH,7810101C,Hướng dẫn du lịch quốc tế,7810101,2025,https://github.com/kbaoooo/vn_schools_scores_data/blob/main/craw-data/scores/VHH/2025.json
VHH,7810103A,Quản trị kinh doanh du lịch,7810103,2025,https://github.com/kbaoooo/vn_schools_scores_data/blob/main/craw-data/scores/VHH/2025.json
VHH,7810103B,Quản trị du lịch cộng đồng,7810103,2025,https://github.com/kbaoooo/vn_schools_scores_data/blob/main/craw-data/scores/VHH/2025.json
VHS,7220112,Văn hóa các dân tộc thiểu số Việt Nam,7220112,2025,https://github.com/kbaoooo/vn_schools_scores_data/blob/main/craw-data/scores/VHS/2025.json
VHS,7229040A,"Văn hóa học, chuyên ngành Văn hóa Việt Nam",7229040,2025,https://github.com/kbaoooo/vn_schools_scores_data/blob/main/craw-data/scores/VHS/2025.json
VHS,7229040B,"Văn hóa học, chuyên ngành Công nghiệp Văn hóa",7229040,2025,https://github.com/kbaoooo/vn_schools_scores_data/blob/main/craw-data/scores/VHS/2025.json
VHS,7229040C,"Văn hóa học, chuyên ngành Truyền thông Văn hóa",7229040,2025,https://github.com/kbaoooo/vn_schools_scores_data/blob/main/craw-data/scores/VHS/2025.json
VHS,7229042A,"Quản lý văn hóa, chuyên ngành Quản lý hoạt động văn hóa xã hội",7229042,2025,https://github.com/kbaoooo/vn_schools_scores_data/blob/main/craw-data/scores/VHS/2025.json
VHS,7229042C,Quản lý văn hóa,7229042,2025,https://github.com/kbaoooo/vn_schools_scores_data/blob/main/craw-data/scores/VHS/2025.json
VHS,7229042D,"Quản lý văn hóa, chuyên ngành Tổ chức sự kiện văn hóa, thể thao, du lịch",7229042,2025,https://github.com/kbaoooo/vn_schools_scores_data/blob/main/craw-data/scores/VHS/2025.json
VHS,7229047A,"Di sản học, chuyên ngành Di sản và phát triển du lịch",7229047,2025,https://github.com/kbaoooo/vn_schools_scores_data/blob/main/craw-data/scores/VHS/2025.json
VHS,7229047B,"Di sản học, chuyên ngành Di sản và bảo tàng",7229047,2025,https://github.com/kbaoooo/vn_schools_scores_data/blob/main/craw-data/scores/VHS/2025.json
VHS,7320201,Thông tin - Thư viện,7320201,2025,https://github.com/kbaoooo/vn_schools_scores_data/blob/main/craw-data/scores/VHS/2025.json
VHS,7320402,Kinh doanh xuất bản phẩm,7320402,2025,https://github.com/kbaoooo/vn_schools_scores_data/blob/main/craw-data/scores/VHS/2025.json
VHS,7810101,Du lịch,7810101,2025,https://github.com/kbaoooo/vn_schools_scores_data/blob/main/craw-data/scores/VHS/2025.json
VHS,7810103A,"Quản trị dịch vụ du lịch và lữ hành, chuyên ngành Quản trị lữ hành",7810103,2025,https://github.com/kbaoooo/vn_schools_scores_data/blob/main/craw-data/scores/VHS/2025.json
VHS,7810103B,"Quản trị dịch vụ du lịch và lữ hành, chuyên ngành Hướng dẫn du lịch",7810103,2025,https://github.com/kbaoooo/vn_schools_scores_data/blob/main/craw-data/scores/VHS/2025.json
VJU,7310601,Đổi mới và Phát triển toàn cầu – BGDI,7310601,2025,https://github.com/kbaoooo/vn_schools_scores_data/blob/main/craw-data/scores/VJU/2025.json
VJU,7310613,Nhật Bản học – BJS,7310613,2025,https://github.com/kbaoooo/vn_schools_scores_data/blob/main/craw-data/scores/VJU/2025.json
VJU,7480204,Khoa học & Kỹ thuật máy tính – BCSE,7480204,2025,https://github.com/kbaoooo/vn_schools_scores_data/blob/main/craw-data/scores/VJU/2025.json
VJU,7510301,Công nghệ kỹ thuật Chip bán dẫn – ESCT,7510301,2025,https://github.com/kbaoooo/vn_schools_scores_data/blob/main/craw-data/scores/VJU/2025.json
VJU,7520114,Cơ điện tử thông minh và sản xuất theo phương thức Nhật Bản – EMJM,7520114,2025,https://github.com/kbaoooo/vn_schools_scores_data/blob/main/craw-data/scores/VJU/2025.json
VJU,7520216,Điều khiển thông minh và Tự động hóa – BICA,7520216,2025,https://github.com/kbaoooo/vn_schools_scores_data/blob/main/craw-data/scores/VJU/2025.json
VJU,"7540118
QTD",Công nghệ Thực phẩm và sức khỏe – EFTH,7540118,2025,https://github.com/kbaoooo/vn_schools_scores_data/blob/main/craw-data/scores/VJU/2025.json
VJU,7580201,Kỹ thuật Xây dựng – ECE,7580201,2025,https://github.com/kbaoooo/vn_schools_scores_data/blob/main/craw-data/scores/VJU/2025.json
VJU,"7620122
QTD",Nông nghiệp thông minh và bền vững – ESAS,7620122,2025,https://github.com/kbaoooo/vn_schools_scores_data/blob/main/craw-data/scores/VJU/2025.json
VKU,7320106,Công nghệ truyền thông (cử nhân),7320106,2025,https://github.com/kbaoooo/vn_schools_scores_data/blob/main/craw-data/scores/VKU/2025.json
VKU,7320106DA,Chuyên ngành Thiết kế Mỹ thuật số (cử nhân),7320106,2025,https://github.com/kbaoooo/vn_schools_scores_data/blob/main/craw-data/scores/VKU/2025.json
VKU,7340101,Quản trị kinh doanh,7340101,2025,https://github.com/kbaoooo/vn_schools_scores_data/blob/main/craw-data/scores/VKU/2025.json
VKU,7340101EL,Chuyên ngành Quản trị Logistics và chuỗi cung ứng số,7340101,2025,https://github.com/kbaoooo/vn_schools_scores_data/blob/main/craw-data/scores/VKU/2025.json
VKU,7340101ET,Chuyên ngành Quản trị dịch vụ du lịch và lữ hành số,7340101,2025,https://github.com/kbaoooo/vn_schools_scores_data/blob/main/craw-data/scores/VKU/2025.json
VKU,7340101IM,Chuyên ngành Quản trị dự án Công nghệ thông tin,7340101,2025,https://github.com/kbaoooo/vn_schools_scores_data/blob/main/craw-data/scores/VKU/2025.json
VKU,7340115,Marketing,7340115,2025,https://github.com/kbaoooo/vn_schools_scores_data/blob/main/craw-data/scores/VKU/2025.json
VKU,7340205,Công nghệ tài chính,7340205,2025,https://github.com/kbaoooo/vn_schools_scores_data/blob/main/craw-data/scores/VKU/2025.json
VKU,7480107,Trí tuệ nhân tạo (kỹ sư),7480107,2025,https://github.com/kbaoooo/vn_schools_scores_data/blob/main/craw-data/scores/VKU/2025.json
VKU,7480107DA,Chuyên ngành Phân tích dữ liệu (kỹ sư),7480107,2025,https://github.com/kbaoooo/vn_schools_scores_data/blob/main/craw-data/scores/VKU/2025.json
VKU,7480108,Công nghệ kỹ thuật máy tính (kỹ sư),7480108,2025,https://github.com/kbaoooo/vn_schools_scores_data/blob/main/craw-data/scores/VKU/2025.json
VKU,7480108AS,Chuyên ngành Kỹ thuật phần mềm ô tô (kỹ sư),7480108,2025,https://github.com/kbaoooo/vn_schools_scores_data/blob/main/craw-data/scores/VKU/2025.json
VKU,7480108B,Công nghệ kỹ thuật máy tính (cử nhân),7480108,2025,https://github.com/kbaoooo/vn_schools_scores_data/blob/main/craw-data/scores/VKU/2025.json
VKU,7480108IC,Chuyên ngành Thiết kế vi mạch bán dẫn (kỹ sư),7480108,2025,https://github.com/kbaoooo/vn_schools_scores_data/blob/main/craw-data/scores/VKU/2025.json
VKU,7480201,Công nghệ thông tin (kỹ sư),7480201,2025,https://github.com/kbaoooo/vn_schools_scores_data/blob/main/craw-data/scores/VKU/2025.json
VKU,7480201B,Công nghệ thông tin (cử nhân),7480201,2025,https://github.com/kbaoooo/vn_schools_scores_data/blob/main/craw-data/scores/VKU/2025.json
VKU,7480201DT,Công nghệ thông tin (cử nhân - Hợp tác doanh nghiệp),7480201,2025,https://github.com/kbaoooo/vn_schools_scores_data/blob/main/craw-data/scores/VKU/2025.json
VKU,7480201GT,Chuyên ngành Công nghệ Game (kỹ sư),7480201,2025,https://github.com/kbaoooo/vn_schools_scores_data/blob/main/craw-data/scores/VKU/2025.json
VKU,7480202,An toàn thông tin (kỹ sư),7480202,2025,https://github.com/kbaoooo/vn_schools_scores_data/blob/main/craw-data/scores/VKU/2025.json
VLU,7140101,Giáo dục học,7140101,2025,https://github.com/kbaoooo/vn_schools_scores_data/blob/main/craw-data/scores/VLU/2025.json
VLU,7140246,Sư phạm công nghệ,7140246,2025,https://github.com/kbaoooo/vn_schools_scores_data/blob/main/craw-data/scores/VLU/2025.json
VLU,7220201,Ngôn ngữ Anh,7220201,2025,https://github.com/kbaoooo/vn_schools_scores_data/blob/main/craw-data/scores/VLU/2025.json
VLU,7310101,Kinh tế,7310101,2025,https://github.com/kbaoooo/vn_schools_scores_data/blob/main/craw-data/scores/VLU/2025.json
VLU,7310201,Chính trị học,7310201,2025,https://github.com/kbaoooo/vn_schools_scores_data/blob/main/craw-data/scores/VLU/2025.json
VLU,7320104,Truyền thông đa phương tiện,7320104,2025,https://github.com/kbaoooo/vn_schools_scores_data/blob/main/craw-data/scores/VLU/2025.json
VLU,7340122,Thương mại điện tử,7340122,2025,https://github.com/kbaoooo/vn_schools_scores_data/blob/main/craw-data/scores/VLU/2025.json
VLU,7380101,Luật,7380101,2025,https://github.com/kbaoooo/vn_schools_scores_data/blob/main/craw-data/scores/VLU/2025.json
VLU,7420201,Công nghệ sinh học,7420201,2025,https://github.com/kbaoooo/vn_schools_scores_data/blob/main/craw-data/scores/VLU/2025.json
VLU,7460108,Khoa học dữ liệu,7460108,2025,https://github.com/kbaoooo/vn_schools_scores_data/blob/main/craw-data/scores/VLU/2025.json
VLU,7480201,Công nghệ thông tin,7480201,2025,https://github.com/kbaoooo/vn_schools_scores_data/blob/main/craw-data/scores/VLU/2025.json
VLU,7510102,Công nghệ kỹ thuật công trình xây dựng,7510102,2025,https://github.com/kbaoooo/vn_schools_scores_data/blob/main/craw-data/scores/VLU/2025.json
VLU,7510201,Công nghệ kỹ thuật cơ khí,7510201,2025,https://github.com/kbaoooo/vn_schools_scores_data/blob/main/craw-data/scores/VLU/2025.json
VLU,7510203,Công nghệ kỹ thuật cơ điện tử,7510203,2025,https://github.com/kbaoooo/vn_schools_scores_data/blob/main/craw-data/scores/VLU/2025.json
VLU,7510205,Công nghệ kỹ thuật ô tô,7510205,2025,https://github.com/kbaoooo/vn_schools_scores_data/blob/main/craw-data/scores/VLU/2025.json
VLU,7510206,Công nghệ kỹ thuật nhiệt (Điện lạnh),7510206,2025,https://github.com/kbaoooo/vn_schools_scores_data/blob/main/craw-data/scores/VLU/2025.json
VLU,7510301,"Công nghệ kỹ thuật điện, điện tử",7510301,2025,https://github.com/kbaoooo/vn_schools_scores_data/blob/main/craw-data/scores/VLU/2025.json
VLU,7510303,Công nghệ kỹ thuật điều khiển và tự động hóa,7510303,2025,https://github.com/kbaoooo/vn_schools_scores_data/blob/main/craw-data/scores/VLU/2025.json
VLU,7510605,Logistics và Quản lý chuỗi cung ứng,7510605,2025,https://github.com/kbaoooo/vn_schools_scores_data/blob/main/craw-data/scores/VLU/2025.json
VLU,7520107,Kỹ thuật Robot,7520107,2025,https://github.com/kbaoooo/vn_schools_scores_data/blob/main/craw-data/scores/VLU/2025.json
VLU,7520130,Kỹ thuật ô tô (Chuyên ngành: Công nghệ kỹ thuật ô tô điện),7520130,2025,https://github.com/kbaoooo/vn_schools_scores_data/blob/main/craw-data/scores/VLU/2025.json
VLU,7520301,Kỹ thuật hoá học,7520301,2025,https://github.com/kbaoooo/vn_schools_scores_data/blob/main/craw-data/scores/VLU/2025.json
VLU,7540101,Công nghệ thực phẩm,7540101,2025,https://github.com/kbaoooo/vn_schools_scores_data/blob/main/craw-data/scores/VLU/2025.json
VLU,7640101,Thú y,7640101,2025,https://github.com/kbaoooo/vn_schools_scores_data/blob/main/craw-data/scores/VLU/2025.json
VLU,7760101,Công tác xã hội,7760101,2025,https://github.com/kbaoooo/vn_schools_scores_data/blob/main/craw-data/scores/VLU/2025.json
VLU,7810101,Du lịch,7810101,2025,https://github.com/kbaoooo/vn_schools_scores_data/blob/main/craw-data/scores/VLU/2025.json
VLU,7810103,Quản trị dịch vụ du lịch và lữ hành,7810103,2025,https://github.com/kbaoooo/vn_schools_scores_data/blob/main/craw-data/scores/VLU/2025.json
VUI,7220201,Ngôn ngữ Anh,7220201,2025,https://github.com/kbaoooo/vn_schools_scores_data/blob/main/craw-data/scores/VUI/2025.json
VUI,7220204,Ngôn ngữ Trung Quốc,7220204,2025,https://github.com/kbaoooo/vn_schools_scores_data/blob/main/craw-data/scores/VUI/2025.json
VUI,7340101,Quản trị kinh doanh,7340101,2025,https://github.com/kbaoooo/vn_schools_scores_data/blob/main/craw-data/scores/VUI/2025.json
VUI,7340301,Kế toán,7340301,2025,https://github.com/kbaoooo/vn_schools_scores_data/blob/main/craw-data/scores/VUI/2025.json
VUI,7440112,Hóa học (Hóa phân tích),7440112,2025,https://github.com/kbaoooo/vn_schools_scores_data/blob/main/craw-data/scores/VUI/2025.json
VUI,7480201,Công nghệ thông tin,7480201,2025,https://github.com/kbaoooo/vn_schools_scores_data/blob/main/craw-data/scores/VUI/2025.json
VUI,7510201,Công nghệ kỹ thuật cơ khí,7510201,2025,https://github.com/kbaoooo/vn_schools_scores_data/blob/main/craw-data/scores/VUI/2025.json
VUI,7510205,Công nghệ kỹ thuật ôtô,7510205,2025,https://github.com/kbaoooo/vn_schools_scores_data/blob/main/craw-data/scores/VUI/2025.json
VUI,7510301,"Công nghệ kỹ thuật điện, điện tử",7510301,2025,https://github.com/kbaoooo/vn_schools_scores_data/blob/main/craw-data/scores/VUI/2025.json
VUI,7510303,Công nghệ kỹ thuật điều khiển và tự động hóa,7510303,2025,https://github.com/kbaoooo/vn_schools_scores_data/blob/main/craw-data/scores/VUI/2025.json
VUI,7510401,Công nghệ kỹ thuật hóa học,7510401,2025,https://github.com/kbaoooo/vn_schools_scores_data/blob/main/craw-data/scores/VUI/2025.json
VUI,7510406,Công nghệ kỹ thuật môi trường,7510406,2025,https://github.com/kbaoooo/vn_schools_scores_data/blob/main/craw-data/scores/VUI/2025.json
VUI,7540101,Công nghệ thực phẩm,7540101,2025,https://github.com/kbaoooo/vn_schools_scores_data/blob/main/craw-data/scores/VUI/2025.json
XDA,7210110,Mỹ thuật đô thị,7210110,2025,https://github.com/kbaoooo/vn_schools_scores_data/blob/main/craw-data/scores/XDA/2025.json
XDA,72104_NT,CTĐT Nghệ thuật và thiết kế,,2025,https://github.com/kbaoooo/vn_schools_scores_data/blob/main/craw-data/scores/XDA/2025.json
XDA,7340409,Quản lý dự án,7340409,2025,https://github.com/kbaoooo/vn_schools_scores_data/blob/main/craw-data/scores/XDA/2025.json
XDA,7460108,Khoa học dữ liệu,7460108,2025,https://github.com/kbaoooo/vn_schools_scores_data/blob/main/craw-data/scores/XDA/2025.json
XDA,7480101,Khoa học máy tính,7480101,2025,https://github.com/kbaoooo/vn_schools_scores_data/blob/main/craw-data/scores/XDA/2025.json
XDA,7480101_QT,Khoa học Máy tính,7480101,2025,https://github.com/kbaoooo/vn_schools_scores_data/blob/main/craw-data/scores/XDA/2025.json
XDA,7480201,Công nghệ thông tin,7480201,2025,https://github.com/kbaoooo/vn_schools_scores_data/blob/main/craw-data/scores/XDA/2025.json
XDA,7480201_01,Công nghệ thông tin/ Công nghệ đa phương tiện,7480201,2025,https://github.com/kbaoooo/vn_schools_scores_data/blob/main/craw-data/scores/XDA/2025.json
XDA,7480201_02,Công nghệ thông tin/ An toàn thông tin,7480201,2025,https://github.com/kbaoooo/vn_schools_scores_data/blob/main/craw-data/scores/XDA/2025.json
XDA,7510103,Công nghệ kỹ thuật xây dựng,7510103,2025,https://github.com/kbaoooo/vn_schools_scores_data/blob/main/craw-data/scores/XDA/2025.json
XDA,7510105,Công nghệ kỹ thuật vật liệu xây dựng,7510105,2025,https://github.com/kbaoooo/vn_schools_scores_data/blob/main/craw-data/scores/XDA/2025.json
XDA,7510605,Logistics và Quản lý chuỗi cung ứng,7510605,2025,https://github.com/kbaoooo/vn_schools_scores_data/blob/main/craw-data/scores/XDA/2025.json
XDA,7510605_01,Logistics và Quản lý chuỗi cung ứng/ Logistics đô thị,7510605,2025,https://github.com/kbaoooo/vn_schools_scores_data/blob/main/craw-data/scores/XDA/2025.json
XDA,7510605_02,Logistics và Quản lý chuỗi cung ứng/ Logistics công nghiệp,7510605,2025,https://github.com/kbaoooo/vn_schools_scores_data/blob/main/craw-data/scores/XDA/2025.json
XDA,7520103,Kỹ thuật cơ khí,7520103,2025,https://github.com/kbaoooo/vn_schools_scores_data/blob/main/craw-data/scores/XDA/2025.json
XDA,7520103_01,Kỹ thuật cơ khí/ Máy xây dựng,7520103,2025,https://github.com/kbaoooo/vn_schools_scores_data/blob/main/craw-data/scores/XDA/2025.json
XDA,7520103_03,Kỹ thuật cơ khí/ Kỹ thuật cơ điện,7520103,2025,https://github.com/kbaoooo/vn_schools_scores_data/blob/main/craw-data/scores/XDA/2025.json
XDA,7520103_04,Kỹ thuật cơ khí/ Kỹ thuật ô tô,7520103,2025,https://github.com/kbaoooo/vn_schools_scores_data/blob/main/craw-data/scores/XDA/2025.json
XDA,7520201,Kỹ thuật điện,7520201,2025,https://github.com/kbaoooo/vn_schools_scores_data/blob/main/craw-data/scores/XDA/2025.json
XDA,7520216,Kỹ thuật điều khiển và tự động hóa,7520216,2025,https://github.com/kbaoooo/vn_schools_scores_data/blob/main/craw-data/scores/XDA/2025.json
XDA,7520309,Kỹ thuật vật liệu,7520309,2025,https://github.com/kbaoooo/vn_schools_scores_data/blob/main/craw-data/scores/XDA/2025.json
XDA,7520320,Kỹ thuật Môi trường,7520320,2025,https://github.com/kbaoooo/vn_schools_scores_data/blob/main/craw-data/scores/XDA/2025.json
XDA,7580101,Kiến trúc,7580101,2025,https://github.com/kbaoooo/vn_schools_scores_data/blob/main/craw-data/scores/XDA/2025.json
XDA,7580101_02,Kiến trúc/Kiến trúc công nghệ,7580101,2025,https://github.com/kbaoooo/vn_schools_scores_data/blob/main/craw-data/scores/XDA/2025.json
XDA,7580102,Kiến trúc cảnh quan,7580102,2025,https://github.com/kbaoooo/vn_schools_scores_data/blob/main/craw-data/scores/XDA/2025.json
XDA,7580103,Kiến trúc nội thất,7580103,2025,https://github.com/kbaoooo/vn_schools_scores_data/blob/main/craw-data/scores/XDA/2025.json
XDA,7580105,Quy hoạch vùng và đô thị,7580105,2025,https://github.com/kbaoooo/vn_schools_scores_data/blob/main/craw-data/scores/XDA/2025.json
XDA,7580201,Kỹ thuật xây dựng,7580201,2025,https://github.com/kbaoooo/vn_schools_scores_data/blob/main/craw-data/scores/XDA/2025.json
XDA,7580201_01,Kỹ thuật xây dựng/ Xây dựng Dân dụng và Công nghiệp,7580201,2025,https://github.com/kbaoooo/vn_schools_scores_data/blob/main/craw-data/scores/XDA/2025.json
XDA,7580201_02,Kỹ thuật xây dựng/ Hệ thống kỹ thuật trong công trình,7580201,2025,https://github.com/kbaoooo/vn_schools_scores_data/blob/main/craw-data/scores/XDA/2025.json
XDA,7580201_03,Kỹ thuật xây dựng/ Tin học xây dựng,7580201,2025,https://github.com/kbaoooo/vn_schools_scores_data/blob/main/craw-data/scores/XDA/2025.json
XDA,7580201_04,Kỹ thuật xây dựng/ Kỹ thuật công trình thủy,7580201,2025,https://github.com/kbaoooo/vn_schools_scores_data/blob/main/craw-data/scores/XDA/2025.json
XDA,7580201_05,Kỹ thuật xây dựng/ Kỹ thuật công trình biển,7580201,2025,https://github.com/kbaoooo/vn_schools_scores_data/blob/main/craw-data/scores/XDA/2025.json
XDA,7580201_CLC,Kỹ thuật xây dựng,7580201,2025,https://github.com/kbaoooo/vn_schools_scores_data/blob/main/craw-data/scores/XDA/2025.json
XDA,7580201_QT,Kỹ thuật xây dựng,7580201,2025,https://github.com/kbaoooo/vn_schools_scores_data/blob/main/craw-data/scores/XDA/2025.json
XDA,7580205_01,Kỹ thuật xây dựng công trình Giao thông/ Xây dựng Cầu đường,7580205,2025,https://github.com/kbaoooo/vn_schools_scores_data/blob/main/craw-data/scores/XDA/2025.json
XDA,7580205_02,Kỹ thuật xây dựng công trình giao thông/ Đường sắt tốc độ cao và đường sắt đô thị,7580205,2025,https://github.com/kbaoooo/vn_schools_scores_data/blob/main/craw-data/scores/XDA/2025.json
XDA,7580213_01,Kỹ thuật Cấp thoát nước/ Kỹ thuật nước - Môi trường nước,7580213,2025,https://github.com/kbaoooo/vn_schools_scores_data/blob/main/craw-data/scores/XDA/2025.json
XDA,7580301,Kinh tế xây dựng,7580301,2025,https://github.com/kbaoooo/vn_schools_scores_data/blob/main/craw-data/scores/XDA/2025.json
XDA,7580302_01,Quản lý xây dựng/ Kinh tế và quản lý đô thị,7580302,2025,https://github.com/kbaoooo/vn_schools_scores_data/blob/main/craw-data/scores/XDA/2025.json
XDA,7580302_02,Quản lý xây dựng/ Kinh tế và quản lý bất động sản,7580302,2025,https://github.com/kbaoooo/vn_schools_scores_data/blob/main/craw-data/scores/XDA/2025.json
XDA,7580302_03,"Quản lý xây dựng/ Quản lý hạ tầng, đất đai đô thị",7580302,2025,https://github.com/kbaoooo/vn_schools_scores_data/blob/main/craw-data/scores/XDA/2025.json
XDA,7580302_04,Quản lý xây dựng/ Kiểm toán đầu tư xây dựng,7580302,2025,https://github.com/kbaoooo/vn_schools_scores_data/blob/main/craw-data/scores/XDA/2025.json
XDN,7340101,Quản trị kinh doanh,7340101,2025,https://github.com/kbaoooo/vn_schools_scores_data/blob/main/craw-data/scores/XDN/2025.json
XDN,7340122,Thương mại điện tử,7340122,2025,https://github.com/kbaoooo/vn_schools_scores_data/blob/main/craw-data/scores/XDN/2025.json
XDN,7340301,Kế toán,7340301,2025,https://github.com/kbaoooo/vn_schools_scores_data/blob/main/craw-data/scores/XDN/2025.json
XDN,7480201,Công nghệ thông tin,7480201,2025,https://github.com/kbaoooo/vn_schools_scores_data/blob/main/craw-data/scores/XDN/2025.json
XDN,7510205,Công nghệ kỹ thuật ô tô,7510205,2025,https://github.com/kbaoooo/vn_schools_scores_data/blob/main/craw-data/scores/XDN/2025.json
XDN,7510605,Logistics và Quản lý chuỗi cung ứng,7510605,2025,https://github.com/kbaoooo/vn_schools_scores_data/blob/main/craw-data/scores/XDN/2025.json
XDN,7520216,Kỹ thuật điều khiển và tự động hoá,7520216,2025,https://github.com/kbaoooo/vn_schools_scores_data/blob/main/craw-data/scores/XDN/2025.json
XDN,7580101,Kiến trúc,7580101,2025,https://github.com/kbaoooo/vn_schools_scores_data/blob/main/craw-data/scores/XDN/2025.json
XDN,7580103,Kiến trúc nội thất,7580103,2025,https://github.com/kbaoooo/vn_schools_scores_data/blob/main/craw-data/scores/XDN/2025.json
XDN,7580201,Kỹ thuật xây dựng,7580201,2025,https://github.com/kbaoooo/vn_schools_scores_data/blob/main/craw-data/scores/XDN/2025.json
XDN,7580205,Kỹ thuật xây dựng công trình giao thông,7580205,2025,https://github.com/kbaoooo/vn_schools_scores_data/blob/main/craw-data/scores/XDN/2025.json
XDN,7580302,Quản lý xây dựng,7580302,2025,https://github.com/kbaoooo/vn_schools_scores_data/blob/main/craw-data/scores/XDN/2025.json
XDT,7340101,Quản trị kinh doanh,7340101,2025,https://github.com/kbaoooo/vn_schools_scores_data/blob/main/craw-data/scores/XDT/2025.json
XDT,7340122,Thương mại điện tử,7340122,2025,https://github.com/kbaoooo/vn_schools_scores_data/blob/main/craw-data/scores/XDT/2025.json
XDT,7340201,Tài chính - Ngân hàng,7340201,2025,https://github.com/kbaoooo/vn_schools_scores_data/blob/main/craw-data/scores/XDT/2025.json
XDT,7340301,Kế toán,7340301,2025,https://github.com/kbaoooo/vn_schools_scores_data/blob/main/craw-data/scores/XDT/2025.json
XDT,7480201,Công nghệ thông tin,7480201,2025,https://github.com/kbaoooo/vn_schools_scores_data/blob/main/craw-data/scores/XDT/2025.json
XDT,7510205,Công nghệ kỹ thuật ô tô,7510205,2025,https://github.com/kbaoooo/vn_schools_scores_data/blob/main/craw-data/scores/XDT/2025.json
XDT,7510605,Logistics và Quản lý chuỗi cung ứng,7510605,2025,https://github.com/kbaoooo/vn_schools_scores_data/blob/main/craw-data/scores/XDT/2025.json
XDT,7520216,Kỹ thuật điều khiển và tự động hoá,7520216,2025,https://github.com/kbaoooo/vn_schools_scores_data/blob/main/craw-data/scores/XDT/2025.json
XDT,7580101,Kiến trúc,7580101,2025,https://github.com/kbaoooo/vn_schools_scores_data/blob/main/craw-data/scores/XDT/2025.json
XDT,7580103,Kiến trúc nội thất,7580103,2025,https://github.com/kbaoooo/vn_schools_scores_data/blob/main/craw-data/scores/XDT/2025.json
XDT,7580201,Kỹ thuật xây dựng,7580201,2025,https://github.com/kbaoooo/vn_schools_scores_data/blob/main/craw-data/scores/XDT/2025.json
XDT,7580205,Kỹ thuật xây dựng công trình giao thông,7580205,2025,https://github.com/kbaoooo/vn_schools_scores_data/blob/main/craw-data/scores/XDT/2025.json
XDT,7580213,Kỹ thuật cấp thoát nước,7580213,2025,https://github.com/kbaoooo/vn_schools_scores_data/blob/main/craw-data/scores/XDT/2025.json
XDT,7580301,Kinh tế xây dựng,7580301,2025,https://github.com/kbaoooo/vn_schools_scores_data/blob/main/craw-data/scores/XDT/2025.json
XDT,7580302,Quản lý xây dựng,7580302,2025,https://github.com/kbaoooo/vn_schools_scores_data/blob/main/craw-data/scores/XDT/2025.json
YCT,7520212,Kỹ thuật Y sinh,7520212,2025,https://github.com/kbaoooo/vn_schools_scores_data/blob/main/craw-data/scores/YCT/2025.json
YCT,7720101,Y khoa,7720101,2025,https://github.com/kbaoooo/vn_schools_scores_data/blob/main/craw-data/scores/YCT/2025.json
YCT,7720110,Y học dự phòng,7720110,2025,https://github.com/kbaoooo/vn_schools_scores_data/blob/main/craw-data/scores/YCT/2025.json
YCT,7720115,Y học cổ truyền,7720115,2025,https://github.com/kbaoooo/vn_schools_scores_data/blob/main/craw-data/scores/YCT/2025.json
YCT,7720201,Dược học,7720201,2025,https://github.com/kbaoooo/vn_schools_scores_data/blob/main/craw-data/scores/YCT/2025.json
YCT,7720301,Điều dưỡng,7720301,2025,https://github.com/kbaoooo/vn_schools_scores_data/blob/main/craw-data/scores/YCT/2025.json
YCT,7720302,Hộ sinh,7720302,2025,https://github.com/kbaoooo/vn_schools_scores_data/blob/main/craw-data/scores/YCT/2025.json
YCT,7720401,Dinh dưỡng,7720401,2025,https://github.com/kbaoooo/vn_schools_scores_data/blob/main/craw-data/scores/YCT/2025.json
YCT,7720501,Răng hàm mặt,7720501,2025,https://github.com/kbaoooo/vn_schools_scores_data/blob/main/craw-data/scores/YCT/2025.json
YCT,7720601,Kỹ thuật Xét nghiệm y học,7720601,2025,https://github.com/kbaoooo/vn_schools_scores_data/blob/main/craw-data/scores/YCT/2025.json
YCT,7720602,Kỹ thuật Hình ảnh y học,7720602,2025,https://github.com/kbaoooo/vn_schools_scores_data/blob/main/craw-data/scores/YCT/2025.json
YCT,7720701,Y tế công cộng,7720701,2025,https://github.com/kbaoooo/vn_schools_scores_data/blob/main/craw-data/scores/YCT/2025.json
YDD,7720301,Điều dưỡng,7720301,2025,https://github.com/kbaoooo/vn_schools_scores_data/blob/main/craw-data/scores/YDD/2025.json
YDD,7720302,Hộ sinh,7720302,2025,https://github.com/kbaoooo/vn_schools_scores_data/blob/main/craw-data/scores/YDD/2025.json
YDD,7720401,Dinh dưỡng,7720401,2025,https://github.com/kbaoooo/vn_schools_scores_data/blob/main/craw-data/scores/YDD/2025.json
YDN,7720101,Y khoa,7720101,2025,https://github.com/kbaoooo/vn_schools_scores_data/blob/main/craw-data/scores/YDN/2025.json
YDN,7720201,Dược học,7720201,2025,https://github.com/kbaoooo/vn_schools_scores_data/blob/main/craw-data/scores/YDN/2025.json
YDN,7720301A,Điều dưỡng đa khoa,7720301,2025,https://github.com/kbaoooo/vn_schools_scores_data/blob/main/craw-data/scores/YDN/2025.json
YDN,7720301B,Điều dưỡng nha khoa,7720301,2025,https://github.com/kbaoooo/vn_schools_scores_data/blob/main/craw-data/scores/YDN/2025.json
YDN,7720301C,Điều dưỡng gây mê hồi sức,7720301,2025,https://github.com/kbaoooo/vn_schools_scores_data/blob/main/craw-data/scores/YDN/2025.json
YDN,7720601,Kỹ thuật xét nghiệm y học,7720601,2025,https://github.com/kbaoooo/vn_schools_scores_data/blob/main/craw-data/scores/YDN/2025.json
YDN,7720602,Kỹ thuật hình ảnh y học,7720602,2025,https://github.com/kbaoooo/vn_schools_scores_data/blob/main/craw-data/scores/YDN/2025.json
YDN,7720603,Kỹ thuật phục hồi chức năng,7720603,2025,https://github.com/kbaoooo/vn_schools_scores_data/blob/main/craw-data/scores/YDN/2025.json
YDN,7720701,Y tế công cộng,7720701,2025,https://github.com/kbaoooo/vn_schools_scores_data/blob/main/craw-data/scores/YDN/2025.json
YDS,7720101,Y khoa,7720101,2025,https://github.com/kbaoooo/vn_schools_scores_data/blob/main/craw-data/scores/YDS/2025.json
YDS,7720110,Y học dự phòng,7720110,2025,https://github.com/kbaoooo/vn_schools_scores_data/blob/main/craw-data/scores/YDS/2025.json
YDS,7720115,Y học cổ truyền,7720115,2025,https://github.com/kbaoooo/vn_schools_scores_data/blob/main/craw-data/scores/YDS/2025.json
YDS,7720201,Dược học,7720201,2025,https://github.com/kbaoooo/vn_schools_scores_data/blob/main/craw-data/scores/YDS/2025.json
YDS,7720203,Hóa dược,7720203,2025,https://github.com/kbaoooo/vn_schools_scores_data/blob/main/craw-data/scores/YDS/2025.json
YDS,7720301,Điều dưỡng,7720301,2025,https://github.com/kbaoooo/vn_schools_scores_data/blob/main/craw-data/scores/YDS/2025.json
YDS,7720301_03,Điều dưỡng chuyên ngành Gây mê hồi sức,7720301,2025,https://github.com/kbaoooo/vn_schools_scores_data/blob/main/craw-data/scores/YDS/2025.json
YDS,7720302,Hộ sinh,7720302,2025,https://github.com/kbaoooo/vn_schools_scores_data/blob/main/craw-data/scores/YDS/2025.json
YDS,7720401,Dinh dưỡng,7720401,2025,https://github.com/kbaoooo/vn_schools_scores_data/blob/main/craw-data/scores/YDS/2025.json
YDS,7720501,Răng - Hàm - Mặt,7720501,2025,https://github.com/kbaoooo/vn_schools_scores_data/blob/main/craw-data/scores/YDS/2025.json
YDS,7720502,Kỹ thuật phục hình răng,7720502,2025,https://github.com/kbaoooo/vn_schools_scores_data/blob/main/craw-data/scores/YDS/2025.json
YDS,7720601,Kỹ thuật xét nghiệm y học,7720601,2025,https://github.com/kbaoooo/vn_schools_scores_data/blob/main/craw-data/scores/YDS/2025.json
YDS,7720602,Kỹ thuật hình ảnh y học,7720602,2025,https://github.com/kbaoooo/vn_schools_scores_data/blob/main/craw-data/scores/YDS/2025.json
YDS,7720603,Kỹ thuật phục hồi chức năng,7720603,2025,https://github.com/kbaoooo/vn_schools_scores_data/blob/main/craw-data/scores/YDS/2025.json
YDS,7720701,Y tế công cộng,7720701,2025,https://github.com/kbaoooo/vn_schools_scores_data/blob/main/craw-data/scores/YDS/2025.json
YDS,7760101,Công tác xã hội,7760101,2025,https://github.com/kbaoooo/vn_schools_scores_data/blob/main/craw-data/scores/YDS/2025.json
YHB,7310401,Tâm lý học,7310401,2025,https://github.com/kbaoooo/vn_schools_scores_data/blob/main/craw-data/scores/YHB/2025.json
YHB,7720101,Y khoa,7720101,2025,https://github.com/kbaoooo/vn_schools_scores_data/blob/main/craw-data/scores/YHB/2025.json
YHB,7720101YHT,Y khoa Phân hiệu Thanh Hóa,7720101,2025,https://github.com/kbaoooo/vn_schools_scores_data/blob/main/craw-data/scores/YHB/2025.json
YHB,7720110,Y học dự phòng,7720110,2025,https://github.com/kbaoooo/vn_schools_scores_data/blob/main/craw-data/scores/YHB/2025.json
YHB,7720115,Y học cổ truyền,7720115,2025,https://github.com/kbaoooo/vn_schools_scores_data/blob/main/craw-data/scores/YHB/2025.json
YHB,7720301,Điều dưỡng,7720301,2025,https://github.com/kbaoooo/vn_schools_scores_data/blob/main/craw-data/scores/YHB/2025.json
YHB,7720301YHT,Điều dưỡng Phân hiệu Thanh Hóa,7720301,2025,https://github.com/kbaoooo/vn_schools_scores_data/blob/main/craw-data/scores/YHB/2025.json
YHB,7720302,Hộ sinh,7720302,2025,https://github.com/kbaoooo/vn_schools_scores_data/blob/main/craw-data/scores/YHB/2025.json
YHB,7720401,Dinh dưỡng,7720401,2025,https://github.com/kbaoooo/vn_schools_scores_data/blob/main/craw-data/scores/YHB/2025.json
YHB,7720501,Răng - Hàm - Mặt,7720501,2025,https://github.com/kbaoooo/vn_schools_scores_data/blob/main/craw-data/scores/YHB/2025.json
YHB,7720502,Kỹ thuật phục hình răng,7720502,2025,https://github.com/kbaoooo/vn_schools_scores_data/blob/main/craw-data/scores/YHB/2025.json
YHB,7720601,Kỹ thuật xét nghiệm y học,7720601,2025,https://github.com/kbaoooo/vn_schools_scores_data/blob/main/craw-data/scores/YHB/2025.json
YHB,7720601YHT,Kỹ thuật xét nghiệm y học Phân hiệu Thanh Hóa,7720601,2025,https://github.com/kbaoooo/vn_schools_scores_data/blob/main/craw-data/scores/YHB/2025.json
YHB,7720602,Kỹ thuật hình ảnh y học,7720602,2025,https://github.com/kbaoooo/vn_schools_scores_data/blob/main/craw-data/scores/YHB/2025.json
YHB,7720603,Kỹ thuật phục hồi chức năng,7720603,2025,https://github.com/kbaoooo/vn_schools_scores_data/blob/main/craw-data/scores/YHB/2025.json
YHB,7720603YHT,Kỹ thuật phục hồi chức năng Phân hiệu Thanh Hóa,7720603,2025,https://github.com/kbaoooo/vn_schools_scores_data/blob/main/craw-data/scores/YHB/2025.json
YHB,7720699,Khúc xạ nhãn khoa,7720699,2025,https://github.com/kbaoooo/vn_schools_scores_data/blob/main/craw-data/scores/YHB/2025.json
YHB,7720701,Y tế công cộng,7720701,2025,https://github.com/kbaoooo/vn_schools_scores_data/blob/main/craw-data/scores/YHB/2025.json
YHB,7760101,Công tác xã hội,7760101,2025,https://github.com/kbaoooo/vn_schools_scores_data/blob/main/craw-data/scores/YHB/2025.json
YKV,7720101,Y khoa,7720101,2025,https://github.com/kbaoooo/vn_schools_scores_data/blob/main/craw-data/scores/YKV/2025.json
YKV,7720110,Y học dự phòng,7720110,2025,https://github.com/kbaoooo/vn_schools_scores_data/blob/main/craw-data/scores/YKV/2025.json
YKV,7720201,Dược học,7720201,2025,https://github.com/kbaoooo/vn_schools_scores_data/blob/main/craw-data/scores/YKV/2025.json
YKV,7720301,Điều dưỡng,7720301,2025,https://github.com/kbaoooo/vn_schools_scores_data/blob/main/craw-data/scores/YKV/2025.json
YKV,7720601,Kỹ thuật xét nghiệm y học,7720601,2025,https://github.com/kbaoooo/vn_schools_scores_data/blob/main/craw-data/scores/YKV/2025.json
YPB,7720101,Y khoa,7720101,2025,https://github.com/kbaoooo/vn_schools_scores_data/blob/main/craw-data/scores/YPB/2025.json
YPB,7720110,Y học dự phòng,7720110,2025,https://github.com/kbaoooo/vn_schools_scores_data/blob/main/craw-data/scores/YPB/2025.json
YPB,7720115,Y học cổ truyền,7720115,2025,https://github.com/kbaoooo/vn_schools_scores_data/blob/main/craw-data/scores/YPB/2025.json
YPB,7720201,Dược học,7720201,2025,https://github.com/kbaoooo/vn_schools_scores_data/blob/main/craw-data/scores/YPB/2025.json
YPB,7720301,Điều dưỡng,7720301,2025,https://github.com/kbaoooo/vn_schools_scores_data/blob/main/craw-data/scores/YPB/2025.json
YPB,7720501,Răng - Hàm - Mặt,7720501,2025,https://github.com/kbaoooo/vn_schools_scores_data/blob/main/craw-data/scores/YPB/2025.json
YPB,7720601,Kỹ thuật xét nghiệm y học,7720601,2025,https://github.com/kbaoooo/vn_schools_scores_data/blob/main/craw-data/scores/YPB/2025.json
YQH,7720101_Nam_B,"Ngành Y khoa (Bác sỹ đa khoa) (Thí sinh Nam, miền Bắc)",7720101,2025,https://github.com/kbaoooo/vn_schools_scores_data/blob/main/craw-data/scores/YQH/2025.json
YQH,7720101_Nam_N,"Ngành Y khoa (Bác sỹ đa khoa) (Thí sinh Nam, miền Nam)",7720101,2025,https://github.com/kbaoooo/vn_schools_scores_data/blob/main/craw-data/scores/YQH/2025.json
YQH,7720101_Nu_B,"Ngành Y khoa (Bác sỹ đa khoa) (Thí sinh Nữ, miền Bắc)",7720101,2025,https://github.com/kbaoooo/vn_schools_scores_data/blob/main/craw-data/scores/YQH/2025.json
YQH,7720101_Nu_N,"Ngành Y khoa (Bác sỹ đa khoa) (Thí sinh Nữ, miền Nam)",7720101,2025,https://github.com/kbaoooo/vn_schools_scores_data/blob/main/craw-data/scores/YQH/2025.json
YQH,7720201_Nam_B,"Dược học (Thí sinh Nam, miền Bắc)",7720201,2025,https://github.com/kbaoooo/vn_schools_scores_data/blob/main/craw-data/scores/YQH/2025.json
YQH,7720201_Nam_N,"Dược học (Thí sinh Nam, miền Nam)",7720201,2025,https://github.com/kbaoooo/vn_schools_scores_data/blob/main/craw-data/scores/YQH/2025.json
YQH,7720201_Nu_B,"Dược học (Thí sinh Nữ, miền Bắc)",7720201,2025,https://github.com/kbaoooo/vn_schools_scores_data/blob/main/craw-data/scores/YQH/2025.json
YQH,7720201_Nu_N,"Dược học (Thí sinh Nữ, miền Nam)",7720201,2025,https://github.com/kbaoooo/vn_schools_scores_data/blob/main/craw-data/scores/YQH/2025.json
YTB,7720101,Y khoa,7720101,2025,https://github.com/kbaoooo/vn_schools_scores_data/blob/main/craw-data/scores/YTB/2025.json
YTB,7720110,Y học dự phòng,7720110,2025,https://github.com/kbaoooo/vn_schools_scores_data/blob/main/craw-data/scores/YTB/2025.json
YTB,7720115,Y học cổ truyền,7720115,2025,https://github.com/kbaoooo/vn_schools_scores_data/blob/main/craw-data/scores/YTB/2025.json
YTB,7720201,Dược học,7720201,2025,https://github.com/kbaoooo/vn_schools_scores_data/blob/main/craw-data/scores/YTB/2025.json
YTB,7720301,Điều dưỡng,7720301,2025,https://github.com/kbaoooo/vn_schools_scores_data/blob/main/craw-data/scores/YTB/2025.json
YTB,7720601,Kỹ thuật xét nghiệm y học,7720601,2025,https://github.com/kbaoooo/vn_schools_scores_data/blob/main/craw-data/scores/YTB/2025.json
YTC,7460108,Khoa học dữ liệu,7460108,2025,https://github.com/kbaoooo/vn_schools_scores_data/blob/main/craw-data/scores/YTC/2025.json
YTC,7720401,Dinh dưỡng,7720401,2025,https://github.com/kbaoooo/vn_schools_scores_data/blob/main/craw-data/scores/YTC/2025.json
YTC,7720601,Kỹ thuật xét nghiệm y học,7720601,2025,https://github.com/kbaoooo/vn_schools_scores_data/blob/main/craw-data/scores/YTC/2025.json
YTC,7720603,Kỹ thuật phục hồi chức năng,7720603,2025,https://github.com/kbaoooo/vn_schools_scores_data/blob/main/craw-data/scores/YTC/2025.json
YTC,7720701,Y tế công cộng,7720701,2025,https://github.com/kbaoooo/vn_schools_scores_data/blob/main/craw-data/scores/YTC/2025.json
YTC,7760101,Công tác xã hội,7760101,2025,https://github.com/kbaoooo/vn_schools_scores_data/blob/main/craw-data/scores/YTC/2025.json
